date,title,teaser,url,detail_title,full_text
22.08.2025,2025 Yılı Genel Değerlendirme Toplantısı,,https://www.adiyaman.gov.tr/2025-yili-genel-degerlendirme-toplantisi,2025 Yılı Genel Değerlendirme Toplantısı,"Valimiz Sayın Dr. Osman Varol, Adıyaman’da görev yapan yerel ve ulusal basın temsilcileriyle kahvaltıda bir araya gelerek ilimizin dört bir tarafında inşa edilen kalıcı deprem konutlarımızın vatandaşlarımızın yerleşimine açılması, anahtar teslimi yapılan vatandaşlarımızın konteyner kentlerden tahliyesi ve kamu kurum ve kuruluşlarımızca gerçekleştirilen çalışmalar ile planlanan kamu yatırımlarını değerlendirdi.
Gerçekleşen toplantıda, il genelinde yapımı devam eden kalıcı deprem konutları başta olmak üzere eğitim, sağlık, tarım, sulama projeleri ile köylere yönelik alt ve üst yapı çalışmaları değerlendirildi.
Örenli bölgesinde 1 yıldan fazla bir süredir yerleşimin başladığını belirten Valimiz Sayın Dr. Osman Varol, “Köylerimizde de anahtar teslimi yapılan çoğu evlerimize vatandaşlarımızı yerleştirmeye başladık. İlimiz merkez İndere bölgesinde ise bugün 6 bine yakın anahtar teslimi yapılmış olup 1.500 civarında vatandaşımız alana yerleşmiştir. İnşallah Çevre, Şehircilik ve İklim Değişikliği Bakanımız Sayın Murat KURUM’un da belirttiği gibi ilimizin dört bir tarafından yapımı devam eden konutlarımızı ve köy evlerimizin tamamını 2025 yılının sonunda hak sahiplerimize teslim etmiş olacağız”dedi. 
KURUMLAR BAZINDA YATIRIM VE ÇALIŞMALARI İNCELEMEK İÇİN TIKLAYINIZ"
09.01.2025,Valimiz Sayın Dr. Osman Varol’un “10 Ocak Çalışan Gazeteciler Günü” Mesajı…,,https://www.adiyaman.gov.tr/valimiz-sayin-dr-osman-varolun-10-ocak-calisan-gazeteciler-gunu-mesaji,Teknik olarak web sitemizde kullanılan çerez türleri aşağıdaki tabloda gösterilmektedir.,"İletişim çağının hayatımızın her noktasına sirayet ettiği günümüzde milletimizin ortak sesi olmanın ötesinde kamuoyunun vicdanını temsil eden tüm basın mensuplarımızın 10 Ocak Çalışan Gazeteciler Günü'nü en içten dileklerimle kutluyorum.

Bilginin her geçen gün katlanarak çoğaldığı ve teknolojinin takip edilmesinin hızla geliştiği günümüzde başta internet ve sosyal medya olmak üzere bilgiye ve habere erişimin çeşitlendiği ve kolaylaştığı günümüz dünyasında, toplumda bilgi kirliliğine ve algı amaçlı yanlış yönlendirmelere yol açabilecek olumsuzlukları da beraberinde getiren bu gelişmeler karşısında basın çalışanlarımızın sorumlulukları daha da artmıştır. Basınımızın ilkeli habercilik anlayışı içerisinde, toplumsal hassasiyetleri de dikkate alarak, kamuoyunu doğru ve tarafsız bilgilendirme görevini layıkıyla yerine getireceğine inanıyoruz.

Adıyaman Valiliği olarak mesleğini büyük bir sorumluluk hissiyatıyla yerine getiren, mesai mefhumu gözetmeksizin zorlu şartlar altında haber peşinde koşan basın emekçilerimizin çalışmalarını daha iyi koşullarda ve daha verimli bir şekilde yapabilmelerine büyük önem veriyor bunu sağlamak için üzerimize düşen sorumlulukları yerine getirmeye gayret ediyoruz.

Adıyaman'ımızın sorunlarını ve ihtiyaçlarını kamuoyuna aktaran ve sorunların çözümünde önerileriyle toplumdaki mekanizmanın daha sağlıklı bir şekilde çalışmasına yardımcı olan milletimizin adeta gören gözü, işiten kulağı olan gazetecilerimizin bu görevi yerine getirmede gösterdikleri fedakârlık ve gayretlerini takdirle karşılıyorum.

Bu duygu ve düşüncelerle, yaşadığımız deprem afetinde hayatını kaybeden basın şehitlerimize Allah'tan rahmet, yakınlarına ve basın camiasına başsağlığı ve sabır diliyorum. Çalışma arkadaşlarım olarak gördüğüm yerel ve yaygın basınımızın değerli temsilcilerinin ""10 Ocak Çalışan Gazeteciler Günü""nü kutluyor; kendilerine ve ailelerine sağlık, mutluluk ve başarılar diliyorum."
02.12.2024,Valimiz Sayın Dr. Osman Varol’un “3 Aralık Dünya Engelliler Günü” Mesajı,,https://www.adiyaman.gov.tr/valimiz-sayin-dr-osman-varolun-3-aralik-dunya-engelliler-gunu-mesaji,Valimiz Sayın Dr. Osman Varol’un “3 Aralık Dünya Engelliler Günü” Mesajı,"VALİMİZ SAYIN DR. OSMAN VAROL’UN 3 ARALIK DÜNYA ENGELLİLER GÜNÜ MESAJI

Toplumsal farkındalığın artmasına vesile olması dileğiyle tüm engelli kardeşlerimizin, 3 Aralık Dünya Engelliler Günü’nü en içten dileklerimle tebrik ediyorum.
 
Bütün hizmet alanlarında ‘Önce insan’ anlayışıyla hareket eden ve insanı ‘Yaratılmışların en şereflisi’ olarak gören bir medeniyetin temsilcileri ve köklü bir geleneğin mensupları olarak her konuda engelli kardeşlerimize hizmet etme anlayışını benimseyerek onları mutlu ve memnun etmeye, onları hayatın her sahasına dâhil ederek yaşamlarını kolaylaştırmaya büyük önem veriyoruz.
 
Bu kapsamda, asrın felaketi olarak nitelendirilen, ülkemiz tarihinin en geniş alanda yıkıma ve en çok can kaybına yol açan 6 Şubat depremleri sonucu uzuv kaybı yaşayan hiçbir vatandaşımızı ne acısında nede hayatını yeniden düzene koyma noktasında asla yalnız bırakmadık bırakmıyoruz. Bu bağlamda uzuv kaybı yaşayan depremzede vatandaşlarımız için ilimiz merkez Altınşehir Mahallesinde özel bir şekilde dizayn edilip barınma ile birlikte bünyesinde fizik tedavi hizmeti de veren Fizik Tedavi ve Rehabilitasyon Merkezini kurduk. 
Bu duygu ve düşüncelerle, Dünya Engelliler Günü’nün zihinlerdeki engelleri kaldırmaya vesile olmasını temennisiyle engelli vatandaşlarımızı saygı ve muhabbetle selamlıyor kendilerine ve fedakâr ailelerine sağlık, huzur ve mutluluk dolu bir yaşam diliyorum."
24.11.2024,Valimiz Sayın Dr. Osman Varol’un “24 Kasım Öğretmenler Günü Mesajı”,,https://www.adiyaman.gov.tr/valimiz-sayin-dr-osman-varolun-24-kasim-ogretmenler-gunu-mesaji,Valimiz Sayın Dr. Osman Varol’un “24 Kasım Öğretmenler Günü Mesajı”,"İstikbalimizin mimarı, fedakarlığın ve sevginin timsali, eğitim öğretim sistemimizin taşıyıcı sütunu saygıdeğer öğretmenlerimizin “24 Kasım Öğretmenler Günü”nü yürekten kutluyorum.
 
Öğretmenlik mesleği sadece eğitim, öğretim sürecinde edinilen bilgileri sınıfta öğrencilere aktarmak değil, bilgi yanında tecrübe ve irfanla çocuklarımızı, gençlerimizi geleceğe hazırlama mesleğidir. Bu onurlu mesleğin malzemesi insandır. Bulunduğu her ortamda mum misali kendi yanarak etrafını aydınlatan öğretmenlerimiz, geleceğimizin teminatı çocuklarımızı ve gençlerimizi, çağımızın gereklerine ve ihtiyaçlarına göre, milli ve manevi değerlerimizi benimseyerek özümsemiş bir şekilde yetiştiren, kutlu görevin yılmaz temsilcileridir.
Bir toplumun bilimsel, sosyal, kültürel, ekonomik yönden kalkınabilmesi ve her alanda müreffeh olabilmesi öğretmenlerin çaba ve gayretlerine bağlıdır. Fedakâr öğretmenlerimizden beklentimiz, çocuklarımıza ve gençlerimize, düşünmeyi, düşünerek bilgi üretmeyi, araştırmayı, sorgulamayı, akılcılığı ve bilimselliği öğretmeleri, onları eleştirel düşünce sistemine sahip, kişilikli, kendine güvenen, ülkesini ve milletini seven, milli ve manevi değerlere bağlı bireyler olarak yetiştirmeleridir. Şunu çok iyi biliyoruz ki, bugünün başarılı devlet insanları, bilimde ve fikir hayatında dünyaya yön veren kişileri dünün başarılı eğitimcilerinin eseridir.
 
Sevgili Öğretmenlerimiz; Cumhuriyetimizin 101. yılını geride bıraktığımız bu şan ve şeref dolu günlerde, ülkemizi nice yüzyıllara ulaştıracak olan sizlersiniz. Şevkiniz bol, azminiz kavi olsun. Yaptığınız her iş, söylediğiniz her söz huzura, rikkate, erdeme ve hakikate yol açsın.
 
Bu duygu ve düşüncelerle, evlatlarımızı, geleceğimizi teslim ettiğimiz ilim, irfan ve kültür ordusu tüm öğretmenlerimizin Öğretmenler Günü’nü kutluyor, Başöğretmen Gazi Mustafa Kemal Atatürk başta olmak üzere, ahirete irtihal etmiş tüm öğretmenlerimizi saygı ve şükranla yâd ediyorum."
09.11.2024,VALİMİZ SAYIN DR. OSMAN VAROL’UN 10 KASIM ATATÜRK’Ü ANMA MESAJI,,https://www.adiyaman.gov.tr/valimiz-sayin-dr-osman-varolun-10-kasim-ataturku-anma-mesaji,VALİMİZ SAYIN DR. OSMAN VAROL’UN 10 KASIM ATATÜRK’Ü ANMA MESAJI,"Cumhuriyetimizin banisi, bağımsızlığımızın mimarı Gazi Mustafa Kemal Atatürk’ü ebediyete irtihalinin 86’ncı yıl dönümünde bir kez daha rahmet, minnet ve şükranla anıyoruz.
 
Büyük bir azim, cesaret ve kararlılıkla elde ettiği zaferler ile milletinin refah ve mutluluğu için çalışan Atatürk, hayatını ülkesine ve ideallerine adamış, insanlık tarihine damga vurmuş müstesna bir şahsiyettir.
 
Hürriyet aşkının ölümsüzlüğüne, milli varlık ve birliğimizin bekasına, yüreklerdeki vatan, bayrak ve millet sevgisini tazeleyerek, Türkiye Cumhuriyeti'nin doğuşuna liderlik eden Gazi Mustafa Kemal Atatürk’ü anlamak, milli kültürümüze sahip çıkarak yeniden büyük bir medeniyet tesisi için çalışmak demektir.
 
Bizler biliyoruz ki, 10 Kasım’lar sadece yas günü değil, Gazi Mustafa Kemal Atatürk’ün fikirlerini ve ideallerini anlayarak onun en büyük eseri olan Türkiye Cumhuriyeti’ni geliştirip büyüterek geleceğe taşımak demektir. 
 
Bu vesileyle, onun aziz hatırasına ve ideallerine olan bağlılığımızı bir kez daha güçlü bir şekilde vurguluyor Cumhuriyetimizin banisi, İstiklal Savaşımızın Muzaffer Komutanı, Büyük Önder Gazi Mustafa Kemal Atatürk’ü ve istiklal mücadelemizin tüm kahramanlarını sonsuz saygı, minnet ve rahmetle anıyoruz. 
 
Ruhu şad olsun"
29.10.2024,Bağımsızlığımızın Simgesi Cumhuriyetimiz 101 Yaşında,,https://www.adiyaman.gov.tr/bagimsizligimizin-simgesi-cumhuriyetimiz-101-yasinda,Bağımsızlığımızın Simgesi Cumhuriyetimiz 101 Yaşında,"Milletimizin ezelden ebede uzanan tarih yolculuğunda çok önemli bir dönüm noktası olan ve önümüzde yepyeni ufuklar açan Türkiye Cumhuriyeti’nin kuruluşunun 101. yılı, yurt genelinde olduğu gibi, Adıyaman’da da büyük bir coşkuyla kutlandı.
Tüm yurtta kutlamalarına başlanan 29 Ekim Cumhuriyet Bayramı kutlamaları, Adıyaman’da Vali Dr. Osman Varol’un Valilik Makamında tebrikatları kabulü ile başladı. 

Tebrikat Töreni sonrası Cumhuriyet Bayramı kutlamaları, Valilik Önü Atatürk Bulvarında düzenlenen çeşitli etkinliklerle kutlandı. 
Saygı duruşu ve İstiklal Marşı’nın okunmasıyla başlayan törende, Vali Dr. Osman Varol, Garnizon Komutanı Tuğgeneral Hacı Halil Osma ve Belediye Başkanı Abdurrahman Tutdere ile birlikte protokol üyelerinin, vatandaşların ve öğrencilerin bayramını kutladı. Ardından törene geçildi. Törende Cumhurbaşkanımız Sayın Recep Tayyip Erdoğan’ın Cumhuriyetimizin kuruluşunun 101. yıldönümü dolayısıyla yayınladığı mesajı okundu.
Her kesimden büyük ilgi gösterilen kutlama töreni, Vali Dr. Osman Varol’un konuşmasıyla devam etti. 
29 Ekim Cumhuriyet Bayramının 101. yıldönümünü kutlayarak konuşmasına başlayan Vali Dr. Osman Varol, “Bugün, millet olarak istiklalimiz ve istikbalimiz için verdiğimiz son büyük mücadele olan İstiklal Savaşımızın ardından büyük bir ruh ve medeniyet anlayışıyla inşa ettiğimiz Cumhuriyetimizin 101. yıl kuruluş yıldönümünü kutlamanın onurunu yaşıyoruz. Şan, şeref ve destanlarla dolu tarihimizden aldığımız azim, cesaret ve vakarla Cumhuriyetimizin 101’inci yılına aziz milletimizle birlikte yürümenin engin gururunu yüreklerimizde hissediyoruz. Bu onuru bizlere yaşatan Cumhuriyetimizin banisi, Kurtuluş Savaşımızın Muzaffer Komutanı Gazi Mustafa Kemal Atatürk ve silah arkadaşları başta olmak üzere, istiklal ve istikbal mücadelemizin tüm kahramanlarını rahmet, minnet ve şükranla anıyorum”dedi.

Vali Dr. Osman Varol, konuşmasına şu sözlerle devam etti; “Şanlı geçmişimizle aydınlık yarınlarımız arasındaki en önemli köprü olan Cumhuriyetimizin 101. yılını geride bırakıp ikinci asrına emin adımlarla ilerlerken, atalarımızdan aldığımız bu kutsal mirası gelecek nesillere daha sağlam ve daha güvenilir bir şekilde ulaştırmaya olan inancımızdan asla taviz vermeyeceğimizi, “Ben ezelden beridir hür yaşadım, hür yaşarım Hangi çılgın bana zincir vuracakmış şaşarım.” diyerek bir kez daha milletçe haykırmaktayız. Bu anlayışla, köklü tarihimizden ve kadim değerlerimizden aldığımız ilhamla, Cumhuriyetimizi daha da güçlendirerek ona sonsuza kadar sahip çıkacak ve daha büyük zafer ve başarılarla onu yarınlara taşıyacağız. Bugün Türkiye Cumhuriyeti bir yandan köklerine daha sıkı sarılan, diğer yandan semaya doğru daha fazla yükselen, kendi gövdesiyle birlikte geniş bir alanda güvenin, huzurun, umudun adı olan bir devlettir. Bugün Türkiye Cumhuriyeti, etrafımızda yaşanan başta terör ve bölgesel çatışmalar gibi bütün olumsuz gelişmeler ve yaşadığımız deprem afetine rağmen demokratik gelişimini ve ekonomik kalkınmasını her geçen gün sürdüren, bölgesine istikrar ve refah ihraç eden bir ülke konumuna gelmiştir. Çağın ve dünyanın şartlarına uygun olarak da değişim ve gelişimini her alanda sürdürmektedir.
 
Depremde derin yaralar alan Adıyaman’ı bir an önce ayağa kaldırmak ve vatandaşları güvenli yuvalarına kavuşturmak için gece gündüz demeden gayretle çalıştıklarını belirten Vali Dr. Osman Varol, “6 Şubat 2023 tarihinde asrın felaketi olarak nitelendirilen ve ilimizi de derinden sarsarak bizlere büyük acılar yaşatan Kahramanmaraş merkezli depremler sonrasında; tarih boyunca her zorlukta olduğu gibi dayanışma ruhuyla, birlik ve beraberliğimizi koruyarak yaralarımızı hızla sarmaya devam ediyoruz. Cumhuriyetimizin 101. kuruluş yıl dönümünde Cumhurbaşkanımız Sayın Recep Tayyip Erdoğan’ın gösterdiği azim ve kararlılıkla Adıyaman’ımızı ilçeleri ve köyleriyle birlikte yeniden inşa ederek vatandaşlarımızı sıcak ve güvenli yuvalarına bir an önce kavuşturmak için tüm gücümüzle çalışıyoruz. Bu vesile ile bir kez daha deprem şehitlerimize Allah’tan rahmet, aziz milletimize ve hemşehrilerimize başsağlığı ve sabır diliyorum’dedi.

Konuşmasında gençlere de seslenen Vali Dr. Osman Varol, “Gençlik her millet için önemli bir kuvvettir. Bilinçli ve sorumluluk sahibi bir gençlik, o milletin umududur. Rekabetçi, milli ve manevi değerlerini koruyan, ileri görüşlü genç bir neslin yetişmesi, sahip olduğumuz şanlı tarihle birleştirildiğinde, Türkiye’mizi yalnızca ileri toplumlar seviyesine ulaştırmakla kalmayacak, oldukça geniş gönül coğrafyamızda bizi pek çok ülkeye önderlik yapabilecek konuma getirecektir. İçinde yer aldığı coğrafya ve sahip olduğu tarihi miras Aziz Milletimizin üzerine çok önemli sorumluluklar yüklemektedir. Cumhuriyeti koruma ve bu büyük sorumluluğun gereğini yerine getirme görevi her daim gençlerimizin üzerinde olmuştur. Atatürk’ün çizdiği yolda, milli ve manevi değerlerine bağlı, dürüst, vicdanlı, akılcı, ileri görüşlü gençler olarak, çalışmalarınız, duyarlılığınız ve kararlılığınızla sizlere duyulan büyük güvene layık olacağınıza, aldığınız bu kıymetli mirası daha da değerli hale getirerek, nesilden nesle aktaracağınıza yürekten inanıyoruz”dedi.

Milletimizin Cumhuriyetle huzurlu ve mutlu olduğunu kaydeden Vali Dr. Osman Varol, “Milletimiz Cumhuriyetle huzurlu ve mutludur. Zaman zaman buhranlı dönemler yaşamış olsak da Cumhuriyetimizin bugün bizleri ulaştırdığı nokta kıvanç vericidir. Yine de elde ettiğimiz başarılarla yetinmemeli, özellikle ülkemizin bütünlüğüne yönelik eylemlerin giderek yoğunlaştığı, dış tehditlerin dozunun arttığı bugünlerde en çok ihtiyaç duyduğumuz milli birlik ve beraberliğimizi pekiştirmeli, hep birlikte el ele vererek kenetlenmeli, bölünmez bütünlüğümüze ve Cumhuriyetimizin bize kazandırdığı değerlere sahip çıkmalıyız. Mukaddes vatanımızın birliği ve bütünlüğü uğruna verilen kurtuluş mücadelesinin taçlanarak Cumhuriyetimizin kurulduğu bu çok anlamlı günün yıldönümünde, Cumhuriyetimizin kurucusu Büyük Atatürk’ü, O’nun kahraman silah arkadaşlarını ve kanları ile bu toprakları vatan yapan ve günümüzde halen, her geçen gün bu fedakârlığı göstermeye devam eden tüm aziz şehitlerimizi ve gazilerimizi, Devletimize farklı alanlarda hizmet etmiş tüm devlet adamlarımızı milletçe sonsuz şükran ve rahmetle anıyoruz. Bu duygularla tüm Adıyamanlı hemşerilerimize ve Aziz milletimize sağlık, huzur ve mutluluk dolu günler diliyorum”dedi. 

29 Ekim Cumhuriyet Bayramı programı, halkoyunları ekibinin gösterilerini sunmaları, öğrencilerin şiirler okuması, dereceye giren öğrencilere ve sporculara ödüllerinin verilmesi ve resmi geçit töreni ile son buldu.

29 Ekim Cumhuriyet Bayramı kutlamalarına Vali Dr. Osman Varol, Garnizon Komutanı Tuğgeneral Hacı Halil Osma, Belediye Başkanı Abdurrahman Tutdere, Cumhuriyet Başsavcı Vekili İbrahim Şenol, Adıyaman Üniversitesi Rektörü Prof. Dr. Mehmet Keleş, Vali Yardımcıları, İl Jandarma Komutanı Albay Hikmet Uz, İl Emniyet Müdürü Ali Haluk Karakuş, Siyasi Parti Başkanları, kamu kurum ve kuruluşların amirleri, sivil toplum kuruluşu temsilcileri, şehit aileleri, Kıbrıs Gazileri, vatandaşlar ve öğrenciler katıldı."
29.08.2024,Valimiz Sayın Dr. Osman Varol’un “30 Ağustos Zafer Bayramı” Mesajı…,,https://www.adiyaman.gov.tr/valimiz-sayin-dr-osman-varolun-30-agustos-zafer-bayrami-mesaji,Teknik olarak web sitemizde kullanılan çerez türleri aşağıdaki tabloda gösterilmektedir.,"Şanlı zaferler ve eşsiz kahramanlıklarla maruf bir tarihi, yarınlara onurlu bir miras olarak bırakan aziz ceddimizin, vatanımızın bağımsızlığını tüm dünyaya bir kez daha haykırdığı Başkomutanlık Meydan Muharebesi’nin 102. yıl dönümünü kutlamanın onur ve gurunu yaşıyoruz.

Aziz Milletimizin Büyük ve Güçlü Türkiye yürüyüşünde en büyük ilham kaynaklarından biri olan Büyük Taarruz’un zaferle sonuçlandığı ağustos ayının son haftasını “Zafer Haftası” olarak büyük bir gururla kutlamaktayız.

30 Ağustos’ta kazanılan bu destansı zaferle milletimiz, kendisine reva görülen esaret gömleğini yırtıp atmış, ne pahasına olursa olsun bağımsızlığından taviz vermeyeceğini tüm dünyaya ilan etmiştir. Son devletimiz Türkiye Cumhuriyeti'nin de müjdesi olan Büyük Zafer, tarihten silinmek istenen Türk milletinin yeniden şahlanışının adıdır.

Tarihimizin en önemli dönüm noktası ve milletimizin hürriyet ve bağımsızlık fikrinin ölmez bir abidesi olarak tarihteki yerini alan 30 Ağustos Zaferi, aynı zamanda bağımsız yaşamak isteyen birçok ulusa da yol göstermiştir. Bugün böylesi şanlı bir tarihin mirasçıları olan bizlere düşen en önemli görev aynı şuur ve ruhla, ecdadımızın emaneti vatanımıza ve Cumhuriyetimize sahip çıkmak, ülkemizin gelişmesi için var gücümüzle çalışmaktır.

Milletimiz dün olduğu gibi bugün de geçmişten aldığı ilhamla bu mukaddes emanetin sorumluluğunu milli birlik ve beraberlik şuuru içinde hür ve bağımsız yaşama kararlılığını ilelebet sürdürecek, bu topraklar üzerinde Türkiye Cumhuriyeti sonsuza kadar var olacak ve ay-yıldızlı bayrağımız ilelebet dalgalanacaktır.

Bu duygu ve düşüncelerle, Cumhuriyetimizin banisi Gazi Mustafa Kemal Atatürk’ü rahmet ve minnetle yad ediyor, kanlarıyla destan, cesaretleriyle tarih yazarak bizlere bu toprakları vatan bırakan tüm şehitlerimize Allah’tan rahmet diliyor, gazilerimizi saygı ve minnetle anıyorum. Türk Silahlı Kuvvetlerimizin kahraman mensuplarının ve Adıyamanlı hemşehrilerimin Zafer Bayramı’nı kutluyor saygı ve sevgilerimi sunuyorum."
03.08.2024,KENT MEYDANI VE ÇEVRESİ KENTSEL DÜZENLEME PROJESİ,,https://www.adiyaman.gov.tr/kent-meydani-ve-cevresi-kentsel-duzenleme-projesi,KENT MEYDANI VE ÇEVRESİ KENTSEL DÜZENLEME PROJESİ,"Adıyaman Valisi Dr. Osman Varol, Adıyaman Kent Meydanı ve Çevresi Kentsel Düzenleme Projesinin teknik hazırlıkları, tasarım süreci ve mimari detaylarının büyük oranda tamamlandığını açıkladı.
 
Proje ile ilgili açıklamalarda bulunan Vali Dr. Osman Varol, şunları söyledi; “Adıyaman’ın kalbi olan eski kent merkezinin ve çevresinin kentin mirasında esinlenerek modern bir biçimde yeniden ayağa kaldırılması için hazırlanan bu projede sadece yeni bir meydan planı yapılmamış; kentsel donatılar, bölgedeki ticari faaliyetin canlandırıldığı mimari bir anlayış, kent parkları ve sosyal tesisler ile desteklenen geniş ofis alanlarına da yer verilerek bütüncül bir kent merkezi oluşturulmuştur. Bu proje konusunda tüm detaylar ortaya çıktıktan sonra vatandaşımıza gerekli her türlü bilgilendirmenin yapılacağı defaatle belirtildiği halde, kamuoyunda sürekli olarak vatandaşımızı huzursuzluğa itecek tarzda yorum ve görüşlerin sirkülasyona girdiği üzüntüyle görülmektedir. Bu nedenle kent meydanı ve çevresi kentsel düzenleme projesi hakkında, Çevre, Şehircilik ve İklim Değişikliği Bakanımız Sayın Murat Kurum’un da daha önce açık bir biçimde belirttiği bazı konuları vatandaşlarımızla paylaşma gereği hissedilmiştir”dedi.
 
PROJE 4 ETAP HALİNDE UYGULANACAKTIR
 
Adıyaman Kent Meydanı ve Çevresi Kentsel Düzenleme Projesinin 4 etap şeklinde uygulanacağını kaydeden Vali Dr. Osman Varol, öncelikle proje 4 etap halinde planlanmış olup, tek bir seferde gerçekleştirilecek bir proje değildir. Başlangıçta, Atatürk Bulvarına cepheli olan birinci etap ile ilgili çalışmalar gerçekleştirilecektir. Sonrasında, vatandaşlarımızın talep ve onayları doğrultusunda diğer etaplara geçilmesine karar verileceğini vurguladı. 
 
VATANDAŞLARIMIZIN BÜTÜN MÜLKİYET HAKLARI KORUNACAKTIR
 
Vatandaşların mülkiyet hakkının korunacağının altını çizen Vali Varol, “Proje alanında mülkiyet sahibi olan vatandaşlarımızın tüm hakları muhafaza edilecektir. Mevcut mülkiyetlerinin konumlarına en uygun ve kıymet açısından eşdeğer bağımsız bölümler teslim edilecektir”dedi.
 
PROJE VATANDAŞLARIMIZIN TALEPLERİ DOĞRULTUSUNDA VE NİTELİKLİ ÇOĞUNLUĞUN ONAYIYLA UYGULAMAYA KONACAKTIR
 
Projenin uygulama sahasındaki maliklerin ve ilgililerin onayı ile gerçekleştirileceğini kaydeden Vali Dr. Osman Varol, “ Herhangi bir etapla ilgili teknik çalışma tamamlandığında tüm malikler ve ilgililerle detaylı bir bilgilendirme toplantısı gerçekleştirilecek, kendilerine sağlanacak bağımsız bölümler bildirilecek, mali konular ve kendilerinin merak ettiği tüm hususlar cevaplandırılacak sonrasında yine buradaki ilgililerin uygun bulması ve onayıyla ancak çalışmalara başlanacaktır. Bölgedeki maliklerin ve hak sahiplerinin salt çoğunluğunun onayının yeterli olmasına rağmen Çevre, Şehircilik ve İklim Değişikliği Bakanımız Sayın Murat Kurum’un talimatları ile nitelikli yüksek oranlı bir çoğunluğun onayıyla proje etapları hayata geçebilecektir”dedi.
 
UYGULAMA SÜRESİNCE ESNAFLARIMIZA GEÇİCİ FAALİYET ALANLARI TAHSİS EDİLECEKTİR
 
Projenin uygulama sürecinde esnaflara geçici faaliyet alanlarının tahsis edileceğini belirten Vali Dr. Osman Varol, “Etaplar halinde gerçekleştirilecek olan çalışmaların devam ettiği süre içerisinde bu bölgede yer alan ve faaliyetlerini sürdürmekte olan esnaflarımız için yine çok yakın ve merkezi bir bölgede geçici faaliyet alanları oluşturularak inşaat süresince bu bölgedeki esnaflarımıza tahsisleri sağlanacaktır” şeklinde açıklamada bulundu."
26.07.2024,"Vali Dr. Osman Varol, Kalıcı Deprem Konutları ve Kamu Yatırımlarını Değerlendirdi",,https://www.adiyaman.gov.tr/vali-dr-osman-varol-kalici-deprem-konutlari-ve-kamu-yatirimlarini-degerlendirdi,"Vali Dr. Osman Varol, Kalıcı Deprem Konutları ve Kamu Yatırımlarını Değerlendirdi","Adıyaman Valisi Dr. Osman Varol, Adıyaman’da görev yapan yerel ve ulusal basın temsilcileriyle bir araya gelerek ilimizin dört bir tarafında yapımı devam eden kalıcı deprem konutları ile deprem sonrası kamu kurum ve kuruluşlarımız tarafından tamamlanan, devam eden ve planlanan kamu yatırımlarını değerlendirdi.
Gerçekleşen toplantıda, il genelinde yapımı devam eden kalıcı deprem konutları başta olmak üzere eğitim, sağlık, tarım, sanayi, sulama projeleri ile köylere yönelik alt ve üst yapı çalışmaları değerlendirildi. 

Toplantının açılış konuşmasını yapan Vali Dr. Osman Varol, “malumunuz olduğu gibi ülkemiz tarihinin en geniş alanda yıkıma ve en çok can kaybına yol açan 6 Şubat depremlerini hep beraber yaşadık. Bu topraklarda uğramış olduğumuz en zorlu imtihanımız olan asrın felaketinde yaşadığımız 1,5 yılı geride bırakıyoruz. Geride bıraktığımız bir buçuk yıllık süreçte hükümetimiz ve devletimizin desteğiyle bu kadim şehrimizin tamamını ilçe ve köyleriyle birlikte yeniden ayağa kaldırmak için ilimizin dört bir tarafında kalıcı deprem konutlarımızın yapım çalışmaları başlatıldı. Vatandaşlarımızın taleplerini de dikkate alarak ilimizin dört bir tarafında başlatılan kalıcı deprem konutlarımızın bir an önce bitirilerek vatandaşlarımızın yerleşimine sunulması için çalışma arkadaşlarımla birlikte gece-gündüz demeden, mesai kavramı gözetmeden canla başla çalıştık ve aynı heyecanla çalışmalarımıza devam ediyoruz. Şu anda ilimiz merkez Örenli bölgesinde ve köylerimizde inşa edilen ve anahtar teslimi yapılan çoğu konutlarımıza hak sahiplerimizi yerleştirmeye başladık. İlimiz merkez İndere bölgesi, ilçelerimiz ve köylerimizde ise kalıcı deprem konutları ve köy evlerimizin inşa çalışmaları seri bir şekilde devam etmektedir”dedi. 

Yapımı devam eden kalıcı deprem konutlarının geldiği aşamayı da değerlendiren Vali Dr. Osman Varol şunları söyledi; “limiz Merkez Örenli Bölgesinde inşa edilen ve 159 bloktan oluşan 3.034 adet kalıcı deprem konutlarımızın büyük bir kısmı tamamlanmış geri kalanlarda ise yapım çalışmaları seri bir şekilde devam etmektedir. Sayın Cumhurbaşkanımızın katılımlarıyla Örenli Bölgesinde anahtar teslimi yapılan dairelerimize hak sahibi vatandaşlarımızı yerleştirdik. Yine İndere Bölgesinde inşa edilen ve 848 Blok 16.467 daireden oluşan kalıcı deprem konutlarımızın inşa süreci ise seri bir şekilde devam ediyor. İlimiz merkez köylerinde ise 2.131 adet köy evi yapılmaktadır. Yapımı tamamlanan ve anahtar teslimi yaptığımız köy evlerimize vatandaşlarımızı yerleştirmeye başladık. İlimiz genelinde yapılmakta olan 42 Bin 072 kalıcı deprem konutunun tamamında inşaat çalışmalarına başlanmıştır. İlimizin dört bir tarafından yapımı devam eden konutlarımızı ve köy evlerimizin tamamını inşallah 2025 yılı içerisinde hak sahiplerimize teslim etmiş olacağız”dedi. 

İlçelerimizde ve köylerinde yapımı devam eden kalıcı deprem konutları ile köy evlerine de değinen Vali Dr. Osman Varol, “ilçelerimizde Emlak Konut ve TOKİ tarafından toplamda 7.716 kalıcı deprem konutu yapılmaktadır. İlçelerimizin köylerinde ise 6.749 adet kırsal konut yapılmaktadır. Bunların büyük bir kısmı tamamlanma aşamasına gelmiştir”dedi.

Yerinde Dönüşüm Projesine de değinen Vali Dr. Osman Varol, “Yine ilimizin hızla ihya ve inşasına yönelik Çevre, Şehircilik ve İklim Değişikliği Bakanlığımız tarafından hayata geçirilen Yerine Dönüşüm Projesi kapsamında ilimiz genelinde 24.223 başvuru yapılmış olup, verilen ruhsat sayısı 1.414, ilimiz geneli ruhsat verilen bağımsız bölüm sayısı ise 3.851’dir. İlçelerimizde ve köylerinde de aynı şekilde kalıcı konutlarımız ve köy evlerimizin yapımı devam etmektedir. Vatandaşlarımız şundan emin olsun ki; bu kadim şehri eski ruhuna kavuşturmak ve hak ettiği seviyeye taşımak için var gücümüzle çalışıyoruz. Bu çalışmalar sonucunda inanıyorum ki, ilimiz hak ettiği yere gelecektir. İlimizin dört bir tarafında devam eden kalıcı konutlarımızın ve işyerlerimizin tamamlanması ile birlikte Adıyaman’ın geleceğinden daha çok umutlu olacağız” ifadelerini kullandı. 
 
KURUMLAR BAZINDA YILINDA YAPILAN YATIRIMLARIMIZ 
 
EĞİTİM
Kurumlar bazında eğitim alanında ilk olarak geçtiğimiz günlerde açıklanan YKS sonuçlarını değerlendiren Vali Dr. Osman Varol, Adıyaman’da 2024 YKS'ye 6808 öğrenci katıldığını belirterek şunları söyledi;

📌Adıyaman'da 2024 yılı Yükseköğretim Kurumları Sınavı 'na katılan öğrencilerden 345'i Türkiye geneli başarı sıralamasında ilk 30 bine yerleşerek önemli bir başarıya imza attı.
📌6 Şubat depreminin ardından ildeki öğrenci sayısı önceki yıllara göre %5 azalmasına rağmen ilin YKS başarı grafiği, geçmiş yıllara göre büyük artış gösterdi.
📌""2024 YKS TYT'de Türkiye geneli başarı sıralamasında, ilk 100'e Adıyaman'dan 3 öğrencimiz yerleşti.
📌2024 YKS Türkiye geneli sıralamasında Adıyaman'dan 10 öğrenci ilk 1000'e yerleşmeyi başardı..
📌42 öğrenci ise ilk 1001 ile 5000 aralığında yer aldı.
📌 Türkiye genelindeki ilk 5001 ile 10000 aralığına 47 öğrenci yerleşerek Adıyaman 'a son yılların en büyük başarısını getirdi.
📌YKS 2024'de ilk 10001 - 20000 aralığına ise 90 öğrenci yerleşerek Adıyaman'ın gururu oldu.
📌Asrın felaketinin ardından, YKS'ye giren öğrenci sayısı %5 azalmasına rağmen, Türkiye geneli başarı sıralamasında ilk 30 bine yerleşen öğrenci sayısında geçtiğimiz yıllara göre büyük artış sağlandı.
📌YKS 2024'te 345 öğrencinin Türkiye genelinde ilk 30 bine yerleşmesi Adıyaman'ın gururu oldu.
📌2024 YKS'de hepimizi gururlandıran tüm öğrencilerimizi gönülden tebrik ediyor, emeği geçen öğretmenlerimize, okul idarelerine ve velilerimize teşekkür ediyor, öğrencilerimizin başarılarının hayatları boyunca daim olmasını diliyorum"" dedi.
 
Deprem sonrası okullarımızın mevcut durumu, fiziki alt yapısı ile yapımı devam eden yeni eğitim öğretim yuvaları hakkında bilgiler veren Vali Dr. Osman Varol, *6 Şubat'ta meydana gelen depremlerde yıkılan ve hasar gören okul sayımız -Yıkık 16, Acil yıkılacak 7 ve ağır hasarlı 56 okulumuz bulunmakta idi. Kısa bir zamanda yapım ve onarım ihaleleri yapılarak ""Öğrencilerimizin bu süre içerisindeki akademik kayıplarını telafi edecek adımlar attık ve okullarımızı eğitime açtık. Deprem öncesi ilimiz genelinde okul sayısı 859 derslik sayısı 6.247 iken, deprem sonrası okul sayısı 832, derslik sayısı 5.564’e düşmüştür”dedi. 
* Mevcut durum 848 okul, derslik sayısı 5726; devam eden yatırımlar tamamlandıktan sonra 908 okul 6.863 dersliğimiz olacaktır. 

Kısaca deprem sonrası tabloyu sizlerle paylaşmak istiyorum. 
* Depremden sonra inşaatı biten okul sayısı 8, derslik sayısı 86 
* 2024 Eylül Ayında bitirilmesi beklenen okul sayısı 26, derslik sayısı 209 
* İnşaatı devam eden okul sayısı 16 derslik sayısı 204 
* İhale hazırlıkları devam eden okul sayısı 10, derslik sayısı 68 (50 Yataklı Samsat ve 50 yataklı Gölbaşı öğretmen evi belirtilen sayıya dahildir.)
 * Güçlendirmesi devam edip 2024 Eylül ayında yetiştirilmesi beklenen Okul sayısı 8 derslik sayısı 145 
* Güçlendirme onayı beklenen okul sayısı 5, derslik sayısı 95 
* Toplu konutlarda yapılacak okul sayısı 15 derslik sayısı 416 (Kahta ilçemizde Toplu konutlarda yapılacak okul / derslik sayısı: 2 okul /48 derslik- Gölbaşı ilçemizde Toplu konutlarda yapılacak okul / derslik sayısı: 3 okul /72 derslik, Besni ilçemizde Toplu konutlarda yapılacak okul / derslik sayısı: 1 okul /24 derslik- Merkez ilçemizde Toplu konutlarda yapılacak okul / derslik sayısı: 9 okul /272 derslik)
 * Toplu konutlarda ihalesi yapılan okul sayısı 11 derslik sayısı 296
 * Toplu konutlarda ihale hazırlığı devam eden okul sayısı 4, derslik sayısı 120
 *Şu anki gelinen noktada yukarıda da detayları belirtildiği üzere devam eden inşaatlarımız, biten inşaatlarımız ve ihale aşamasındaki okul/kurum inşaatlarımızın derslik sayısına baktığımızda tüm okul/kurum inşaatlarımız tamamlandığında deprem öncesi derslik sayımızın %9 oranında üzerine çıkmış olacağız.
Depremin eğitim alanında açmış olduğu yaraları bir an önce sarmak için yoğun gayret sarf ediyoruz. Tüm bu yatırım ve çalışmalarla amacımız, çocuklarımızı bilimsel veriler ışığında, milli ve manevi değerler doğrultusunda, özgüveni olan, evrensel değerleri özümsemiş, sorumluluklarının bilincinde geleceğe güvenle bakabilen ve toplumsal yaşama yön veren fikri hür, vicdanı hür, irfanı hür nesiller yetiştirmektir. 
 
SAĞLIK
 
Eğitimle birlikte en çok önem verdikleri diğer alanların başında ise sağlığın geldiğini söyleyen Vali Dr. Osman Varol, vatandaşlarımıza sunulan sağlık hizmetlerinin kalitesini artırmak amacıyla yapılan çalışmaları başlıklar halinde paylaştı. 
 
2024 YILI YATIRIM PROGRAMINA ALINAN TESİSLER 
 
 1. 100 Yataklı FTR Hastanesi
 2. Besni Devlet Hastanesi Ek Binası
 3. Besni TSM+SHM+ASM
 4. Merkez ve İlçelere 16 ASM,
 5. Merkez ve İlçelere 8 adet 112 ASH
 
BİTEN YATIRIMLAR
 
1. Sağlık Müdürlüğü Hizmet Binası 
2. Merkez Malazgirt Mah. 15 Nolu ASM (4 Hekimli)
 3. Merkez Yeşilyurt Mah. 21 Nolu ASM (4 Hekimli) 
4. Merkez Varlık Mah. ASM + 112 ASHİ (5 Hekimli)
 5. Merkez 9 Nolu 112 ASHİ
 6. Kahta 20 Ünitli ADSM (Eski İlçe Sağlık Müdürlüğü Binası) 
7. Besni Şambayat ASM (4 Hekimli)
 
DEVAM EDEN YATIRIMLAR 
 
1. 300 Yataklı Kadın Doğum ve Çocuk Hastalıkları Hastanesi 
2. Onkoloji Tanı ve Tedavi Merkezi 
3. Merkez 150 Yataklı Devlet Hastanesi 
4. Çelikhan 50 Yataklı Acil Durum Hastanesi 
5. Sağlık Müdürlüğü Deposu + UMKE Birimi ve Deposu + Soğuk Zincir Aşı Deposu + Garaj
 6. Kahta Hürriyet Mah. 7 Hekimli ASM
 7. Besni Suvarlı 2 Hekimli ASM + 112 ASHİ
 
İlimiz merkez ve ilçeleri ile köylerimizde yapılacak olan 22 adet Aile Sağlık Merkezimiz ihale aşamasında olup, 13 tesisin yapımı da proje aşamasındadır. 
Yine ilimiz için önem arz eden Adıyaman EAH ek bina (500 yataklı), Altınşehir Mahallesi 150 Yataklı Devlet Hastanesi, Merkez Ağız ve Diş Sağlığı Semt Polikliniği, Kahta Devlet Hastanesi 75 Yataklı Kadın Doğum ve Çocuk Hastalıkları Hastanesi Ek Bina teklif edilen yatırımlar arasında bulunmaktadır. 
 
Vatandaşlarımıza en kaliteli sağlık hizmeti sunabilmek için, fiziki altyapı iyileştirilmesinin yanı sıra, mevcut sağlık tesislerimizi hem tıbbi donanım, hem de sağlık personeli istihdamı yönünden ihtiyaçlarını gidermenin çaba ve gayreti içerisindeyiz. Uzun vadede Adıyaman’ın sağlık alt yapısını ve fiziki koşulları daha da iyileştirecek bu önemli yatırımların ilimize hayırlı olmasını diliyorum.
 
TARIM 
 
İlimizin ekonomisinin büyük bir bölümünün tarıma dayandığını ifade eden Vali Dr. Osman Varol, “İlimizin can damarı olarak gördüğümüz tarım ve hayvancılığın geliştirilmesi amacıyla çok yönlü projeler uyguluyoruz. Çünkü biliyoruz ki Adıyaman'ın sosyo-ekonomik kalkınma lokomotifi tarım ve hayvancılıktır. İlimizin sahip olduğu tarım potansiyelini ekonomiye kazandırmak için Valilik olarak üreticilerimize büyük destekler sağlıyoruz. Özellikle ilimizde yaşanan afet sonrasında tarım ve hayvancılık alt yapısının hızlı bir şekilde güçlendirilmesi amacıyla hükümetimizin desteği ile çiftçilerimize, hayvan besicilerimize ve üreticilerimize çok önemli destekler verilmiştir. Bu destekleri sizlerle paylaşmak işitiyorum. 

DEPREM SONRASI ÇİFTÇİLERİMİZE YÖNELİK DESTEKLER
 
Depremde hayvanları telef olan çiftçilerimize 10.899 küçükbaş 1.099 büyükbaş hayvan dağıtımı hibesiz olarak gerçekleştirilmiştir. 
Depremin ilk haftası Tarım ve Orman Bakanlığımızca çiftçilerimize yaklaşık 60 milyon değerinde hesaplarına yem desteği olarak nakdi yardım yapılmıştır.
Kış şartlarında ahırı yıkılan çiftçilerimize hayvanlarının soğuktan korunması için 6.000 adet çadır ve branda dağıtımı gerçekleştirilmiştir.
Çiftçilerimizin yem ihtiyacının karşılanması için 5.500 ton yem dağıtımı gerçekleştirilmiştir.
Depremde kanatlı hayvanları tel olan yetiştiricilerimize 534.5 00 civciv desteği sağlanmıştır.
2023 yılında ayrıca doğal afetlerde zarar gören üreticilerimize 32 milyon TL nakit desteği yapıldı.
İlimizde Bitkisel üretimin devamlılığı için Tarım Arazilerinin kullanımının etkinleştirilmesi projesi kapsamında çiftçilerimize Ayçiçeği, Nohut, buğday, mercimek, Arpa tohumu ve kavun karpuz ile sebze fidesi dağıtımı gerçekleştirilmiş olup toplam proje bedeli 25 milyon TL’dir.
Depremde zarar gören Tarım il ve ilçe müdürlüklerimiz ile Sert Kabuklu Meyve Araştırma Enstitüsü Hizmet binaları tamamlanarak hizmete açılmıştır.
Depremin ilk zamanlarında hayvancılık işletmelerindeki sütlerin heba olmaması için İlimiz genelinde6 adet süt toplama merkezi kurulmuş olup çiftçilerimizden sütler toplanıp işlenmesi için çeşitli firmalara gönderilmiştir.
Hayvancılık işletmelerinin kurumsal yapısını güçlendirmek için 300 işletmeye süt sağım, yem kırma ve yem ezme makineleri dağıtılmıştır.
Hayvansal ve Bitkisel üretimin devamlılığını sağlamak için GAP Kalkınma idaresince yaklaşık 100 milyon TL değerinde seracılık, arıcılık, tarımsal mekanizasyon projeleri uygulanarak çiftçilerimizin üretime devam etmesi sağlanmıştır.
Yine değişik projelerle ilimizde çiftçilerimizi desteklemeye, tarım ve hayvancılığı geliştirmeye yönelik projelerimiz devam edecektir.
 
SANAYİ 
 
Adıyaman’da değişik sektörlerde imalat yapan 717 işletmede toplam 21.508 kişi istihdam edildiğini kaydeden Vali Dr. Osman Varol, “İstihdam oranlarına göre sektörel dağılıma bakıldığında; % 55,67 ile giyim eşyası, % 16,61 ile tekstil, %5,81 ile diğer madencilik ve taş ocakçılığı sektörleri istihdam dağılımında ilk üçte yer almaktadır. 2023 yılında Adıyaman’ın ihracatı 67 milyon 464 bin dolar, ithalat 54 milyon 860 bin dolar iken; 2024/5 yılında ihracat 27 milyon 353 bin dolar, ithalat ise 14 milyon 363 bin dolar olarak gerçekleşmiştir. Merkez, Besni, Gölbaşı ve Kahta Organize Sanayi Bölgesi (OSB) faaliyette olup, Kuyulu OSB’nin ise kuruluş işlemleri tamamlanmıştır. 
Mermer İhtisas OSB parselasyon işlemleri tamamlanmış olup su, kanalizasyon, elektrik şebekesi ve altyapı projeleri hazırlanmaktadır. OSB ile ilgili Bakanlığa yapılan Kamu Yararı Kararı talebi Bakanlıkça uygun görülerek kamulaştırma çalışmalarına başlanmıştır”dedi. 
 
KÜLTÜR VE TURİZM 
 
Kültür ve Turizme de ayrı bir başlık açarak Cendere Köprüsü Çevre Düzenleme ve Rekreasyon projesine de değinen Vali Dr. Osman Varol, “Adıyaman ilimiz inanç ve kültür turizmi açısından önemli bir potansiyele sahiptir. Adıyaman, insanoğlunun yeryüzüne ayak bastığı zamandan beri sahip olduğu zengin tarihi, doğal ve kültürel değerleri ile tarih sahnesindeki yerini almıştır. Sahip olduğu 300 dolayında tarihi öneme haiz kültür varlıkları ile adeta bir açık hava müzesi gibidir. 2024 yılının ilk altı ayında ilimize yerli ve yabancı olmak üzere toplam 114.675 turist gelmiştir. Bu sayınının sezon sonuna kadar daha da artacağına inanıyoruz. Çevre, Şehircilik ve İklim Değişikliği Bakanımız Sayın Murat Kurum tarafından tarihi Cendere Köprüsü etrafında Çevre Düzenleme ve muhteşem Rekreasyon Projesinin yapılacağı müjdesini vermişti. Roma mimarisinin muhteşem bir anıtsal örneği olan 2 bin yıllık tarihi Cendere Köprüsünün tarihsel dokusuna zarar vermeden hayata geçirilecek bu projenin de ilimize hayırlı olmasını diliyorum. Önümüzdeki dönemde de tarih ve kültür kenti Adıyaman’ın tanıtımının yurt içi ve yurt dışında profesyonel anlamda tanıtımının yapılması amacıyla kentimizin tarihi, doğal, kültürel değerlerini ve güzelliklerini odak alan tanıtımlara ve etkinliklere ağırlık vereceğiz” dedi.
 
GENÇLİK VE SPOR HİZMETLERİ 
 
Depremde hasar alan Gençlik Spor İl Müdürlüğüne ait tesislerin mevcut durumu ile deprem sonrası yapılan çalışmalara da değinen Vali Dr. Osman Varol, “İstikbalimizin teminatı gençlerimizin her alanda kişisel gelişimlerinin desteklenmesine önem veriyoruz. Gençlerimizi daha fazla kütüphane, daha fazla spor tesisi, daha fazla kültür merkeziyle buluşturmak için tüm imkânlarımızı seferber ediyoruz. Gençlik ve Spor İl Müdürlüğümüzce ‘asrın felaketi’ olarak nitelendirilen Kahramanmaraş merkezli depremlerden sonra ilimiz merkez ve ilçelerinde 22 adet spor tesisimizin bakım ve onarım çalışmaları yapılarak bu tesisler hizmete sunuldu. 15 spor tesisimizin bakım ve onarım çalışmaları ise devam etmektedir. Yine deprem sonrası hayatı yeniden normalleştirmek, depremin gençlerimiz ve çocuklarımız üzerindeki fiziksel ve psikolojik olumsuz etkilerini azaltmak amacıyla konteyner kentlerimizde Gençlik Merkezlerimiz tarafından açılan “Genç Ofisler sayesinde birçok sportif ve eğitici aktivite düzenlenmektedir” dedi. 

DSİ YATIRIMLARI VE SULAMA PROJELERİ 
 
İlimizde yapımı devam eden barajlar ile sulama projelerini de değerlendiren Vali Dr. Osman Varol, “ Gelecekte Adıyaman’ın kaderini derinden etkileyerek, sosyo ekonomik kalkınmanın ivmesini artıracak olan sulama projelerine büyük önem veriyoruz. Adıyaman bir tarım kentidir. Sanayisi de tarıma bağlı olarak gelişme göstermektedir. Bundan dolayı Sulama projelerini çok önemsiyorum. DSİ tarafından Adıyaman'ın bereketli topraklarına can suyu olacak Çetintepe, Koçali, Gömükhan ve Kahta Büyükçay Barajında çalışmalar devam etmektedir. Bu projelerin ilimizin sosyo-ekonomik yapısına ciddi katkılar sağlayacağına inanıyorum. Bu barajlar tamamlandığında bu topraklara bereket gelecektir. Çetintepe Barajı ile 290 bin dekar, Koçali Barajı ile 180 Bin dekar, Gömükan Barajı 72.430 dekar ve Kahta Büyükçay Barajı ile 97.790 Dekar arazi sulanacaktır. Koçali, Çetintepe, Gömükan, Kahta Büyükçay ve devam eden diğer sulama projelerinin tamamen hayata geçirilmesi ile birlikte ilimizde yaklaşık 2 Milyon dekar arazi suyun bereketine kavuşmuş olacaktır. Buda gösteriyor ki, kuru ve geleneksel tarımdan sulu ve modern tarıma geçiş sadece üretim artışı ile kalmayacak, bölgeler arasındaki gelişmişlik farkı en aza indirilecek, kırsal alanda verimlilik ve istihdam imkânlarını artıracaktır” dedi.
 
İL ÖZEL İDARESİ
 
İl Özel İdaresinin deprem sonrası çalışmalarına değinen Vali Dr. Osman Varol, “İl Özel İdaresi, Merkez Köylere Hizmet Götürme Birliği ve Cumhuriyet tarihinin en büyük kırsal kalkınma hamlelerinden olan KÖYDES Projeleri kapsamında köylerimizde başta alt yapı olmak üzere çok önemli hizmetler hayata geçirilmiştir. Özellikle deprem sonrası kırsal kesimde alt ve üst yapı hizmetleri ile ilgili çalışmalarımız seri bir şekilde devam ediyor. Bundan sonra da köylerimize yönelik eksik çalışmalarımızı gözden geçirip, sorun ve sıkıntıları imkanlarımız dahilinde çözmeyi hedefliyoruz diyerek Özel İdare Birimlerinin çalışmalarını başlıklar halinde paylaştı 
 
Yol Ulaşım Hizmetleri 
 
Adıyaman Merkez ve İlçelerinde köy yolları bakım onarım ve yapım işi için 2023 yılında 16 proje için 150.555.826,15 TL harcanmış olup bunun yanı sıra 3342 km yolun asfalt yama işi tamamlanmıştır. 2024 yılında 9 ihalenin 5 tanesinde sözleşme yapılmış olup bu sözleşme bedelleri toplam 50.714.381,82 TL dir. 4 ihale 8. Ay itibariyle ihale edilecektir. İl genelinde şu ana kadar 8 km 1. Kat asfalt ve 750 km asfalt yama işi yapılmış olup çalışmalar devam etmektedir.
 
İmar ve Kentsel İyileştirme 
 
Valilik Binası Çatı GES 500 kWe gücünde Güneş Enerji Santrali 08.02.2024 tarihinde ihale edilmiş. İhale 17.244.000,00 TL (KDV Hariç) sözleşme bedeli ile yüklenici firma olan RENAS Enerji uhdesinde kalmıştır. Bahse konu işin Sözleşmesi 27.02.2024 tarihinde imzalanıp Yer Teslimi 01.03.2024 tarihinde yapılmış olup, işin süresi 120 takvim günüdür. İşin geçici kabulu 07.06.2024 tarihinde yapılmıştır. Güneş enerji santralinin yıllık ortala 800.000 kwh’lik bir üretim yapması öngörülmekte olup Yaklaşık olarak yıllık 2.400.000,00 TL idaremize katkı sunması beklenmektedir. 

Su ve Kanal Hizmetleri 
 
İl Özel İdaremiz bütçesinden 2023 yılında Adıyaman Merkez ve İlçelerine içme suyu ve kanalizasyon işleri için toplam 42 projeye 24.367.029,11 TL ödenek harcanmış olup tüm projeler bitmiştir. 2024 yılında içme suyu projesi için 11 ihale, kanalizasyon projesi için 11 ihaleye çıkılmıştır. Ayrıca 2023 yılında AFAD ve İLBANK desteği ile 25 adet proje gerçekleştirilmiş olup bu projelere 6.763.882,00 TL harcanmıştır.
 
Tarımsal Hizmetler 
 
Adıyaman Merkez ve ilçelerinde tarımsal sulamaya destek vermek için 2023 yılında 5 proje tamamlanıp vatandaşın hizmetine sunulmuştur. Yapılan 5 projeye toplam 7.770.046,00 TL harcama yapılmıştır. 2024 yılında 11 proje ihale ve proje aşamasındadır. Yapılacak projelerle beraber toplam 3669 dekar alan sulanması planlanmaktadır.

Plan, Proje, Yatırım ve İnşaat 
 
DEPREM SONRASI 
 
Depremden dolayı zarar gören Valiliğimiz hizmet binasının dış ve iç cephesinin onarım işi bitirilmiştir. 
Adıyaman Merkez Altınşehir Mahallesine 118 adet prefabrik Konut yapılarak çevre düzenleme ve elektrik işleri tamamlanmıştır. 
Adıyaman Merkez Gençlik Merkezi bahçesinde bulunan Şire Pazarı Konteyner Çarşısı için çevre düzenlemesi ve altyapı yapım işi ile Sitilce Atış Poligonundaki Konteynerlar İçin İçme Suyu ve Kanalizasyon Yapım İşi bitirilmiştir. 
 
Yine depremde hasar alan Adıyaman Merkez Şehit ve Gaziler Derneğinin bakım ve onarım işi bitirilmiştir. 
 
İl ve İlçe Jandarma Komutanlıkları Lojman ve Hizmet Binası Onarım İşleri bitirilmiştir. 
 
Tut İlçesi Hükümet Konağı Yapım İşi KDV Dahil Fiyat Farkı Hariç İhale Bedeli : 83.100.000,00 TL Yapılan Ödeme (KDV ve Fiyat Farkı Dahil): 18.401.331,39 TL
Sincik İlçesi Hükümet Konağı Yapım İşi KDV Dahil Fiyat Farkı Hariç İhale Bedeli : 87.600.000,00 TL, Yapılan Ödeme (KDV ve Fiyat Farkı Dahil): 17.515.391,91TL
Gerger İlçesi Hükümet Konağı Yapım İşi KDV Dahil Fiyat Farkı Hariç İhale Bedeli: 163.107.600,00 TL, Yapılan Ödeme (KDV ve Fiyat Farkı Dahil): 10.067.296,96 TL
Samsat İlçesi Jandarma Hizmet Binası İkmal Yapım İşi KDV Dahil Fiyat Farkı Hariç İhale Bedeli: 10.770.000,00 TL, Yapılan Ödeme (KDV ve Fiyat Farkı Dahil): 5.763.591,81 TL
 
Adıyaman Merkez Yavuz Selim 24 Derslik İlkokul Binası Yapım İşi KDV Dâhil Fiyat Farkı Hariç Yapılacak Ödeme: 64.596.000,00 TL,
Kommagene Krallığı’nın 5 büyük kentinden biri olan Perre Antik Kenti'nin turizm potansiyelini arttırmak amacıyla Perre Antik Kenti Tarihe yolculuk projesi kapsamında Perre Antik Kenti Muhtelif alanlarda canlandırma uygulamaları yapılması işi kapsamında 17/0/07/2024 tarihinde ihale yapılmıştır.
 
Adıyaman Merkez Petrol Mah. 109 ada 104 no.lu parselde 6000 m2'lik alanda yapılması planlanan Tekstil Kente ait zemin etüdü, mimari, statik, mekanik, elektrik, harita projeleri yaklaşık maliyet ve ihale dokümanı hazırlanması işi yapılacak ödeme (KDV Dahil): 408.000,00 TL
Yapılan Toplam Ödeme KDV Dahil : 106.538.564,07 TL
Yapılacak Toplam Ödeme KDV Dahil Fiyat Farkı Hariç : 357.629.987,93 TL

TUZ HANI
 
Köklü tarihiyle birçok eseri bünyesinde barındıran Adıyaman’ın sahip olduğu bu önemli turizm değeride depremde büyük hasar almıştı. Çevre ve Şehircilik Bakanımız Sayın Murat KURUM, ilimizi ziyaretlerinde oturakçılar Pazarında bulunan tarihi Tuzhanı’nın restore edileceği müjdesini vermişti. Adıyaman’ın toplumsal anılarında önemli bir yeri olan bu tarihi eseri yeniden ayağa kaldırmak için önümüzdeki günlerde İl Özel İdaremiz tarafından restorasyon projesi hazırlanarak özüne uygun bir şekilde restorasyon çalışmalarına başlanacaktır. 

AİLE VE SOSYAL HİZMETLER 
 
Aile ve Sosyal Hizmetler Müdürlüğünün sosyal hizmet modelleri kapsamında vatandaşlarımıza ödenen yardımlardan da bahs eden Vali Dr. Osman Varol, “Birey, aile ve toplumsal değerlerimizin korunması ve aile yapısının güçlendirilmesi amacıyla sosyal yardımları, devlet geleneğimizin ve medeniyetimizin en önemli değeri olarak görüyoruz. Sosyal ve kültürel dokudaki aşınmalara karşı aile yapısının ve değerlerinin korunarak gelecek nesillere sağlıklı biçimde aktarılmasını sağlamak ve toplumun sosyal yardım ve korumaya ihtiyaç duyan kesimlerine yönelik yardım faaliyetlerini düzenli ve etkin biçimde yürütmek amacıyla Aile ve Sosyal Hizmetler İl Müdürlüğümüz aracılığıyla sosyal hizmet modelleri kapsamında 2024 yılının ilk altı ayında 32.089 haneye 91.562 kişiye 409 Milyon 77 Bin 421 TL tutarında sosyal yardım desteği sağlanmıştır”dedi.

Vali Dr. Osman Varol yarıca, AFAD tarafından depremin başından bu yana hane yardımı, Kira Yardımı ve taşınma yardımı ile yardımlar olmak üzere bugüne kadar vatandaşlarımıza 4 Miyar 998 Milyon 732 bin 473 TL yardım yapıldığını söyledi. 
 
YENİ VE GÜÇLÜ ADIYAMAN İÇİN SAHADAYIZ 
 
Deprem ve afetlere karşı dirençli, sağlam, yeni ve güçlü bir Adıyaman için tüm kurumlarımızla sahadayız diyen Vali Dr. Osman Varol, “İlimizin en doğusundan en batısına milletimizin huzuru ve refahı için çalışıyoruz. Bugüne kadar bütün çalışmalarımızı vatandaş odaklı hizmet ekseninde yürüttük yürütüyoruz. İlin yöneticileri olarak yaptığımız tüm yatırım ve çalışmalarda devletimizin sıcaklığını vatandaşlarımıza daima hissettiriyoruz. Adıyamanlı hemşerilerimizin huzur ve refahını her şeyden üstün tutarak milletçe el ele verip bu şehrin geleceğini hep beraber inşa edeceğiz. Bu çalışmalarımızda bizlere her anlamda büyük katkı ve destek veren Sayın Cumhurbaşkanımıza, Sayın Bakanlarımıza, ilimizin değerli Milletvekillerine, kıymetli mesai arkadaşlarıma ve yapılan hizmetleri takdir eden Adıyamanlı hemşerilerime ve siz değerli basın mensuplarına teşekkürlerimi ve şükranlarımı sunuyorum” ifadelerini kullandı."
14.07.2024,"Valimiz Sayın Dr. Osman Varol’un “15 Temmuz Şehitleri Anma, Demokrasi ve Milli Birlik Günü” Mesajı.",,https://www.adiyaman.gov.tr/valimiz-sayin-dr-osman-varolun-15-temmuz-sehitleri-anma-demokrasi-ve-milli-birlik-gunu-mesaji,"Valimiz Sayın Dr. Osman Varol’un “15 Temmuz Şehitleri Anma, Demokrasi ve Milli Birlik Günü” Mesajı.","Ülkemizin bekasını hedef alarak, Devletimizin bölünmez bütünlüğü ile milletimizin birlik ve beraberliğini parçalamaya yönelik 15 Temmuz hain darbe girişiminin milli irade tarafından eşine az rastlanır bir kahramanlık örneğiyle bertaraf edilişinin sekizinci yılını idrak ediyoruz.
 
Öncelikle istiklal ve istikbali için FETÖ ihanet çetesi mensubu hainlere karşı göğsünü siper ederek şehadete yürüyen 252 şehidimize Allah'tan rahmet diliyorum. 15 Temmuz gecesi yaşanan tarihî kıyama katılan her bir vatandaşımıza, o gece gazilikle şereflenen tüm kardeşlerimize şükranlarımı sunuyorum.
 
FETÖ ihanet çetesi tarafından tarihimizin en karanlık hadiselerinden biri olarak kayıtlara geçen 15 Temmuz işgal girişimi, Cumhurbaşkanımız Sayın Recep Tayyip ERDOĞAN’ın cesareti ve önderliğinde harekete geçen yüce milletimiz, tankın, uçağın, helikopterin ve tüfeğin karşısına sadece imanı, inancı, yüreği ve cesaretiyle dikilmiş, o karanlık gecenin sabahını aydınlığa çevirmiş ve ihanet girişimini şanlı bir direnişle bertaraf etmiştir. 
15 Temmuz, aynı zamanda bir milletin asıl gücünün tankı, topu, tüfeği değil, imanlı ve inançlı evlatları olduğunun bir kez daha tescillendiği, bundan böyle hiçbir gücün, milletin iradesini rehin veya teslim alamayacağının, hukuk dışı yol ve yöntemlerle iktidar değişikliği yapılamayacağının dosta ve düşmana öğretildiği gündür.
 
15 Temmuz gecesi sokağa çıkarak o karanlık geceyi aydınlığa kavuşturan aziz milletimizin her bir ferdine şükranlarımı sunuyorum. Bu ihanet girişimi karşısında 15 Temmuz gecesinden itibaren darbeye karşı durup 27 gece sabahlara kadar demokrasi nöbeti tutan yediden yetmişe tüm Adıyamanlı hemşerilerime gönülden teşekkür ediyorum. Bir hilal uğruna o gece canlarını feda eden aziz şehitlerimizi hürmetle, rahmetle, minnetle yad ediyor, gazilerimize de Allah'tan sağlık, afiyet ve uzun ömürler diliyorum."
15.06.2024,Valimiz Sayın Dr. Osman Varol’un Kurban Bayramı Mesajı,,https://www.adiyaman.gov.tr/valimiz-sayin-dr-osman-varolun-kurban-bayrami-mesaji,Teknik olarak web sitemizde kullanılan çerez türleri aşağıdaki tabloda gösterilmektedir.,"Aziz milletimizi manevi iklimiyle saran, ortak bir ruhla kaynaştıran ve kucaklaştıran bir Kurban Bayramı’na daha erişmenin heyecan ve mutluluğunu yaşıyoruz.

Aziz milletimizin mayasında bulunan yardımlaşma ve dayanışma geleneğinin en güzide örneklerinin yaşandığı bayramlar; yoksulun, yetimin, düşkünün korunup kollandığı, kırgınlıkların yerini sevgi ve barışın aldığı, kin ve nefretin ortadan kalktığı müstesna günlerdir.

Bu bakımdan bayramın manevi ikliminin tüm gönüllere, hanelere, şehrimize, ülkemize ve İslam dünyasına huzur ve mutluluk getirmesini diliyorum.

Bayram süresince, siz değerli Adıyamanlı hemşerilerimizin, bayramını rahat ve huzurlu bir şekilde geçirebilmesi için Valiliğimizce gerekli her türlü tedbir ve önlemler ilgili kurum ve kuruluşlarımızla koordineli bir şekilde alınmıştır.

Ayrıca, Bayram vesilesiyle seyahate çıkacak hemşerilerimden istirhamım, trafik kurallarına uymaları, yorgun ve uykusuz bir şekilde seyahat etmemeleri, özellikle hız kurallarına azami derecede riayet etmeleridir. Bayram sevincimizi matem havasına büründürmemek için bu konuda lütfen hepimiz üzerimize düşeni yapalım.

Bu duygu ve düşüncelerle mübarek Kurban Bayramı’nın ülkemize, milletimize huzur getirmesini temenni ediyor, ülkesi ve vatanı için canlarını feda eden şehitlerimizi ve gazilerimizi rahmet ve minnetle anarken, hizmet etmekten onur ve mutluluk duyduğum siz değerli Adıyamanlı hemşerilerimin Kurban Bayramı’nı en içten dileklerimle kutluyor sevgi ve saygılarımı sunuyorum."
13.06.2024,Valimiz Sayın Dr. Osman Varol’un “Jandarma’nın 185. Kuruluş Yıldönümü” Mesajı,,https://www.adiyaman.gov.tr/valimiz-sayin-dr-osman-varolun-jandarmanin-185-kurulus-yildonumu-mesaji,Valimiz Sayın Dr. Osman Varol’un “Jandarma’nın 185. Kuruluş Yıldönümü” Mesajı,"Kurulduğu günden bu yana milletimizin birlik ve bütünlüğü, devletimizin bekası için yüksek bir vazife şuuruyla görev yapan Türk Jandarma Teşkilatımızın 185. kuruluş yıldönümünü kutluyor büyük bir vazife aşkı ve sorumluluk anlayışı içerisinde görevini yerine getiren jandarma teşkilatımızın değerli mensuplarını, hayatlarını feda etme uğruna ortaya koydukları cesur, kararlı ve özverili çalışmaları için tebrik ediyorum.
 
Sahip olduğu 185 yıllık birikim ve tecrübe çerçevesinde oluşturduğu vizyonla kendisini daima yenileyen Jandarma Teşkilatımız, vatan sevgisi, iyi eğitimli personeli, modern donanımı, disiplini, kabiliyeti ve görev bilinciyle milletimizin takdirini kazanarak köklü ve başarılı geçmişinden aldığı güçle geleceğe hazırlanmaktadır. 
 
Devletimizin en köklü kurumların başından gelen ve 2 asra dayanan şanlı geçmişiyle etkin bir asayiş hizmeti sunmayı temel amaç edinen Jandarma Teşkilatımız, milletimizin birliği ve bütünlüğü ile devletimizin bekası için terörle mücadeleden asayişe, düzensiz göçle mücadeleden trafik güvenliğine kadar gece gündüz demeden fedakârca hizmet vererek gerek iç güvenlik harekâtında gerekse sınır ötesi operasyonlarda gösterdiği azim, kararlılık be başarılarla bizlerin ve aziz milletimizin övünç kaynağı olmuştur.
 
Bu vesileyle ""Huzur ve Hoşgörü Kenti"" olarak anılan Adıyaman'ımızda güvenlik hizmetlerinin yürütülmesinde çok önemli katkıları olan Jandarma Teşkilatımızın 185. kuruluş yıldönümünü kutluyor, görevlerini başarıyla yerine getirirken şehit olan jandarma mensuplarımızı rahmet ve şükranla anıyor, gazilerimize de sağlık ve esenlikler diliyorum. Büyük fedakârlık, sabır ve cesaretle görevlerini sürdüren tüm jandarma personelimize de aileleriyle birlikte sağlık, mutluluk ve başarılar diliyorum."
18.05.2024,"Valimiz Sayın Dr. Osman Varol’un “19 Mayıs Atatürk’ü Anma, Gençlik ve Spor Bayramı” Mesajı",,https://www.adiyaman.gov.tr/valimiz-sayin-dr-osman-varolun-19-mayis-ataturku-anma-genclik-ve-spor-bayrami-mesaji,"Valimiz Sayın Dr. Osman Varol’un “19 Mayıs Atatürk’ü Anma, Gençlik ve Spor Bayramı” Mesajı","Gazi Mustafa Kemal Atatürk’ün Kurtuluş Savaşımızı başlatmak üzere Samsun’a çıkışının 105. yıl dönümüne ulaşmış olmanın mutluluğunu ve gururunu hep birlikte yaşıyoruz.
 
Gazi Mustafa Kemal Atatürk öncülüğünde aziz milletimizin bağımsızlığı için Samsun’da istiklal meşalesini ateşleyerek, Anadolu’nun her köşesine yayıldığı ve Cumhuriyetimizin kuruluşuna uzanan sürecin başladığı tarih olan 19 Mayıs 1919 tarihi millet olarak varlığımızı güçlendiren, umutlarımızı canlandıran ve yolumuzu aydınlatan bir gündür.
 
Milli mücadelemizin işaret fişeği olan bu anlamlı günün, aynı zamanda Gençlik ve Spor Bayramı olarak kabul edilmesi, gençlerimize duyulan güvenin ve onlara verilen büyük sorumluluğun da göstergesidir. Ülkemizi muasır medeniyetler seviyesine çıkaracak, milletimizin en büyük zenginliği ve umudu olan sevgili gençlerimizin, aziz vatanın ecdadımızdan bizlere emanet olduğunun idraki içinde, tarihimize ve değerlerimize sadakatle sahip çıkarak, büyük Türkiye idealini gerçekleştirme gayreti içinde olacağına ve yeniden şekillenen dünyada, al bayrağımızı en yüksekte dalgalandıracaklarına gönülden inanıyorum. Öyle ki Cumhuriyetimizin kurucusu Gazi Mustafa Kemal Atatürk, “Ey yükselen yeni nesil, istikbal sizindir. Cumhuriyeti biz kurduk; onu yükseltecek ve sürdürecek sizlersiniz.” diyerek bu büyük mirası gençlere emanet etmiştir. 
 
Bu duygu ve düşüncelerle; Cumhuriyeti gençlerimize emanet eden, 19 Mayıs’ı da gençlerimizin bayramı yapan Gazi Mustafa Kemal Atatürk başta olmak üzere, Milli mücadelemizin tüm kahramanlarını, Aziz şehitlerimizi ve Kahraman Gazilerimizi rahmet ve minnetle anıyorum."
12.05.2024,Valimiz Sayın Dr. Osman Varol’un “Anneler Günü” Mesajı,,https://www.adiyaman.gov.tr/valimiz-sayin-dr-osman-varolun-anneler-gunu-mesaji,Valimiz Sayın Dr. Osman Varol’un “Anneler Günü” Mesajı,"Merhamet ve şefkatiyle yüreklerimizi kuşatan, ilk öğretmenimiz, sığınağımız, duacımız, haklarını hiçbir suretle ödeyemeyeceğimiz değerli annelerimizin “Anneler Günü” kutluyor, bütün annelerimize en içten selam ve saygılarımı sunuyorum.
 
“Cennet, anaların ayakları altındadır” diyen bir kültür ve inancın mensupları olarak tüm zorluklara göğüs geren, iyiliği, dürüstlüğü, doğruluğu, güzel ahlakı öğreten, geleceğimiz için gecesini gündüzüne katan annelerimizin kıymetini çok iyi bilmeliyiz. Çünkü varlıklarıyla hayatımıza anlam katan annelerimizin hakkını hiçbir şekilde ödeyemeyiz. Şunu çok iyi biliyoruz ki dünyada paha biçilemeyen tek şey anne sevgisidir.
 
Düşmanın kirli hesaplarının hiçbir zaman bitmediği bu mukaddes vatan topraklarında bin yıldır başı dik ve onurlu bir biçimde yaşamamız, bu aziz vatanın istikbaline yön verecek nitelikte hayırlı evlatlar yetiştiren anneler sayesindedir.
 
Bu duygu ve düşüncelerle; en değerli varlıkları olan evlatlarını devletimizin ve vatanımızın bekası için adayan başta şehit anneleri olmak üzere ömrünü bize harcayan, yüreği okyanuslar kadar engin, sevgi ve merhameti alemler kadar sonsuz olan annelerimizin Anneler Gününü kutluyor, sevgi ve saygılarımı sunuyorum."
09.05.2024,Valimiz Sayın Dr. Osman Varol’un “Engelliler Haftası” Mesajı,,https://www.adiyaman.gov.tr/valimiz-sayin-dr-osman-varolun-engelliler-haftasi-mesaji,Valimiz Sayın Dr. Osman Varol’un “Engelliler Haftası” Mesajı,"Ülkemizde ve dünyada her yıl 10-16 Mayıs tarihleri arasında kutlanan Engelliler Haftasının engelli vatandaşlarımıza karşı duyarlılık ve farkındalığın arttırılmasını diliyorum.
 
İçinde yaşadığımız toplumun ayrılmaz bir parçası olan engelli bireylerin yaşantılarında karşılaştıkları güçlükler, yaşadıkları sorunlar, yalnızca engellilerin ve ailelerinin değil hepimizin yakından ilgilenmesi ve önem verilmesi gereken toplumsal bir sorundur.
 
Geleceğe güvenle bakan bir toplumu inşa etmek, hiç kuşkusuz engelli ya da engelsiz ortak umut ve hedefleri paylaşarak birlik ve beraberliği sağlamaktan geçmektedir.
 
Adıyaman Valiliği olarak engelli vatandaşlarımızın hayata katılmalarının önündeki engelleri kaldırmak amacıyla başta eğitim ve sağlık hizmetleri olmak üzere devletimiz tarafından verilen hizmetlerin kalitesini daha da artırmanın gayreti içindeyiz. İlimizdeki tüm paydaşlarla işbirliği içerisinde engelli vatandaşlarımızın toplumsal hayata rahatça katılımını sağlayarak Adıyaman’ımızın engelli dostu bir kent olma konumunu daha da pekiştirmekteyiz.
 
Engellilerimiz, kendilerine inanıldığı ve fırsat verildiği takdirde, engel tanımadan herkes kadar başarılı ve üretken olabildiklerini spordan sanata, edebiyattan siyasete, eğitimden çalışma hayatına kadar her alanda kanıtlamışlardır. Engelli vatandaşlarımızın bu denli önemli başarılara imza atmaları dayanışma ve uzlaşı ruhuyla yaşamın her alanında desteklenmeleri halinde her şeyin üstesinden gelebileceklerinin göstergesidir.
 
Bu duygu ve düşüncelerle, Dünya Engelliler Haftasının zihinlerdeki engelleri kaldırmaya vesile olmasını temenni ediyor, engelli vatandaşlarımızı saygı ve muhabbetle selamlıyor, onların her zaman yanlarında olan fedakâr ailelerine sağlık, huzur ve mutluluk dolu bir yaşam diliyorum."
22.04.2024,Valimiz Sayın Dr. Osman Varol’un “23 Nisan Ulusal Egemenlik ve Çocuk Bayramı” Mesajı,,https://www.adiyaman.gov.tr/valimiz-sayin-dr-osman-varolun-23-nisan-ulusal-egemenlik-ve-cocuk-bayrami-mesaji,Valimiz Sayın Dr. Osman Varol’un “23 Nisan Ulusal Egemenlik ve Çocuk Bayramı” Mesajı,"Milli egemenliğimizin sembolü, kurtuluş mücadelemizin ve demokrasi tarihimizin en önemli kurumlarından olan Türkiye Büyük Millet Meclisi’nin açılışının 104. yılını gururla kutladığımız Ulusal Egemenlik ve Çocuk Bayramı, tüm milletimize ve istikbalimizin yegâne teminatı olan çocuklarımıza kutlu olsun. 
 
Bu anlamlı günde TBMM’nin ve Cumhuriyetimizin kurucusu Gazi Mustafa Kemal Atatürk’ü, vatan için canını feda eden tüm şehitlerimizi saygı ve rahmetle, gazilerimizi minnet ve şükranla yâd ediyorum.
Kurtuluş Savaşımızın en önemli dönüm noktası olan 23 Nisan 1920, milletimizin bağımsızlık ve özgürlük iradesini tüm dünyaya ilan ettiği tarihtir. İstiklal Mücadelemiz, ülkemizin o günlerde içinde bulunduğu her türlü güçlük ve olumsuz şartlara rağmen, ilk meclisimizin ortaya koyduğu ""Hâkimiyet, kayıtsız şartsız milletindir"" şiarı sayesinde kazanılmıştır. Milletimizi ortak bir gaye etrafında birleştiren ilk Meclisimiz, vatan sevgisinin, birlik ve beraberliğin, hür yaşama uğruna sergilenen fedakârlığın en güzel timsali olmuştur.
 
23 Nisan, geleceğimizin en kıymetli hazinesi; özgürlük ve bağımsızlık bayrağını devredeceğimiz çocuklarımızın da bayramıdır. İstiklal Savaşımızın lideri, Meclisimizin ilk Başkanı Gazi Mustafa Kemal Atatürk tarafından dünyada tek çocuk bayramı özelliğini taşıyan ve çocuklarımıza armağan edilen 23 Nisan'ın bu açıdan da ayrı bir manası vardır.
 
En büyük dileğimiz, en kıymetli hazinemiz, geleceğimizin teminatı çocuklarımızın güvenli ve sağlıklı ortamlarda, iyi eğitim alarak, topluma ve insanlığa yararlı özgür bireyler olarak yetişmelerini sağlamaktır. Dolayısıyla daha güçlü ve daha huzurlu yarınlar için ülkemizin sorumluluğunu devredeceğimiz çocuklarımızın milli ideallerimize sarılmaları, manevi değerlerimizle donanmaları ve dünyaya açık olarak yetişmeleri en büyük gayemizdir. 
 
Bu duygu ve düşüncelerle, Türkiye Büyük Millet Meclisi`nin kuruluşunun 104. yıl dönümünde TBMM’nin ve Cumhuriyetimizin kurucusu Gazi Mustafa Kemal Atatürk`ü, Kurtuluş Savaşının tüm kahramanlarını saygı ve rahmetle anıyor, tüm çocuklarımızın 23 Nisan Ulusal Egemenlik ve Çocuk Bayramı’nı en içten dileklerimle kutluyorum."
22.04.2024,"Vali Dr. Osman Varol, Haftanın İlk Gününde Vatandaşları Ağırladı",,https://www.adiyaman.gov.tr/vali-dr-osman-varol-haftanin-ilk-gununde-vatandaslari-agirladi,"Vali Dr. Osman Varol, Haftanın İlk Gününde Vatandaşları Ağırladı","Adıyaman’a atandığı günden bu yana her fırsatta esnaf ve vatandaşı ziyaret ederek halini ve hatrını soran Vali Dr. Osman Varol, haftanın ilk mesai gününde onlarca vatandaşlarımızı Valilik makamında ağırlayarak sorun, sıkıntı, ihtiyaç ve taleplerini dinledi. 

Vatandaşlarımızın istek ve taleplerini kamu kurumlarının ilgili mercilerine doğrudan iletilmesini sağlamak, sorunlara hızlı çözümler bulmak ve vatandaşın devletle bağını daha da güçlendirmek için gerçekleştirilen buluşmada onlarca vatandaşı makamında ağırlayarak tek tek dinleyen Vali Dr. Osman Varol, iletilen sorunları tek tek not alarak bu sorunları çözüme kavuşturulması için hızlı bir şekilde reaksiyon alacaklarını ve gereğini imkanlar çerçevesinde yapacaklarını söyledi. 

Katılımın yoğun olduğu halk gününde vatandaşlarımızın talep, şikâyet ve önerilerini dile getirebilmeleri amacıyla buna benzer toplantıları bundan sonra her hafta Salı günleri düzenli olarak yapacaklarını söyleyen Vali Dr. Osman Varol, “Zaten sık sık sahada vatandaşlarımızı ve esnafımızı ziyaret ederek ihtiyaç ve taleplerini dinliyor, mesaimizin birçoğunu vatandaşlarımızın problemini çözmek için harcıyoruz. Göreve başladığımız ilk gün ifade ettiğimiz gibi hiçbir vatandaşımızı ne acısında ne hayatını yeniden düzene koyma ne de geleceğini yeniden inşa etme gayretinde asla yalnız bırakmayacağız demiştik. İşte bu buluşmalarla amacımız 6 Şubat depremleri ile birlikte büyük bir yara alan ilimizde ulaşamadığımız vatandaşlarımızın isteklerini birinci ağızdan dinleyerek onlarla dertleşmek, sorunlarını çözüme kavuşturmak ve varsa eksikliklerin giderilmesidir. Vatandaşlarımızın sorunlarının çözüldüğünü gördükçe bizlerde sorumluluk makamında bulunan ilin yöneticileri olarak mutlu oluyoruz. Bugüne kadar bütün çalışmalarımızı vatandaş odaklı hizmet ekseninde yürüttük. İlin yöneticileri olarak yaptığımız tüm yatırım ve çalışmalarda devletimizin sıcaklığını vatandaşlarımıza daima yansıtıyoruz. Klasik kamu yönetimi anlayışını bir tarafa bırakarak vatandaşlarımızın sorunlarının çözümü noktasında tüm kamu kurum ve kuruluşlarımız üzerini düşeni büyük bir hassasiyetle yerine getirmeye çalışıyor”dedi. 

Ailesiyle birlikte halk gününe katılan Şehit Fatih Doğan Güzel Sanatlar Lisesi son sınıf öğrencisi Asude Hanım Sarıkaya ise Vali Dr. Osman Varol’a yaşadığımız deprem afeti sonrası ilimizde 6 Şubat depremlerinin simgesi haline gelen kendi çizdiği Saat Kulesi tablosunu takdim etti.
Vali Dr. Osman Varol, Şehit Fatih Doğan Güzel Sanatlar Lisesi son sınıf öğrencisi Asude Hanım Sarıkaya’ya anlamlı tablo dolayısıyla teşekkür ederek derslerinde başarılar diledi. 

Vali Varol, ayrıca, aileleriyle birlikte halk günü programına katılan çocuklara da oyuncak ve çeşitli hediyeler verdi. 
Vali Dr. Osman Varol, Açık Kapı Şube Müdürlüğü üzerinde randevu alan vatandaşların sorun, istek ve taleplerinin dinleneceği “Halk Günü” buluşmalarının bundan sonra düzenli olarak her hafta salı günleri sabah saat 9’da gerçekleştirileceğini söyledi."
09.04.2024,Valimiz Sayın Dr. Osman Varol’un Ramazan Bayramı Mesajı,,https://www.adiyaman.gov.tr/valimiz-sayin-dr-osman-varolun-ramazan-bayrami-mesaji,Teknik olarak web sitemizde kullanılan çerez türleri aşağıdaki tabloda gösterilmektedir.,"Derin bir manevi iklimi idrak ettiğimiz Ramazan ayını geride bırakırken yeni umutların güç bulacağı mübarek Ramazan Bayramı’na erişmenin mutluluğunu yaşamaktayız.

Bu vesileyle, Adıyamanlı kardeşlerimin, milletimizin ve tüm İslam aleminin mübarek Ramazan Bayramı’nı en kalbi duygularımla tebrik ediyor, bu mübarek ayda tutulan oruçların, verilen fitrelerin, yapılan ibadet ve duaların Allah katında kabul olmasını diliyorum.

Değerli Adıyamanlı hemşerilerimiz;

Bir milleti kaynaştıran en önemli unsurların başında gelen ve toplumsal yaşamda önemli yeri bulunan Bayramlar, birlik ve beraberlik duygularının yoğunlaştığı, sevinç, neşe ve coşkunun buluştuğu, iyilik ve güzelliklerin harmanlandığı, insanlar arasındaki karşılıklı sevgi ve saygının perçinleştiği, insanların kardeşçe kucaklaştıkları çok özel günlerdir.

Geçtiğimiz yıl olduğu gibi bu yılda Ramazan Bayramı’nı asrın felaketi olarak nitelendirilen ve ilimizi de derinden etkileyen depremin gölgesinde gerçekleştirmenin ve yitirdiğimiz birçok canlarımızla bayramlaşıp kucaklaşamamanın acısıyla buruk bir şekilde idrak ediyoruz.

Bu anlamda yaşadığımız sıkıntılı bu süreci her zorlukta birbirine kenetlenen birlik, beraberlik ve kardeşlik ruhuna sahip Aziz milletimiz ve devletimiz sayesinde dayanışma içerisinde el ele gönül gönüle vererek daha kolay aşacağımıza olan inancımı ifade etmek istiyorum.

Adıyamanlı hemşerilerimiz şundan emin olmalıdır ki, bu kadim şehri tekrar ayağa kaldırmak ve o eski canlı ve hareketli günlerine kavuşturmak için kamu kurum ve kuruluşlarımız, bu kentin tüm dinamikleri ve mesai arkadaşlarımızla birlik gece gündüz demeden yoğun gayret gösteriyoruz. Sayın Cumhurbaşkanımızın riyasetinde ilk kalıcı deprem konutlarımızda teslimata başlayarak vatandaşlarımızı konutlarına yerleştirdik.  Devletimizin güçlü desteği ile Adıyaman'da hak sahibi vatandaşlarımızın tamamına anahtarlarını teslim edene kadar da gece gündüz demeden gayretli çalışmalarımıza devam edeceğiz.

Vatandaşlarımızın huzur ve güven içerisinde Ramazan Bayramı’nı idrak etmeleri için de Valiliğimizce gerekli tedbirler alınmıştır. Özellikle seyahate çıkacak vatandaşlarımızın trafik kurallarına riayet etmeleri ve bayram sevincini acıya dönüştürecek her türlü davranıştan uzak durmalarını istirham ediyorum.

Bu düşüncelerle bu zorlu günlerin bir an önce bitmesi ve daha güzel bayramlarda buluşmak temennisiyle bütün Adıyamanlı hemşerilerimin, aziz milletimizin ve tüm İslam aleminin mübarek Ramazan Bayramı’nı en içten duygularımla kutluyor, aziz şehitlerimizi ve bu büyük felakette hayatını kaybeden vatandaşlarımızı saygı ve rahmetle, kahraman gazilerimizi de şükranla anıyor, sevgi ve saygılarımı sunuyorum."
09.04.2024,"Valimiz Sayın Dr. Osman Varol’un; “10 NİSAN POLİS HAFTASI"" Mesajı",,https://www.adiyaman.gov.tr/valimiz-sayin-dr-osman-varolun-10-nisan-polis-haftasi-mesaji,Teknik olarak web sitemizde kullanılan çerez türleri aşağıdaki tabloda gösterilmektedir.,"Aziz milletimizin kendisine duyduğu güvene layık olabilmek için dünyanın en zor coğrafyasında, oldukça meşakkatli bir görev alarak bu sorumluluğu büyük bir fedakârlıkla sürdüren Türk Polis Teşkilatımızın kuruluşunun 179’uncu yıldönümünü kutlamanın onurunu ve gururunu yaşıyoruz.

Vatandaşlarımızın huzuru, güvenliği ve esenliği için mukaddes vatan topraklarının dört bir yanında fedakârca görev yapan Türk Polis Teşkilatımızın kıymetli mensuplarının “10 Nisan Polis Günü”nü kutluyorum.

Şerefli mazisinden ve milletimizden aldığı güçle kendisine tevdi edilen görev ve sorumlulukları her koşulda en iyi şekilde yerine getiren emniyet teşkilatımız, çağın getirdiği değişim ve gelişmelere ayak uydurmak için en iyi atılımları yaparak dünyada ortaya çıkan gelişmeler ışığında milletimizin değişen beklentilerine cevap vermek için kendini sürekli yenilemektedir.

Bu bağlamda, vatandaşlarımızın huzur ve güveni için mesai mefhumu gözetmeksizin her türlü zorluğa göğüs gören emniyet teşkilatımız, yasalar çerçevesinde kamu düzeninin korunması, halkımızın can ve mal güvenliğinin sağlanması için görevlerini bugüne kadar layıkıyla yerine getirdiği gibi bundan sonra da şerefli mazisinden ve milletimizden aldığı güçle topluma güven veren hizmetlerini yüksek bir şuurla en iyi şekilde devam ettirecektir.

Özellikle yaşanmış olduğumuz deprem felaketinde güvenliğin dışında Adıyamanlı vatandaşlarımızla ele ele verip arama kurtarma çalışmalarına katılarak ortaya koydukları özverili çalışmaları dolayısıyla Polis Teşkilatımıza teşekkür ediyorum.

Bu duygu ve düşüncelerle; milletimizin birliği ve bütünlüğü ile kutsal vatan toprakları uğruna şehit düşen kahraman polislerimize Allah'tan rahmet, gazilerimize şükranlarımı sunuyorum. Aziz milletimiz için iftihar kaynağı olan Türk Polis Teşkilatımızın 179. kuruluş yıldönümünü tebrik ediyor, tüm emniyet mensuplarımıza başarılar diliyor, kendilerini en kalbi duygularımla selamlıyorum."
07.03.2024,GÜVENLİK VE ASAYİŞ DEĞERLENDİRME TOPLANTISI VALİMİZ SAYIN DR. OSMAN VAROL BAŞKANLIĞINDA GERÇEKLEŞTİRİLDİ,,https://www.adiyaman.gov.tr/guvenlik-ve-asayis-degerlendirme-toplantisi-valimiz-sayin-dr-osman-varol-baskanliginda-gerceklestirildi,GÜVENLİK VE ASAYİŞ DEĞERLENDİRME TOPLANTISI VALİMİZ SAYIN DR. OSMAN VAROL BAŞKANLIĞINDA GERÇEKLEŞTİRİLDİ,"Valimiz Sayın Dr. Osman Varol başkanlığında ve İl Emniyet Müdürü Cihat Dağdeviren, İl Jandarma Komutanı Albay Hikmet Uz ve basın mensuplarımızın katılımlarıyla güvenlik ve asayiş değerlendirme toplantısı gerçekleştirildi.

Gerçekleşen toplantıda, Valimiz Sayın Dr. Osman Varol tarafından 2024 yılının ilk iki ayında gerçekleşen asayiş olayları hakkında detaylı bir değerlendirme yapılarak vatandaşlarımızın can ve mal güvenliği başta olmak üzere yürütülen çalışmalar, alınan tedbirler hakkında bilgiler verdi.

Valimiz Sayın Dr. Osman Varol; ilimizde aranan şahıslar, Genel Asayiş, NARKO-Alan, Yabanca Şahıslar ve Terör Uygulaması olarak toplam 15 geniş çaplı uygulama yapıldığını ifade ederek, aranan şahısların yakalanmasına yönelik yapılan çalışmalarda 70.350 şahıs sorgusu, 20.416 araç denetiminde 762 şahsın yakalandığını 10 yıl ve üzeri hapis cezası olan 7 şahıs ile birlikte 135 şahıs tutuklanarak cezaevine gönderildiğini söyledi. Ayrıca Valimiz Sayın Dr. Osman Varol, birimlerce olaylara karıştığı tespit edilen 1.667 şüpheliden 81’inin adli kontrol şartı ile serbest bırakıldığını, 121 şahsın ise adli mercilerce tutuklanarak cezaevine gönderildiğini belirtti. Valimiz Sayın Dr. Osman Varol, yapılan bu operasyonlar neticesinde 1 adet Ak-47 kaleşnikof piyade tüfeği, 29 Adet farklı marka ve çapta tabanca, 32 adet farklı marka ve çapta tüfek, 184 Adet 7.62 mm çapında fişek ve çeşitli suça konu malzemelerin ele geçirildiğini ifade etti.

Kentteki asayiş olaylarına da değinen Valimiz Sayın Dr. Osman Varol, Asayiş Şube Müdürlüğünce 2024 yılı 2 aylık dönemde; aydınlatma oranının %93.7, TEM Şube, KOM Şube ve Narkotik Şube Müdürlüklerince aydınlatma oranı %100, Siber Şube Müdürlüğünce aydınlatma oranı %43,4 olduğunu ifade etti. Ayrıca Valimiz Sayın Dr. Osman Varol, trafik akışının düzenlenmesi ve denetlenmesine yönelik yapılan çalışmalar neticesinde, 123.922 araç 5.436 motosiklet kontrol edildiğini ve bu kontroller neticesinde 19.924 araç ve motosiklete, 2.711 sürücüye işlem yapıldığını, 795 aracın ise trafikten men edildiğini ve toplamda 51.867.180 TL idari para cezası uygulandığını belirtti."
25.01.2024,İL İSTİHDAM TOPLANTISI VALİ DR. OSMAN VAROL BAŞKANLIĞINDA GERÇEKLEŞTİRİLDİ,,https://www.adiyaman.gov.tr/il-istihdam-toplantisi-vali-dr-osman-varol-baskanliginda-gerceklestirildi,İL İSTİHDAM TOPLANTISI VALİ DR. OSMAN VAROL BAŞKANLIĞINDA GERÇEKLEŞTİRİLDİ,"Üç ayda bir olağan olarak toplanmakta olan “İl İstihdam ve Mesleki Eğitim Kurulu” 2024 yılı birinci toplantısı Vali Dr. Osman Varol başkanlığında gerçekleştirildi. 

Toplantıda, Çalışma ve İş Kurumu İl Müdürlüğü tarafından 2023 yılında yapılan çalışmaların genel bir değerlendirilmesi yapılarak 2024 yılında yapılacak faaliyetlerle ilgili kurul bilgilendirildi. 

2023 yılında toplam 266 Uygulamalı Eğitim Programı, İşbaşı Eğitim Programı ve Toplum Yararına Program açıldığını kaydeden Vali Dr. Osman Varol, “ Bu programlara 9.205’i kadın ve 11.521’ü erkek olmak üzere toplam 20.726 kişi katılmıştır. Bu kurs ve programlar sonucunda 8.346’sı kadın ve 10.463’ü erkek olmak üzere toplam 18.809 kişi istihdam edilmiştir. Yine Engelli vatandaşlarımızın kendi işini kurmasına yönelik destek hususunda sunmuş oldukları projeler Kurulca kabul edilmiştir. İşgücü piyasasının nitelikli eleman ihtiyacını karşılamaya yardımcı olmak ve Meslek liselerimizi daha fonksiyonel hale getirmek amacıyla, İlimiz merkez ve ilçelerindeki Meslek Liselerinde yeni meslek dalları açılmıştır. 2023 yılı İçerisinde aktif İşgücü Hizmetleri ve Toplum Yararına Programlar kapsamında yapılan toplam ödeme tutarı: 1.018.064.000 TL. olup, işsizlik sigortası, Kısa Çalışma ödeneği ve Nakdi Ücret desteği kapsamında yapılan 209.804.000. Türk lirası ödeme ile birlikte İşgücü piyasasına toplam 1 Milyar 227 milyon 868 bin lira maddi destek sağlanmıştır. İl İstihdam ve Mesleki Eğitim Kurulu kararları doğrultusunda 2024 yılında da işgücü ihtiyacının giderilmesine ve istihdamın arttırılmasına yönelik mesleki eğitim faaliyetlerine devam edilecektir”dedi."
24.01.2024,2024 Yılı 1. Dönem İl Koordinasyon Kurulu Toplantısı Vali Dr. Osman Varol başkanlığında gerçekleştirildi,,https://www.adiyaman.gov.tr/2024-yili-1-donem-il-koordinasyon-kurulu-toplantisi-vali-dr-osman-varol-baskanliginda-gerceklestirildi,2024 Yılı 1. Dönem İl Koordinasyon Kurulu Toplantısı Vali Dr. Osman Varol başkanlığında gerçekleştirildi,"Kamu kurum ve kuruluşlarınca 2023 yılında gerçekleştirilen yatırım ve faaliyetlerin değerlendirildiği 2024 yılı birinci İl Koordinasyon Kurulu Toplantısı Vali Dr. Osman Varol başkanlığında gerçekleştirildi. 

Valilik Konferans Salonunda gerçekleşen toplantıya Belediye Başkanı Süleyman Kılınç, İlçe Kaymakamları, İlçe ve Belde Belediye Başkanları, Yatırımcı Bölge Müdürleri, ildeki kamu kurum ve kuruluşların amirleri ile STK başkanları katıldı. 

Yatırımların ve sosyo-ekonomik gelişmelerin izlenmesi, koordinasyonu, yerel ve bölgesel kalkınma bakımından değerlendirmelerin yapıldığı toplantıda; Adıyaman’da 2023 sonu itibariyle merkezi ve yerel yönetim olarak 28 kamu kurum ve kuruluşunca 340 proje uygulandığını belirten Vali Dr. Osman Varol, “Bu projelerin toplam tutarı 51.9 milyar liradır. 2023 yılı programı 9.9 milyar lira olup, 2023 yılı sonunda 7.1 milyar lira harcama yapılmış ve % 72,2’lik nakdi gerçekleşme sağlanmıştır” dedi. 

Genel bütçeli yatırımcı kuruluşların 2023 yılı programlarında 260 adet proje yer aldığını kaydeden Vali Dr. Osman Varol, “Proje bedeli 49.4 milyar lira olan bu işler için önceki yıllarda 10 milyar lira harcanmıştır. 2023 yılında ise 7.8 milyar lira ödenek kullandırılması öngörülmüş olup, 2023 yıl sonu itibariyle bu ödeneğin 6.6 milyar lirası harcanmıştır. Bu harcamayla ulaşılan nakdi gerçekleşme düzeyi %84,76’dır. Belediyelerimizin ise programlarında bulunan 80 adet projenin bedeli 2.5 milyar liradır. Bu projeler için 2023 yılında 2.1 milyar lira ödenek kullandırılması öngörülmüş ve yıl sonu itibariyle 563 milyon lira harcama yapılarak %26,3’lük nakdi gerçekleşme sağlanmıştır. 2023 yılında yapılan çalışmalar sonucunda toplam 340 adet projenin; 106 tanesi bitirilmiş, 106’sı devam etmekte, 113 proje ihale ve sözleşme aşamasında olup 15 proje tasfiye edilmiştir. 2023 yılı yatırımlarının değerlendirildiği toplantımızın ve çalışmalarımızın ilimizin, ülkemizin yatırımlarına, ekonomisine, refahına katkı sağlamasını, 2024 yılının da yatırımlarımız açısından verimli bir yıl olarak geçmesini diliyorum”dedi. 

Vali Varol başkanlığında gerçekleştirilen İl Koordinasyon Kurulu Toplantısı, yatırımcı kurum ve kuruluşların bölge müdürleri ve temsilcileri tarafından devam eden projelerle ilgili sunum yapılması ve görüş alışverişinde bulunulmasının ardından sona erdi."
29.10.2023,CUMHURİYETİMİZ 100 YAŞINDA,,https://www.adiyaman.gov.tr/cumhuriyetimiz-100-yasinda,Teknik olarak web sitemizde kullanılan çerez türleri aşağıdaki tabloda gösterilmektedir.,"Milletimizin ezelden ebede uzanan tarih yolculuğunda çok önemli bir dönüm noktası olan ve önümüzde yepyeni ufuklar açan Türkiye Cumhuriyeti’nin kuruluşunun 100. yılı, yurt genelinde olduğu gibi, Adıyaman’da da büyük bir coşkuyla kutlandı.

Tüm yurtta kutlamalarına başlanan 29 Ekim Cumhuriyet Bayramı kutlamaları, Adıyaman’da Vali Dr. Osman Varol’un Valilik Makamında tebrikatları kabulü ile başladı.

Tebrikat Töreni sonrası 29 Ekim kutlamaları, Valilik Önü Atatürk Bulvarında düzenlenen çeşitli etkinliklerle kutlandı.

Saygı duruşu ve İstiklal Marşı’nın okunmasıyla başlayan törende, Vali Dr. Osman Varol, Belediye Başkanı Süleyman Kılınç’la birlikte tören aracında protokol üyelerinin, vatandaşların ve öğrencilerin bayramını kutladı. Ardından törene geçildi. Törende Cumhurbaşkanımız Sayın Recep Tayyip Erdoğan’ın Cumhuriyetimizin kuruluşunun 100. yıldönümü dolayısıyla yayınladığı mesajı okundu.

Her kesimden büyük ilgi gösterilen kutlama töreni, Vali Dr. Osman Varol’un konuşmasıyla devam etti.

29 Ekim Cumhuriyet Bayramının 100. yıldönümünü kutlayarak konuşmasına başlayan Vali Dr. Osman Varol, Bugün mazisi şanla dolu Yüce Milletimizin, varını yoğunu ortaya koyup bir kurtuluş mücadelesi vererek yeniden güçlü bir devlet olma azmini gösterip modern cumhuriyeti kurmasının 100. Yıl dönümünü kutluyoruz. Şan, şeref ve destanlarla dolu tarihimizden aldığımız azim, cesaret ve vakarla Cumhuriyetimizin 100’üncü yılına aziz milletimizle birlikte yürümenin engin gururunu yüreklerimizde hissediyoruz. Bugün, milletimizin zor şartlarda bir araya gelerek nasıl yeniden ayağa kalkabileceğini gösteren, geleceğimiz için bize umut aşılayan, attığımız her adımda ders almamız gereken çok mühim bir olayı anıyoruz. Her 29 Ekim, bağımsız ve onurlu yaşama azmimizi tazelemenin ve el ele vererek geleceğe güvenle bakabilmenin bayramıdır. Cumhuriyet, Aziz Milletimizin binlerce yıllık tarihi boyunca gerçekleştirdiği en önemli atılımlardan birisidir. Bugün Türkiye Cumhuriyeti bir yandan köklerine daha sıkı sarılan, diğer yandan semaya doğru daha fazla yükselen, kendi gövdesiyle birlikte geniş bir alanda güvenin, huzurun, umudun adı olan bir devlettir. Bu anlamlı günde Cumhuriyetimizin kurucusu Büyük Önder Mustafa Kemal ATATÜRK’ü, onun kahraman silah arkadaşlarını, kanlarıyla bu toprakları bize vatan yapan ve yaşadığımız şu günler de dahil olmak üzere bizlere canlarıyla, kanlarıyla hizmet eden aziz şehitlerimizi ve değerli gazilerimizi sonsuz minnet, şükran ve rahmetle anıyoruz.

Vali Dr. Osman Varol, “Bugün Türkiye Cumhuriyeti, etrafımızda yaşanan başta terör ve bölgesel konular gibi bütün olumsuz gelişmelere, küresel pandemi ve ekonomik krizler ile yaşadığımız deprem afetine rağmen demokratik gelişimini ve ekonomik kalkınmasını her geçen gün sürdüren, bölgesine istikrar ve refah ihraç eden bir ülke haline gelmiştir. Çağın ve dünyanın şartlarına uygun olarak da sürekli değişim ve gelişimini her alanda sürdürmektedir. 6 Şubat 2023 tarihinde asrın felaketi olarak nitelendirilen Kahramanmaraş merkezli depremlerle sarsılan ülkemiz ve bölgemiz dünyanın en büyük felaketlerinden biriyle karşı kaldı. Devlet olarak depremin ilk anından itibaren tüm kurum ve kuruluşlarımızla ve STK’larımızla adeta seferberlik ruhuyla deprem bölgelerinde çalışmaya koyularak vatandaşlarımızı asla yalnız bırakmadık, bırakmıyoruz. Arama kurtarma çalışmalarının hemen ardından, Konteyner ve prefabrik yapılardan oluşan geçici barınma merkezlerinin kurulumuna başlayarak vatandaşlarımızın mağduriyetine mahal vermeyecek şekilde çalışmalarımızı hızla başlattık. Cumhurbaşkanımız Sayın Recep Tayyip Erdoğan’ın gösterdiği azim ve kararlılıkla ilimizin dört bir tarafında inşaatına başlanılan afet konutlarını bir an önce tamamlayarak vatandaşlarımızı sıcak ve güvenli yuvalarına kavuşturmak için de çalışmalarımız hız kesmeden devam ediyor.

Türkiye Yüzyılına girerken; büyüyen, güçlenen, dünyada ağırlığı ve itibarı artan Türkiye gerçeğine bir kez daha şahit olmanın bahtiyarlığını yaşıyoruz. Bir asır önce milli mücadelesini Cumhuriyetin kuruluşuyla tamamlayan milletimiz, Cumhuriyetin ikinci asrını da Türkiye yüzyılıyla taçlandıracaktır. Geleceğin dünyasında önemi giderek artan teknolojide de Türkiye Yüzyılı vizyonumuzu hayata geçirmekte kararlıyız. İnsansız hava araçlarından yerli otomobile, milli ve yerli tanklardan deniz araçlarına kadar her alanda kendi kendine yeten ülkemiz, Türkiye Yüzyılını nakış nakış işleyerek kararlılıkla yoluna devam etmektedir. Bu bağlamda 2023, 2053 ve 2071 hedefleri bizim için çizilmiş ufuklardır. Bu hedeflere ulaşmak için bir an bile duraksamayacağız. Biliyoruz ki bu hedeflerin gerçekleşmesine sadece ülkemizin değil, bizim için dua eden tüm mazlumların ihtiyacı var. Cumhuriyetimizin 100. yılına doğru bu büyük uyanış ikliminde gidiyoruz”. dedi

Konuşmasında gençlere de seslenen Vali Dr. Osman Varol, “Gençlik her millet için önemli bir kuvvettir. Bilinçli ve sorumluluk sahibi bir gençlik, o milletin umududur. Rekabetçi, milli ve manevi değerlerini koruyan, ileri görüşlü genç bir neslin yetişmesi, sahip olduğumuz şanlı tarihle birleştirildiğinde, Türkiye’mizi yalnızca ileri toplumlar seviyesine ulaştırmakla kalmayacak, oldukça geniş gönül coğrafyamızda bizi pek çok ülkeye önderlik yapabilecek konuma getirecektir. İçinde yer aldığı coğrafya ve sahip olduğu tarihi miras Aziz Milletimizin üzerine çok önemli sorumluluklar yüklemektedir. Cumhuriyeti koruma ve bu büyük sorumluluğun gereğini yerine getirme görevi her daim gençlerimizin üzerinde olmuştur. Atatürk’ün çizdiği yolda, milli ve manevi değerlerine bağlı, dürüst, vicdanlı, akılcı, ileri görüşlü gençler olarak, çalışmalarınız, duyarlılığınız ve kararlılığınızla sizlere duyulan büyük güvene layık olacağınıza, aldığınız bu kıymetli mirası daha da değerli hale getirerek, nesilden nesle aktaracağınıza yürekten inanıyoruz” dedi.

Milletimizin Cumhuriyetle huzurlu ve mutlu olduğunu kaydeden Vali Dr. Osman Varol, “Milletimiz Cumhuriyetle huzurlu ve mutludur. Zaman zaman buhranlı dönemler yaşamış olsak da Cumhuriyetimizin bugün bizleri ulaştırdığı nokta kıvanç vericidir. Yine de elde ettiğimiz başarılarla yetinmemeli, özellikle ülkemizin bütünlüğüne yönelik eylemlerin giderek yoğunlaştığı, özellikle dış tehditlerin dozunun arttığı bugünlerde en çok ihtiyaç duyduğumuz milli birlik ve beraberliğimizi pekiştirmeli, hep beraber el ele vererek kenetlenmeli, bölünmez bütünlüğümüze ve Cumhuriyetimizin bize kazandırdığı değerlere sahip çıkmalıyız. Mukaddes vatanımızın birliği ve bütünlüğü uğruna verilen kurtuluş mücadelesinin taçlanarak Cumhuriyetimizin kurulduğu bu çok anlamlı günün yıldönümünde, Cumhuriyetimizin kurucusu Büyük Atatürk’ü, O’nun kahraman silah arkadaşlarını ve kanları ile bu toprakları vatan yapan ve günümüzde halen, her geçen gün bu fedakârlığı göstermeye devam eden tüm aziz şehitlerimizi ve gazilerimizi, Devletimize farklı alanlarda hizmet etmiş tüm devlet adamlarımızı milletçe sonsuz şükran ve rahmetle anıyoruz. Bu duygu ve düşüncelerle tüm Adıyamanlı hemşerilerimize ve Aziz milletimize sağlık, huzur ve mutluluk dolu günler diliyorum” ifadelerini kullandı.

29 Ekim Cumhuriyet Bayramı programı, Halkoyunları Ekibinin gösterilerini sunmaları, öğrencilerin şiir okuması, dereceye giren öğrencilere ve sporculara ödüllerinin verilmesi ve resmi geçit töreni ile son buldu.

29 Ekim Cumhuriyet Bayramı kutlamalarına Vali Dr. Osman Varol, Adıyaman Milletvekili Doç Dr. İshak Şan, Belediye Başkanı Süleyman Kılınç, Cumhuriyet Başsavcısı Gökhan Şahin, Adıyaman Üniversitesi Rektörü Prof. Dr. Mehmet Kelleş, Vali Yardımcıları, İl Jandarma Komutanı Albay Hikmet Uz, İl Emniyet Müdürü Cihat Dağdeviren, Siyasi Parti Başkanları, kamu kurum ve kuruluşların amirleri, sivil toplum kuruluşu temsilcileri, şehit aileleri, Kıbrıs Gazileri, vatandaşlar ve öğrenciler katıldı."
28.10.2023,ADIYAMAN VALİSİ DR. OSMAN VAROL’UN “29 EKİM CUMHURİYET BAYRAMI” MESAJI,,https://www.adiyaman.gov.tr/adiyaman-valisi-dr-osman-varolun-29-ekim-cumhuriyet-bayrami-mesaji,ADIYAMAN VALİSİ DR. OSMAN VAROL’UN “29 EKİM CUMHURİYET BAYRAMI” MESAJI,"Bugün, millet olarak istiklalimiz ve istikbalimiz için verdiğimiz son büyük mücadele olan İstiklal Savaşımızın ardından büyük bir ruh ve medeniyet anlayışıyla inşa ettiğimiz Cumhuriyetimizin 100. yıl kuruluş yıldönümünü kutlamanın heyecanını, coşkusunu ve onurunu yaşıyoruz.

Şan, şeref ve destanlarla dolu tarihimizden aldığımız azim, cesaret ve vakarla Cumhuriyetimizin 100’üncü yılına aziz milletimizle birlikte yürümenin engin gururunu yüreklerimizde hissediyoruz. 

Milletin azim ve kararlığından başka hiçbir sermayesi olmadan kurulan Türkiye Cumhuriyeti 100. yılda başta ekonomi olmak üzere sağlık, eğitim, ulaşım, tarım, sanayi, ilkeli ve vizyoner dış politikasıyla birçok alanda yaptığı atılım ve kalkınma hamleleri ile tüm dünyada hatırı sayılan büyük ve güçlü bir ülke konumuna gelmiştir. 

Bugün Türkiye Cumhuriyeti bir yandan köklerine daha sıkı sarılan, diğer yandan semaya doğru daha fazla yükselen, kendi gövdesiyle birlikte geniş bir alanda güvenin, huzurun, umudun adı olan bir devlettir.
 
Bugün Türkiye Cumhuriyeti, etrafımızda yaşanan başta terör ve bölgesel konular gibi bütün olumsuz gelişmelere, küresel pandemi ve ekonomik krizler ile yaşadığımız deprem afetine rağmen demokratik gelişimini ve ekonomik kalkınmasını tamamlayarak bölgesine istikrar ve refah ihraç eden bir ülke haline gelmiştir. Çağın ve dünyanın şartlarına uygun olarak da sürekli değişim ve gelişimini her alanda sürdürmektedir.

6 Şubat 2023 tarihinde asrın felaketi olarak nitelendirilen Kahramanmaraş merkezli depremlerle sarsılan ülkemiz ve bölgemiz dünyanın en büyük felaketlerinden biriyle karşı kaldı. Devlet olarak depremin ilk anından itibaren tüm kurum ve kuruluşlarımızla ve STK’larımızla adeta seferberlik ruhuyla deprem bölgelerinde çalışmaya koyularak vatandaşlarımızı asla yalnız bırakmadık. Arama kurtarma çalışmalarının hemen ardından, Konteyner ve prefabrik yapılardan oluşan geçici barınma merkezlerinin kurulumuna başlayarak vatandaşlarımızın mağduriyetine mahal vermeyecek şekilde çalışmalarımızı hızla başlattık. Cumhurbaşkanımız Sayın Recep Tayyip Erdoğan’ın gösterdiği azim ve kararlılıkla ilimizin dört bir tarafında inşaatına başlanılan afet konutlarını bir an önce tamamlayarak vatandaşlarımızı sıcak ve güvenli yuvalarına kavuşturmak için de çalışmalarımız hız kesmeden devam ediyor. Bu vesile ile bir kez daha deprem şehitlerimize Allah’tan rahmet, aziz milletimize başsağlığı ve sabır diliyorum. 

Türkiye Yüzyılına girerken; büyüyen, güçlenen, dünyada ağırlığı ve itibarı artan Türkiye gerçeğine bir kez daha şahit olmanın bahtiyarlığını yaşıyoruz. Bir asır önce milli mücadelesini Cumhuriyetin kuruluşuyla tamamlayan milletimiz, Cumhuriyetin ikinci asrını da Türkiye yüzyılıyla taçlandıracaktır. Geleceğin dünyasında önemi giderek artan teknolojide de Türkiye Yüzyılı vizyonumuzu hayata geçirmekte kararlıyız. İnsansız hava araçlarından yerli otomobile, milli ve yerli tanklardan deniz araçlarına kadar her alanda kendi kendine yeten ülkemiz, Türkiye Yüzyılını nakış nakış işleyerek kararlılıkla yoluna devam edecektir. 

Bu bağlamda 2023, 2053 ve 2071 hedefleri bizim için çizilmiş ufuklardır. Bu hedeflere ulaşmak için bir an bile duraksamayacağız. Biliyoruz ki bu hedeflerin gerçekleşmesine sadece ülkemizin değil, bizim için dua eden tüm mazlumların ihtiyacı var. Cumhuriyetimizin 100. yılına doğru bu büyük uyanış ikliminde gidiyoruz.

Bu vesileyle, Cumhuriyetimizin 100. yılında Türkiye Yüzyılına yakışır, daha güçlü, daha demokratik ve refah seviyesi daha yüksek bir Türkiye hedefine hep birlikte emin adımlarla yürürken, Cumhuriyetimizin banisi Gazi Mustafa Kemal başta olmak üzere bu toprakları bizlere vatan kılan tüm kahramanlarımızı saygı ve minnetle yâd ediyor, Adıyamanlı hemşehrilerimin ve bütün vatandaşlarımızın Cumhuriyet Bayramı’nı en içten duygularımla kutluyorum."
24.10.2023,İL KOORDİNASYON KURULU TOPLANTISI VALİ DR. OSMAN BAŞKANLIĞINDA GERÇEKLEŞTİRİLDİ,,https://www.adiyaman.gov.tr/il-koordinasyon-kurulu-toplantisi-vali-dr-osman-baskanliginda-gerceklestirildi,İL KOORDİNASYON KURULU TOPLANTISI VALİ DR. OSMAN BAŞKANLIĞINDA GERÇEKLEŞTİRİLDİ,"Kamu kurum ve kuruluşlarınca 2023 yılında gerçekleştirilen yatırım ve faaliyetlerin değerlendirildiği 2023 yılı üçüncü dönem dördüncü İl Koordinasyon Kurulu Toplantısı Vali Dr. Osman Varol başkanlığında gerçekleştirildi.

Vali Dr. Osman Varol başkanlığında Valilik konferans salonunda gerçekleşen toplantıya Belediye Başkanı Süleyman Kılınç, Adıyaman Üniversitesi Rektörü Prof. Dr. Mehmet Kelleş, İlçe Kaymakamları, İlçe ve Belde Belediye Başkanları, Yatırımcı Bölge Müdürleri, ildeki kamu kurum ve kuruluşların amirleri ile STK başkanları katıldı.

2023 yılı yatırım, proje ve faaliyetlerinin değerlendirildiği toplantıda yatırımcı Bölge Müdürleri yapılan yatırım ve çalışmaları online eşliğinde sunumunu yaparak, devam eden projelerin son durumu hakkında bilgiler verdi.

Yatırımların ve sosyo-ekonomik gelişmelerin izlenmesi, koordinasyonu, yerel ve bölgesel kalkınma bakımından değerlendirmelerin yapıldığı toplantıda Adıyaman’da 2023 yılında gerçekleştirilen yatırımlar hakkında genel bir değerlendirme yapan Vali Dr. Osman Varol, “Bu kapsamda; kurumlarımızca İl Yatırım Takip Sistemi’ne (İLYAS) girilen verilere göre 2023 yılı 3. dönem itibarıyla, ilimizde merkezi ve yerel yönetim olmak üzere 27 kamu kurum ve kuruluşunca 320 proje uygulanmaktadır. Bu projelerin toplam tutarı 47,3 milyar liradır. 2023 yılı ödeneği 6,8 milyar lira olup, 2023 yılı 3. dönem itibarıyla 3,5 milyar lira harcama yapılmış ve %51,58’lik nakdi gerçekleşme sağlanmıştır” dedi.
Yatırımcı kuruluşların 2023 yılı programlarında 250 adet projenin yer aldığını kaydeden Vali Varol, “Yatırımcı kuruluşlarımızın 2023 yılı programlarında 250 adet proje bulunmaktadır. Proje toplam tutarı 45,2 milyar lira olan bu işler için önceki yıllarda 10 milyar lira harcanmıştır. 2023 yılında ise 5 milyar lira ödenek kullandırılması öngörülmüş olup, 2023 yılı 3.dönem itibarıyla bu ödeneğin 3,3 milyar lirası harcanmıştır. Bu harcamayla ulaşılan nakdi gerçekleşme oranı %65,48’dir.
 
Belediyelerimizin ise programlarında bulunan 70 adet işin toplam proje bedeli 2,1 milyar liradır. Bu işler için 2023 yılında 1,7 milyar lira ödenek kullandırılması öngörülmüş ve 3. dönem itibarıyla 209 milyon lira harcama yapılarak %11,85’lik nakdi gerçekleşme oranına ulaşılmıştır.

2023 yılının 3. dönemi itibarıyla yapılan çalışmalar sonucunda toplam 320 adet projenin 44 tanesi bitirilmiş, 148 proje devam etmekte, 111 proje ihale ve sözleşme aşamasında olup 17 proje tasfiye edilmiştir” dedi.
Vali Dr. Osman Varol başkanlığında gerçekleştirilen İl Koordinasyon Kurulu Toplantısı, yatırımcı kurum ve kuruluşların bölge müdürleri ve temsilcileri tarafından devam eden projelerle ilgili karşılıklı görüş alışverişinde bulunulmasının ardından sona erdi."
30.08.2023,Şanlı Zaferin 101. Yıldönümü Kutlandı,,https://www.adiyaman.gov.tr/sanli-zaferin-101-yildonumu-kutlandi,Teknik olarak web sitemizde kullanılan çerez türleri aşağıdaki tabloda gösterilmektedir.,"Tarihi şan ve şerefle dolu aziz milletimizin Türk Silahlı Kuvvetleri ile bütünleşerek Anadolu topraklarının ezeli ve ebedi vatanımız olduğunu tüm dünyaya ilan ettiği Başkomutanlık Meydan Muharebesinin 101. yıl dönümü “30 Ağustos Zafer Bayramı” Adıyaman’da Atatürk anıtına çelenk konulmasıyla başladı.

Atatürk anıtına çelenk konulması, bir dakikalık saygı duruşu ve İstiklal Marşının okunmasıyla başlayan 30 Ağustos Zafer Bayramı töreni, Adıyaman Vali Vekili Mehmet Faruk Kazdal’ın Valilik Makamında tebrikatları kabulü ile devam edildi.

Valilik Makamındaki Tebrikat Töreni sonrası Valilik Konferans Salonundaki törene geçildi. Bir dakikalık saygı duruşu ve İstiklal Marşının okunmasının ardından, Cumhurbaşkanımız Sayın Recep Tayyip Erdoğan’ın 30 Ağustos Zafer Bayramı dolayısıyla yayınladığı mesajı okundu.

Cumhurbaşkanımız Sayın Recep Tayyip Erdoğan’ın mesajının okunmasının ardından Askerlik Şubesi Başkanı Binbaşı Serkan Güvel tarafından 30 Ağustos Zafer Bayramı dolayısıyla günün anlam ve önemini belirten bir konuşma yapıldı.

Günün anlam ve önemini belirten konuşmaların ardından, Adıyaman Anadolu Lisesi öğrencilerinden Olcay Aslan ve İsmail Büyükpolat tarafından şiirler okundu.

Adıyaman’da kutlanan 30 Ağustos Zafer Bayramı etkinliklerine, Vali Vekili Mehmet Faruk Kazdal, Adıyaman Milletvekilleri Mustafa Alkayış, Abdurrahman Tutdere, Belediye Başkanı Süleyman Kılınç, Cumhuriyet Başsavcısı Gökhan Şahin, Adıyaman Üniversitesi Rektörü Prof. Dr. Mehmet Kelleş, kamu kurum ve kuruluşların amirleri, siyasi parti başkanları, sivil toplum kuruluşu temsilcileri, jandarma ve emniyet personeli ile şehit aileleri ve Kıbrıs Gazileri katıldı."
18.08.2023,"VALİ VAROL, BASIN MENSUPLARIYLA BİR ARAYA GELDİ",,https://www.adiyaman.gov.tr/vali-varol-basin-mensuplariyla-bir-araya-geldi,"VALİ VAROL, BASIN MENSUPLARIYLA BİR ARAYA GELDİ","Adıyaman Valisi Dr. Osman Varol, göreve başladıktan sonra ilimizde görev yapan yerel ve ulusal basın mensuplarıyla ikinci kez bir araya geldi.
 
Vali Varol, kentte görev yapan yerel ve ulusal basın mensuplarıyla Polisevinde bir araya gelerek deprem sürecini değerlendirdi.
 
Deprem sürecinde yapılan çalışmalar ile kentimizin bir an önce ayağa kaldırılması için bundan sonra yapılacak olan çalışmalara ana başlıklar halinde değinen Vali Varol, il genelindeki ağır hasarlı binaların sayısı ve bu binaların yüzde kaçının yıkılarak enkazının kaldırıldığı, konteyner ve prefabrik kentlerimizin genel durumu ve yerleştirilen vatandaş sayısı, inşaatına başlanan afet konutlarının mevcut durumu, Yerinde Dönüşüm Projesi kapsamında bugüne kadar yapılan başvuru sayıları ile ilgili basın mensuplarına değerlendirmelerde bulundu. 
 
Vali Varol, gerçekleştirilen toplantıdaki konuşmasında “Daha önce siz kıymetli basın mensuplarımızla bir değerlendirme toplantısı yapmıştık, o toplantıda belirli periyotlarla bir araya gelip karşılıklı bilgi alışverişinde bulunmamızın, sizin sorularınızı cevaplandırıp bu vesileyle vatandaşlarımızı bilgilendirmenin doğru olacağını konuşmuştuk. Bu kapsamda da böyle bir program tertipledik, bundan sonra devam edeceğiz bu toplantılarımıza. Şehrimizde afet sonrası yapılmakta olan çalışmalar devam ediyor, bu kapsamda ilerlemeler var, bazı alanlarda iyileşmeler vatandaşın umudunu arttıracak bazı gelişmeler var, istediğimiz hızda gitmeyen konular var, bunlarla ilgili genel bir değerlendirme yapalım istiyorum. Ben ana kalemlerden bahsedeyim biraz, benim özellikle konteyner kentlere çok önem verdiğimi biliyorsunuz. Hepimiz depremzedeyiz, hepiniz depremzedesiniz ama bu konudan en çok etkilenen vatandaşlarımız konteyner kentlerde kalan geçici barınma alanlarında kalan vatandaşlarımız. Dolayısıyla onların standartlarına önem verdiğimizi biliyorsunuz. Genel planlamamız çalışmalarımız tamamlandıktan sonra 23 bine yakın olacak. Şuan arkadaşlar, konteyner kentlerde yerleşik aile sayısı 17 bin 115 ailemiz bizim geçici barınma merkezlerimizde yaşamını sürdürüyor. Bir yandan da eşyalar ve alt yapılarını tamamladıkça vatandaşlarımızı konteyner kentlerimize yerleştirmeye devam ediyoruz. Şunu özellikle söylemek istiyorum, son bir araysa geldiğimizde asıl hak sahipleri bitmemişti, şuan için asıl hak sahipleri bitti. Aslında uzun zaman oldu asıl hak sahipleri biteli, ancak şöyle binaların statü değişikliğinden dolayı hak sahipliği sonradan olan vatandaşlar yani az hasarlı görünen eviyle ilgili itiraz edip onu ağır hasara çevirip sonradan da doğal olarak konteyner kente geçme noktasında hak kazanan vatandaşlarımızdan aldığımız oldu. Bizim hedefimiz depremzede vatandaşlarımız iki statüye indirmek, bunlardan birincisi geçici barınma merkezlerinde kalan vatandaşlarımız, ikincisi de kira yardımı alan vatandaşlarımız. Üçüncü bir grup yani çadırda kalanlar mahalle arasında çadırda kalanlar bunları istemiyoruz. 10’ar kişilik 3 gruptan oluşan timlerimiz var, ekiplerimiz var. Bu ekiplerimiz vatandaşlarımızın mahalle aralarına kurdukları çadırlar var, onları kaldırıyorlar. Ama mesela korku içinde onu kurmuş olanlar var, evinin bahçesine kurup orada kalanlar var veya az hasarlı kiracı diye aslında genel olarak tabir ettiğimiz mağdur olan kiracılardan kalanlar var, biz bunları tespit ettikçe ve konteyner müsait oldukça alıyoruz. Yani bizde bizim kendi vatandaşlarımızdan Türkiye Cumhuriyeti depremzede vatandaşlarımızdan çadırkentte kalan vatandaşımız yok, kamu tesislerinde kalan vatandaşımız yok. Ama 3 tane çadırkentimiz var, burada Suriyeliler var, Suriyeliler içinde daha önce göç dalgası ilk başladığında yapılan Şanlıurfa yolunda ki kamp alanında hazırlıklar yapıldı. 3 gündür de onlar oraya taşınıyor. Bir de Örenli bölgesinde kalıcı konutların yan tarafında 2 bin beş yüz konteynerlik alt yapı başladı, onu da hızlı şekilde etaplı etaplı tamlayarak az hasarlı kiracı veya kiracı dediğimiz kitleye vererek bir ölçüde yardımcı olacağız.’’ dedi.
 
Daha sonra Vali Varol, gazetecilerden gelen soruları cevapladıktan sonra basın mensupları, böyle bir toplantıyı düzenlediği için Vali Varol’a teşekkür etti. 
Toplantının kapanış bölümünde şehrin kalkınması ve yeniden ihyası noktasında yapılan çalışmaların halka doğru aktarılması için bu tür toplantıların devam etmesinin önemine değinildi."
16.08.2023,Kadına Yönelik Şiddetle Mücadele Koordinasyon Toplantısı Yapıldı.,,https://www.adiyaman.gov.tr/kadina-yonelik-siddetle-mucadele-koordinasyon-toplantisi-yapildi,Teknik olarak web sitemizde kullanılan çerez türleri aşağıdaki tabloda gösterilmektedir.,"Şiddetle mücadele kapsamında sunulan hizmetlerin etkin bir şekilde yürütülmesi ve uygulamadaki sorunların giderilmesi amacıyla düzenlenen Kadına Yönelik Şiddetle Mücadele İl Koordinasyon Toplantısı Valimiz Sayın Dr. Osman Varol başkanlığında ilgili kurumların katılımıyla gerçekleştirildi.

Toplantıda kadına yönelik şiddetle mücadele kapsamında ilimizde yürütülen ve planlanan çalışmalar hakkında sunum yapılırken, Eylem Planı’nın etkin bir şekilde uygulanması amacıyla kadına şiddet alanında çalışan ilgili kurumların görüş ve önerileri değerlendirildi.

Toplantının açılış konuşmasını yapan Valimiz Sayın Dr. Osman Varol, “Kadına yönelik şiddetin önlenmesi hiç kuşkusuz toplumsal kalkınmamıza da hız kazandıracaktır. Adıyaman’da kamu kurum ve kuruluşlarımız ve toplumun her kesimiyle iş birliği içerisinde ""Şiddete sıfır tolerans"" ilkesi doğrultusunda kadına yönelik şiddetin her türlüsüyle kararlılıkla mücadele edeceğiz” ifadelerini kullandı."
15.08.2023,Köydes Değerlendirme Toplantısı Vali Dr. Osman Varol Başkanlığında Yapıldı,,https://www.adiyaman.gov.tr/koydes-degerlendirme-toplantisi-vali-dr-osman-varol-baskanliginda-yapildi,Köydes Değerlendirme Toplantısı Vali Dr. Osman Varol Başkanlığında Yapıldı,"Adıyaman merkez ve ilçeler bazında yürütülen yatırım ve hizmetlerle 2023 yılında KÖYDES Projeleri kapsamında Adıyaman’a tahsis edilen ödenekle il ve ilçeler bazında kırsal kesime yönelik hayata geçirilen yatırım ve projelerin değerlendirildiği KÖYDES Değerlendirme Toplantısı Vali Dr. Osman Varol başkanlığında yapıldı.

Valilik Toplantı Salonunda gerçekleşen toplantıya Vali Yardımcısı Nurbaki Yalçın, İlçe Kaymakamları, İl Genel Meclis Başkanı Mehmet Can Erdoğan ve İl Özel İdaresi Genel Sekreteri Sami Işık katıldı. 

Gerçekleşen toplantıda, KÖYDES projesi kapsamında kırsal kesime yönelik hayata geçirilen projelerin sunumu yapıldı. Sunumda, 2023 yılı yatırım programı kapsamında köylerin alt yapı hizmetlerinde kullanmak üzere KÖYDES programı çerçevesinde Adıyaman’a tahsis edilen ödenekle hayata geçirilecek hizmetler değerlendirildi. 

Vali Varol, KÖYDES Projesi kapsamında yapılan çalışmaların değerlendirildiği toplantıda ayrıca, ilçe Kaymakamlarından vatandaşların huzuruna ve refahına yönelik sunulan kamu hizmetleri ile ilçelerde yapımı devam eden yatırımlar ve yürütülen diğer hizmetler hakkında bilgi aldı.
Toplantı, karşılıklı görüş alışverişinde bulunulmasıyla sona erdi."
09.08.2023,"Vali Dr. Osman Varol, Adıyaman Eğitim ve Araştırma Hastanesinde Yatan Hastaları Ziyaret Etti",,https://www.adiyaman.gov.tr/vali-dr-osman-varol-adiyaman-egitim-ve-arastirma-hastanesinde-yatan-hastalari-ziyaret-etti,Teknik olarak web sitemizde kullanılan çerez türleri aşağıdaki tabloda gösterilmektedir.,"Sorunların yerinde tespiti ve çözümü için kurum ziyaretlerine devam eden Vali Dr. Osman Varol, ziyaretleri kapsamında Adıyaman Eğitim ve Araştırma Hastanesini ziyaret ederek, hastanenin vatandaşlara sunduğu sağlık hizmetleri başta olmak üzere yürütülen faaliyet ve çalışmaları hakkında brifing alarak, yatan hastaları ve hasta yakınlarını ziyaret etti.

Eğitim ve Araştırma Hastanesine gelişinde Vali Varol’u Vali Yardımcısı Harun Kazez, İl Sağlık Müdürü Dr. Erdoğan Öz, Başhekim Doç. Dr. Mehmet Şirik ve hastane yöneticileri karşıladı.

Karşılama sonrası toplantı salonuna geçen Vali Varol’a Adıyaman Eğitim ve Araştırma Hastanesi Başhekimi Doç. Dr. Mehmet Şirik tarafından yaşadığımız deprem afetinde yaralanan vatandaşlarımıza sunulan sağlık hizmetleri, acil sağlık hizmetleri, doktor ve personel sayısı, yoğun bakım ve ameliyathane sayısı ile hastane alt yapısı başta olmak üzere sağlık hizmetlerine ilişkin brifing aldı.

Vali Varol, deprem sürecinde yaşanılan mücadelenin ön saflarında yer alarak mesai mefhumu gözetmeden gösterdikleri özverili çalışmalarından dolayı hastane yönetimi ve doktorlar başta olmak üzere tüm sağlık çalışanlarını tebrik ederek, çalışmalarında başarılar diledi.

Brifing sonrası Vali Varol, polikliniklerde ve acil servis gözlem odalarında yatan hastaları ziyaret ederek doktorlardan hastaların sağlık durumları hakkında bilgiler alıp hastalara ve hasta yakınlarına geçmiş olsun dileklerini iletip, varsa ihtiyaç ve taleplerini dinledi.

Hastanenin çocuk polikliniğini de ziyaret ederek yatan çocuklarla sohbete edip yakın ilgi gösteren Vali Dr. Osman Varol, çocuklara oyuncak ve çeşitli hediyeler verdi."
05.08.2023,VALİ DR. OSMAN VAROL’DAN SAMSAT İLÇESİNE ZİYARET,,https://www.adiyaman.gov.tr/vali-dr-osman-varoldan-samsat-ilcesine-ziyaret,VALİ DR. OSMAN VAROL’DAN SAMSAT İLÇESİNE ZİYARET,"Sorunların yerinde tespiti ve çözümü için hızlı bir tempo ile çalışmalarını ilçe gezilerini sürdüren Vali Dr. Osman Varol, Samsat ilçesini ziyaret ederek ilçenin genel durumu, ihtiyaç ve sorunlarla ilgili brifing aldı. 

Vali Varol, Samsat programları kapsamında ilk olarak Taşkuyu köyünde inşa edilerek bitirilen ve önümüzdeki günlerde hak sahiplerine teslim edilecek afet konutlarını inceleyerek, konutların son durumu hakkında yetkililerden bilgi aldı.

Vali Varol’u Taşkuyu köyünde ilçe Kaymakamı Süleyman Bakan ve ilçe yöneticileri karşıladı.

Taşkuyu köyü ziyareti sonrası ilçe merkezine geçen Vali Varol, kaymakamlığı ziyaret ederek ilçenin genel durumu, devam eden kamu yatırımları ve Samsat ilçesinde meydana gelen iki deprem ile Kahramanmaraş merkezli depremlerin ardından ilçenin imar ve inşa süreci ile yapılan çalışmalar hakkında bilgi aldı. 

Kaymakamlık ziyareti sonrası Vali Varol, Samsat köy ve mahalle muhtarları ile bir araya gelerek ihtiyaç ve talepleri dinledi. Yaptıkları tüm çalışmalarda istişareye önem verdiklerini belirten Vali Varol, “Depremden etkilenen her bir ilçemizi ve her bir köyümüzü yeniden ayağa kaldırmak ve modern yaşam alanlarına dönüştürmenin gayreti ile çalışmalarına ediyor, mesai mefhumu gözetmeksizin vatandaşlarımızı ve muhtarlarımızın memnuniyetini esas alan bir görev anlayışı ile çalışmalarımızı sürdürüyoruz.” dedi.

Vali Varol, toplantı sonrası ilçe merkezinde yapımı devam eden Gençlik Merkezi hizmet binası, kütüphane binası ve merkez cami inşaatında incelemelerde bulunarak çalışmalar hakkında bilgi aldı.

İlçe merkezinde devam eden kamu yatırımlarındaki incelemelerin ardından Vali Dr. Osman Varol, ekonominin temel lokomotifi, toplumun can damarı olarak görülen Samsat esnafını ve vatandaşlarımızı ziyaret ederek, halini hatırını sorup ihtiyaç ve taleplerini dinledi.

Vali Varol, daha sonra vatandaşların daha nezih bir ortamda hizmet alacağı Samsat Hükümet Konağında incelemelerde bulunarak hizmet binasının son durumu hakkında bilgi aldı.

Vali Dr. Osman Varol, Samsat ilçe programının son bölümünde, 2016 yılında Mardin'in Derik ilçesinde şehit olan Jandarma Uzman Çavuş Yusuf Atal'ın ailesini ziyaret etti.

Şehit Atal’ın ailesiyle yakından ilgilenerek sohbet eden Vali Varol, “Vatanımızın birlik ve bütünlüğünün korunması, ülkemizin her köşesinde huzur ve güvenliğin sağlanması için hayatlarını feda eden kahraman şehidimiz Yusuf Atal’ı ve tüm şehitlerimizi rahmet, minnet ve şükranla anıyoruz. Kahraman şehitlerimizin ruhları şad, makamları cennetin başköşesi olsun” dedi."
04.08.2023,Vali Varol'dan Küçük Sanayi Sitesi Esnafına Ziyaret,,https://www.adiyaman.gov.tr/vali-varoldan-kucuk-sanayi-sitesi-esnafina-ziyaret,Vali Varol'dan Küçük Sanayi Sitesi Esnafına Ziyaret,"Adıyaman’a atandığı günden bu yana her fırsatta esnaf ve vatandaşları ziyaret ederek sorunlarıyla yakından ilgilenmeye özen gösteren Adıyaman Valisi Dr. Osman Varol, bugünde Küçük Sanayi Sitesi esnafını ziyaret ederek, ihtiyaç, talep ve önerilerini dinledi. 

Küçük Sanayi Sitesi esnafını ziyarette Vali Varol’a Vali Yardımcısı Nurbaki Yalçın, Sanayi ve Teknoloji İl Müdürü Hacı Daştan, Küçük Sanayi Sitesi Başkanı Adnan Kırıkdaş ve yönetim kurulu üyeleri eşlik etti. 

İlk olarak Küçük Sanayi Sitesi Kooperatifini ziyaret eden Vali Varol’u Başkan Adnan Kırıkdaş ve yönetim kurulu üyeleri karşıladı. 
Karşılama sonrası Vali Varol, Yönetim Kurulu Başkanı Adnan Kırıkdaş ve yönetim kurulu üyeleriyle bir süre sohbet ederek, kooperatifin yürüttüğü çalışmalar ile küçük sanayi sitesi esnafının genel durumu hakkında bilgiler alarak ihtiyaç, talep ve önerileri dinledi.

Daha sonra Küçük Sanayi Sitesi esnafını ziyaret eden Vali Varol, esnafı tek tek gezerek halini ve hatırını sorup işlerinde kolaylıklar diledi. 

Her fırsatta esnaf ve vatandaşları ziyaret ederek sorun ve talepleri ilk ağızdan dinlemeye özen gösterdiklerini belirten Vali Varol, “Bugünde kent ekonomisine alın teriyle katkı sunarak ekonomik canlılığın kaynağını oluşturan ilimiz Küçük Sanayi Sitesi esnafını ziyaret ederek, yaşadığımız deprem afeti sonrası esnafın ve sitenin mevcut durumu ile ihtiyaç ve talepleri dinledik. Esnafımızın bizlere ilettiği talepleri not alarak, bunları imkanlar ölçüsünde yerine getirmenin gayretinde olacağız. Elinin emeği, alnının teriyle küçücük sermayesini beyniyle yoğurup, kentimiz ekonomisine önemli katkılar sunan ve istihdam oluşturan esnaf kardeşlerimize sıcak karşılamaları ve misafirperverliklerinden dolayı teşekkür ediyor, hayırlı ve bereketli kazançlar diliyorum”dedi."
25.07.2023,2023 Yılı 2. Dönem İl Koordinasyon Kurulu Toplantısı Vali Dr. Osman Varol Başkanlığında Gerçekleştirildi,,https://www.adiyaman.gov.tr/2023-yili-2-donem-il-koordinasyon-kurulu-toplantisi-vali-dr-osman-varol-baskanliginda-gerceklestirildi,2023 Yılı 2. Dönem İl Koordinasyon Kurulu Toplantısı Vali Dr. Osman Varol Başkanlığında Gerçekleştirildi,"Kamu kurum ve kuruluşlarınca 2023 yılında gerçekleştirilen yatırım ve faaliyetlerin değerlendirildiği 2023 yılı ikinci dönem İl Koordinasyon Kurulu Toplantısı Vali Dr. Osman Varol başkanlığında gerçekleştirildi. 

Vali Dr. Osman Varol başkanlığında Valilik konferans salonunda gerçekleşen toplantıya Belediye Başkanı Süleyman Kılınç, Adıyaman Üniversitesi Rektörü Prof. Dr. Mehmet Turgut, İlçe Kaymakamları, İlçe ve Belde Belediye Başkanları, Yatırımcı Bölge Müdürleri, ildeki kamu kurum ve kuruluşların amirleri ile STK başkanları katıldı. 

2023 yılı yatırım ve faaliyetlerinin değerlendirildiği toplantıda yatırımcı Bölge Müdürleri yapılan yatırım ve çalışmaları online eşliğinde sunumunu yaparak, devam eden projelerin son durumu hakkında bilgiler verdi. 
Yatırımların ve sosyo-ekonomik gelişmelerin izlenmesi, koordinasyonu, yerel ve bölgesel kalkınma bakımından değerlendirmelerin yapıldığı toplantıda; Adıyaman’da 2022 yılında gerçekleştirilen yatırımlar hakkında genel bir değerlendirme yapan Vali Dr. Osman Varol, “Kurumlarımızca İl Yatırım Takip Sistemi’ne (İLYAS) girilen verilere göre; 2023 yılı 2. dönem itibarıyla, ilimizde merkezi ve yerel yönetim olmak üzere 27 kamu kurum ve kuruluşunca 297 proje uygulanmaktadır. Bu projelerin toplam tutarı 45.8 milyar liradır. 2023 yılı ödeneği 5.4 milyar lira olup, 2023 yılı 2. dönem itibarıyla 1.9 milyar lira harcama yapılmış ve % 35,44’lük nakdi gerçekleşme sağlanmıştır” dedi.
Yatırımcı kuruluşlarımızın 2023 yılı programlarında 240 adet projenin ter aldığını kaydeden Vali Varol, “Proje toplam tutarı 44.1 milyar lira olan bu işler için önceki yıllarda 9.8 milyar lira harcanmıştır. 2023 yılında ise yaklaşık 4 milyar lira ödenek kullandırılması öngörülmüş olup, 2023 yılı 2.dönem itibarıyla bu ödeneğin 1.7 milyar lirası harcanmıştır. Bu harcamayla ulaşılan nakdi gerçekleşme oranı %43,43’tür. Belediyelerimizin ise programlarında bulunan 57 adet işin toplam proje bedeli 1.7 milyar liradır. Bu işler için 2023 yılında 1.3 milyar lira ödenek kullandırılması öngörülmüş ve 2. dönem itibarıyla 144.8 milyon lira harcama yapılarak %10.9’luk nakdi gerçekleşme oranına ulaşılmıştır. 2023 yılının 2. dönemi itibarıyla yapılan çalışmalar sonucunda toplam 297 adet projenin 19 tanesi bitirilmiş, 151 proje devam etmekte, 119 proje ihale ve sözleşme aşamasında olup 8 proje tasfiye edilmiştir” dedi.
 
Vali Dr. Osman Varol başkanlığında gerçekleştirilen İl Koordinasyon Kurulu Toplantısı, yatırımcı kurum ve kuruluşların bölge müdürleri ve temsilcileri tarafından devam eden projelerle ilgili karşılıklı fikir alışverişinde bulunulmasının ardından sona erdi."
23.07.2023,Vali Varol’dan Tut İlçesine Ziyaret,,https://www.adiyaman.gov.tr/vali-varoldan-tut-ilcesine-ziyaret,Vali Varol’dan Tut İlçesine Ziyaret,"Adıyaman Valisi Dr. Osman Varol, ilçelerin ihtiyaç ve taleplerini yerinde tespiti ile karşılaşılan sorunlara çözüm getirmek amacıyla ilçe gezilerine Tut’la devam etti. 

 İlçe Kaymakamı Erkut Pamuk ve ilçe yöneticileri tarafından karşılanan Vali Dr. Osman Varol, karşılama sonrası ilk olarak depremzede vatandaşlarımızın hizmetine sunulan konteyner kenti ziyaret etti. Vali Dr. Osman Varol, konteyner kenti ziyaret ederek vatandaşlarımızla hasbihal edip, ihtiyaç ve taleplerini dinledi. 

Vali Varol, daha sonra ilçe esnafını ve vatandaşları ziyaret ederek, ihtiyaç ve taleplerini dinleyip bol ve bereketli kazançlar diledi. 

Tut ilçesinde Toplu Konut İdaresince yapılmakta olan afet konutlarını da inceleyen ve devam eden çalışmalar hakkında bilgi alan Vali Dr. Osman Varol, devlet olarak hiçbir vatandaşımızı mağdur etmeden, güvenli ve sağlam konutlarına kavuşturana kadar durmadan yorulmadan çalışacaklarını ifade etti.

Vali Varol daha sonra, Tut ilçe merkezinde olası sel felaketleri ve su taşkınlarının önüne geçebilmek amacıyla DSİ tarafından başlatılan dere ıslah çalışmalarını yerinde inceledi.

Ardından 2000 rakımlı Hacı Mamet Dağı eteğinde yapılan taş evleri inceleyen Vali Varol, lavanta çiçeklerinin ekildiği alanda yapılan çevre düzenleme çalışmalarıyla ilgili ilçe Kaymakamı Erkut Pamuk’tan bilgi aldı.

Demokrasinin yapı taşı olan muhtarlarımızla bir araya gelen Vali Varol, muhtarlarımızın köylerinde karşılaştıkları sorunları, ihtiyaç ve taleplerini dinleyerek çözümü konusunda gerekli talimatları verdi.

Vali Varol, daha sonra ilçe kaymakamlığını ziyaret ederek ilçe kaymakamı Erkut Pamuk’tan 6 Şubat Kahramanmaraş merkezli depremler sonrası ilçenin genel durumu, hasar tespiti ve enkaz kaldırma çalışmaları, kamu yatırım ve hizmetleri ile ihtiyaç ve sorunlar hakkında brifing aldı.

Vali Varol, Tut ilçe programının son bölümünde 2009 yılında Tokat’ın Reşadiye ilçesine bağlı Sazak kırsalında şehit düşen Jandarma Er Onur Boztemir’in Tut ilçesine bağlı Yaylımlı Köyündeki ailesini ziyaret etti.

Şehidimizin ailesiyle yakından ilgilenerek sohbet eden Vali Varol, “Vatanımızın birlik ve bütünlüğünün korunması, ülkemizin her köşesinde huzur ve güvenliğin sağlanması için hayatlarını feda eden kahraman şehidimiz Onur Boztemir'i ve tüm şehitlerimizi rahmet, minnet ve şükranla anıyoruz. Kahraman şehitlerimizin ruhları şad, makamları cennetin başköşesi olsun” dedi.

Valimiz Sayın Dr. Osman Varol, Tut ilçemize bağlı Yaylımlı Köyünden ayrılırken etrafını saran çocuklara yakın ilgi göstererek oyuncak hediye etti."
21.07.2023,VALİ DR. OSMAN VAROL GERGER’DE,,https://www.adiyaman.gov.tr/vali-dr-osman-varol-gergerde,VALİ DR. OSMAN VAROL GERGER’DE,"Cumhurbaşkanlığı kararnamesiyle atandığı Adıyaman’da geçtiğimiz ay göreve başlayan Vali Dr. Osman Varol, ilçelerin ihtiyaç ve taleplerini yerinde tespiti ile karşılaşılan sorunlara çözüm önerileri getirmek amacıyla ilçe gezilerine Gerger’le devam etti. 
 
İlçe Kaymakamı Ömer Saygılı, Belediye Başkanı Erkan Aksoy ve ilçe yöneticileri tarafından Gerger Hükümet Konağı önünde karşılanan Vali Dr. Osman Varol, karşılama sonrası Kaymakamlık makamına geçerek, 24 Ocak 2020 tarihindeki Elazığ ve 6 Şubat 2023 tarihindeki Kahramanmaraş merkezli depremler sonrası ilçedeki genel durum, hasar tespit çalışmaları, kamu yatırım ve hizmetler ile ihtiyaç ve sorunları hakkında ilçe Kaymakamından brifing aldı. Brifing’te ilçenin sorunları masaya yatırılarak, çözüm önerileri görüşüldü. 
 
Kaymakamlık ziyareti sonrası Vali Varol, sorun ve sıkıntılar ile ihtiyaç ve talepleri dinlemek amacıyla Gerger köy ve mahalle muhtarları ile bir araya geldi.
 
Vali Dr. Osman Varol başkanlığında köy ve mahalle muhtarlarıyla yapılan toplantıya Adıyaman Milletvekilleri İshak Şan, Mustafa Alkayış, Gerger Kaymakamı Ömer Saygılı, İl Özel İdare Genel Sekreteri Sami Işık ve Gerger Belediye Başkanı Erkan Aksoy katıldı.
 
Gerçekleşen toplantıda muhtarların köylerinde karşılaştıkları sorun, talep ve ihtiyaçları dinleyen Vali Varol, köylerin sorun ve ihtiyaçları hakkında muhtarlarla karşılıklı görüş alışverişinde bulunarak, sorunları ve çözüm önerilerini dinledi.
 
Soru cevap şeklinde devam eden toplantıda Vali Dr. Osman Varol, köy ve mahalle muhtarlarının dile getirdiği talepleri tek tek not aldırarak, bu sorunları inceleyeceklerini ve imkânların el verdiği ölçüde sıkıntıları çözüme kavuşturacaklarını ifade etti.
 
Köy ve mahalle muhtarlarıyla yapılan toplantı sonrası Vali Varol, 24 Ocak 2020 tarihinde merkez üssü Elazığ’ın Sivrice ilçesi olan 6.8 şiddetindeki deprem sonrası Gerger ilçe merkezinde yapılan afet konutlarını inceleyerek, inşaat çalışmalarının devam ettiği konutların son durumu hakkında bilgi aldı. 
 
Buradaki incelemelerinin ardından Vali Varol, Gerger esnafını ziyaret etti. İlçe halkının ve esnafının yoğun ilgi ve sevgisiyle karşılanan Vali Varol, ziyaret ettiği esnaf ve vatandaşlarla sohbet ederek hayırlı ve bereketli kazançlar diledi.
Vali Varol, daha sonra karayollarının Gerger’deki yol yapım şantiyesini inceleyerek devam eden çalışmalar hakkında bilgi almasıyla Gerger temaslarını tamamladı."
11.07.2023,"VALİ VAROL, ADIYAMAN BASINI İLE BİR ARAYA GELDİ",,https://www.adiyaman.gov.tr/vali-varol-adiyaman-basini-ile-bir-araya-geldi,"VALİ VAROL, ADIYAMAN BASINI İLE BİR ARAYA GELDİ","Adıyaman Valisi Dr. Osman Varol, kentte görev yapan yerel ve yaygın basın mensuplarıyla bir araya gelerek deprem sürecini değerlendirdi. 

Deprem sonrası Adıyaman’da yapılan ve bundan sonra yapılacak olan çalışmalara değinerek genel bir değerlendirme yapan Vali Dr. Osman Varol, öncelikli olarak ağır hasarlı yapılardan kurtulup şehrin bir an önce temizlenmesi gerektiğini vurguladı.

Vali Varol, ‘’ Bizim gayemiz çadır kentleri kaldırıp oradaki vatandaşlarımızı statülerine göre konteyner kentlere yerleştirmek, niyetimiz bu ayın sonuna kadar konteyner ve prefabriklere vatandaşlarımızı yerleştirip kalıcı konutların tamamlanmasına kadar barınma sorunlarını çözmektir. Konteyner kentlerin de yaşam kalitesini ve konforunu daha da artırarak vatandaşlarımızın her türlü ihtiyaçlarına cevap verecek şekilde tahsis ediyoruz. Burada bütün konteynerlerimizde mescit, eğitim alanı, kütüphane, çocuk oyun alanı, kadınlar için; atölye, halk eğitim kursları ve spor alanları tesis etmek için arkadaşlarımız planlama yaptı ve çalışmalara başladı.’’ dedi.

Alt yapı ve su sorununa dikkat çeken Vali Varol, ‘’ Var olan sıkıntılar için gerekli tüm çalışmalar devam ediyor, Vartana dediğimiz bölgede bir sondaj çalışması yaptık, yakın zamanda ikinci sondaj çalışması da başlayacaktır. Yine K-1’de arkadaşlarımız, çalışmalarını yaptı orada da bir sondaj vuracağız ve yakın zamanda su sorunu çözeceğiz.’’ dedi.

Toplumda büyük bir rahatsızlığa sebep olan ayrıştırma işlemlerine ve hak sahipliğine ilişkin değerlendirmelerde bulunan Vali Varol, ‘’ Toplumda bu konuyla ilgili ciddi bir rahatsızlık dile getirildi. Vatandaşlarımızın bu haklı itirazlarını yerinde bularak müteahhitlere gerekli talimatlar verilmiş olup, kendilerine ayrıştırmanın şehir dışında yapılması gerektiği bildirilmiştir. Bundan sonraki işlemler için vatandaşlarımızın mağduriyetlerinin giderilmesi için çalışmalarımız sürüyor, biz iki ay içerisinde bu işleri bitirmeyi hedefliyoruz. Öte yandan kalıcı konutlar ilimizde çok hızlı bir şekilde ilerliyor, hak sahipliği işlemleri devam ediyor. Bunu kolaylaştırmak için proaktif çalışıyoruz. AFAD müdürümüz, kaymakamlarımız, köylerde bilgilendirme ekibimiz jandarmalarımızla birlikte gidiyor oradaki vatandaşlarımıza hak sahipliğini anlatıyor ve ne yapmaları gerektiği kendilerine ifade ediliyor’’ dedi. 
‘’Yerinde Dönüşüm’’ projesine ilişkin basın mensuplarına açıklamalarda bulunan Vali Varol, ‘’Sayın Bakanımız açıkladı, Cumhurbaşkanımızda değindi; vatandaşımız çok merak ediyor, geniş kapsamlı anlatım yapılacak tabi ama ben kabaca bahsetmek istiyorum. ‘Yerinde Dönüşüm’ projesi çok güzel bir proje, vatandaşlarımızın istediği ve beklediği bir adımdı. Hak sahiplerinden; evini kendisi yapmak isteyene, her konut beş yüz bin TL hibe verilecek. Bunun dışında 100 metrekareye kadar olan konutlar için beş yüz bin TL’de kredi desteği sağlanacak. 101 ila 150 metrekare için yedi yüz bin TL, 150 metrekarenin üzerindeki konutlar içinde 800 bin TL kredi desteği sağlanacak. Bu kredinin vadesi on yıl olmakla birlikte, kredinin ilk iki yılı ödemesiz şekilde vatandaşlarımıza sunulacak.

Daha sonra Vali Varol, gazetecilerden gelen soruları cevapladıktan sonra basın mensupları, böyle bir toplantıyı düzenlediği için Vali Varol’a teşekkür ederek yeni görevinde başarılar dilediler."
10.07.2023,Vali Varol’dan İl Özel İdaresine Ziyaret,,https://www.adiyaman.gov.tr/vali-varoldan-il-ozel-idaresine-ziyaret,Vali Varol’dan İl Özel İdaresine Ziyaret,"Vali Dr. Osman Varol, İl Özel İdaresini ziyaret ederek Özel İdarenin Adıyaman’da kırsal kesime yönelik yaptığı yatırımlar ile alt ve üst yapı çalışmaları hakkında brifing aldı. 

İl Özel İdaresine gelişinde Vali Dr. Osman Varol’u Genel Sekreter Sami Işık, Genel Sekreter Yardımcıları ve Şube Müdürleri karşıladı. 

 Karşılama sonrası Vali Varol, İl Özel İdaresinin yaşadığımız deprem sonrası kırsal alanda yürüttüğü çalışmalar, kurumun vizyonu, misyonu, hedefleri, yürütülen projeler, araç ve personel durumu hakkında Genel Sekreter Sami Işık’tan bilgiler aldı.
 
Kırsal kesimde yaşayan vatandaşlarımıza hizmet odaklı kurumların başında İl Özel İdaresinin geldiğini kaydeden Vali Dr. Osman Varol, “Çalışma alanımızın büyük bir kısmını İl Özel İdaresi alıyor. Özel idarenin ortaya koyacağı performans, şehrimizin kırsal bölgelerinin kalkınmasına ve gelişimine önemli katkılar sağlayacaktır. Bugün Özel İdaremizi ziyaret ederek, Genel Sekreterimizden aldığımız brifing ile kurumun kırsala yönelik yaptığı yatırım ve çalışmaları yakından görme fırsatı bulduk. Bundan sonra da hep birlikte köylerimizde yaşayan vatandaşlarımıza nitelikli hizmetleri sunmanın ve yapılacak hizmetlerin kalitesini daha da yükseltmenin gayreti içerisinde olacağız. Devletimizin sağladığı imkanlarla 2023 yılında da aynı gayret ve duyarlılıkla halkımıza en iyi hizmeti götürme anlayışıyla çalışmalarımıza devam edeceğiz” dedi."
09.07.2023,"ADIYAMAN VALİSİ DR. OSMAN VAROL, ÇELİKHAN İLÇESİNİ ZİYARET EDEREK VATANDAŞLARIN İHTİYAÇ VE TALEPLERİNİ DİNLEDİ",,https://www.adiyaman.gov.tr/adiyaman-valisi-dr-osman-varol-celikhan-ilcesini-ziyaret-ederek-vatandaslarin-ihtiyac-ve-taleplerini-dinledi,"ADIYAMAN VALİSİ DR. OSMAN VAROL, ÇELİKHAN İLÇESİNİ ZİYARET EDEREK VATANDAŞLARIN İHTİYAÇ VE TALEPLERİNİ DİNLEDİ","Adıyaman Valisi Dr. Osman Varol, asrın felaketini yaşadığımız 6 Şubat Kahramanmaraş merkezli depremlerin vermiş olduğu hasarı ve deprem sonrasında yapılan çalışmaları yerinde tespit ve çözümü amacıyla düzenlediği ilçe gezilerine Çelikhan ilçesiyle devam etti. 

Çelikhan ilçesine gelişinde Vali Varol’u ilçe kaymakamı Abdullah Arslantürk, Belediye Başkanı Mustafa Bulut ve ilçe yöneticileri karşıladı. 

İlçenin genel durumu ve depremzede vatandaşlarımızın hizmetine sunulan konteyner kentte incelemelerde bulunarak gelinen son durum hakkında bilgi alan ve depremzede vatandaşlarımızın evlerine konuk olan Vali Dr. Osman Varol, vatandaşlarımızdan gelen istek ve talepleri tek tek dinleyip not alarak sorunun çözümü için gerekli talimatları verdi. 
Daha sonra ilçe merkezindeki esnaflarla bir araya gelen Vali Varol, bir çay ocağında esnaf ve vatandaşlarla çay içip sohbet etti. 

Bütün yaraların hızla sarıldığını belirten Vali Dr. Osman Varol, “Bugün Çelikhan ilçemizi ziyaret ettik. Burada depremzede vatandaşlarımızın hizmetine sunduğumuz konteyner kentte kalan vatandaşlarımızla bir araya geldik. Devlet olarak ilk günden beri sahadayız, yaraların bir an önce sarılması için var gücümüzle çalışıyoruz. Vatandaşlarımız rahat olsun, Çelikhanlı kardeşlerimiz hiç endişe etmesin. Bütün yaraları sarıp, zararları telafi edilinceye kadar ve vatandaşımız bize ‘Allah devletimize zeval vermesin’ deyinceye kadar gece gündüz demeden canla başla çalışacağız. Öte yandan şehir merkezi başta olmak üzere ilçelerimizdeki ticari hayatı o eski canlı ve hareketli günlerine döndürmek için yoğun gayret ediyoruz. Burada esnaflarımızla bir araya geldik, çaylarını içip sohbet ettik, bize gönüllerini açan esnafımıza ve vatandaşlarımıza teşekkür ediyor, bereketli kazançlar diliyorum.’’ dedi."
05.07.2023,VALİ DR. OSMAN VAROL’DAN SİNCİK VE KAHTA İLÇELERİNE ZİYARET,,https://www.adiyaman.gov.tr/vali-dr-osman-varoldan-sincik-ve-kahta-ilcelerine-ziyaret,VALİ DR. OSMAN VAROL’DAN SİNCİK VE KAHTA İLÇELERİNE ZİYARET,"Cumhurbaşkanlığının 25 Haziran 2023 tarih ve 2023/312 sayılı kararname ile Adıyaman Valiliği görevine atanan Vali Dr. Osman Varol, sorunların yerinde tespiti ve çözümü için ilçe gezilerine Sincik ve Kahta ilçeleriyle devam etti.
 
Ziyaretlerine Sincik ilçesiyle başlayan Vali Dr. Osman Varol, ilk olarak depremzede vatandaşlarımız için Sincik ilçe merkezinde yapılmakta olan Konteyner kenti ziyaret ederek konteyner kentin son durumu hakkında bilgi aldı.
 Vali Dr. Osman Varol, daha sonra 2020 yılının ocak ayında Elazığ’ın Sivrice ilçesinde meydana gelen 6.8 büyüklüğündeki deprem sonrası ilçe merkezinde yapımına başlanarak bitirilen ve önümüzdeki günlerde hak sahiplerine teslim edilecek olan deprem konutlarını inceledi.
 
Buradaki incelemelerinin ardından Kaymakamlık makamına geçen Vali Varol, ilçe kaymakamı Uğur Ünsal'dan 6 Şubat Kahramanmaraş merkezli depremler sonrası ilçenin genel durumu, vatandaşlara sunulan kamu hizmetleri, devam eden ve planlanan yatırımlarla ilgili bilgi aldı.
 
Sincik'teki temaslarının ardından Kahta ilçesine geçen Vali Dr. Osman Varol, Kâhta'daki konteyner kenti gezerek vatandaşlarımızla bir araya gelip ihtiyaç ve taleplerini dinledi, konteyner kentin son durumu ve sosyal yaşam alanları hakkında bilgi aldı.

Konteyner Kent ziyareti sonrası Vali Dr. Osman Varol, ekonominin temel lokomotifi, toplumun can damarı olan Kahta esnafını ve vatandaşlarımızı ziyaret ederek, halini hatırını sorup ihtiyaç ve taleplerini dinledi.
İki ilçedeki temasları ile ilgili değerlendirmelerde bulunan Vali Varol, “ Bugün Sincik ve Kahta ilçelerimizi ziyaret ederek, her iki ilçemize depremin vermiş olduğu hasarı yerinde görmek ve bugüne kadar yapılan çalışmaları inceleme fırsatı bulduk. Daha önce söylediğim gibi kısa vadede yapılması gereken işler tamamlanmış, bundan sonraki süreçte de orta ve uzun vadede yapılması gereken işleri çalışma arkadaşlarımla ele aldık. Alanı karış karış gezerek vatandaşlarımızın ihtiyaçlarını karşılamaya çalışıyoruz. Esnaflarımızı ziyaret ederek Devletimizin desteğini vatandaşlarımıza ulaştırmak için var gücümüzle çalışıyoruz. Kadim şehrimizi ilçeleriyle birlikte yeniden ayağa kaldırmak ve depremin yaralarını sarmak için tüm olanakları seferber etmiş durumdayız, kalıcı konutların da tamamlanmasıyla depremin yaralarını daha da hızlı sarmış olacağız"" dedi."
04.07.2023,VALİ DR. OSMAN VAROL’DAN İL EMNİYET MÜDÜRLÜĞÜ’NE ZİYARET,,https://www.adiyaman.gov.tr/vali-dr-osman-varoldan-il-emniyet-mudurlugune-ziyaret,VALİ DR. OSMAN VAROL’DAN İL EMNİYET MÜDÜRLÜĞÜ’NE ZİYARET,"27 Haziran 2023 tarihinde Adıyaman’daki görevine başlayan Vali Dr. Osman Varol, 6 Şubat Kahramanmaraş merkezli depremlerde ağır yara alan kentin sorun ve beklentilerini yerinde görüp tespit etmek ve bu sorunlara çözüm üretmek amacıyla kurumlardan brifing almaya başladı. 
 
Dün ilk brifingini Jandarmadan alan Vali Varol, bugünde İl Emniyet Müdürlüğünü ziyaret ederek çalışmalar hakkında bilgi aldı.
 
İl Emniyet Müdürlüğüne gelişinde Vali Dr. Osman Varol’u İl Emniyet Müdürü İbrahim Ergüder, Müdür Yardımcıları ve Şube Müdürleri karşıladı. 
 
Tören mangasını selamlayan Vali Varol, İl Emniyet Müdürü İbrahim Ergüder’le bir süre sohbet ettikten sonra Adıyaman’ın genel asayiş durumu, il ve ilçelerde icra edilen faaliyetler ile personel, araç ve gereç durumu hakkında detaylı bir brifing aldı. 
 
Brifing sonunda emniyet mensuplarına teşekkür eden ve çalışmalarında başarılar dileyen Vali Varol, ""huzur ve hoşgörü kenti Adıyaman’da vatandaşlarımızın güvenliği ve esenliği için gece gündüz demeden, mesai mefhumu gözetmeksizin büyük bir özveri ile görev yapan emniyet teşkilatımıza teşekkür ediyorum” dedi. 
 
Brifing sonrası İl Emniyet Müdürlüğüne bağlı şube müdürlüklerini de gezerek incelemelerde bulunan Vali Dr. Osman Varol, personele çalışmalarında başarılar diledi."
04.07.2023,VALİ DR. OSMAN VAROL SİNCAN ÇARŞI ESNAFINI ZİYARET ETTİ,,https://www.adiyaman.gov.tr/vali-dr-osman-varol-sincan-carsi-esnafini-ziyaret-etti,VALİ DR. OSMAN VAROL SİNCAN ÇARŞI ESNAFINI ZİYARET ETTİ,"Adıyaman Valisi Dr. Osman Varol, kalıcı iş yerleri tamamlanana kadar ticari faaliyetlerine kurulan konteyner çarşılarda sürdüren esnafları ziyaret etti.
 
Vali Dr. Osman Varol, asrın felaketini yaşadığımız Kahramanmaraş merkezli depremler nedeniyle iş yerleri yıkılan ve ağır hasar gören esnaflarımızın ticari faaliyetlerini sürdürebilmeleri için kurulan konteyner çarşılardan biri olan Sincan Çarşısında incelemelerde bulundu.
 
Vali Varol’a, Vali Yardımcısı Muhammet Tugay eşlik etti.
 
İlimiz ekonomisinin lokomotifi olan, şehrin kalkınması ve canlanmasında çok önemli rol üstlenen esnaflarımızın ihtiyaç ve taleplerini tek tek dinleyen Vali Dr. Osman Varol, esnaf ve vatandaşlarımızla sohbet ederek, bereketli kazançlar diledi.
 
 Depremin yaralarının bir an önce sarmak için tüm devlet olarak tüm imkanların seferber edildiğini dile getiren Vali Varol, ‘’Bugün depremde iş yerlerini kaybeden, ilimiz ekonomisinin can damarı olan esnaflarımızı ziyaret ettik. Kendilerine bol ve bereketli kazançlar diledik, ihtiyaç ve taleplerini dinledik. Devlet ve millet dayanışmasıyla bu yaraların sarılması için tüm gayretimizle çalışıyoruz. Şu anda merkezde 394 iş yeri esnaflarımızın hizmetine sunuldu. Bir yandan bu tür çalışmalar devam ederken bir yandan da kalıcı konutların ve kalıcı iş yerlerinin yapımı devam ediyor. Buradaki tüm amacımız şehrin eski dinamiğini yeniden yakalayıp kalkınma adına tekrar ayağa kalkmasını sağlamaktır. Bunun için de hep beraber var gücümüzle çalışıyoruz ve çalışmaya devam edeceğiz.” dediler."
04.07.2023,AÇIK KAPI MİLLETİN KAPISI OLMAYI SÜRDÜRÜYOR,,https://www.adiyaman.gov.tr/acik-kapi-milletin-kapisi-olmayi-surduruyor,AÇIK KAPI MİLLETİN KAPISI OLMAYI SÜRDÜRÜYOR,"Vali Dr. Osman Varol, vatandaşlarımızla en üst düzeyde iletişim kurularak, taleplerinin etkin ve hızlı bir şekilde alınması, takip edilmesi ve sonuçlandırılması amacıyla hayata geçirilen Açık Kapı Şube Müdürlüğünü ziyaret ederek çalışmalar hakkında bilgi aldı. 

Ziyarette, Açık Kapı Şube Müdürlüğü çalışanları ile görüşerek sohbet eden Vali Dr. Osman Varol, kurum çalışmaları hakkında bilgiler alarak, personele çalışmalarında başarılar diledi.

Ardından Açık Kapı Şube Müdürlüğü hizmet birimlerini gezerek incelemelerde bulunan Vali Varol, Hükümet Konağı girişinde işlem yaptırmak için bekleyen vatandaşlarla görüşerek ihtiyaç ve taleplerini dinledi. 
Valilik bünyesinde hizmet veren Açık Kapı Şube Müdürlüğünün vatandaşların her konudaki talep, şikâyet, istek ve önerilerini alıp ilgili kurumlara iletildiğini kaydeden Vali Dr. Osman Varol, “Devletimizin kapısı herkese açık, vatandaşımızın derdiyle dertleniyoruz. Vatandaşlarımız kamuya ilişkin istek, öneri, şikâyet, sorun ve sıkıntıları için gelip Açık Kapıya müracaat edebilirler. Kısacası İnsanımıza Hizmet Odaklı olan bu projemizle “Açık Kapı Milletin Kapısı “anlayışıyla konularına hâkim personelimiz aracılığı ile tüm vatandaşlarımız ile birebir sıcak bir iletişim kurulmakta ve vatandaşlarımızın talepleri titizlikle takip edilerek sonuçlandırılmaktadır” dedi."
03.07.2023,"VALİ DR. OSMAN VAROL, İL JANDARMA KOMUTANLIĞI’NDA BRİFİNG ALDI",,https://www.adiyaman.gov.tr/vali-dr-osman-varol-il-jandarma-komutanliginda-brifing-aldi,"VALİ DR. OSMAN VAROL, İL JANDARMA KOMUTANLIĞI’NDA BRİFİNG ALDI","Adıyaman’da göreve başladığı günden bu yana sorunların yerinde tespiti ve çözümü için bir taraftan ilçe ziyaretlerini gerçekleştirirken diğer taraftan da kurumları ziyaret ederek brifing almaya başlayan Vali Dr. Osman Varol, kurum ziyaretleri kapsamında İl Jandarma Komutanlığını ziyaret ederek brifing aldı. 

İl Jandarma Komutanlığına gelişinde Vali Osman Varol’u İl Jandarma Komutanı Albay Ferdi Erbakıcı, Komutan Yardımcıları ve Şube Müdürleri karşıladı. 
Tören mangasını selamladıktan sonra Jandarma’nın şeref defterini imzalayan Vali Osman Varol, İl Jandarma Komutanı Albay Ferdi Erbakıcı’yla bir süre görüştükten sonra il genelinde Jandarma’nın sorumluluk alanında yapılan çalışmalar, personel durumu ile kırsal kesimdeki genel asayiş uygulamaları hakkında brifing aldı. 

Kahramanmaraş merkezli depremlerden en çok etkilenen Adıyaman’da il merkezi ve ilçelerdeki konteyner kentleri ziyaret ederek, vatandaşın ihtiyaç ve taleplerini tespit eden Vali Osman Varol, “Öncelikle ilimizin ihtiyaçlarının karşılanması ve sorunlarının çözümü noktasında bugün İl Jandarma Komutanlığımızdan başlayarak brifing almaya başladık. Adıyamanlı vatandaşlarımızın huzur ve güvenliğini sağlamak için mesai mefhumu gözetmeden, gece gündüz demeden özveriyle görev yapan Jandarma personelimize teşekkür ediyor çalışmalarında başarılar diliyorum”dedi."
03.07.2023,VALİ DR. OSMAN VAROL’DAN İL GENEL MECLİSİNE ZİYARET,,https://www.adiyaman.gov.tr/vali-dr-osman-varoldan-il-genel-meclisine-ziyaret,VALİ DR. OSMAN VAROL’DAN İL GENEL MECLİSİNE ZİYARET,"Cumhurbaşkanlığının 25 Haziran 2023 tarih ve 2023/312 sayılı Kararname ile Ağrı Valiliği’nden Adıyaman Valiliği görevine atanan Vali Dr. Osman Varol, İl Genel Meclisini ziyaret etti. 

İl Genel Meclisine gelişinde Vali Dr. Osman Varol’u İl Genel Meclis Başkanı Mehmet Can Erdoğan ve meclis üyeleri karşıladı. 

İl Genel Meclis üyeleriyle tek tek tokalaşarak tanışan Vali Osman Varol, “İl Genel Meclis Üyeleriyle birlik ve beraberlik içerisinde deprem bölgesi Adıyaman’a kırsal kesime en güzel hizmetleri sunacaklarının altını çizdi.

Bir haftalık Valilik görevi süresince depremin etkilediği Adıyaman’da il merkezi başta olmak üzere Gölbaşı ve Besni ilçelerinde konteyner kentlere yerleştirilen depremzede vatandaşlarımızı ziyaret ederek, ihtiyaç ve taleplerini dinlediğini belirten Vali Dr. Osman Varol “İl Genel Meclis Üyelerine hitaben yaptığı konuşmada şunları söyledi; “Öncelikle Adıyamanlı hemşerilerim başta olmak üzere bölgede hayatını kaybeden bütün vatandaşlarımıza, şehitlerimize Allahtan rahmet, kalanlara sabırlar diliyorum. Depremin ilk günlerinde Kahramanmaraş’ta arama kurtarma safhasından itibaren ve sonrasındaki tüm çalışmalarda bulunan bir arkadaşınız olarak bu acıların tamamını insanlarımızla birlikte yaşayıp görmüş birisi olarak bu acıların dindirmesini Mevla’dan diliyorum. Şehirlerimizin çok ciddi hizmetlerle çok hızlı bir şekilde ayağa kaldırılması gerekiyor. Bir taraftan kayıplarımızın yasını tutarken diğer taraftan hayatın devam ettiğini, devam eden bu hayatın içerisinde yapmamız gereken çok iş odluğunu bilmemiz lazım. Genel olarak bölgeye baktığımızda kısa vadede yapılması gereken birçok hizmetin başarıyla gerçekleştirildiğini ilk etapta arama kurtarmadan başlayarak arkasından birinci derece geçici barınma, arkasından konteyner kentlere transfer, temel hizmetlerin sağlanması barınma, iaşe gibi hizmetlerin tamamının başarılı bir şekilde yapıldığını memnuniyetle ben müşahede ettim. Ama bundan sonrasında da yapacak çok işimiz var. Bizler de bu süreçte cumhurbaşkanımızın ve içişleri bakanımızın tensipleriyle Adıyaman Valiliğine atandık. Hem bugüne kadar görev yaptığımız diğer illerde edindiğimiz tecrübe hem de deprem bölgesinde üç aylık Kahramanmaraş’taki deprem bölgesindeki çalışmalarımızın verdiği tecrübeyle tüm enerjimizi tüm gücümüzü kullanarak inşallah Adıyaman’ımızı tekrardan ayağa kaldırmak ve yaraları hızlı bir biçimde sarmak için elimizden gelen tüm gayreti göstereceğiz. Tabi bunu yaparken sizlerin özellikle burada İl Özel İdaremizin çok güçlü bir pozisyonda olduğunu memnuiyetle gördüm. İl genel meclisimizin çok uyumlu bir şekilde çalıştığı bana anlatıldı, bunu da gerçekten memnuniyetle karşıladım. İnşallah hep birlikte iş birliğiyle elimizdeki tüm imkanları ve güçleri kullanarak gerçekten devletimizin Cumhurbaşkanımızın liderliğinde bugüne kadar verdiği desteklerinde devamıyla hedeflediğimiz arzu ettiğimiz hızda ve sürede Adıyaman’ımızı bölgemizi ayağa kaldıracak ve vatandaşlarımızın tüm ihtiyaçlarını gidereceğiz. İnşallah Adıyaman’ımızı hızlı gelişim sürecine tekrar döndüreceğiz. Bu arada afet gündeminden bağımsız olarak biraz özel idareden de bahsetmek istiyorum, tabi inceleme şansım oldu birkaç gün içerisinde detayları daha da öğreneceğiz ama İl Özel İdaremizde gerçekten Türkiye’nin başarılı il özel idarelerinden bir tanesi. Hem bütçe yönetimi açısından hem hizmet sunumu açısından. Temel hizmetlerin köy ve kırsala ulaşma oranı açısından gerçekten başarılı bir performans sergilenmiş. Bugün hem finansmanıyla hem köylerimize ulaştırdığı hizmetleriyle temel altyapısıyla işte bunun su hizmetleri olsun yol hizmetleri olsun alt yapı hizmetleri olsun aynı zamanda önemli kritik diğer sektörlere verdiği destekle bugüne kadar ürettiği desteklerle gerçekten şehrin lokomotifi olmuş. Ben bu hususta da meclis başkanımız nezdinde görev alan tüm arkadaşlarımızı idarecilerimizi bundan önceki dönemde görev almış arkadaşlarımızı da tebrik etmek istiyorum. İnşallah İl Özel İdaremiz nezdinde de bu hizmetleri başarılı bir şekilde yürütmeye devam edeceğiz. Bütün gündemimiz bütün derdimiz bir an önce vatandaşlarımızın yaralarını sarmak ve hayatı normale döndürmek için gerekli adımları büyüklerimizin önderliğinde atmak olacak” dedi. 

İl Genel Meclisi Başkanı Mehmet Can Erdoğan ise, Vali Osman Varol’a yeni görevinin hayırlı olmasını dileyerek, “İl Genel Meclisi olarak bizlerde sayın Valimizin konuşmasında değindiği gibi Adıyaman’a hizmet noktasında birlik ve beraberlik içerisinde hareket etmeyi arzu ediyoruz. Tüm meclis üyelerimizin de tek gayeleri birlik ve beraberlik içinde vatandaşımıza hizmetin en iyisini sunmaktır. Bunun için yoğun gayret sarf edeceğiz. Sayın Valimize ziyaretlerinden dolayı teşekkür ediyor, yeni görevinde başarılar diliyorum” dedi."
02.07.2023,"VALİ DR. OSMAN VAROL, DEPREMİN ETKİLEDİĞİ GÖLBAŞI VE BESNİ İLÇESİNDE",,https://www.adiyaman.gov.tr/vali-dr-osman-varol-depremin-etkiledigi-golbasi-ve-besni-ilcesinde,Teknik olarak web sitemizde kullanılan çerez türleri aşağıdaki tabloda gösterilmektedir.,"Cumhurbaşkanlığının 2023/312 sayılı Kararnamesi ile Ağrı Valiliği görevinden Adıyaman Valiliğine atanan Vali Dr. Osman Varol, kente atandığı günden bu yana hafta sonu demeden, mesai mefhumu gözetmeden çalışmalarını sürdürüyor.

Vali Varol, bugün depremin en çok etkilediği Gölbaşı ve Besni ilçelerini ziyaret ederek, konteyner kentlere yerleştirilen vatandaşlarla bir araya gelip ihtiyaç ve taleplerini dinledi.

Vali Dr. Osman Varol’a ilçe ziyaretlerinde, Vali Yardımcısı Muhammet Tugay ve İl Afet ve Acil Durum Müdürü Osman Ertuğrul Altuğ eşlik etti.

İlk olarak Gölbaşı ilçesini ziyaret eden Vali Dr. Osman Varol’u ilçe kaymakamı Tarık Buğra Seyhan karşıladı. İlçenin hasar tespit durumu, enkaz kaldırma çalışmaları ve ilçenin genel yapısı ile ihtiyaç ve sorunlar hakkında bilgi alan Vali Varol, daha sonra konteyner kentleri ziyaret etti.

Konteyner kentleri gezerek vatandaşların ihtiyaç ve taleplerini dinleyen Vali Varol, konteyner kentlerdeki su ihtiyacı başta olmak üzere vatandaşın dile getirdiği diğer talepleri de tek tek not alıp bu sorunların aciliyet sırasına göre çözüme kavuşturulması için yetkililere talimat verdi.

Ziyarette istikbalimizin teminatı çocuklara da özel ilgi gösteren Vali Dr. Osman Varol, çocuklarla sohbet edip çeşitli hediyeler verdi.

Daha sonra Besni ilçesine geçen Vali Dr. Osman Varol, Kaymakam Çağlar Partal’dan ilçenin genel yapısı ve depremde görmüş olduğu hasara ilişkin bilgi aldı. Besni ilçesinde kurulan konteyner kentlerin durumunu yerinde inceleyen Vali Dr. Osman Varol, devletimizin bizlere sağlamış olduğu bütün kaynak ve imkanlarla vatandaşlarımızın yaralarını sarmak için yoğun gayret sarf edildiğini açıkladı.

Bugün Gölbaşı ve Besni ilçelerini ziyaret edip her iki ilçede de kurulan konteyner kentleri gezerek vatandaşların ihtiyaç ve taleplerini dinlediklerini belirten Vali Dr. Osman Varol “6 Şubat’ta Kahramanmaraş merkezli meydana gelen deprem bilindiği gibi asrın felaketi olarak nitelendirdiğimiz bir depremdi, çok büyük bir afetti. Böyle büyük bir afetin yaralarını sarmak için yoğun çaba sarf ediyoruz. Daha önce ifade ettiğimiz gibi bu tarih ve medeniyet kokan şehrimizi yeniden ayağa kaldırana kadar mesai mefhumu gözetmeden, hafta sonu tatili demeden canla başla çalışacağız. Bütün gayemiz, bütün amacımız 7/24 çalışarak depremin yaralarını bir an önce sarmak, vatandaşlarımızın acılarını ve sıkıntılarını bir an önce dindirmektir. İnşallah kısa süre içerisinde bütün ilçelerimizdeki konteyner kentlerimizi ve geçici barınma alanlarımızı ziyaret ederek vatandaşlarımızın ihtiyaç ve taleplerini dinleyeceğiz ve yapılması gereken çalışmaları da hızlandırmış olacağız. Şimdiye kadar kısa vadede yapılan çalışmaları başarılı ve yerinde görüyorum. Konteyner kentlerimize bir takım dokunuşlar gerekiyor bu dokunuşları da çalışma arkadaşlarımla birlikte zaman içerisinde gerçekleştireceğiz. Tüm gayemiz vatandaşlarımızın yaralarının bir an önce sarılmasıdır. Bir taraftan kalıcı konutların inşaatı devam ederken, diğer taraftan vatandaşlarımızın geçici olarak konaklanacak konteyner kentlerimizi de en rahat şekilde zamanlarını geçirmelerini sağlamaktır. Vatandaşlarımız şundan emin olsun devletimizin şefkat eli ve desteği her zaman yanlarında olacaktır. Devlet ve millet dayanışmasıyla bu süreci hep birlikte atlatacağız inşallah ’dedi.

Sorun ve taleplerini rahatlıkla dile getirme fırsatı bulan depremzede vatandaşlarımız ise, Vali Dr. Osman Varol’a ilgi ve alakalarından dolayı teşekkür ettiler."
30.06.2023,ADIYAMAN VALİSİ DR. OSMAN VAROL’DAN İL MERKEZİNDEKİ KONTEYNER KENTLERE ZİYARET,,https://www.adiyaman.gov.tr/adiyaman-valisi-dr-osman-varoldan-il-merkezindeki-konteyner-kentlere-ziyaret,ADIYAMAN VALİSİ DR. OSMAN VAROL’DAN İL MERKEZİNDEKİ KONTEYNER KENTLERE ZİYARET,"Cumhurbaşkanlığının 25 Haziran 2023 tarih ve 2023/312 sayılı Valiler Kararnamesi ile Adıyaman Valiliği görevine atanan Vali Dr. Osman Varol, konteyner ve prefabrik kentleri inceleyerek buraya yerleştirilen depremzede vatandaşlarımızı ziyaret edip bayramını kutladı. 

Vali Dr. Osman Varol’a Vali Yardımcısı Muhammed Tugay ve Mehmet Tığlı eşlik etti. 
Şehrin dört bir tarafından yapılan konteyner kentleri ve Vartana’daki Prefabrik Kenti ziyaret ederek depremzede vatandaşlarımızın evine misafir misafir olan Adıyaman Valisi Dr. Osman Varol vatandaşlarla sohbet ederek halini hatırını sorup bayramını kutladı. Konteyner Kentlerde devam etmekte olan çalışmalar hakkında Vali Yardımcısı Muhammed Tugay ve Mehmet Tığlı’dan bilgi aldı. 

Konteyner kentlerin genel durumu ile vatandaşların ihtiyaç ve sorunları yerinde tespit etmek amacıyla bugün konteyner kentleri ziyaret etiğini belirten Vali Dr. Osman Varol, ziyaret ettiği konteyner kentlerde vatandaşın ihtiyaç ve talepleri hakkında bilgiler alarak iletilen sorunları tek tek not alıp bu talepleri aciliyet sırasına göre çözeceklerini belirtti.
Ziyarette istikbalimizin teminatı çocuklara da özel ilgi gösteren Vali Dr. Osman Varol, çocuklarla sohbet ederek çeşitli hediyeler verdi.
 
Son olarak Vartana Köyünde kurulan Prefabrik Kenti de ziyaret eden Vali Dr. Osman Varol, vatandaşlarla sıcak sohbetler gerçekleştirerek, burada devam eden alt yapı ve kanalizasyon çalışmalarını yerinde inceledi. Su sorunu başta olmak üzere prefabrik kentteki sorunların bir an önce çözüme kavuşturulması için yetkililere talimat verdi. 

İnsanı yaşat ki devlet yaşasın anlayışıyla devlet olarak her zaman Adıyamanlı kardeşlerimizin yanında olacaklarını ifade eden Vali Dr. Osman Varol, “Bugün konteyner kentlerimizi ziyaret ederek vatandaşlarımızla bir araya gelip hem bayramını kutladık hem de ihtiyaç ve taleplerini ilk ağızdan dinledik. Burada bütün kurumlarımızla temel yaşam ihtiyaçlarından sosyal alanlara kadar vatandaşlarımızın tüm ihtiyaçlarını karşılamak için bütün kurumlarımızı seferber etmiş durumdayız. Vatandaşımız rahat değilse bizim rahat olmamız söz konusu bile olamaz. Hiçbir vatandaşımızı ne acısında ne hayatını yeniden düzene koyma ne de geleceğini yeniden inşa etme gayretinde asla yalnız bırakmayacağız. Devlet ve millet dayanışmasıyla bu kadim şehrimizin tamamını yeniden ayağa kaldırmak için mesai kavramı gözetmeden canla başla çalışacağız ve bu zorlu günlerin üstesinden hep birlikte geleceğiz, ben tekrardan tüm vatandaşlarımıza geçmiş olsun dileklerimi iletiyor, Kurban Bayramlarını tebrik ediyorum’’ dedi."
28.06.2023,ADIYAMAN VALİSİ DR. OSMAN VAROL’DAN ESNAF ZİYARETİ,,https://www.adiyaman.gov.tr/adiyaman-valisi-dr-osman-varoldan-esnaf-ziyareti,ADIYAMAN VALİSİ DR. OSMAN VAROL’DAN ESNAF ZİYARETİ,"Adıyaman Valisi Dr. Osman Varol, asrın felaketini yaşadığımız deprem sonrası ticari faaliyetlerini sürdüren esnafları ziyaret etti.

 Ziyarette Vali Varol’a; Vali Yardımcısı Muhammet Tugay, İl Emniyet Müdürü İbrahim Ergüder ve İl Jandarma Komutanı Albay Ferdi Erbakıcı eşlik etti.

Depremin yaralarını sarmak ve afetin izlerini silmek için göreve başlar başlamaz şehir merkezindeki esnafları ziyaret eden Vali Dr. Osman Varol, esnafların Kurban Bayramı’nı tebrik ederek hayırlı işler, bol ve bereketli kazançlar temennisinde bulundu. Çocuklara da oyuncak hediye etti.

Yaşanan deprem felaketi sonrasında kentin tekrardan kalkınması ve hayatın normal temposuna dönmesi için sorunların tespiti ve çözümü noktasında esnaf ve vatandaşlarla bir araya gelen Valimiz Sayın Dr. Osman Varol, esnaflardan gelen öneri ve talepleri dinledi. İş yerleri yıkılan ve ağır hasar alan esnafların ticari hayatlarını sürdürebilmeleri için kurulan konteyner çarşıları da ziyaret eden Vali Dr. Osman Varol, esnafları tek tek ziyaret ederek hasbihal etti."
28.06.2023,ADIYAMAN VALİSİ DR. OSMAN VAROL’UN KURBAN BAYRAMI MESAJI,,https://www.adiyaman.gov.tr/adiyaman-valisi-dr-osman-varolun-kurban-bayrami-mesaji,ADIYAMAN VALİSİ DR. OSMAN VAROL’UN KURBAN BAYRAMI MESAJI,"Aziz milletimizi manevi iklimiyle saran, ortak bir ruhla kaynaştıran ve yeni umutların filizlenmesini istediğimiz bir bayrama daha ulaşmanın buruk sevincini yaşıyoruz. 

Aziz milletimizin mayasında bulunan yardımlaşma ve dayanışma geleneğinin en güzide örneklerinin yaşandığı bayramlar; yoksulun, yetimin, düşkünün korunup kollandığı, kırgınlıkların yerini sevgi ve barışın aldığı, kin ve nefretin ortadan kalktığı müstesna günlerdir.

Ancak, Kurban Bayramı’nı bu sene “Asrın Felaketi” diye tabir edilen depremin gölgesinde gerçekleştirmenin ve yitirdiğimiz birçok canlarımızla bayramlaşıp kucaklaşamamanın acısıyla buruk bir şekilde idrak ediyoruz. 

İnşallah bu zor günleri de atlatarak önümüzdeki bayramları daha mutlu, daha huzurlu karşılayacağız. Daha nice bayramları, bayram gibi yaşayacağız. Bu vesile ile deprem şehitlerimize Allah’tan rahmet diliyorum. 

Bayram süresince, siz değerli Adıyamanlı hemşerilerimizin, bayramını rahat ve huzurlu bir şekilde geçirebilmesi için Valiliğimizce gerekli olan her türlü tedbir ve önlemler ilgili kurum ve kuruluşlarımızla koordineli bir şekilde alınmıştır. 

Ayrıca Bayram vesilesiyle seyahate çıkacak hemşerilerimizden istirhamımız, trafik kurallarına uymaları, yorgun ve uykusuz bir şekilde seyahat etmemeleri, özellikle hız kurallarına azami derecede riayet etmeleridir. Bayram sevincimizi matem havasına büründürmemek için bu konuda lütfen hepimiz üzerimize düşeni yapalım.

Bu duygu ve düşüncelerle mübarek Kurban Bayramı’nın ülkemize, milletimize huzur getirmesini temenni ediyor, ülkesi ve vatanı için canlarını feda eden şehitlerimizi ve gazilerimizi rahmet ve minnetle anarken, hizmet etmekten onur ve mutluluk duyduğum siz değerli Adıyamanlı hemşerilerimin Kurban Bayramı’nı en içten dileklerimle kutluyor, sevgi ve saygılarımı sunuyorum."
19.06.2023,BASIN AÇIKLAMASI 2023/5,,https://www.adiyaman.gov.tr/basin-aciklamasi-20235,Teknik olarak web sitemizde kullanılan çerez türleri aşağıdaki tabloda gösterilmektedir.,"6 Şubat 2023 tarihinde meydana gelen Kahramanmaraş merkezli depremler dolayısıyla ilimiz merkezde ağır hasarlı binaların yıkım ve hurdasının ayrıştırılması bugüne kadar yerinde yapılmaktaydı.

Bu bağlamda, vatandaşlarımızın talebiyle Valiliğimizce bugünden itibaren ağır hasarlı binaların enkazının kaldırma ve ayrıştırma işlemleri yerinde yapılmayıp, belirtilen döküm sahalarına boşaltıldıktan sonra yapılacaktır."
16.06.2023,"​ “YÜKSEKÖĞRETİM KURUMLARI SINAVI (YKS)"" MESAJI",,https://www.adiyaman.gov.tr/-yuksekogretim-kurumlari-sinavi-yks-mesaji,Teknik olarak web sitemizde kullanılan çerez türleri aşağıdaki tabloda gösterilmektedir.,"Ülkemizin geleceği olan sevgili gençlerimizin üniversite hayallerini belirleyecek olan Yükseköğretim Kurumları Sınavı (YKS)  bu yıl 17-18 Haziran tarihlerinde (Cumartesi ve Pazar) günü iki oturum şeklinde gerçekleştirilecektir.

Gençlerimizin istikballerinin şekillenmesinde önemli bir yer tutan Yükseköğretim Kurumlarına Geçiş Sınavı, yavrularımızın uzun yıllardır azim ve gayretle sürdürdükleri eğitimlerinin sonunda mükafatlarını alacakları önemli bir aşamadır. Sınava girecek öğrencilerimizin kaygı ve heyecandan uzak durmaları, elde edecekleri başarıya olumlu katkılar sağlayacaktır.

Öğrencilerimizi ve ailelerini yakından ilgilendiren YKS Sınavının ilimizde sağlıklı ve huzurlu bir ortamda geçmesi ve sınava girecek öğrencilerimizin motivasyonlarını olumsuz yönde etkileyecek bütün olumsuzlukları ortadan kaldırmak amacıyla Adıyaman Valiliği olarak ilgili kurumlarımız tarafından gerekli tüm tedbirler alınmıştır.

Vatandaşlarımızdan da 17 Haziran Cumartesi ve 18 Haziran Pazar günü belirtilen sınav saatleri arasında sınavların yapılacağı tüm yerleşim birimlerinde gürültü oluşturabilecek durumlardan kaçınarak, siren veya korna çalmamaları, inşaat çalışmalarının durdurulması hususunda azami hassasiyet sergilemelerini rica ediyoruz. Öğrencilerimizin başarılarını olumlu yönde etkileyecek olan bu tedbirlere bütün halkımızın eksiksiz olarak uyacaklarına inanıyoruz.

Bu duygularla gençlerimizi yetiştiren, onlara emek ve destek veren öğretmenlerimize ve ailelerine teşekkür ediyor, YKS sınavının öğrencilerimize, ailelerine, eğitim camiamıza ve ülkemize hayırlar getirmesini temenni ediyor, eğitim hayatları için önemli bir aşama olan YKS sınavında tüm öğrencilerimize başarılar diliyoruz."
19.05.2023,"'19 Mayıs Atatürk'ü Anma, Gençlik ve Spor Bayramı' Mesajı",,https://www.adiyaman.gov.tr/19-mayis-ataturku-anma-genclik-ve-spor-bayrami,"'19 Mayıs Atatürk'ü Anma, Gençlik ve Spor Bayramı' Mesajı","19 Mayıs 1919, büyük önder Gazi Mustafa Kemal Atatürk’ün Samsun’a çıkmasıyla birlikte Anadolu’da özgürlük ve bağımsızlık ateşinin yakıldığı, Kurtuluş Savaşımızın başladığı gün, ilk adım ve bizleri Cumhuriyetle buluşturan, tarihin akışını değiştiren şanlı tarihimizin önemli bir dönüm noktasıdır.
 Bağımsızlığını koruma konusundaki azim ve kararlılığı sayesinde tüm zorlukların üstesinden gelen, her yaştan vatandaşıyla bir kahramanlık destanı yazan Milletimiz, Türkiye Cumhuriyeti'nin kuruluşunun ardından muasır medeniyetler seviyesine ulaşmak için aynı şuurla mücadelesini sürdürmektedir.
 Sevgili gençler; büyük fedakârlıklarla kurulan Cumhuriyetimiz, sizlere emanettir. 19 Mayıs 1919’da yükseltilen bağımsızlık meşalesini korumak ve yüceltmek, en önemli vazifenizdir. Ecdadımızdan sizlere miras kalan millî birlik şuuruyla, geçmişte olduğu gibi bugün ve gelecekte de ülkemizi her türlü ihanet ve düşmanlıktan koruyacağınıza, muasır medeniyetler seviyesinin üstüne taşıyacağınıza olan inancımız tamdır. 
 Milli Mücadelemizin ilk adımı olan 19 Mayıs’ın 104’üncü yıldönümünü büyük bir gururla kutlarken, Gazi Mustafa Kemal Atatürk başta olmak üzere, Kurtuluş Savaşımızın tüm kahramanlarını saygı, şükran ve rahmetle anıyor, ecdadımızın bizlere emaneti olan bu cennet vatanı daima koruyacaklarına yürekten inandığımız siz gençlerimizin 19 Mayıs Atatürk’ü Anma Gençlik ve Spor Bayramı’nı kutluyoruz."
20.04.2023,ADIYAMAN VALİLİĞİ “RAMAZAN BAYRAMI” MESAJI,,https://www.adiyaman.gov.tr/adiyaman-valiligi-ramazan-bayrami-mesaji,Teknik olarak web sitemizde kullanılan çerez türleri aşağıdaki tabloda gösterilmektedir.,"Derin bir manevi iklimi idrak ettiğimiz Ramazan ayını geride bırakırken yeni umutların güç bulacağı mübarek Ramazan Bayramı’na erişmenin mutluluğunu yaşamaktayız.

Bu vesileyle, Adıyamanlı kardeşlerimizin, milletimizin ve tüm İslam aleminin mübarek Ramazan Bayramı’nı en kalbi duygularımızla tebrik ediyoruz.

Değerli Adıyamanlı hemşerilerimiz;

Bir milleti kaynaştıran en önemli unsurların başında gelen ve toplumsal yaşamda önemli yeri bulunan Bayramlar, birlik ve beraberlik duygularının yoğunlaştığı, sevinç, neşe ve coşkunun buluştuğu, iyilik ve güzelliklerin harmanlandığı, insanlar arasındaki karşılıklı sevgi ve saygının perçinleştiği, insanların kardeşçe kucaklaştıkları çok özel günlerdir.

Ancak bu Ramazan Bayramı’nı asrın felaketi olarak nitelendirilen ve ilimizi de derinden etkileyen depremin gölgesinde gerçekleştirmenin ve yitirdiğimiz birçok canlarımızla bayramlaşıp kucaklaşamamanın acısıyla buruk bir şekilde idrak ediyoruz.

Adıyamanlı hemşerilerimiz şundan emin olmalıdır ki, bu kadim şehri tekrar ayağa kaldırmak için kamu kurum ve kuruluşlarımız, STK’larımız, bu kentin tüm dinamikleri ve mesai arkadaşlarımızla birlik gece gündüz demeden yoğun bir gayret gösteriyoruz.

Bu düşüncelerle bu zorlu günlerin bir an önce bitmesi ve daha güzel bayramlarda buluşmak temennisiyle bütün Adıyamanlı hemşerilerimin, aziz milletimizin ve tüm İslam aleminin mübarek Ramazan Bayramı’nı en içten duygularımızla kutlarken, aziz şehitlerimizi ve bu büyük felakette hayatını kaybeden vatandaşlarımızı rahmetle, kahraman gazilerimizi de şükranla anıyor, sevgi ve saygılarımızı sunuyoruz."
10.04.2023,Şan ve Şerefle Dolu 178 Yıl,,https://www.adiyaman.gov.tr/san-ve-serefle-dolu-178-yil,Şan ve Şerefle Dolu 178 Yıl,"Bugün, ülkemizde güven ortamının tesisine yönelik takdire şayan gayretler sergileyen Türk Polis Teşkilatımızın kuruluşunun 178'inci yılına ulaşmış olmanın onuru ve mutluluğunu yaşamaktayız.

Türk Polis Teşkilatının 178. Yıl Kuruluş Yıldönümü ve 10 Nisan Polis Haftası etkinlikleri kapsamında yeni Hükümet Konağı önündeki Atatürk anıtına çelenk konulmasının ardından İl Emniyet Müdürü İbrahim Ergüder, Müdür Yardımcıları ve teşkilat mensupları ile birlikte Vali V./Vali Yardımcısı Muhammet Tugay’ı makamında ziyaret ederek bir buket çiçek takdim edip, Emniyet Teşkilatına verdiği destekten dolayı teşekkür etti.
İl Emniyet Müdürü İbrahim Ergüder ve teşkilat mensuplarının ziyaretinden duyduğu memnuniyeti dile getiren Vali V./Vali Yardımcısı Muhammet Tugay, Türk Polis Teşkilatının kuruluşunun 178. yıldönümünü kutlayarak şunları söyledi; “Kurulduğu günden beri üstlendiği her türlü görevi layıkıyla yerine getiren polis teşkilatımız, emniyet ve asayiş hizmetlerinin sağlanmasında gösterdiği başarılı çalışmalarının yanı sıra asrın felaketini yaşadığımız bu süreçte fedakârca görev yaparak büyük bir özveri ile çalışmalarını sürdürmektedir. Şerefli mazisinden ve milletimizden aldığı güçle kendisine tevdi edilen görev ve sorumlulukları zaman ve mekân mefhumu gözetmeksizin her koşulda en iyi şekilde yerine getiren emniyet teşkilatımız, asırları aşan tecrübesi ve halkımızın da desteği ile şimdiye kadar olduğu gibi bundan sonrada huzur ve güven içinde yaşamamızın en büyük teminatlarından biri olacaktır. Kuruluşunun 178. yılı vesilesiyle ilimizin huzur ve güvenliğinin sağlanmasında üstün gayret ve başarı gösteren emniyet teşkilatımızın her kademesindeki bütün amir ve memurlarımızı kutluyor, aileleriyle birlikte sağlık, mutluluk ve başarılar diliyorum”"
18.03.2023,Çanakkale Şehitleri İçin Mevlid-i Şerif Okutuldu,,https://www.adiyaman.gov.tr/canakkale-sehitlerii-icin-mevlid-i-serif-okutuldu,Çanakkale Şehitleri İçin Mevlid-i Şerif Okutuldu,"Adıyaman’da 18 Mart Şehitleri Anma Günü ve Çanakkale Deniz Zaferi'nin 108. yıl dönümü münasebetiyle vatan uğruna şehadete erişen tüm şehitler için Mevlid-i Şerif okundu.
 
 Emir Sultan Camii’nde okunan Mevlid-i Şerife Adıyaman Vali Yardımcısı/Vali V. Muhammet Tugay, İl Emniyet Müdürü İbrahim Ergüder, İl Jandarma Komutanı Albay Ferdi Erbakıcı, jandarma ve emniyet personeli ile vatandaşlar katıldı.
Kur'an-ı Kerim tilaveti ile başlayan programda, müftülük görevlileri tarafından ilahiler seslendirildi. Mevlid-i Şerif programında eller semaya kaldırılarak vatanın ve milletin mukaddesatı uğruna Çanakkale’den bugüne kadar üzerinde yaşadığımız kutsal vatan topraklarını bizlere armağan eden tüm şehitler ve depremde hayatını kaybeden vatandaşlarımız için dualar edildi."
05.02.2023,İL GENELİNDE EĞİTİME BİR GÜN ARA VERİLMİŞTİR,,https://www.adiyaman.gov.tr/il-genelinde-egitime-bir-gun-ara-verilmistir-2023,Teknik olarak web sitemizde kullanılan çerez türleri aşağıdaki tabloda gösterilmektedir.,"İlimiz genelinde yoğun kar yağışının devam edeceği değerlendirildiğinden yollarda oluşabilecek buzlanma ve ulaşımda yaşanabilecek olumsuzluklar göz önünde bulundurularak ilimiz genelinde ilk ve orta dereceli okullarda 6 Şubat Pazartesi günü 1 gün ara verilmiştir.

Ayrıca, kamuda çalışan engelli ve hamile kamu personelleri de aynı gün idari izinli sayılacaktır."
31.01.2023,"Vali Mahmut Çuhadar, Kırsalın Sorunlarını Yerinde Dinliyor",,https://www.adiyaman.gov.tr/vali-mahmut-cuhadar-kirsalin-sorunlarini-yerinde-dinliyor,Teknik olarak web sitemizde kullanılan çerez türleri aşağıdaki tabloda gösterilmektedir.,"Adıyaman Valisi Mahmut Çuhadar, kırsal kesimde yaşayan vatandaşlarla hasbihal etmek ve köylülerin karşılaştığı sorun ve ihtiyaçların tespiti amacıyla her hafta düzenli olarak gerçekleştirdiği köy ziyaretlerine merkeze bağlı Karagöl, Ağveren, Başpınar ve Bağdere köyleriyle devam etti.

Kırsal kesimin genel durumu ile ihtiyaç ve sorunları yerinde tespit etmek amacıyla Adıyaman’ın bütün köylerine ziyaretler gerçekleştiren Vali Mahmut Çuhadar, kendisini sıcak bir atmosferde karşılayan vatandaşlarla köyün ihtiyaç ve taleplerini istişare etti.

Köy gezilerinde Vali Mahmut Çuhadar’a Vali Yardımcısı Mehmet Yasin Erkan eşlik etti.

Ziyaret ettiği köylerde sıcak bir şekilde karşılanan Vali Mahmut Çuhadar, köy muhtarları ve vatandaşlardan köyün genel durumu, ihtiyaç ve talepler hakkında bilgiler alarak iletilen sorunları not alıp bu talepleri aciliyet sırasına göre çözeceklerini belirtti.

Halk Eğitim Merkezinin destek ve öncülüğünde Bağdere Köyünde kadınlara yönelik açılan Halk Eğitim Kursunu da ziyaret eden Vali Mahmut Çuhadar, burada yürütülen faaliyetler hakkında bilgi alarak kursiyerlerin el emeği göz nuru eserlerini inceleyip yaptıkları ürünler hakkında bilgi aldı.

Sohbet havasında geçen ziyaretlerde devletin imkânlarını ve kaynaklarını ilimizin her köşesinde hizmet olarak vatandaşlarımıza hissettirmeye çalıştıklarını ifade eden Vali Mahmut Çuhadar, “Bizler köylerimizi daha yaşanılır hale getirmenin çabası ve gayreti içindeyiz. İhtiyaç ve talepleri yerinde tespit etmek amacıyla köylerimizi seri bir şekilde geziyoruz, gezdiğimiz yerlerde artık köylerimizin ana problemlerinin çözüldüğünü görüyoruz. Tabi ihtiyaçlar bitmiyor. Talepler ve dönemin getirdiği yeni ihtiyaçlar da ortaya çıkıyor. Bu ihtiyaçları da İl Özel İdaresi ve Merkez Köylere Hizmet Götürme Birliğinin yatırım programına alarak gidermeye çalışıyoruz.  Yine devletimizin bizlere sağladığı kaynaklarla köylerimizi ekonomik ve sosyal anlamda desteklemek ve istihdama katkı sağlamak amacıyla ekonomik getirisi yüksek tarım ürünlerinden meyveciliği geliştirme projelerimizle köylerimize katkı sağlamaya devam ediyoruz. Gönlümüz her zaman vatandaşlarımızdan yanadır. Adıyaman, birlik ve beraberliğin, kardeşliğin ve huzurun, hoşgörü ile yoğrulduğu kadim bir şehrimiz. İlimiz genelinde huzur, güven ve istikrar ortamının daha da güçlendirilmesi, kırsalda yaşayan vatandaşlarımızın yaşam standartlarını ve refah düzeylerini yükseltmek için şimdiye kadar olduğu gibi bundan sonra da birlik ve beraberlik içerisinde vatandaşlarımızın ihtiyaç duyduğu kamu yatırım ve hizmetlerini en hızlı şekilde yerine getirmenin gayreti içerisinde olacağız İnşallah bu ziyaretlerimiz hız kesmeden devam edecek”dedi."
28.01.2023,ÇAT BARAJI TÜNELİ’NDE SONA DOĞRU,,https://www.adiyaman.gov.tr/cat-baraji-tunelinde-sona-dogru,Teknik olarak web sitemizde kullanılan çerez türleri aşağıdaki tabloda gösterilmektedir.,"Çelikhan ve Bulam ovalarında 1280 hektarlık araziyi cazibeyle sulayacak olan Çat Barajı Sulama Tüneli inşaatında sona yaklaşıldı.

Vali Mahmut Çuhadar beraberinde TBMM Milli Savunma Komisyonu Başkanı ve Adıyaman Milletvekili Ahmet Aydın, Adıyaman Belediye Başkanı Süleyman Kılınç, Çelikhan Kaymakamı Abdullah Arslantürk, AK Parti İl Başkanı Mehmet Dağtekin ve Çelikhan Belediye Başkanı Mustafa Bulut’la birlikte Çelikhan ve Bulam ovalarının bereketli topraklarına can suyu olacak Çat Barajı sulama tüneli inşaatını gezerek devam eden çalışmaları yerinde inceledi.

1280 hektarlık araziyi suyun bereketine kavuşturacak olan 900 metrelik tünel çalışmalarının son 44 metresi kalarak tünelin bir ay içerisinde hizmete sunulması öngörülüyor.

Çelikhan ve Bulam Ovalarına can suyu olacak tünelin bir ay içerisinde bitirilerek hizmete sunulacağını belirten TBMM Milli Savunma Komisyonu Başkanı ve Adıyaman Milletvekili Ahmet Aydın, “Bu proje Çelikhan ilçemiz için büyük önem arz ediyor. Yaklaşık 900 metre uzunluğunda olan büyük bir tünel. Tünelde sona yaklaştık. Tünelin bitimine yaklaşık 44 metre kaldı.  Bu tünelin bitmesi ile birlikte Çat Barajından Çelikhan ve Bulam Ovalarında 1280 hektarlık arazi cazibeyle sulamaya kavuşmuş olacak. Bu proje aynı zamanda Adıyaman’ın da saniyede 350 litrelik içme suyu ihtiyacını karşılayacak. Bu projenin ilimize kazandırılmasında Sayın Cumhurbaşkanımız başta olmak üzere Tarım ve Orman Bakanımıza, DSİ Genel Müdürlüğümüze, Sayın Valimize ve emeği geçen herkese çok teşekkür ediyorum”dedi.

Çat Barajı tünelinin hizmete sunulmasıyla Çelikhan ilçemizin sosyo ekonomik yapısına ciddi katkılar sağlayarak 1280 hektar araziyi suyun bereketine kavuşturacağını kaydeden Vali Mahmut Çuhadar, “Bu proje Çelikhan ve Bulam ovalarında çiftçilerimizin mahsulünü bereketlendireceği gibi Adıyaman’ında saniyede 350 litre içme suyu ihtiyacını karşılayacak büyük bir projedir. Tünelin bitmesi için son 44 metrelik bir kazı çalışması kaldı. Çelikhan ovasının suya kavuşması vatandaşlarımızı müreffeh bir Çelikhan’a kavuşturacaktır.   Bu önemli projeyi bir ay içerisinde bitirmeyi öngörüyoruz. Bu proje aynı zamanda kırsal alanda verimlilik ve istihdam imkânları yaratarak Çelikhan ilçemizde ekonomik ve sosyal kalkınmanın ivmesini artıracaktır. Bu projeyi ilçemize kazandıran Sayın Cumhurbaşkanımız başta olmak üzere, Sayın Tarım ve Orman Bakanımıza, Sayın Milletvekillerimize, DSİ Genel Müdürlüğümüze ve emeği geçen herkese çok teşekkür ediyor, Çelikhan ilçemize hayırlı olmasını diliyorum”dedi.

Çat Barajı Sulama Tünelinin Çelikhan ilçemiz için çok önemli bir proje olduğunu belirten Belediye Başkanı Süleyman Kılınç ise, “Bu proje Çelikhan ilçemizin bereketli topraklarına can suyu olacağı gibi Adıyaman şehir merkezinin içme suyuna çok ciddi bir katkısı olacak. Özellikle bu kuraklık döneminde bu proje ayrı bir anlam ifade ediyor ve hayati bir önem taşıyor. Emeği geçen herkese çok teşekkür ediyorum”dedi.

Çat Barajının Çelikhan ilçesi için hayati bir öneme sahip olduğunu belirten AK Parti İl Başkanı Mehmet Dağtekin ise “Tünel çalışmalarında sona gelindi. Bu güzel projeden dolayı Sayın Cumhurbaşkanımıza ve emeği geçen herkese şükranlarımızı sunuyoruz. Adıyaman’ın neresine gidersek şantiyeye dönüşmüş durumda. Bu önemli projenin Çelikhan ilçemize hayırlı olmasını diliyorum”dedi."
25.01.2023,2023 Yılı Birinci İl İstihdam Toplantısı Vali Mahmut Çuhadar Başkanlığında Yapıldı,,https://www.adiyaman.gov.tr/2023-yili-birinci-il-istihdam-toplantisi-vali-mahmut-cuhadar-baskanliginda-yapildi,Teknik olarak web sitemizde kullanılan çerez türleri aşağıdaki tabloda gösterilmektedir.,"Adıyaman’da işgücünün istihdam edilebilirliğini artırmaya yönelik olarak aktif işgücü programlarını uygulamak amacıyla üç ayda bir olağan olarak toplanan İl İstihdam ve Mesleki Eğitim Kurulu, 2023 yılının birinci toplantısı Vali Mahmut Çuhadar Başkanlığında yapıldı.

Vali Mahmut Çuhadar Başkanlığında Valilik Toplantı Salonunda düzenlenen toplantıya, Belediye Başkan Yardımcısı Ramazan Oruç, Çalışma ve İşkurumu İl Müdürü Mehmet Emin Yücekaya, ATSO Başkanı İrfan Torunoğlu ve diğer yetkililer katıldı.

Toplantıda Çalışma ve iş Kurumu İl Müdürü Mehmet Emin Yücekaya tarafından kurumun 2022 yılında yaptığı çalışmaları içeren bir sunum yapılarak, 2023 yılı için hazırlanan eğitim planı ile istihdamın korunması ve artırılmasına yönelik uygulanacak çalışmalar hakkında kurul üyelerini bilgilendirildi.

Toplantıda konuşan Vali Mahmut Çuhadar, “2022 yılında toplam 589 Mesleki Eğitim kursu, İşbaşı Eğitim Programı ve Toplum Yararına Programın açıldığını ve bu programlara 2.898’i kadın ve 3.063’ü erkek olmak üzere toplam 5.961 kişi katıldığını belirterek “Bu kurs ve programlar sonucunda 1,389’u kadın ve 1.492’si erkek olmak üzere toplam 2.881 kişi istihdam edilmiştir. Engellilerin kendi işini kurmasına yönelik destek hususunda sunmuş oldukları projeler Kurulca kabul edilmiştir. İşgücü piyasasının nitelikli eleman ihtiyacını karşılamaya yardımcı olmak ve Meslek liselerimizi daha fonksiyonel hale getirmek amacıyla, İlimiz merkez ve ilçelerindeki Meslek Liselerinde yeni meslek dalları açılmıştır. İşlevini yitiren bölümlerin kapanışı gerçekleştirilmiştir. 2022 yılı içerisinde aktif İşgücü hizmetleri ve Toplum Yararına Programlar kapsamında yapılan toplam ödeme tutarı: 132 Milyon 740 Bin TL olup, işsizlik sigortası kapsamında yapılan 42 Milyon 368 Bin Türk lirası ödeme ile birlikte işsiz vatandaşlarımıza toplam 175 milyon 108 bin lira ödeme yapılmıştır. İl İstihdam ve Mesleki Eğitim Kurulu kararları doğrultusunda 2023 yılında da işgücü ihtiyacının giderilmesine ve istihdamın arttırılmasına yönelik mesleki eğitim faaliyetlerine devam edilecektir”dedi."
25.01.2023,"Vali Mahmut Çuhadar’dan Terman, İpekli ve Kızılcapınar Köylerine Ziyaret",,https://www.adiyaman.gov.tr/vali-mahmut-cuhadardan-terman-ipekli-ve-kizilcapinar-koylerine-ziyaret,Teknik olarak web sitemizde kullanılan çerez türleri aşağıdaki tabloda gösterilmektedir.,"Adıyaman Valisi Mahmut Çuhadar, kırsal kesimin ihtiyaç ve taleplerini yerinde tespit etmek amacıyla her hafta düzenli olarak gerçekleştirdiği köy ziyaretlerine Terman, İpekli ve Kızılcapınar köyleriyle devam etti.

Köy ziyaretlerinde Vali Mahmut Çuhadar’a Vali Yardımcısı Mehmet Yasin Erkan ve Tarım ve Orman İl Müdürü Nurettin Kıyas eşlik etti.

Ziyaret ettiği köylerde vatandaşlar tarafından büyük bir ilgiyle karşılanan Vali Mahmut Çuhadar, vatandaşlarla tek tek tokalaşarak köy muhtarları ve vatandaşlarla sohbet edip, taleplerini dinledi, ihtiyaç ve sorunlar hakkında karşılıklı görüş alışverişinde bulundu.

Ziyaretlerine Terman köyü ile başlayarak vatandaşlardan ve köy muhtarından köyün ihtiyaç ve talepleri hakkında bilgi alan Vali Mahmut Çuhadar, köylülerin ilettiği talepleri not alarak, öncelik arz eden talepleri imkanlar çerçevesinde yerine getireceklerini söyledi.

Daha sonra İpekli Köyüne geçen Vali Mahmut Çuhadar, köy sakinleri ile bir süre sohbet ederek, ihtiyaç ve taleplerini dinledi.

Ardından Kızılcapınar köyünü ziyaret eden Vali Mahmut Çuhadar, köyün genel durumu ve sorunları hakkında muhtardan bilgi alarak vatandaşlarla hasbihal etti.

Köy gezileriyle amaçlarının yapılan hizmetleri yerinde görerek vatandaşların ihtiyaç ve taleplerini dinlemek olduğunu belirten Vali Mahmut Çuhadar, “Kırsal kesimin sıkıntılarını çözmek için gece-gündüz demeden, mesai kavramı gözetmeden çalışıyoruz. Bugün Terman, İpekli ve Kızılcapınar köylerimizi ziyaret ederek muhtarlarımızın ve vatandaşlarımızın taleplerini dinledik. Yapılması elzem olan konularda hızlı hareket edeceğiz. Şimdiye kadar olduğu gibi bundan sonra da köylerimize ziyaretler gerçekleştirerek birlik ve beraberlik içerisinde köylerimize en güzel hizmetleri götürmenin gayretinde olacağız”dedi."
23.01.2023,2023 Yılı 1. İl Koordinasyon Kurulu Toplantısı Vali Mahmut Çuhadar Başkanlığında Gerçekleştirildi,,https://www.adiyaman.gov.tr/2023-yili-1-il-koordinasyon-kurulu-toplantisi-vali-mahmut-cuhadar-baskanliginda-gerceklestirildi,Teknik olarak web sitemizde kullanılan çerez türleri aşağıdaki tabloda gösterilmektedir.,"Kamu kurum ve kuruluşlarınca 2022 yılında gerçekleştirilen yatırım ve faaliyetlerin değerlendirildiği 2023 yılı birinci İl Koordinasyon Kurulu Toplantısı Vali Mahmut Çuhadar başkanlığında gerçekleştirildi.

Valilik konferans salonunda gerçekleşen toplantıya TBMM Milli Savunma Komisyonu Başkanı ve Adıyaman Milletvekili Ahmet Aydın, Belediye Başkanı Süleyman Kılınç, İlçe Kaymakamları, İlçe ve Belde Belediye Başkanları, Yatırımcı Bölge Müdürleri, ildeki kamu kurum ve kuruluşların amirleri ile STK başkanları katıldı.

Yatırımların ve sosyo-ekonomik gelişmelerin izlenmesi, koordinasyonu, yerel ve bölgesel kalkınma bakımından değerlendirmelerin yapıldığı toplantıda; Adıyaman’da 2022 yılında gerçekleştirilen yatırımlar hakkında genel bir değerlendirme yapan Vali Mahmut Çuhadar” 2022 yılında ilimizde merkezi ve yerel yönetim olarak 30 kamu kurum ve kuruluşunca 400 proje uygulanmıştır. Bu projelerin toplam tutarı 34.9 milyar lira’dır. 2022 yılı programı yaklaşık 7.15 milyar lira olup, 2022 yılı sonunda 5.51 milyar lira harcama yapılmış ve  % 77,06’lık nakdi gerçekleşme sağlanmıştır”dedi.

Yatırımcı kuruluşların 2021 yılı programlarında küçüklü büyüklü 317 adet işin yer aldığını kaydeden Vali Mahmut Çuhadar, “Proje bedeli 33.5 milyar lira olan bu işler için önceki yıllarda 4.7 milyar lira harcanmış, 2022 yılında ise 5,77 milyar lira ödenek kullandırılması öngörülmüş olup, bu ödeneğin 5,1 milyar lirası harcanmıştır. Bu harcamayla ulaşılan nakdi gerçekleşme düzeyi %88,55’tir. Yine Belediyelerimizin programlarında yer alan 83 adet işin proje bedeli 1,44 milyar liradır. Bu işler için yaklaşık 1,4 milyar lira ödenek kullandırılması öngörülmüş ve 393 milyon lira harcama yapılarak %28,66’lık nakdi gerçekleşme sağlanmıştır. Yapılan çalışmalar sonucunda toplam 400 adet projenin 155 tanesi bitirilmiş, 117 proje devam etmekte, 117 proje ihale ve sözleşme aşamasında olup 11 proje tasfiye edilmiştir. 2022 yılı yatırımlarının değerlendirildiği toplantımızın ve çalışmalarımızın ilimizin, ülkemizin yatırımlarına, ekonomisine, refahına katkı sağlamasını, 2023 yılının da yatırımlarımız açısından verimli bir yıl olarak geçmesini diliyorum”dedi.

Vali Mahmut Çuhadar Başkanlığındaki gerçekleştirilen İl Koordinasyon Kurulu Toplantısı, yatırımcı kurum ve kuruluşların bölge müdürleri ve temsilcileri tarafından devam eden projelerle ilgili karşılıklı fikir alışverişinde bulunulmasının ardından sona erdi."
20.01.2023,Bağımlılıkla Mücadele Toplantısı Yapıldı 2023,,https://www.adiyaman.gov.tr/bagimlilikla-mucadele-toplantisi-yapildi-2023,Teknik olarak web sitemizde kullanılan çerez türleri aşağıdaki tabloda gösterilmektedir.,"Uyuşturucu ve madde bağımlılığı ile mücadelenin etkin bir şekilde yapılması ve kurumlar arası iş birliği ve koordinasyonun sağlıklı bir şekilde sağlanması amacıyla Bağımlıkla Mücadele İl Koordinasyon Kurulu Toplantısı Vali Mahmut Çuhadar başkanlığında gerçekleştirildi.

Valilik toplantı salonunda düzenlenen toplantıya Vali Yardımcıları İhsan Maskar, Mehmet Yasin Erkan, kamu kurum ve kuruluşlarının yetkilileri, sivil toplum kuruluşlarının temsilcileri ve kurul üyeleri katıldı.

İl Sağlık Müdürlüğü’nün sekretaryasını yaptığı toplantıda, toplumumuzu ve özellikle gençlerimizi derinden etkileyen uyuşturucu ve uyuşturucu madde bağımlılığı mücadele konusunda 2022 yılında yürütülen faaliyetler değerlendirilerek, bundan sonraki dönemde koruyucu ve önleyici tedbirler ile 2023 yılında yapılması gereken çalışmalar hakkında sunum eşliğinde bilgiler verildi.

Bağımlılıkla mücadelede aile, toplum ve çevrenin desteğinin çok önemli olduğunu vurgulayan Vali Mahmut Çuhadar, “Bağımlılıkla mücadelede özellikle gençlerimizin zararlı ve kötü alışkanlıklardan uzak tutulması için yerelde sivil toplum kuruluşları, vatandaşımız ve tüm kamu kurumlarımızla birlikte, topyekûn seferberlik anlayışıyla mücadelemizi sürdürüyoruz. Özellikle Valiliğimiz himayesinde hayata geçirdiğimiz BEYEN projesi kapsamında birçok gencimizi sosyal ve kültürel faaliyetlerle bu illetten uzak tuttuk. Çocuklarımızın ve gençlerimizin zararlı alışkanlıklardan, bağımlılık yapıcı maddelerden korunması amacıyla uyuşturucu kullanımını tamamıyla bitirene kadar mücadelemizi büyük bir azim ve kararlılıkla sürdüreceğiz”

Toplantı, Bağımlılıkla Mücadele İl Koordinasyon Kurulu üyelerinin görüş ve önerilerinin alınması ile sona erdi."
20.01.2023,Adıyaman’da 169 Bin Öğrenci için Yarıyıl Tatili Başladı,,https://www.adiyaman.gov.tr/adiyamanda-169-bin-ogrenci-icin-yariyil-tatili-basladi,Teknik olarak web sitemizde kullanılan çerez türleri aşağıdaki tabloda gösterilmektedir.,"2022-2023 eğitim ve öğretim yılı ilk dönemi Adıyaman’da 169 bin öğrencinin karnelerini almasıyla sona erdi.

İlk dönemin bitmesiyle karnelerini alan öğrenciler tatilin başlamasıyla büyük sevinç yaşadı. Karnelerini alan öğrencilerin heyecanlı oldukları görülürken, veliler de çocuklarının heyecanını paylaştı.

Sömestr tatili nedeniyle Adıyaman merkez Şehit Mehmet Kılınç İlkokulunda karne dağıtım töreni düzenlendi.

Karne dağıtım törenine Adıyaman Valisi Mahmut Çuhadar, İl Milli Eğitim Müdürü Ramazan Aşçı, öğretmen, öğrenci velileri ve öğrenciler katıldı.

Karne dağıtım törenine katılmak üzere Şehit Mehmet Kılınç İlkokuluna gelen Vali Mahmut Çuhadar, öğrenciler tarafından çiçeklerle karşılandı.

Adıyaman il genelinde 83 bin 580 erkek ve 85 bin 551 kız öğrencimiz olmak üzere toplam 169 bin 131 öğrencinin karne alacağını belirten Vali Mahmut Çuhadar, “Öncelikle bu eğitim dönemi boyunca öğrencilerimize emek veren bütün öğretmenlerimizi ve öğrenci velilerimizi tebrik ediyorum. Öğrencilerimize bu 15 günlük süre zarfında iyice dinlenmelerini ve bol bol kitap okumaları için de zaman oluşturmalarını tavsiye ediyorum.  Velilerimizden de istirhamım çocuklarını başka çocuklarla kıyaslamamalarıdır. Çünkü kırık notlar her zaman düzeltilebilir önemli olan aynı heyecanla ve aynı inançla çalışmaya devam etmektir. Bu şekilde çalıştıktan sonra aşılamayacak hiçbir engel yoktur. Öğrencilerimizin bu 15 günlük süre zarfında iyi dinlenerek moral ve motivasyonlarını kaybetmemelerini ve tatilini verimli bir şekilde geçirmelerini diliyorum. Bütün öğrencilerimizin gözlerinden öpüyor, kendilerine başarılar diliyorum”dedi.

Vali Mahmut Çuhadar, daha sonra sınıfları gezerek öğrencilere karnelerini dağıttı."
19.01.2023,AÇIK KAPI “MİLLETİN KAPISI” Projesi ile 2022 Yılında Adıyaman’da 6515 Vatandaş Başvurusu Sonuçlandırıldı,,https://www.adiyaman.gov.tr/acik-kapi-milletin-kapisi-projesi-ile-2022-yilinda-adiyamanda-6515-vatandasin-basvurusu-sonuclandirildi,Teknik olarak web sitemizde kullanılan çerez türleri aşağıdaki tabloda gösterilmektedir.,"Vatandaşla en üst düzeyde iletişimin kurularak, taleplerinin etkin ve hızlı bir şekilde alınıp takip edilmesi ve sonuçlandırılması amacıyla İçişleri Bakanlığı tarafından 81 ilde ve ilimizde de hayata geçirilen “Açık Kapı” Projesi ile Adıyaman’da 6515 vatandaş başvurusu sonuçlandırıldı.

Vatandaşların bütün dert, istek, dilek ve şikâyetlerini alan ve bu talepleri seri bir şekilde ilgili kurumlara aktararak çalışmalarını sürdüren Açık Kapı Şube Müdürlüğü ocak ayı izleme ve değerlendirme toplantısı Vali Yardımcısı Mehmet Yasin Erkan Başkanlığında gerçekleştirildi.

Toplantıya Açık Kapı Şube Müdürü Sedat Bakan ve il ve ilçelerdeki kamu kurum ve kuruluşlarının temsilcileri katıldı.

Valilik bünyesinde hizmet veren Açık Kapı Şube Müdürlüğünce vatandaşların her konudaki talep, şikâyet, istek ve önerileri görevli personel tarafından alınıp ilgili kurumlara iletiliyor ve kısa sürede başvuru sonuçlandırılarak başvuru sahibine SMS yoluyla bilgilendirme yapılıyor.

Gerçekleşen toplantıda, Açık Kapı Şube Müdürlüğünün 2022 yılındaki çalışmaları masaya yatırılırken, 2023 yılında yapılması planlanan faaliyet ve çalışmalar değerlendirildi.

Açık Kapı projesi ile güler yüzlü ve konularına hakim personel aracılığı ile tüm vatandaşlarımız ile birebir ve sıcak bir iletişim kurulduğunu kaydeden Vali Yardımcısı Mehmet Yasin Erkan, “Bu proje vatandaşlarımızın talep ve önerilerini, uzman personel aracılığı ile iletebildikleri, tüm başvuruların elektronik ortamda kaydedilerek ilgili birimlere yönlendirildiği, takip edilerek hızlı bir şekilde sonuçlandırıldığı devletle vatandaşlarımız arasındaki karşılıklı iletişim ve güveni arttırmayı amaçlayan kamu hizmeti anlayışıdır. Başvurular elektronik ortamda kaydedilerek ilgili birimlere yönlendirilmekte ve vatandaş memnuniyeti ön planda tutularak 7 iş günü içerisinde sonuçlandırılmaktadır. Valiliğimiz bünyesinde hizmet veren Açık Kapı Şube Müdürlüğümüze 2022 yılında il genelinde 6763 başvuru yapılmış bu başvuruların 6515 tanesi sonuçlandırılmıştır. Açık Kapı Şube Müdürlüğümüz 2023 yılında da Açık Kapı birimlerinin tanınırlığını artırmak, halkla ilişkileri kuvvetlendirmek, vatandaşın talep ve önerilerini yerinde almak amacıyla çeşitli ziyaret ve programlar çerçevesinde faaliyetlerine ağırlık verecektir” dedi."
17.01.2023,"Vali Mahmut Çuhadar, Köyleri Karış Karış Geziyor",,https://www.adiyaman.gov.tr/vali-mahmut-cuhadar-koyleri-karis-karis-geziyor,Teknik olarak web sitemizde kullanılan çerez türleri aşağıdaki tabloda gösterilmektedir.,"Adıyaman Valisi Mahmut Çuhadar, kırsal kesimin ihtiyaç ve taleplerini yerinde görüp tespit etmek ve vatandaşlarla hasbihal etmek amacıyla Adıyaman’ın köylerini karış karış geziyor.

Vali Mahmut Çuhadar, devlet yatırımlarının köylerde en iyi şekilde uygulanması, kırsal kesimin daha yaşanabilir kılmak, modern altyapısı tamamlanmış bir yaşam alanı haline getirmek ve vatandaşlarla bir araya gelmek amacıyla her hafta gerçekleştirdiği köy ziyaretlerine Adıyaman merkeze bağlı Yenice, Toptepe, Kemerkaya ve Kalburcu köyleriyle devam etti.

Köy ziyaretlerinde Vali Mahmut Çuhadar’a Vali Yardımcısı Mehmet Yasin Erkan ve Tarım ve Orman İl Müdürü Nurettin Kıyas eşlik etti.

Ziyaret ettiği köylerde vatandaşlar tarafından büyük bir ilgiyle karşılanan Vali Mahmut Çuhadar, vatandaşlarla tek tek tokalaşarak köy muhtarları ve vatandaşlarla sohbet edip, taleplerini dinledi, ihtiyaç ve sorunlar hakkında karşılıklı görüş alışverişinde bulundu.

Ziyaretlerine Yenice köyü ile başlayan Vali Mahmut Çuhadar, köyün ihtiyaç ve talepleri ile vatandaşın istek ve sorunlarını birebir dinleyerek çözümü konusunda istişarelerde bulundu.

Ardından Toptepe köyüne geçen Vali Çuhadar, köy muhtarı ve vatandaşlarla sohbet edip, taleplerini dinleyerek sorunlar hakkında görüş alışverişinde bulundu.

Toptepe köyündeki temaslarının ardından Kemerkaya köyüne geçen Vali Mahmut Çuhadar, Kemerkaya köyü girişinde köyün gençleri tarafından ay yıldızlı bayraklarla süslediği araçlarla karşılandı.  Gençler, Türk Bayraklarıyla köy meydanına kadar Vali Mahmut Çuhadar’ın makam aracına eskortluk yaptı.

Dev bayrakların asıldığı köyde vatandaşlar tarafından büyük bir coşkuyla karşılanan Vali Mahmut Çuhadar, vatandaşlarla tek tek tokalaşıp, köy odasında vatandaşların ihtiyaç ve taleplerini dinleyerek, gösterdikleri misafirperverlik ve sıcak karşılamadan dolayı Kemerkaya halkına teşekkür etti.

Vali Mahmut Çuhadar, Kemerkaya Köyünde vatandaşların ihtiyaç ve taleplerini dinledikten sonra Kalburcu köyüne geçti.

Kalburcu halkıyla sohbet eden Vali Çuhadar, vatandaşın ilettiği sorunları tek tek not aldırarak, bu talepleri imkanlar ölçüsünde yerine getireceklerini ifade etti.

Ziyaret ettiği köylerde okulları da gezerek öğrencilerle yakından ilgilenen Vali Mahmut Çuhadar, öğrencilere derslerine iyi çalışmaları yönünde tavsiyelerde bulunarak, okulun ihtiyaç ve talepleri hakkında öğretmenlerden bilgi aldı.

Kırsal kesimin ihtiyaç ve taleplerini yerinde görüp tespit etmek amacıyla Adıyaman’ın köylerini karış karış gezdiklerini belirten Vali Mahmut Çuhadar, ""Her hafta düzenli olarak gerçekleştirdiğimiz köy gezilerimize bugün merkeze bağlı Yenice, Toptepe, Kemerkaya ve Kalburcu köyleriyle devam ediyoruz. Bugün köylü kardeşlerimizin problemlerini dinlemek ve bunlara çözüm bulmak amacıyla buradayız. Gerek İl Özel İdaremiz gerekse de Merkez Köylere Hizmet Götürme Birliğimizin çalışmalarını tamamladığı köylerde asfalttan kilitli parkeye, altyapıdan çocuk oyun parkları ve taziye evlerine kadar birçok hizmeti vatandaşın ayağına götürerek köykent ayrımını ortadan kaldırdığını görüyoruz. Yapılan bu hizmetlerle birçok köyümüz adeta Kasaba görünümüne kavuşmuş durumda. Bundan sonra da vatandaşlarımızın sosyal alanda ihtiyaç duyduğu diğer hizmetleri hayata geçirmenin gayreti içerisinde olacağız. Devletimizin şefkat eli her daim vatandaşımızın yanında olacaktır”dedi."
10.01.2023,İlçe Kaymakamları Vali Mahmut Çuhadar Başkanlığında Toplandı,,https://www.adiyaman.gov.tr/ilce-kaymakamlari-vali-mahmut-cuhadar-baskanliginda-toplandi-2023,Teknik olarak web sitemizde kullanılan çerez türleri aşağıdaki tabloda gösterilmektedir.,"İlçelerin ihtiyaç ve talepleri ile devam eden yatırım ve projelerinin değerlendirildiği ""Kaymakamlar Toplantısı"" Adıyaman Valisi Mahmut Çuhadar Başkanlığında yapıldı.

Valilik Toplantı Salonunda düzenlenen toplantıya Vali Yardımcıları ve ilçe kaymakamları katıldı.

Valilik toplantı salonunda gerçekleştirilen toplantıda Vali Mahmut Çuhadar, ilçelerin genel durumu, yapılan yatırımlar, yürütülen hizmetler, projeler ve faaliyetlerle ilgili ilçe kaymakamlarından bilgi aldı.

İlçelerin genel durumunun ayrıntılarıyla analiz edildiği toplantıda kaymakamlara hitap eden Vali Mahmut Çuhadar, vatandaşların dile getirdikleri taleplerin yerine getirilmesi ve eksikliklerin giderilmesi için kamu kurum ve kuruluşlarınca gerekli hassasiyet ve gayretin gösterilmesinin çok önemli olduğuna dikkat çekerek yaptıkları çalışmalardan dolayı kaymakamlara teşekkür etti.

Toplantıda ayrıca, Vali Yardımcıları ve ilçe kaymakamlarının 10 Ocak İdareciler Gününü kutlayan Vali Mahmut Çuhadar, “Bizler, “Halka hizmet, Hakk’a hizmettir” düsturu ile, ülkesine ve insanlarına hizmet etme bilinciyle yurdumuzun dört bir köşesinde devletimizin bekası için üstün vazife bilinciyle çalışan Mülki İdare Amirleri olarak, sadece devletin varlığını, gücünü ve otoritesini değil, şefkatini de temsil etmekte, devletle vatandaşlarımız arasındaki sevgi ve güven bağlarını da güçlendirmekteyiz. Bu vesile mensubu olmaktan onur duyduğum bu özverili mesleği fedakârca yürüten siz değerli idarecilerimizin 10 Ocak İdareciler Günü’nü kutluyorum”dedi.

Kaymakamlar toplantısı, 2022 yılının genel değerlendirilmesi yapılarak, 2023 yılı içerisinde ilçelerde yapılması planlanan çalışmalar, projelerin önceliklerine göre belirlenmesi ve planlanan projelerin son durumu hakkında karşılıklı görüş alışverişinde bulunulmasıyla sona erdi."
09.01.2023,Vali Mahmut Çuhadar’ın Köy Gezi ve İncelemeleri Devam Ediyor,,https://www.adiyaman.gov.tr/vali-mahmut-cuhadarin-koy-gezi-ve-incelemeleri-devam-ediyor,Teknik olarak web sitemizde kullanılan çerez türleri aşağıdaki tabloda gösterilmektedir.,"Adıyaman Valisi Mahmut Çuhadar, sorunları yerinde tespit etmek ve köylerde yaşayan vatandaşlarımızın istek ve taleplerini dinlemek amacıyla her hafta düzenli olarak gerçekleştirdiği köy ziyaretlerini sürdürüyor.

Köy ziyaretlerinde Vali Mahmut Çuhadar’a Vali Yardımcısı Mehmet Yasin Erkan ve Tarım ve Orman İl Müdürü Nurettin Kıyas eşlik etti.

Adıyaman Valisi Mahmut Çuhadar, kırsal kesimde yaşayan vatandaşlarla hasbihal etmek ve köylülerin karşılaştığı sorun ve ihtiyaçlarının tespiti amacıyla düzenlendiği köy ziyaretlerine merkeze bağlı Battalhöyük, Doyran ve Kızılcahöyük köyleriyle devam etti.

Ziyaretlerine Battalhöyük köyü ile başlayarak vatandaşlardan ve köy muhtarından köyün ihtiyaç ve talepleri hakkında bilgi alan Vali Mahmut Çuhadar, köylülerin ilettiği talepleri tek tek not alarak, öncelik arz eden talepleri imkanlar çerçevesinde yerine getireceklerini söyledi.

Daha sonra Doyran köyüne geçen Vali Mahmut Çuhadar, köy sakinleri ile bir süre sohbet ederek, sorun ve isteklerini dinledi.

Ziyarette Doyran Köyü ilk ve ortaokulunu da ziyaret eden Vali Mahmut Çuhadar, okulun ihtiyaçları, fiziki yapısı, öğrenci sayısı ve başarı durumu hakkında okul müdüründen bilgi aldı.

Köylere gerçekleştirdiği ziyaretlerin son bölümünde Kızılcahöyük köyüne geçen Vali Mahmut Çuhadar, köyün genel durumu ve sorunları hakkında muhtardan bilgi alarak vatandaşlarla hasbihal etti.

Köy gezileriyle amaçlarının yapılan hizmetleri yerinde görerek vatandaşların ihtiyaç ve taleplerini dinlemek olduğunu belirten Vali Mahmut Çuhadar, “Devlet olarak bizim asli görevimiz hizmetin en kalitelisini vatandaşlarımıza sunmak ve refah seviyesini daha da yükseltmektir. Kırsal kesimin sıkıntılarını çözmek için gece-gündüz demeden, mesai kavramı gözetmeden canla başla çalışıyoruz. Bugün Battalhöyük, Doyran ve Kızılcahöyük köylerimizi ziyaret ederek muhtarlarımızın ve vatandaşlarımızın taleplerini dinledik. Yapılması elzem olan konularda hızlı hareket edeceğiz. Köylerimizi daha yaşanılır hale getirmek için tüm birimlerimizle hizmetlerimizi sürdüreceğiz. Şimdiye kadar olduğu gibi bundan sonra da birlik ve beraberlik içerisinde köylerimize en güzel hizmetleri götürmenin gayretinde olacağız”dedi."
09.01.2023,Adıyaman Valisi Mahmut Çuhadar’ın “10 Ocak Çalışan Gazeteciler Günü” Mesajı,,https://www.adiyaman.gov.tr/adiyaman-valisi-mahmut-cuhadarin-10-ocak-calisan-gazeteciler-gunu-mesaji-2023,Teknik olarak web sitemizde kullanılan çerez türleri aşağıdaki tabloda gösterilmektedir.,"İletişim çağının hayatımızın her noktasına sirayet ettiği günümüzde milletimizin ortak sesi olmanın ötesinde kamuoyunun vicdanını temsil eden tüm basın mensuplarımızın 10 Ocak Çalışan Gazeteciler Günü’nü en içten dileklerimle kutluyorum.

Bilginin her geçen gün katlanarak çoğaldığı ve teknolojinin takip edilmesi zor bir hızda geliştiği günümüzde başta internet ve sosyal medya olmak üzere bilgiye ve habere erişimin çeşitlendiği ve kolaylaştığı günümüz dünyasında, halkı doğru ve tarafsız haberle hızlı bir şekilde buluşturan gazetecilerimizin yaptıkları görevin önemi daha da artmaktadır.

Medyanın toplum üzerindeki etkileri dikkate alındığında; herhangi bir kısıtlamaya maruz kalmadan, meslek ahlakı bilinci ve gayreti içinde kamuoyunu doğru, tarafsız ve etik ilkelere uygun olarak toplumsal değerlerimize saygı çerçevesinde bilgilendirme görevini yerine getirebilen medyanın varlığı, çağdaş, demokratik ve şeffaf toplumların olmazsa olmazlarındandır.

Bizler de Adıyaman Valiliği olarak mesleğini büyük bir sorumluluk hissiyatıyla gerçekleştirmek üzere mesai mefhumu gözetmeksizin, gece-gündüz demeden zorlu şartlar altında yılmadan haber peşinde koşan basın emekçilerimizin çalışmalarını daha iyi koşullarda ve daha verimli bir şekilde yapabilmelerine büyük önem veriyor, bunu sağlamak için üzerimize düşen sorumlulukları yerine getirmeye gayret ediyoruz.

Bu duygularla, ülkemizin ve Adıyaman’ımızın sorunlarını, ihtiyaçlarını, taleplerini yetkililere ve kamuoyuna aktaran ve sorunların çözümünde önerileriyle toplumdaki  mekanizmanın daha sağlıklı bir şekilde çalışmasına yardımcı olan milletimizin adeta gören gözü, işiten kulağı olan gazetecilerimizin  bu görevi yerine getirmede gösterdikleri fedakarlık ve gayretlerini takdirle karşılıyor, çalışma arkadaşlarım olarak gördüğüm yerel ve yaygın  basınımızın seçkin temsilcilerinin “10 Ocak Çalışan Gazeteciler Günü”nü kutluyor; kendilerine ve ailelerine sağlık, mutluluk ve başarılar diliyorum."
08.01.2023,Adıyaman’a Yeni ve Modern Bir Kütüphane Yapılıyor,,https://www.adiyaman.gov.tr/adiyamana-yeni-ve-modern-bir-kutuphane-yapiliyor,Teknik olarak web sitemizde kullanılan çerez türleri aşağıdaki tabloda gösterilmektedir.,"Kültür ve Turizm Bakanlığı Kütüphaneler ve Yayımlar Genel Müdürlüğü tarafından Adıyaman’ın Altınşehir Mahallesine modern bir kütüphane yapılıyor.

2023 yılı yatırım programına alınacak olan ve şehrin en gözde noktası olan Altınşehir Gençlik Merkezi yanında inşa edilecek olan kütüphane binası tüm sosyal donatılarıyla her yaş grubuna uygun olarak inşa edilecek.

Vali Mahmut Çuhadar, İl Kültür ve Turizm Müdürü Ahmet Günaydın’la birlikte Altınşehir mahallesinde kütüphanenin yapılacağı arazide incelemelerde bulundu.

Yapılacak olan kütüphane ile ilgili bilgi veren Vali Mahmut Çuhadar, “Altınşehir Mahallemiz Gençlik Merkezinin bitişiğindeki arsada 3510 m2 alan üzerine inşa edilecek Kütüphane binası Belediye meclis kararı ile 25 yıl süre ile bedelsiz olarak Kültür ve Turizm Bakanlığı Kütüphaneler ve Yayımlar Genel Müdürlüğüne tahsis edilmiştir. 2023 yılı yatırım programına alınacak olan kütüphanemizi her yaş grubuna uygun materyallerle donatmayı hedefliyoruz. Modern bir mimari ile inşa edilecek kütüphane binasında bebek ve çocuklar için aktivite, oyun ve spor alanları, kafeterya, cep sinema salonu, çok amaçlı salon, görsel-işitsel materyaller salonu ve temel fonksiyon alanlarının yer alacağı kütüphanede deneyap atölyeleri gibi çok amaçlı salonlar yer alacaktır. Her zaman ifade etiğimiz gibi kütüphaneler bir toplumun kültür ve medeniyet birikiminin hazineleridir. Eğitim hayatımızın vazgeçilmezi kitaplarla olan dostluğumuzu canlı tutacak olan kütüphanelerimize yapılan her türlü desteği, ülkemizin geleceğine yapılmış katkının bir parçası olarak değerlendiriyoruz. Bu güzel yatırımdan dolayı Sayın Cumhurbaşkanımız başta olmak üzere Kültür ve Turizm Bakanlığı Kütüphaneler ve Yayımlar Genel Müdürlüğüne, bu güzel projenin ilimize kazandırılması noktasında Ankara’da bakanlık nezdinde girişimlerde bulunan Sayın Milletvekillerimize ve arsa tahsisi yapan Adıyaman Belediyemize çok teşekkür ediyor, yapılacak olan kütüphanenin ilimize hayırlı olmasını diliyorum”dedi."
07.01.2023,"Şehit Piyade Sözleşmeli Er Mehmet Demir, Şehadetinin 40. Gününde Mevlid-i Şerifle Anıldı",,https://www.adiyaman.gov.tr/sehit-piyade-sozlesmeli-er-mehmet-demir-sehadetinin-40-gununde-mevlid-i-serifle-anildi,Teknik olarak web sitemizde kullanılan çerez türleri aşağıdaki tabloda gösterilmektedir.,"Türk Silahlı Kuvvetleri tarafından Irak’ın Kuzeyindeki PKK terör örgütü hedeflerine yönelik düzenlenen Pençe-Kilit operasyonunda bölücü terör örgütünün taciz atışı sonucu şehit olan Piyade Sözleşmeli Er Mehmet Demir, şehadetinin 40. gününde mevlid-i şerifle anıldı.

Şehit Piyade Sözleşmeli Er Mehmet Demir’in ailesi tarafından Besni ilçesine bağlı Pınarbaşı köyünde düzenlenen mevlit programına şehidin ailesi başta olmak üzere, Adıyaman Valisi Mahmut Çuhadar, Besni Kaymakamı Çağlar Partal, İl Jandarma Komutanı Albay Ferdi Erbakıcı ve vatandaşlar katıldı.

Öğle namazına doğru başlayan mevlit programında, Müftülük görevlileri tarafından Kur’an-ı Kerim ve mevlidi şerif okunarak ilahiler seslendirildi. Aziz vatanın bekası, milletimizin birlik ve bütünlüğünün korunması ve ülkemizin her köşesinde huzur ve güvenliğin sağlanması uğruna canlarını feda eden Piyade Sözleşmeli Er Mehmet Demir ve tüm şehitler dualarla anılarak Allah’tan rahmet dilendi.

Okunan mevlid-i şerif’in ardından Vali Mahmut Çuhadar, acılı baba Latif Demir’e ve ailesine başsağlığı ve sabır diledi."
04.01.2023,"Vali Çuhadar; Amacımız, Kentlerdeki Sosyal Yaşantının Köylerde de Yaşayan Vatandaşlarımızın Yaşayabilmesi Çabasıdır",,https://www.adiyaman.gov.tr/vali-cuhadar-amacimiz-kentlerdeki-sosyal-yasantinin-koylerde-de-yasayan-vatandaslarimizin-yasayabilmesi-cabasidir,Teknik olarak web sitemizde kullanılan çerez türleri aşağıdaki tabloda gösterilmektedir.,"Adıyaman Valisi Mahmut Çuhadar’ın, kırsal kesimin ihtiyaç ve taleplerini yerinde tespit etmek amacıyla her hafta merkeze bağlı köylere gerçekleştirdiği ziyaretleri tüm hızıyla devam ediyor.

Vali Mahmut Çuhadar, köylerin ihtiyaç ve taleplerini yerinde tespit edip çözüme kavuşturmak amacıyla başlattığı köy ziyaretlerine Adıyaman merkeze bağlı Dandırmaz, Şerefli, Büklüm ve Kayacık köyleriyle devam etti.

Köy ziyaretlerinde Vali Mahmut Çuhadar’a Vali Yardımcısı Mehmet Yasin Erkan ve Tarım ve Orman İl Müdürü Nurettin Kıyas eşlik etti.

Ziyaret ettiği köylerde vatandaşlar tarafından büyük bir ilgiyle karşılanan Vali Mahmut Çuhadar, vatandaşlarla tek tek tokalaşarak köy muhtarları ve vatandaşlarla sohbet edip, taleplerini dinledi, ihtiyaç ve sorunlar hakkında karşılıklı görüş alışverişinde bulundu.

Vali Mahmut Çuhadar, kırsal kesime bugüne kadar ulaşım ve alt yapı hizmetleri başta olmak üzere ekonomik ve sosyal alt yapıyı güçlendirerek vatandaşımızın yaşam kalitesini kolaylaştıracak önemli hizmetler hayata geçirildi. Amacımız, kentlerdeki sosyal yaşantının köylerde de yaşayan vatandaşların yaşayabilmesi çabasıdır.

Ziyaret ettiği köylerde okulları da ziyaret eden Vali Mahmut Çuhadar, okulun ihtiyaç ve talepleri hakkında öğretmenlerden bilgi alıp, öğrencilerle sohbet ederek derslerinde başarılar diledi.

2022 yılında kırsal altyapının iyileştirilmesi yoluyla halkımızın yaşam kalitesini artırmaya yönelik önemli yatırım ve çalışmalar yürüttüklerini belirten Vali Mahmut Çuhadar, “2023 yılında bu çalışmalarımız artarak devam edecektir. Hemşerilerimizin yaşam koşullarını daha kaliteli hale getirmek, onların talep ve isteklerini takip etmek her zaman birinci önceliğimiz olmuştur. Bundan dolayı her hafta köylerimizi ziyaret ederek, ihtiyaç ve talepleri yerinde tespit ediyor, atılması gereken adımları köylü kardeşlerimizle birlikte istişare edip buna göre çözüm üretiyoruz. İl Özel İdaresi ve Merkez Köylere Hizmet Götürme Birliği olarak yaptığımız tüm hizmetler özellikle kırsalda yaşayan insanlarımızın rahat ve huzur içerisin de günlük yaşamını sağlayabilecek alt yapıyı oluşturmaktır. Bu yıl 350 Milyon TL olarak onaylanan İl Özel İdaresinin bütçesinin ciddi bir bölümünü köylerimizin alt ve üst yapı hizmetlerinde kullanacağız. Bu bütçeyle köylerimizin eksikliklerini tamamlamış olacağız. Yapılan hizmetlerde köylerimiz arasında herhangi bir ayrım yapmadan öncelik sırasına göre eksiklileri tespit edip buna göre çalışmalarımızı sürdürüyoruz. Amacımız, kentlerdeki sosyal yaşantının köylerde de yaşayan vatandaşlarımızın yaşayabilmesi çabasıdır. Özellikle kırsal kesimde yaşanan birçok sıkıntı büyük ölçüde çözüme kavuşturuldu. Kalan sorunların çözümü içinde Valilik olarak yoğun gayret sarf ediyoruz. Türkiye Yüzyılı vizyonuyla Cumhuriyetimizin kuruluşunun 100. yıldönümü olan 2023 hedefleri doğrultusunda ilimizde kırsal kesimin bütün alt ve üst yapı hizmetlerinin bitirildiği ve köylerimizin kalkınarak yaşam seviyelerinin yükseltildiği Adıyaman’ı birlikte inşa edeceğiz inşallah ”dedi.

Ziyaretten duydukları memnuniyeti dile getiren köylü vatandaşlar ise, köylerinin sorunlarının çözümüne ilişkin gösterdikleri yakın ilgi ve alakadan dolayı Vali Mahmut Çuhadar’a teşekkür etti."
