doc_id,source,source_type,province,period,date,text,technical,technical_c,technical_m,technical_agreed,technical_diff,political,political_c,political_m,political_agreed,political_diff,development,development_c,development_m,development_agreed,development_diff,sustainability,sustainability_c,sustainability_m,sustainability_agreed,sustainability_diff
hatay_bld_0013,Hatay Belediye,belediye,hatay,1_post_quake,2023-04-14,"Hatay Büyükşehir Belediyesi depremin en çok yıkıma neden olduğu Hatay’ın yaralarını sarmak amacıyla çalışmalarına koordineli bir şekilde devam ediyor.

HBB, bir yandan girilmesi uygun olan mahallelerde altyapı çalışmalarını sürdürürken bir yandan da konusunda uzman kişileri bir araya getirerek, deprem sonrası süreç yönetiminin iyileştirilebilmesi için teorik ve pratik önerilerin tartışılması, pekiştirilmesi ve derlenmesi sürecini yönetiyor.

Depremin yaralarını sarmak ve hızla toparlanmak için kısa, orta ve uzun dönemde çözümler üretmeye devam eden Hatay Büyükşehir Belediyesi; meslek örgütleri, sivil toplum kuruluşları ve akademisyenlerden oluşan Deprem Konseyi ile birlikte organize ettiği ""Hatay ve Deprem"" konulu Sempozyum 22 Nisan'da gerçekleştirilecek.

Bayramın ikinci günü Hatay Büyükşehir Belediyesi Afet Koordinasyon Merkezi’nde saat 11:00’de başlayacak ekinliğe TMMOB Mimarlar Odası Hatay Şubesi Yönetim Kurulu Başkanı Mustafa Çelik, Konservator Celaleddin Küçük, MKÜ Arkeoloji Bölümü Bölüm Başkanı Prof. Dr. Hatice Pamir ve HBB Kültür ve Sosyal İşler Daire Başkanı Emine Atmaca konuşmacı olarak katılacak.

“Doğunun Kraliçesi Uyan” adlı filmin gösterimiyle sona erecek sempozyumdan sonra ise Hatay Büyükşehir Belediye Başkanlığı saat 14.00'de EXPO İller Bahçesinde Bayram Dayanışma Sofrası kuracak. Bütün Hataylıların ve Hatay’a dışarıdan gelenlerin davetli olduğu yemekte misafirlere Hatay’ın geleneksel Bayram yemekleri olan Firik pilavı, aşur ve halka tatlısı ikram edilecek.",1,1,1,1,0,1,1,1,1,0,1,2,1,0,1,0,0,0,1,0
hatay_bld_0803,Hatay Belediye,belediye,hatay,5_post_local,2024-10-28,"HBB’DEN HER YAŞA SPOR DESTEĞİ

Hatay Büyükşehir Belediyesi (HBB) vatandaşların spor yoluyla hem fizyolojik hem de psikolojik destek almasını sağlamak amacıyla il genelinde çeşitli kurslar düzenlemeye devam ediyor.

HBB Kültür ve Sosyal İşler Dairesi Başkanlığının 6 Şubat depreminin izlerini de sporla silmek hedefiyle başlattığı sportif çalışmalar, her yaştan bireylere hizmetler sunuyor.

ÜCRETSİZ BESYO VE POMEM KURSLARI

Beden Eğitimi ve Spor Yüksekokulu (BESYO) ile Polis Meslek Eğitim Merkezine (POMEM) hazırlık kursları, 144 vatandaşa ücretsiz olarak hizmet vermeye başladı.

Ayrıca kadınlar için düzenlenen, toplamda 3 bin 217 vatandaşın faydalandığı sabah sporları; Antakya Esentepe Futbol Sahası, Atatürk Parkı ve Defne Sümerler Halı Sahada gerçekleştiriliyor.

ÇOCUKLAR İÇİN SPOR AKTİVİTELERİ

HBB Antakya Kisecik Yerleşkesi’nde düzenlenen hafta sonu kursları ile 145 çocuk; masa tenisi, satranç, judo, güreş ve okçuluk gibi branşlarda eğitim alıyor.

KONTEYNER KENTLER UNUTULMUYOR

Geçici konteyner kentlerde, kış şartlarına uygun spor faaliyetlerini de başlatan HBB, 384 çocuğa basketbol ve voleybol kursu vermeye devam ediyor. 70 çocuğa ise masa tenisi ve satranç dersleri veriliyor.

Büyükşehir 1 Nisan’dan bugüne kadar toplamda 11 spor branşında 5 bin 676 kursiyeri sporla buluşturdu.

HBB yetkilileri, sporun iyileştirici gücünden faydalanarak depremin olumsuz etkilerini azaltmak amacıyla çalışmalarına devam edeceklerini iletti.

Memnuniyetlerini aktaran vatandaşlar, HBB Başkanı Mehmet Öntürk’e teşekkür etti.

Not: Haberin video ve fotoğraflarını aşağıdaki linklerden indirebilirsiniz:

Video: https://we.tl/t-nfzrFINe6k

Fotoğraf: https://we.tl/t-3OOlgM0m28",0,0,0,1,0,2,2,2,1,0,2,2,3,0,1,0,0,0,1,0
tccb_122,TCCB,cumhurbaskanligi,adiyaman,3_inter_election,2023-06-06,"Değerli Basın Mensupları; Sizleri en kalbi duygularımla, hürmetle, muhabbetle selamlıyorum. Ekranları başında bizleri takip eden vatandaşlarımızın her birine selam ve sevgilerimi gönderiyorum. 10 Mart’ta imzaladığımız Cumhurbaşkanı kararıyla başlayan seçim sürecini suhuletle tamamladık. 14 Mayıs ve 28 Mayıs tarihlerinde milletimiz rekor bir katılımla iradesine ve geleceğine sahip çıktı. Gerek Meclis’te, gerekse Cumhurbaşkanı seçiminde elde ettiğimiz tarihi başarıyla son 21 yıldaki 17. seçim zaferimize imza atmış olduk. 2014 yılından beri şanla, şerefle yürüttüğümüz Cumhurbaşkanlığı görevini, aziz milletimizin takdiriyle 5 sene daha sürdürme imkânına kavuştuk. Yine büyük bir demokrasi zaferiyle bizleri buluşturan, iki bayram arasında milletimize iki demokrasi bayramı yaşatan Rabbimize hamd ediyoruz. Seçim sonuçlarının ülkemiz, milletimiz ve tüm insanlık için hayırlara vesile olmasını diliyoruz. Her iki seçimde de tercihini sandığa demokratik yollarla yansıtan tüm vatandaşlarımı buradan bir kez daha tebrik ediyorum. 28 Mayıs tarihi itibariyle Türk demokrasisini, dünyada referans alınan, gıptayla takip edilen bir konuma yükselten her bir insanımıza müteşekkiriz. Şahsımıza olan teveccühlerini her iki seçimde de çok güçlü bir şekilde gösteren, yaklaşık 28 milyon kardeşime ayrıca şükranlarımı sunuyorum. Türkiye, Türkiye’den daha büyüktür gerçeğine yeniden şahitlik etmemize vesile olan dünyanın dört bir yanındaki dost ve kardeşlerimize de şahsım, ülkem ve milletim adına teşekkür ediyorum. Bu süreçte Türkiye’nin sadece yakın çevresinde değil, Afrika’dan Asya’ya, Latin Amerika’dan Balkanlar’a, Ortadoğu’dan Türk ve İslam âlemine kadar yüzlerce ülkede umudun, direnişin, şefkatin, merhametin, müstevlilerin karşısında dik bir duruşun adı olduğu bir kez daha ortaya çıkmıştır. Seçimin siyasi olarak kazananları elbette bellidir, ama bu seçimlerde bizimle ve ittifakımızla birlikte tüm Türkiye kazanmıştır. Siyasi tercihi ne olursa olsun 85 milyonun her bir ferdi kazanmıştır. Allah, Türkiye’ye zeval vermesin, diye ellerini semaya açan yüz milyonlar kazanmıştır. Dünya beşten büyüktür çağrımızın yüreklerine inşirah düşürdüğü milyarlarca mazlum ve mağdur kazanmıştır. Altını çizerek ifade etmek isterim ki; her seçim döneminde ellerini ovuşturan kriz heveslileri dışında, bin yıllık kardeşliğimizi dinamitlemek isteyen fitne tüccarları dışında, elinde binlerce insanımızın kanı olan terör baronları dışında, velhasıl birliğimize, dirliğimize, asırlık hedeflerimize ve hayallerimize kast eden odaklar dışında seçimlerin kaybedeni yoktur. Seçimler gelir geçer, bunlar demokrasinin olmazsa olmazlarıdır. Asıl mesele; milletimizin, devletimizin, ülkemizin birliği, bütünlüğü, refahı ve geleceğidir. Asıl mesele, Türkiye’nin asırlara sari yolculuğunu devam ettirebilmesidir. Asıl mesele, ülkemizde biraz çekişmeli geçen siyasi rekabetin siyasi husumete dönüşmesine fırsat verilmemesidir. Seçimler bunu sağladığı, buna vesile olduğu, bunu güçlendirdiği müddetçe fonksiyonunu ifa ediyor demektir. Sandıklar kapandıktan sonra hep birlikte eğer önümüze bakabiliyorsak, Allah’ın izniyle millet olarak bizim bileğimizi kimse bükemez. Geride bıraktığımız son 21 yılda bunu 17 kez başardık. Mücadele ettik, yarıştık, neticede sandıktan çıkan iradeye teslim olduk. “Nerede kalmıştık” diyerek her seçimden sonra işimize gücümüze, esas gündemimize geri döndük. Tüm vatandaşlarımdan son seçimlere bu zaviyeden bakmalarını istirham ediyorum. Unutmayın, biz hep birlikte Türkiye’yiz. Biz, yurt dışındaki kardeşlerimizle birlikte 100 milyonluk büyük bir aileyiz. Biz, asırlardır nice badireler atlatmış, acıları bal eylemiş, istiklal ve istikbalimiz uğrunda canımızdan aziz bildiklerini feda etmiş bir milletiz. İnşallah Türkiye yüzyılını da omuz omuza, gönül gönüle vererek hep beraber inşa edeceğiz. Aziz Milletim, Yüksek Seçim Kurulu’nun kesin sonuçlarını açıklaması akabinde 3 Haziran tarihinde Türkiye Büyük Millet Meclisi’nde mazbatamızı alıp yemin ettik. Ardından da Cumhurbaşkanlığı Külliye’mizde yurt içinden ve yurt dışından 5 bini aşkın misafirimizin iştirakiyle göreve başlama törenimizi yaptık. Aslında törenimizi sergi salonumuz yerine çok daha büyük bir katılımla açık alanda gerçekleştirmeyi arzu ediyorduk, ancak hava şartları nedeniyle bundan sarfınazar etme mecburiyetinde kaldık. Törenimize özellikle yurt dışından katılım düzeyinin ve sayısının fevkalade yüksek olması, ülkemiz adına bizleri hem gururlandırdı, hem mütehassıs etti. Dünyanın 80’e yakın ülkesinden 20 devlet başkanı, 5 cumhurbaşkanı yardımcısı, 12 meclis başkanı, 14 başbakan, 7 başbakan yardımcısı, 20 bakan ve 6 uluslararası kuruluş temsilcisiyle, 7 eski devlet ve hükümet başkanı seviyesinde üst düzey zevatı Başkentimizde ağırladık. Ayrıca, ülkemizde yerleşik büyükelçiler ve misyon temsilcileri de törenimize çok büyük ilgi gösterdi. Yabancı konuklarımızın yanı sıra, aralarında 11. Cumhurbaşkanı Sayın Gül ile birlikte Meclis başkanlarımızın, bakanlarımızın, milletvekillerimizin, Cumhur İttifakı’nda beraber olduğumuz siyasi partilerin genel başkanlarının, iş, spor, sanat, medya ve bilim camiamızın öncü isimlerinin, dini liderlerin de bulunduğu pek çok kıymetli insanımızı törenimiz vesilesiyle burada misafir ettik. Töreni müteakiben yurt dışından gelen dostlarımızla akşam yemeğinde bir araya gelerek hasbihal etme imkânı bulduk. Bu vesileyle bir kez daha başta gardaşlarım olmak üzere, törenimize iştirak eden tüm devlet ve hükümet başkanlarına teşekkür ediyorum. Mutlu günlerimizde olduğu gibi, zor zamanlarımızda da desteklerini daima yanımızda hissettiğimiz Türkiye’nin gerçek dostlarına ülkem ve milletim adına minnettarlığımızı ifade ediyorum. Binlerce kilometre öteden gelerek gösterdikleri bu kadirşinaslıklarını hiçbir zaman unutmayacağımızın bilinmesini istiyorum. Ta Venezuela’dan Devlet Başkanı’nın bu merasime katılmış olması gerçekten bizleri mütehassıs etmiştir. Aynı şekilde sevincimizi paylaşmak amacıyla yurt içinden törene katılan tüm vatandaşlarıma da tekrar şükranlarımı sunuyorum. Törenimizde sergilenen birlik ve beraberlik tablosunu ülkemiz bakımından büyük bir kazanç olarak görüyorum. Türkiye’nin tüm güzelliklerini, sosyal dokusunun bütün renklerini o gün orada hep beraber müşahede ettik. Zenginliğimiz olan bu farklılıkların korunması, Türkiye’nin aydınlık yarınları açısından olmazsa olmaz şartlardandır. Bugüne kadar ülkemizin beşeri hazinesinin değerini ve önemini bilen bir yönetim olarak, inşallah bundan sonra da aynı tavrımızı sürdüreceğiz. Dünyanın dört bir köşesinden gelen yabancı misafirlerimizin iştirakinin ise, büyük ve güçlü Türkiye’nin yeni bir tezahürü olduğuna inanıyorum. Adeta Birleşmiş Milletler Genel Kurulu’nu andıran o manzaranın görmesini bilenler için pek çok anlamı vardır. Hükümetlerimiz döneminde ülkemizin yumuşak gücünün ve etki alanının ulaştığı yerler de böylece ortaya çıkmıştır. Siyaset gibi, diplomasiyi de eski dar kalıplarla okuyanların Türk dış politikasıyla ilgili iddialarının temelsiz olduğu anlaşılmıştır. Türkiye’nin Türkiye’den büyük olduğuna, 780 bin kilometrekareden çok daha geniş bir ülke olduğuna bir kez daha şahitlik ettik. Siyasi görüş fark etmeksizin 85 milyonun tamamının bundan onur ve gurur duymasını temenni ediyoruz. Elbette buradaki mesajların tüm bileşenleriyle muhalefet tarafından da iyi değerlendirilmesi gerektiğini düşünüyoruz. Muhalefetin hatalarından ders alarak özellikle vatanımızın bekası, milletimizin istikbaline dair konularda artık daha hassas davranmasını, daha Türkiye eksenli bir yaklaşım benimsemelerini ümit ediyoruz. Cumhur İttifakı olarak yaptığımız Türkiye odak paydasında buluşma davetimize toplumumuzun tüm kesimlerinden müspet cevap bekliyoruz. Biz, sonuçtan bağımsız olarak 85 milyon vatandaşıyla birlikte Türkiye’nin tamamını kucaklamaya devam edeceğiz. Nasıl bugüne kadar hiçbir ayrım yapmadan, kimseyi ötekileştirmeden, hiç kimseyi dışlamadan hizmet etmişsek, inşallah bundan sonra da adaletten sapmayacak, kuşatıcı bir tavırla Türkiye için çalışmayı sürdüreceğiz. Aziz Milletim, Her yeni başlangıç, yeni bir umut, yeni bir heyecan, yepyeni bir atılım demektir. Biz de törenimizin akşamında yeni Kabinemizi açıklamak suretiyle Türkiye yüzyılının inşası için Bismillah diyerek hep birlikte yola revan olduk. Bizim anlayışımızda kesinti veya kopukluk değil devamlılık esastır. Maziden atiye kurduğumuz köprünün belirleyici unsuru, muhafazakâr devrimciliktir. Bir taraftan kendimizi, kadrolarımızı ve politikalarımızı yenilerken, diğer taraftan da özümüze hep bağlı kaldık, ruh kökümüzden asla kopmadık. Seçmenlerimizle birlikte iradesini farklı şekilde kullanan insanlarımızın da sesine kulak verdik. Başkaları gibi yankı odalarına özellikle hapsolmak yerine, siyaseti milletimiz için milletimizin içinde ve milletimizle birlikte yaptık. Bulunduğumuz görevlerin hepsini bir bayrak yarışı olarak gördük. Her gelen arkadaşımız, selefinin yaptığı hizmetlere yenilerini eklemenin mücadelesini verdi. Teslim aldığı bayrağı daha da yücelterek alnı ak, başı dik bir şekilde halefine devretti. 21 yılda yazdığımız başarı hikâyesinde dirayetli liderliğin yanı sıra, tüm yol ve dava arkadaşlarımızın da emeği, çabası, ortak aklı ve alın teri vardır. İnşallah bizler de emaneti hakkıyla taşıyacak, bizden sonrakilere en güzel şekilde teslim edeceğiz. Buradan bir kez daha 28. dönem milletvekili olarak Yüce Meclis’imizde hizmet verecek tüm bakan arkadaşlarıma şahsım, milletim adına teşekkür ediyorum. Önceki bakanlarımızın, bilhassa kovid-19 sürecindeki zorlukların aşılmasıyla, 6 Şubat depremleriyle mücadelemizde sergiledikleri insanüstü çabalar her türlü takdirin üzerindedir. Rabbim hepsinden ayrı ayrı razı olsun diyorum. Ne biz, ne de milletimiz bu arkadaşlarımızın ülkemize yaptığı hizmetleri hiçbir zaman unutmayacaktır. Eski Kabine üyelerimizin tecrübeleri ve vizyonlarıyla Meclis’imizde tebarüz edeceklerine yürekten inanıyorum. Biz de kendileriyle yakın istişare ve iş birliği içinde olmaya devam edeceğiz. Eski arkadaşlarımızın birikimi, yeni arkadaşlarımızın heyecanıyla inşallah Türkiye yüzyılının inşasını gerçekleştireceğiz. Merhum Ziya Paşa’nın şu güzel sözünü kendimize rehber edineceğiz: “Onlar ki verir lâf ile dünyaya nizâmât / Bin türlü teseyyüp bulunur hânelerinde.” Evet, evleri türlü düzensizlik ve kargaşa içerisindeyken memlekete nizam verme iddiasında olanları ciddiye almayarak biz işimize bakacağız. Türkiye yüzyılı, evlatlarımıza bırakacağımız en büyük miras olacaktır. Dünyanın en büyük 10 ekonomisinden biri olma hedefi, hiç şüphesiz çok çalışmayı, daha fazla icraat ve eser üretmeyi gerektirir. Kabine üyelerimiz gerek tecrübeleri, gerek ehliyetleri, gerekse uzmanlık alanları itibariyle Türkiye yüzyılının mimarları arasında yer alacak vasıflara ziyadesiyle sahiptir. Öte yandan yeni Kabinemizin işinin kolay olmadığını da biliyoruz. Bu zorluk, sadece aşmamız gereken meselelerle, yakalamamız gereken hedeflerle sınırlı değildir. Asıl zorluk, devralınan mirasın daha da büyütülmesiyle ilgilidir. Türkiye her konuda dünden daha ileri gitmeye, daha hızlı olmaya ve daha çok çalışmaya mecburdur. İnşallah canla başla çalışarak ülkemizi hedefleriyle buluşturacağız. Aziz Milletim, 21 yılı iktidarda olmak üzere 40 yılı bulan siyasi hayatımızın alametifarikası, hizmet ve eser siyasetidir. Bugüne kadar ülkemize ve milletimize aşkla hizmet etmeye çalıştık. Seçim dönemlerinde dikkat ettiyseniz, bizi takip ettiyseniz bol keseden boş vaat dağıtanlar gibi olmadık. Biz milletimize ne söz verdiysek, meydanlarda neyi vadettiysek, göreve gelince hepsini yerine getirmeye gayret ettik; bizim farklılığımız burası. Ahdine, kavline ve sözüne sadık bir yönetim olarak tam 17 kez milletimizin takdirini kazandık. Bizim için en büyük kazanç budur. Bizim asıl gücümüz; milletimize güven aşılamamız, itimat telkin etmemizdir. Yeni dönemimizde de halkımıza verdiğimiz tüm sözlerin takipçisi olacağız. İki kelimeye çok dikkat edin. Biz bu iki kelimenin, iki kavramın uygulayıcısı olacağız; bir istikrar, iki güven. İstikrar ve güvenle biz Türkiye yüzyılını inşa edeceğiz. Ve burada bir şey daha söylüyorum, o da şu: Aile ve gençlik bankasının kurulmasından toplumun temel direği olan ailenin sapkın akımlara karşı korunmasına kadar her türlü adımı atacağız. Bu minvalde seçimlerden önce gündeme getirdiğimiz anayasa değişikliği teklifimizi Meclis’in takdirine yeniden sunacağız. Karadeniz gazıyla başladığımız Gabar petrolüyle ileriye taşıdığımız, Akkuyu Nükleer Santraliyle yeni bir boyuta evrilen enerji hamlelerimizi devam ettireceğiz. Sağlıkta şehir hastanelerinin sembolü olduğu sağlık yatırımlarımızı artırarak sürdüreceğiz. Eğitimi son 21 yıldır olduğu gibi yine listemizin en başında tutacağız. Eğitim olmadan hiçbir şey olmaz, öncelikle bunu başaracağız. Adalet hizmetlerinin çok hızlı, etkin ve kaliteli bir şekilde sağlanmasına yönelik reformlarımızı artıracağız. Terör örgütlerine, zehir tacirlerine, her türlü suç çetesine karşı verdiğimiz amansız mücadeleyi kararlılıkla yürüteceğiz. Cudi’de yine biz olacağız, Gabar’da yine biz olacağız, Tendürek’te yine biz olacağız, Bestler Deresi’nde yine biz olacağız, buraları bu teröristlere asla bırakmayacağız. Sosyal politikalarda engelli, yaşlı, yetim, şehit yakını ve gazilerimizin daha güçlü bir şekilde yanında olacağız. Gıda güvenliğimizi ve tarımsal üretimimizi artıracak farklı projeleri devreye alacağız. Ülkemizin iftihar vesilesi olan savunma sanayi atılımlarımıza inşallah yenilerini ekleyeceğiz. Sanayi ve teknoloji alanında Türkiye’nin otomobili gibi katma değeri yüksek inovatif ürün yelpazemizi daha da çeşitlendireceğiz. Ticarette yeni pazarlara açılarak, ülkemizin rekabet gücünü artırarak ihracatımızı çok yukarılara taşıyacağız. Ulaştırmada ülkemizi yollar, tüneller, hızlı tren hatları, hava limanlarıyla ilmek-ilmek dokumayı sürdüreceğiz. Turizmde potansiyelimizi en üst düzeyde harekete geçirirken, kültürel alanda yeni bir hamle başaracağız. Aydınlık yarınlarımızın teminatı olarak gördüğümüz gençlerimizi eğitim ve spordan iş hayatına kadar her konuda destekleyeceğiz. Çevre ve şehircilikte millet bahçeleriyle, kentsel dönüşüm projeleriyle Türkiye’nin çehresini değiştirerek adımları atacağız. İnşallah Perşembe günü bir bölüm millet bahçelerinin açılışını Adıyaman merkezli olarak buradan da katılmak suretiyle bu açılış törenlerini gerçekleştireceğiz. Etkilerini giderek daha fazla gördüğümüz iklim değişikliğiyle mücadele konusunda daha kararlı çalışmalar yürüteceğiz. Depremin yaralarının sarılması bu dönemdeki ana gündem maddemizdir. 319 bini ilk bir sene içinde olmak üzere toplam 650 bin deprem konutunu yaparak depremzedelerimizi yeni yuvalarıyla buluşturacağız. Deprem bölgesindeki şehirlerimizi, ekonomik, ticari, sosyal ve kültürel açıdan eskisinden daha canlı hale getireceğiz. Özellikle yatırım, üretim, ihracat, istihdam ve büyümeden taviz vermeden Türk ekonomisini daha da güçlendireceğiz. Enflasyon kaynaklı hayat pahalılığı ve fahiş fiyat sorununu tüm boyutlarıyla milletimizin gündeminden çıkartmakta kararlıyız. Son dönemde açıklanan verileri bu çabalarımızda elimizi güçlendiren öncü sinyaller olarak değerlendiriyoruz. Hem cumhurbaşkanlığı, hem de milletvekilliği seçimlerinin istikrardan yana sonuçlanması, ekonomimize olan güveni artırmıştır. Seçim ayı olan Mayıs ayında ekonomik güven endeksi yüzde 1,4 artarak 103,7’ye, tüketici güven endeksi yüzde 4 artarak 91,1’e yükseldi, reel kesim güven endeksi ise 105,1 olarak gerçekleşti. Ekonomik büyümenin öncü göstergelerinden olan imalat sanayi satın alma yöneticileri endeksi de eşik değer olan 50’nin üzerine çıkarak 51,5 oldu. Enflasyon oranı Mayıs ayında yüzde 40’ın altına gerileyerek yüzde 39,6 olarak gerçekleşti. Enflasyonu nasıl daha önce tek haneleri rakamlara indirdiysek, inşallah aynısını yine başaracağız. Savaştan ve terör örgütlerinin saldırılarından kaçarak ülkemize sığınan kardeşlerimizin güvenli, gönüllü ve onurlu bir şekilde dualarını da alarak, ana vatanlarına dönüşlerini de teşvik edeceğiz. Her ne surette olursa olsun Türkiye’ye, buranın altını çiziyorum. Boraltan Köprüsü faciası gibi onyıllar boyunca izi silinmeyecek yeni utançlar yaşatmayacağız. Bu meseleyi tarihimize, kültürümüze ve inanç değerlerimize yakışır biçime suhuletle çözüme kavuşturacağız. Girişimci, insani ve aktif dış politika çizgimizi sürdürerek küresel ölçekte barış ve istikrarın tesisine katkı sağlayacağız. Daha adil bir dünyanın mümkün olduğu inancıyla uluslararası sistemdeki çarpıklıkların giderilmesi için gayretlerimizi yoğunlaştıracağız. Milletimizle birlikte tüm dünyaya verilmiş güçlü bir mesaj olan Türkiye yüzyılı vizyonumuzu adım adım hayata geçireceğiz. Yeni dönemin ilk Kabine Toplantısında tüm bu hususları etraflıca değerlendirdik. Ve tüm bakan arkadaşlarıma özellikle bir hafta içindeki bu hazırlıkları sebebiyle çok teşekkür ediyorum. Nitekim bir hafta sonra tekrar bir brifingi hazırlayacaklar ve yine brife edilmek üzere kendilerini dinleyeceğim, çünkü bizim bu arada atacağımız adımlar bizim için çok çok önemli. Seçim döneminin muhasebesini yapma yanında, önümüzdeki dönemde atılacak adımları da belirledik. Tabii ki seçim döneminin muhasebesini bakan arkadaşlarımdan ziyade MYK ve Merkez Karar Yönetim Kurulu’ndaki arkadaşlarımla ayrıca yapacağım, onlardan da gelecek bilgilerle birlikte inşallah geleceğe hazırlanmaya devam edeceğiz. Öncelikle dün Samsun, Amasya ve Kastamonu’da meydana gelen yoğun yağış ve sel baskınları sebebiyle hayatları olumsuz etkilenen vatandaşlarıma geçmiş olsun diyorum. Bu arada vefat eden vatandaşlarımıza Allah’tan rahmet niyaz ediyorum. AFAD ve ilgili kurumlarımız zarar gören yolların onarılmasından diğer sıkıntıların giderilmesine kadar her türlü çalışmayı sürdürüyor. KOSGEB tarafından devreye aldığımız acil destek kredisiyle afetzede iş yerlerimizin yanında oluyoruz. Yeni hasat döneminin birçok ilimizde başladığını görüyoruz. İlk gelen veriler, 2023 yılının bereketli bir yıl olacağına işaret ediyor. Biz de çiftçilerimize gereken desteği her alanda verdik, veriyoruz. Geçen aybaşında yaş çay alım fiyatlarımızı açıklayarak üreticilerimizi sevindirmiştik. Bugün de Toprak Mahsulleri Ofisi’nin 2023 yılı buğday ve arpa alım fiyatlarını belirledik. Fiyatları tespit ederken çiftçimizin üretime devam etmesinin yanında, maliyetler, iç ve dış piyasa gelişmeleriyle ilgili gıda güvenliği için ihtiyaç olan stokların oluşturulmasını dikkate aldık. Toprak Mahsulleri Ofisi’mizin alım fiyatlarını ekmeklik buğdayda ton başına 8 bin 250 lira, arpada ise 7 bin lira olarak kararlaştırdık. Bu fiyatlara ilave olarak, Bakanlığımız tarafından çiftçi kayıt sistemine kayıtlı tüm üreticilerimize buğday için ton başına bin lira, arpa için top başına 500 lira hububat üretim primi destek olarak verilecektir. Bu rakamlarla üreticilerimizin eline top başına ekmeklik buğdayda 9 bin 250 lira, arpada ise 7 bin 500 lira geçecektir. Yeni hasat döneminin ve açıkladığımız alım fiyatlarının çiftçilerimize, milletimize ve ülkemize hayırlı olmasını diliyorum. Bir güzel haberimiz de emeklilerimize olacak, emeklilerimizin maaşlarını ve bayram ikramiyelerini inşallah Kurban Bayramı öncesinde ödeyeceğiz. Asgari Ücret Tespit Komisyonumuz da çalışmalarına başlıyor. Son olarak, Kurban Bayramıyla ilgili özellikle turizm sektörümüzü hareketlendireceğine inandığım bir müjdeyi paylaşmak istiyorum. Bu sene Kurban Bayramımızı 28 Haziran ile 1 Temmuz arasında idrak edeceğiz. İstişarelerimiz neticesinde 26 Haziran ve 27 Haziran günlerini de idari izin kapsamına almayı kararlaştırdık. Hafta sonlarıyla birlikte vatandaşlarımız toplam 9 gün bayram tatili yapma imkanı bulacaktır. Bu kararımızın da tüm milletimize hayırlı olmasını diliyorum. Rabim yolumuzu, bahtımızı açık etsin diyorum. Sizleri bir kez daha saygıyla, muhabbetle selamlıyorum, kalın sağlıcakla.",1,1,1,1,0,3,3,3,1,0,2,2,2,1,0,0,0,0,1,0
csb_0898,CSB,bakanlık,kahramanmaras,5_post_local,2024-11-29,"BAKAN KURUM, TRT WORLD FORUM’DA KONUŞTU

Çevre, Şehircilik ve İklim Değişikliği Bakanı Murat Kurum, iklim krizi ile mücadelede finansal destek sorununun bir an önce çözülmesi gerektiğine dikkat çekerek, “Finansal destekleri sunacak olan ülkeler adeta yanan bir eve, bardakla su dökmektedir. İnanın, iklim finansmanı meselesi adil bir seviyeye ulaşmadıkça; bu yangın daha da büyüyecektir” dedi. Sıfır Atık Projesi’nin artık küresel bir çevre hareketine dönüştüğüne dikkat çeken Bakan Kurum iklim kriziyle ilgili şu örnekleri verdi: Konuşmama başlayalı geçen 10 dakikada dünyamızda, toplam 5 bin 900 ton plastik atık oluştu, 370 ton atık okyanuslara karıştı, 20 deniz kuşu ve 2 kaplumbağa maalesef öldü. Sıfır Atık Hareketi, insanlığı bu küresel israf uçurumundan kurtarmanın önemli bir adımıdır.

Çevre, Şehircilik ve İklim Değişikliği Bakanı Murat Kurum, bu yıl 8’incisi düzenlenen ""TRT World Forum"" programının ""Yarını Dönüştürmek: Eko-Rejenerasyonun Gücü"" oturumuna katıldı. Ana teması “iklim” ve “enerji” olan forumda konuşan Bakan “doğa ve “insan” uyumuna dikkat çekerek, “İnsanlık, doğayı bir hammadde değil, kardeş olarak görmeli; doğanın efendisi değil, hizmetkarı olduğunu artık anlamalıdır. İnsanlık, bunu anladığı nispette başarıya ulaşabilir, iklim krizini durdurabilecek gücü ortaya çıkarabilir. Biz Türkiye olarak, her politika ve eylemimizde bu şuurla hareket ediyoruz. Tüm dünyaya bir kez daha, Cumhurbaşkanımızın insanlığa sunduğu ‘adil gelecek vizyonunu’ ifade etmekten şeref duyuyoruz. Doğasıyla, çevresiyle, ekonomisiyle, insan haklarına saygısıyla daha adil bir dünya mümkündür ve bu adil dünya bir gün mutlaka kurulacaktır” şeklinde konuştu.

“KAHRAMANMARAŞ’TA 155 BİNİNCİ KONUTUN ANAHTARLARINI TESLİM EDECEĞİZ”

Türkiye’nin, iklim krizinden en çok etkilenen ülkelerden biri olduğunu işaret eden Bakan Kurum, forumda, Türkiye’nin iklim ve enerji konusunda yaptığı çalışmaları anlattı:

Enerji sektörü, sera gazlarının yüzde 70’inden fazlasından sorumludur. Ülkemizde, geçtiğimiz 10 yıllık süreçte yenilenebilir enerji kapasitemizi 2 katına çıkardık. Önümüzdeki 10 yıl içinde güneş ve rüzgar enerjisi kapasitemizi 4 kat daha arttıracağız. Emisyonların yaklaşık üçte ikisi şehirlerde gerçekleşiyor. Bu nedenle ulaştırma ve yapılaşma konularında yenilikçi çözümler üretiyoruz. Asrın felaketinden etkilenen 11 ilimizde, 453 bin ev ve işyerimizin yapımını, sıfır atık uyumlu ve enerji verimli uygulamalarla inşa ediyoruz. Yarın da Cumhurbaşkanımız Erdoğan’ın teşrifleriyle Kahramanmaraş’ta 155 bininci konutun anahtarlarını vatandaşlarımıza teslim edeceğiz.

10 DAKİKADA 20 DENİZ KUŞU VE 2 KAPLUMBAĞA ÖLÜYOR

Sıfır Atık Hareketi kapsamında önemli adımlar attıklarını kaydeden Bakan Kurum, “Sıfır Atık’ın önemini daha iyi anlayabilmemiz için, çarpıcı bir gerçeği sizlerle paylaşmak istiyorum. Konuşmama başlayalı 10 dakika oldu. 10 dakikada dünyamızda, 5 bin 900 ton plastik atık oluştu. 370 ton atık okyanuslara karıştı. 20 deniz kuşu ve 2 kaplumbağa maalesef öldü, 77 hektar ormanlık alan yok olmuştur. Ve en acısı da şu geçen 10 dakika içinde çöpe attığımız 25 bin ton gıdayla, 2.2 milyon Gazzeli kardeşimizin 1 haftalık gıda ihtiyacını çöpe atmış olmamızdır” dedi.

“SIFIR ATIK KÜRESEL İSRAF UÇURUMUNDAN KURTULMADA ÖNEMLİ BİR ADIM”

Emine Erdoğan öncülüğündeki Sıfır Atık’ın bu acı tabloyu durdurmanın tek yolu olduğunun altını çizen Bakan Kurum, “Sıfır Atık Hareketi, insanlığı bu küresel israf uçurumundan kurtarmanın önemli bir adımıdır. Bugün Sıfır Atık, küresel bir çevre hareketine dönüşmüştür. Türkiye, 193 bin binada Sıfır Atık Yönetim Sistemini kurmuş, toplam 60 milyon ton atığı geri kazanmış, tam 498 milyon ağacın kesilmesinin önüne geçmiştir” diye konuştu.

“7 BÖLGEMİZDE, SIFIR ATIK PİLOT İLÇELERİMİZİ BELİRLEYECEĞİZ”

Bakan Murat Kurum, önümüzdeki yıl devreye alınacak Depozito Yönetim Sistemi ile ilgili de “7 bölgemizde, Sıfır Atık pilot ilçelerimizi belirleyeceğiz. Depozito Yönetim Sistemimizin kurulumunu, 2025 yılı sonuna kadar yapacak, ülke genelinde uygulamaya geçeceğiz” açıklamasını yaptı. Bakan Kurum, İklim Kanunu’nun da bu yıl bitmeden Meclis’ten geçip yasalaşmasını beklediklerini dile getirdi.

“FİNANSAL DESTEK MESELESİ SÜRATLE ÇÖZÜLMELİDİR”

Bakan Kurum, konuşmasında Azerbaycan’da gerçekleştirilen Birleşmiş Milletler (BM) İklim Değişikliği 29. Taraflar Konferansı ile ilgili de şunları söyledi:

Dünyanın en zengin yüzde 1’lik kesiminin, en yoksul yüzde 66’lık kesimden daha fazla karbon salımına neden olduğu bir ortamda, bu adaletsizliğin devam etmemesi gerektiğini tüm dünyaya ilettik. Şayet insanlık, doğanın yeniden kendisini toparlamasını istiyorsa o zaman finansal destek meselesi süratle çözülmelidir, herkes verdiği sözü acilen yerine getirmelidir. Şu andaki iklim finansı düzeyi, dünyanın karşılaştığı sorunun büyüklüğü düşünüldüğünde çok gerilerdedir. Yani finansal destekleri sunacak olan ülkeler adeta yanan bir eve, bardakla su dökmektedir. Ve inanın, iklim finansmanı meselesi adil bir seviyeye ulaşmadıkça; bu yangın daha da büyüyecektir. Umuyorum ki COP29 toplantısındaki ‘Bakü İklim Birliği Paktı’ kararları hızla uygulanır ve ortak evimiz dünyamızı hızlıca iyileştirebiliriz.

“TÜRKİYE FİLİSTİNLİ KARDEŞLERİNE EN ÇOK YARDIM YAPAN ÜLKEDİR”

Bakan Murat Kurum, konuşmasının sonunda Gazze’de yaşanan insanlık dramına dikkat çekti: Sayın Cumhurbaşkanımızın liderliğiyle Tüm Türkiye, adil bir dünya, Filistin'in özgürlüğü için, Filistinli kardeşlerimizin gür sesi olmaya devam ediyor. Bakın çok net söylüyorum. Bugün Türkiye Cumhuriyeti Devleti İsrail'le ilişkisini tamamen dondurmuş ve tüm dünya ülkelerine baktığınızda Filistinli kardeşlerine en çok yardım yapan ülkedir. Bu kararlılığımızdan asla ödün vermeyeceğiz. Ne pahasına olursa olsun Filistinli kardeşlerimizin yanında durmaya devam edeceğiz.

Linke tıklayınız;",1,1,1,1,0,3,3,3,1,0,2,2,2,1,0,3,3,3,1,0
csb_0354,CSB,bakanlık,kahramanmaras,3_inter_election,2023-09-09,"BAKAN ÖZHASEKİ: “SÖZ VERDİK SÖZÜMÜZÜ TUTUYORUZ”

Çevre, Şehircilik ve İklim Değişikliği Bakanı Mehmet Özhaseki, Kahramanmaraş merkezli iki büyük depremden etkilenen illerde yapılan sağlam ve güvenli konutlarının yakın zamanda vatandaşlara teslim edileceğini bildirerek, “Söz verdik, sözümüzü tutuyoruz. Deprem bölgesinde yapımına başladığımız konutlarımız hızla yükseliyor. Sağlam ve güvenli yuvalarımızın teslimine inşallah Kasım - Aralık aylarında başlıyoruz.” dedi.

Çevre, Şehircilik ve İklim Değişikliği Bakanı Mehmet Özhaseki, Kahramanmaraş merkezli meydana gelen depremlerden etkilenen illerde yapımına başlanan yeni, sağlam ve güvenli konutların inşaatının hızla yükseldiğini söyledi. 6 Şubat’tan bu yana deprem bölgesinde kaydedilen ilerlemeye dikkat çeken Bakan Özhaseki, resmi sosyal medya hesabından yaptığı paylaşımda, “Söz verdik, sözümüzü tutuyoruz. Deprem bölgesinde yapımına başladığımız konutlarımız hızla yükseliyor. Sağlam ve güvenli yuvalarımızın teslimine inşallah Kasım-Aralık aylarında başlıyoruz” ifadelerine yer verdi.

200 BİN KONUT VE KÖY EVİNİN İNŞAATI YÜKSELİYOR

Çevre, Şehircilik ve İklim Değişikliği Bakanlığı, Toplu Konut İdaresi Başkanlığı (TOKİ), Emlak Konut GYO ve Yapı İşleri Genel Müdürlüğü eliyle afet bölgesinde hayatın normale dönmesi için gece gündüz çalışmalarını sürdürüyor. Şehir merkezlerinde TOKİ tarafından fay kırıklarına uzak, sıvılaşma riskinin olmadığı sağlam zeminlerde depreme dayanıklı konutlar inşa edilirken, kırsal bölgelerde ise Yapı İşleri Genel Müdürlüğü tarafından yöresel ihtiyaçları karşılayacak şekilde sağlam köy evleri yapılıyor. Şu ana kadar deprem bölgesinde inşaatına başlanılan 200 bini aşkın konut ve köy evinin yapımı aralıksız devam ediyor. Deprem bölgesinde toplamda 680 bin konut ve köy evi ile 170 bin iş yeri, ahır ve depo olmak üzere 850 bin bağımsız birim inşa edilecek.

Deprem bölgesinde ihtiyaca göre belirlenen konut ve köy evi sayısı ise şu şekilde:

Hatay: 220 bin 66 konut ve 34 bin 129 köy evi ile toplamda 254 bin 195 ev

Kahramanmaraş: 82 bin 104 konut ve 30 bin 310 köy evi ile toplamda 112 bin 414 ev

Malatya: 77 bin 717 konut ve 25 bin 302 köy evi ile toplamda 103 bin 19 ev

Adıyaman: 41 bin 171 konut ve 23 bin 640 köy evi ile toplamda 64 bin 811 ev

Gaziantep: 29 bin 315 konut ve 12 bin 607 köy evi ile toplamda 41 bin 922 ev

Şanlıurfa: 13 bin 782 konut ve 3 bin köy evi ile toplamda 16 bin 782 ev

Adana: 18 bin 583 konut ve 2 bin 438 köy evi ile toplamda 21 bin 21 ev

Osmaniye: 13 bin 646 konut ve 6 bin 856 köy evi ile toplamda 20 bin 502 ev

Elazığ: 20 bin 261 konut

Kilis: 733 konut ve 2 bin 628 köy evi ile toplamda 3 bin 361 ev

Diyarbakır: 19 bin 351 konut ve 2 bin 361 köy evi ile toplamda 21 bin 712 ev",3,3,3,1,0,3,3,3,1,0,2,2,2,1,0,0,0,0,1,0
kmaras_bld_0549,Kahramanmaraş Belediye,belediye,kahramanmaras,3_inter_election,2023-07-28,"Başkan Güngör ile bir araya gelen Adalet Bakanı Yılmaz Tunç, “Depremde zarar gören şehirlerimizin yeniden inşa süreci ile afet riskine karşı dayanıklı şehirler oluşturmamız en önemli hedeflerimizden. Bu hedefi gerçekleştirmek için de tüm konuların önüne bunu alıyoruz” dedi.

Kahramanmaraş Büyükşehir Belediye Başkanı Hayrettin Güngör, çeşitli ziyaretlerde bulunmak üzere şehre gelen Adalet Bakanı Yılmaz Tunç’u makamında ağırladı. Valilik ve AK Parti İl Teşkilatı ziyaretinin ardından Cuma Namazı çıkışında Aşure Dağıtımı Programı’na katılan Bakan Tunç, daha sonra Büyükşehir Belediyesi’ni ziyaret etti. TBMM Tarım, Orman ve Köyişleri Komisyonu Başkanı Prof. Dr. Vahit Kirişci, Vali Ömer Faruk Coşkun, AK Parti Kahramanmaraş Milletvekilleri Ömer Oruç Bilal Debgici, Mevlüt Kurt ve Prof. Dr. Mehmet Şahin, İl Jandarma Komutanı Albay Tolga Yağan ve AK Parti İl Başkanı Fırat Görgel’in de yer aldığı ziyarette Adalet Bakanı Yılmaz Tunç, şehirde yürütülen çalışmalara ilişkin Başkan Güngör’den bilgiler aldı.

Afete Dayanıklı Şehirler

Gerçekleştirilen toplantı sonrası açıklamalarda bulunan Adalet Bakanı Yılmaz Tunç, “Depremde hayatını kaybeden vatandaşlarımıza Allah’tan rahmet, yakınlarına baş sağlığı diliyorum. Şehrimizin, ülkemizin başı sağ olsun. Sayın Cumhurbaşkanımızın liderliğinde, deprem bölgesindeki şehirlerimizi yeniden ayağa kaldırmak için gayret ediyoruz. Depremde zarar gören şehirlerimizin yeniden inşa süreci ile afet riskine karşı dayanıklı şehirler oluşturmamız en önemli hedeflerimizden. Bu hedefi gerçekleştirmek için de tüm konuların önüne bunu alıyoruz” ifadelerini kullandı.",2,2,2,1,0,2,2,2,1,0,1,1,1,1,0,0,0,0,1,0
adiyaman_val_028,Adıyaman Valiliği,valilik,adiyaman,3_inter_election,2023-07-03,"Adıyaman’da göreve başladığı günden bu yana sorunların yerinde tespiti ve çözümü için bir taraftan ilçe ziyaretlerini gerçekleştirirken diğer taraftan da kurumları ziyaret ederek brifing almaya başlayan Vali Dr. Osman Varol, kurum ziyaretleri kapsamında İl Jandarma Komutanlığını ziyaret ederek brifing aldı. 

İl Jandarma Komutanlığına gelişinde Vali Osman Varol’u İl Jandarma Komutanı Albay Ferdi Erbakıcı, Komutan Yardımcıları ve Şube Müdürleri karşıladı. 
Tören mangasını selamladıktan sonra Jandarma’nın şeref defterini imzalayan Vali Osman Varol, İl Jandarma Komutanı Albay Ferdi Erbakıcı’yla bir süre görüştükten sonra il genelinde Jandarma’nın sorumluluk alanında yapılan çalışmalar, personel durumu ile kırsal kesimdeki genel asayiş uygulamaları hakkında brifing aldı. 

Kahramanmaraş merkezli depremlerden en çok etkilenen Adıyaman’da il merkezi ve ilçelerdeki konteyner kentleri ziyaret ederek, vatandaşın ihtiyaç ve taleplerini tespit eden Vali Osman Varol, “Öncelikle ilimizin ihtiyaçlarının karşılanması ve sorunlarının çözümü noktasında bugün İl Jandarma Komutanlığımızdan başlayarak brifing almaya başladık. Adıyamanlı vatandaşlarımızın huzur ve güvenliğini sağlamak için mesai mefhumu gözetmeden, gece gündüz demeden özveriyle görev yapan Jandarma personelimize teşekkür ediyor çalışmalarında başarılar diliyorum”dedi.",0,0,0,1,0,1,1,1,1,0,0,0,0,1,0,0,0,0,1,0
csb_0246,CSB,bakanlık,kahramanmaras,3_inter_election,2023-06-09,"BAKAN ÖZHASEKİ, KAYSERİ'DE ""SANAYİCİ VE İŞ ADAMLARI BULUŞMASI""NA KATILDI

Çevre, Şehircilik ve İklim Değişikliği Bakanı Mehmet Özhaseki, Kahramanmaraş merkezli depremlerde oluşan konut ihtiyacına ilişkin “680 bin konut yıkılmış. 170 bin de iş yeri, depo, ahır, tek katlı köy evi yıkılmış. Yani 850 bin tane bizim yapmak zorunda olduğumuz ev, iş yeri var. Bunların altyapısını da yapacağız."" dedi.

Çevre, Şehircilik ve İklim Değişikliği Bakanı Mehmet Özhaseki, Kayseri Büyükşehir Belediyesinin ev sahipliğinde düzenlenen ""Sanayici ve İş Adamları Buluşması""na katıldı. Bakan Özhaseki yaptığı konuşmada önceki günlerde iki seçim atlattıklarını söyledi.

Cumhur İttifakı olarak ilk seçimde yüzde 50'nin üzerinde oy almayı ümit ettiklerini aktaran Bakan Özhaseki, çok gayret etmelerine ve kol kola girmelerine rağmen bunun olmadığını anlattı.

Bakan Özhaseki, geleneklerinde çok güzel bir söz olduğunu dile getirerek, sözlerini şöyle sürdürdü:

""O söz de 'Vuku bulanda hayır vardır.' Böyle söyledik, devam ettik. İkinci seçimle yüzde 50'yi geçtik. Hamdolsun yine Cumhur İttifakı olarak ipi göğüslemiş olduk. Ne hayır vardı derseniz, dışarıda durmadan vermeye çalıştıkları algı, aslı böyle olmasa da 'tek adam rejimi, diktatörlük, orada bir kişi ne derse o oluyor, adalet falan yok ki, ne hakimi canım, hakimler kul köle', hepsi iftira bunların. Bunu bir kez daha görmüş olduk. Eğer diktatörlük olsaydı yüzde 65-70'lerde zaten ilk tur biterdi. Türkiye'de şeffaf bir seçim oldu. Demokrasinin kurallarının hakkıyla oturduğu tüm dünyaya ilan edilmiş oldu. Bir de çok şükür güçlü Türkiye imajı bir kere daha oturdu. Eskiden üzerinde oyunlar oynanan bir Türkiye olmaktan, Batı aleminin gözüne bakarak ne isterlerse yapılan bir ortamdan şimdi güçlü bir liderliğin ve milletin arkasında olduğu bir liderliğin inşallah inşa edileceği yüzyıla doğru girileceği bir dönem başlıyor. Bundan dolayı da mutluyuz.""

Seçimde Kayserili hemşerilerinin AK Parti'ye 5 milletvekili verdiğini anlatan Bakan Özhaseki, ""Cumhur İttifakı'na 7 milletvekili verdiler. İnşallah 8'incisi ben olacağım. Bugün de eğer müsaade ederseniz daha önceki dönemlerde yaşayamadığımız bir şeyin hasretiyle söylüyorum, Kayseri'deki 10 arkadaşımız eğer kol kola girerlerse, Kayseri meselesi olduğunda 'hep beraber olalım' derlerse, muhalif kanatta da olduğu halde Kayseri'yi kötülemekten vazgeçerlerse evet 10 milletvekiliyiz, ben de 11'inci kişi olarak destek vermeye devam edeceğim."" diye konuştu.

""Değişik formüller var""

Bakan Özhaseki, 6 Şubat'taki Kahramanmaraş merkezli depremlere değinerek, ""asrın afeti"" denen depremin bu topraklarda kurulan bin yıllık medeniyetin karşılaştığı en büyük afet olduğunu belirtti.

Depremden 11 ilin etkilendiğini kaydeden Bakan Özhaseki, şöyle konuştu:

""14 milyon insan bundan etkilenmiş. 100 kadar ilçemiz, 1000'e yakın köyümüz ve yıkılan bina sayısı, dün aldım rakamları bir daha, çünkü itirazlar oluyor, mahkemelerin verdiği kararlar var, ara ara değişebiliyor, 680 bin konut yıkılmış. 170 bin de iş yeri, depo, ahır, tek katlı köy evi yıkılmış. Yani 850 bin tane bizim yapmak zorunda olduğumuz ev, iş yeri var. Bunların altyapısını da yapacağız. Bunların hepsinin maddi zararı 100 milyar dolar civarında. İnsanların bir kısmı çadırdalar, bir kısmı konteyner kentteler. Oradan da haliyle bir an önce çıkmak istiyorlar. Diyorlar ki 'acele evlerimizi yapın, verin.' Bunlar yapılacak, çaresi yok.""

Bu yükün altından kalkacaklarını vurgulayan Bakan Özhaseki, ""Değişik formüller var. O formülleri geliştiriyoruz zaten. İnşallah söz verdiğimiz gibi 300 binden fazla konutu bir yıl içinde, ondan sonra 1,5 ve 2 yıla kalmadan da diğer bütün konutları bitirip herkesi evlerine kavuşturacağız. Benim bulduğum yeni formüller var, çalıştığım. Çarşamba günü kabine toplantımız var. Sayın Cumhurbaşkanımıza arz edeceğim orada. Eğer arkadaşlarımız da uygun görürlerse o formüller devreye girdiğinde çok daha kısa süre içerisinde inşallah bütün hak sahiplerine haklarını vermiş olacağız."" diye konuştu.",1,1,1,1,0,3,3,3,1,0,1,1,1,1,0,0,0,0,1,0
csb_0890,CSB,bakanlık,adiyaman,5_post_local,2024-11-24,"BAKAN KURUM TÜRKİYE’NİN EN BÜYÜK ŞANTİYESİ İNDERE’DE İNCELEMELER YAPTI

Çevre, Şehircilik ve İklim Değişikliği Bakanı Murat Kurum, Adıyaman temasları kapsamında Türkiye’nin en büyük şantiyesinin kurulu olduğu İndere bölgesinde incelemelerde bulundu.

Çevre, Şehircilik ve İklim Değişikliği Bakanı Murat Kurum, Adıyaman programı kapsamında Türkiye’nin en büyük şantiyesinin kurulu olduğu İndere bölgesini ziyaret etti. Bu sırada Bakan Kurum’un yanına gelen bir hak sahibi “Büyük bir emek verilmiş burada. Bu dağı resmen delip geçtiler, hep kayaydı burası. Öncesini bilenler ve şimdiyi görenler nasıl büyük bir fark olduğunu anlar. Herkes adına size çok teşekkür ederim” dedi. Bakan Kurum da “Tüm annelerimizin yüzü gülene kadar çalışacağız” yanıtını verdi.

9 BİN İŞÇİ 7/24 MESAİDE

Çevre, Şehircilik ve İklim Değişikliği Bakanlığı’na bağlı Emlak Konut, İndere’de 16 bin 467 konut ve iş yeri yapıyor. Yaklaşık 9 bin işçi, 7/24 esasıyla çalışmalarını sürdürüyor. Bölgede 6 okul, aile sağlığı merkezleri ve ticari alanlar da yer alıyor.

“İNDERE ADIYAMAN’IN YENİ UYDU KENTİ OLACAK”

Bakan Kurum, dün Adıyaman’da Meydan ve Ticaret Merkezi Temel Atma Töreni’nde de İndere’yi “Adıyaman’a yakışacak 5 milyon metrekarelik devasa bir alandaki projemiz, şehrin yeni uydu kenti olacak. Türkiye'nin en büyük şantiyesi olan projemiz tamamlandığında 16 bin 400 ailemiz burada hayat sürecek. Şu ana kadar 7 bin ailemizin yuvalarını belirledik ve kalan konutlarımız için gece gündüz demeden çalışıyoruz” sözleriyle anlattı.

Linke tıklayınız;",1,1,3,0,2,1,3,1,0,2,1,1,1,1,0,0,0,0,1,0
csb_0647,CSB,bakanlık,kahramanmaras,5_post_local,2024-05-01,"MOĞOLİSTAN İNŞAAT VE KENTSEL KALKINMA BAKANI TSERENPİL DAVAASUREN: “TÜRKİYE’DEKİ İNŞAAT SEKTÖRÜ ALTYAPISI VE DEPREM SONRASI İZLEDİĞİNİZ KALKINMA POLİTİKANIZ GERÇEKTEN HAYRANLIK VERİCİ”

Çevre, Şehircilik ve İklim Değişikliği Bakanı Mehmet Özhaseki, Moğolistan İnşaat ve Kentsel Kalkınma Bakanı Tserenpil Davaasuren’i ağırladı. Bakan Davaasuren, “Türkiye’deki inşaat sektörü altyapısı ve deprem sonrası izlediğiniz kalkınma politikanız gerçekten hayranlık verici. Bu tecrübelerinizi bizimle paylaşırsanız, uygulayacağımız projelerde bunlara yer vermek istiyoruz.” dedi.

Bakan Mehmet Özhaseki, “TOKİ’mizin deprem bölgesinde yapmış olduğu evlerden hiçbirisi yıkılmadı. Bu, işimizi ne kadar itinayla yaptığımızın ve teknolojiye ne kadar hakim olduğumuzun bir işareti. Güvenli şehirler oluşturabilmek adına ülkemiz büyük tecrübelere sahip. Bu tecrübeleri dost ülke Moğolistan ile paylaşmaya hazırız.” ifadelerini kullandı.

Çevre, Şehircilik ve İklim Değişikliği Bakanı Mehmet Özhaseki, Moğolistan İnşaat ve Kentsel Kalkınma Bakanı Tserenpil Davaasuren ile beraberindeki heyeti makamında kabul etti. Heyetler arası yapılan görüşmede; iki ülke arasında konut alanında iş birliğini geliştirmek ve güçlendirmek amacıyla “Konut Alanında İş Birliği Yapılmasına Dair Mutabakat Zaptı” imzalandı. İmzalanan mutabakat zaptı ile Türkiye, TOKİ Başkanlığı’nın sosyal konut projeleri ve konut sektörünün geliştirilmesine yönelik tecrübelerini Moğolistan ile paylaşacak.

“DEPREM BÖLGESİNDE BU YIL YAPACAĞINIZ KONUT SAYISI MOĞOLİSTAN’IN TÜM İHTİYACI KADAR”

Moğolistan İnşaat ve Kentsel Kalkınma Bakanı Davaasuren, görüşmede Türkiye’nin şehircilik ve konut yapımı alanındaki tecrübelerinden yararlanmak istediklerini ifade etti. Türkiye’nin deprem bölgesinde bu yıl yapacağı konut sayısının Moğolistan’ın tüm ihtiyacı kadar olduğunu belirten Bakan Davaasuren, “Türkiye’deki inşaat sektörü altyapısı ve deprem sonrası izlediğiniz kalkınma politikanız gerçekten hayranlık verici. Sizin deprem sonrası yapacağınız konut sayısı, aslında Moğolistan’ın genel ihtiyacı olan konut sayısı. Sizler, deprem sonrasında yeni politikalar, projeler ve uygulamalar yaptınız. Bu tecrübelerinizi bizimle paylaşırsanız, biz de uygulayacağımız projelerde bunlara yer vermek istiyoruz.” diye konuştu.

“GÜVENLİ ŞEHİRLER OLUŞTURABİLMEK ADINA ÜLKEMİZ BÜYÜK TECRÜBELERE SAHİP”

Çevre, Şehircilik ve İklim Değişikliği Bakanı Mehmet Özhaseki ise 6 Şubat Kahramanmaraş merkezli depremlere vurgu yaparak, “TOKİ’mizin deprem bölgesinde yapmış olduğu evlerden hiçbirisi yıkılmadı. Bu, işimizi ne kadar itinayla yaptığımızın ve teknolojiye ne kadar hakim olduğumuzun bir işareti. Güvenli şehirler oluşturabilmek adına ülkemiz büyük tecrübelere sahip.” dedi. Ortak birtakım projelere de imza atılacağını kaydeden Bakan Özhaseki, “Özellikle dar gelirli ailelere yönelik sosyal konut projeleri hususunda tecrübeye sahibiz. Ayrıca, inşaat ve yapı denetim konusunda da dünyaya örnek oluyoruz. Kurumsal altyapının oluşması noktasında düşündüklerimizi ve birikimlerimizi dost ülkemiz Moğolistan ile paylaşmaya hazırız.” diye konuştu.

Konuşmaların ardından iki Bakan, Türkiye ve Moğolistan arasında konut alanında iş birliğini geliştirmeyi ve güçlendirmeyi amaçlayan “Konut Alanında İş Birliği Yapılmasına Dair Mutabakat Zaptı”nı imzaladı.",1,1,1,1,0,3,3,3,1,0,2,2,2,1,0,0,0,0,1,0
kmaras_bld_0274,Kahramanmaraş Belediye,belediye,kahramanmaras,2_pres_campaign,2023-05-12,"Büyükşehir Belediyesi, akşam saatlerinde aniden etkisini artıran sağanak yağışın yol açtığı tahribatları ortadan kaldırmak için çalışmalarını kesintisiz sürdürüyor.

Kahramanmaraş Büyükşehir Belediyesi, akşam saatlerinde aniden etkisini artıran sağanak yağışa karşı teyakkuza geçti. Fen İşleri Dairesi Başkanlığı koordinesindeki ekipler; yağışın çevreye verdiği hasar ve tahribatları ortadan kaldırmak ve arterlerdeki su tahliyesini sağlamak için onlarca iş makinesi ve personelle derhal çalışmalara başladı. Yoğun bir şekilde sürdürülen çalışmalarla, sağanak yağışın cadde ve sokaklarda bıraktığı alüvyon ve molozlar iş makineleriyle temizlenirken, arterlerde biriken yağmur sularının da tahliyesi gerçekleştirildi. Büyükşehir Belediyesi’nden yapılan açıklamada, sağanak yağışın yol açtığı tahribatların ortadan kaldırılması, arterlerin ulaşıma açık tutulması ve vatandaşların mağduriyet yaşamamaları noktasında ekiplerin teyakkuzda olduğu ve çalışmaların kesintisiz devam ettiği belirtildi.",1,1,1,1,0,0,0,0,1,0,0,0,0,1,0,0,0,0,1,0
csb_0051,CSB,bakanlık,hatay,1_post_quake,2023-03-03,"BAKAN KURUM: DEPREM BÖLGESİNE 405 BİN AFET KONUTU İLE 83 BİN KÖY EVİ YAPILACAK

Çevre, Şehircilik ve İklim Değişikliği Bakanı Murat Kurum, “asrın felaketi” olarak nitelendirilen Kahramanmaraş merkezli depremlerden etkilenen illerde bugüne kadar 7 bini aşkın personelle 1 milyon 582 bin binada hasar tespit çalışması yaptıklarını belirterek, ""Bu çerçevede 4 milyon 859 bin bağımsız bölüm incelendi. Bu binalardan 214 bin 577 tanesinin acil yıkılacak, ağır hasarlı veya yıkık olduğunun tespitini yaptık ki bu da 608 bin bağımsız bölüme tekabül ediyor. Bu bağımsız bölümlerin 481 bini de konut içerikli binalarımızı oluşturuyor."" dedi.

Çevre, Şehircilik ve İklim Değişikliği Bakanı Murat Kurum, Cumhurbaşkanlığı Dolmabahçe Çalışma Ofisi'nde düzenlenen Türkiye Ulusal Risk Kalkanı Toplantısı'nın kapanışında konuştu. Bakan Murat Kurum konuşmasında, toplantıya katılan bilim insanlarının fikirleri, önerileri doğrultusunda Cumhurbaşkanı Recep Tayyip Erdoğan'ın liderliğinde şehirleri dirençli hale getirene kadar çalışmaları kararlı şekilde sürdüreceklerini söyledi.

İki deprem ve ardından yaşanılan artçı depremler sonrasında Cumhurbaşkanı Erdoğan'ın AFAD Başkanlığı'ndaki koordinasyonunda, ilgili bakanlarla birlikte süreci anbean sahadan takip ettiklerini belirten Bakan Kurum, ""İlk andan itibaren devletimiz bütün imkanlarıyla 11 ilimizde gerek arama kurtarma çalışmalarında ki toplamda 26 bin enkaz, 26 bin binadan bahsediyoruz. Bu çerçevede 35 bin 250 arama kurtarma personeli AFAD'ımızın koordinasyonunda tüm illerimizde eş zamanlı her saat, her dakika üstüne koya koya artırarak gitti. Arkadaşlarımız uyumadan, yemeden-içmeden vatandaşımızın yaralarını sarmak için mücadele verdi. Bu çerçevede valilerimiz, kaymakamlarımız, ilgili bakan arkadaşlarımız ve tüm ekiplerimizle birlikte 271 bin personelimiz sahadaydı. Bugüne kadar 624 bin vatandaşımız tahliye edildi. 18 bin iş makinesi de şu an fiilen alanda hizmet vermektedir."" diye konuştu.

Deprem bölgesindeki vatandaşların barınma ihtiyacının karşılanmasına yönelik çalışmalara değinen Bakan Kurum, şöyle devam etti:

""Vatandaşlarımızın geçici barınma ihtiyaçlarını karşılayabilmek amacıyla AFAD'la tüm illerde kurmuş olduğumuz koordinasyon merkezleriyle birlikte bugüne kadar 360 bin çadır kurulmuş ve bu çadırlarda 1 milyon 440 bin vatandaşımızın barınması sağlanmıştır. Yine aynı anlayışla konteyner kentlerimizi kuruyoruz. AFAD'ımız, TOKİ'miz, Emlak Konut'umuz, belediyelerimiz, buradaki bağışçılarımız, sivil toplum örgütlerimizle birlikte gerek prefabrik, gerek çelik, gerek konteyner, gerek yığma malzemelerden tüm illerimizde Hatay'ımızda, Malatya'mızda, Kahramanmaraş'ımızda, Gaziantep'imizde konteyner kentlerinin kurulumunu başlattık ve ne kadar ihtiyaç varsa yine koordinasyon içerisinde süreçlerimizi yürütüyoruz. Vatandaşımızı bir an önce daha güvenli alanlara çekebilmek adına yapılarımızın hızlı bir şekilde inşasını gerçekleştiriyoruz.""

""608 bin bağımsız bölüm acil yıkılacak, ağır hasarlı veya yıkık""

Deprem bölgesindeki hasar yoğunluğunu harita üzerinden göstererek anlatan Bakan Kurum, ""Bu harita yıkımın fay hattı üzerindeki yoğunlaşmasını net bir şekilde gösteriyor. Burada mor ile işaretlediğimiz yerler, yoğun olarak yıkımın yaşandığı bölgeleri gösteriyor. Hatay Antakya'yla başlayıp buradan Kırıkhan, Hassa, İslahiye, Nurdağı, Türkoğlu, Dulkadiroğlu, Pazarcık merkez, Gölbaşı, Adıyaman merkez, Doğanşehir ve Battalgazi'deki aslında yıkımın yoğunluğunu bu tablo net bir şekilde gösteriyor."" değerlendirmesinde bulundu.

Bakan Kurum, hasar tespitleriyle birlikte yıkımların yoğun yaşandığı yerlerdeki fay hatlarını, buraların fay hatlarına olan mesafesini ve zeminin kalitesini incelediklerini, Maden Tetkik Arama Genel Müdürlüğü ile Enerji ve Tabii Kaynaklar Bakanlığıyla fay hatlarının tespitini ve dijitalleşmesini sağladıklarını, binaların yıkım nedenlerini tespit ederek haritalara işlediklerini anlattı.

Binaların yoğun olarak yıkıldığı yerlerin eski yerleşim alanlarında olduğunu tespit ettiklerini vurgulayan Bakan Kurum, ""Bugüne kadar 7 bini aşkın personelimizle yapmış olduğumuz hasar tespit çalışmalarında toplam 1 milyon 582 bin binada tespit yapıldı. Bu çerçevede 4 milyon 859 bin bağımsız bölüm incelendi. Bu binalardan 214 bin 577 tanesinin acil yıkılacak, ağır hasarlı veya yıkık olduğunun tespitini yaptık ki bu da 608 bin bağımsız bölüme tekabül ediyor. Bu bağımsız bölümlerin 481 bini de konut içerikli binalarımızı oluşturuyor."" bilgisini paylaştı.

Bakan Kurum, depremde tescilli ve tarihi yapıların da zarar gördüğünü, Hatay'daki Ulu Cami, Adıyaman'daki Ulu Cami, Aziz Nikola Rum Ortodoks Kilisesi, Darb-ı Sak Kalesi ve Gaziantep Kalesi gibi birçok tarihi eserin de yıkıldığını, Kültür ve Turizm Bakanlığının bunlarla ilgili sahada çalışma yaptığını aktardı.

Yıkılan binalara değinen Bakan Kurum, şunları kaydetti:

""Yıkılan binaların yüzde 96,69'unun da 99 öncesi yapılan yapılar olduğunu görüyoruz. Yeni yönetmeliğe göre, yani 2002'deki yapılan düzenlemeler, yapı denetim sistemindeki düzenlemeler, yeni deprem yönetmeliğiyle birlikte yapmış olduğumuz düzenlemeler çerçevesinde yıkılan binaların sadece yüzde 3,3'ünün 99 sonrası yapılan yapılar olduğunu görüyoruz ki yine bu binalarda 145 bin vatandaşımızın yaşadığını tespit ettik. Yine burada aslında 1998 öncesi yapılar ile sonrası yapıların yıkım karşılaştırmasını görebiliyoruz. Kahramanmaraş merkeze baktığımızda aslında burada 2004'teki yerleşimle 2022'deki yerleşimdeki uydu haritalarını kıyas ettiğimizde 99 öncesi yapıların yoğun bir şekilde yıkıldığını görüyoruz. Yine aynı durumu Hatay için inceleyecek olursak, 2006'daki Hatay'ımızın yerleşimine baktığımızda 2023'teki yerleşimdeki yoğun yıkımın yine eski yapıların olduğu alanda, sıvılaşmanın ve zemin kalitesinin düşük olduğu alanda olduğunun tespitini yapmış olduk.""

Binaların yıkılma nedenleri

Bakan Kurum, binaların yıkılma nedenlerini teşhis etmek için sahada fiilen çalıştıklarını ve daha önce 1 milyon 180 bin konutu inşa ettikleri anlayışla yeni yerleşim alanlarını da yapacaklarını vurgulayarak, sözlerini şöyle sürdürdü:

""Burada fay hattına olan mesafesini, zemindeki sıvılaşmayı, yine seçim noktasında sıvılaşma kaynaklı yıkımın olup olmadığının tespitlerini yapıyoruz. Binaların yerleşim noktasında en doğru yere yerleşmesiyle ilgili hocalarımızla, bilim insanlarımızla beraber bu çalışmaları yürütüyoruz. Yıkım nedenlerine baktığımızda, tasarımdaki ve işçilikteki hataların da yıkıma sebebiyet verdiğini sahadaki tespitlerde görüyoruz. Kolon kiriş birleşimlerindeki sıklaştırmaların olmadığı, nervürlü demirlerin kullanılmadığı alanlarda yoğun yıkımın yaşandığının tespitini yaptık. Yine bodrum katlardaki pencere açımı gibi yanlış kullanımların da yıkıma sebebiyet verdiğini görüyoruz.""

AFAD koordinasyonunda tüm illerde aynı anda enkaz kaldırma çalışmaları yürütüldüğünü anlatan Bakan Kurum, illerdeki koordinasyon gruplarıyla birlikte tüm çevresel tedbirleri aldıklarına, buradan çıkan malzemelerin tamamını geri dönüşüme tabi tutarak hem ekonomiye katkı sağlayacaklarına hem de çevresel kirliliğe sebebiyet vermeyeceklerine dikkati çekti.

""Yeni yerleşim yerlerinde afet riskini ve fay hattına mesafesini tespit ediyoruz""

Depremden etkilenen illerin öncesi ve sonrasına ilişkin uydu görüntülerinin yıkımı net bir şekilde gösterdiğini dile getiren Bakan Kurum, ""Gerçekten fay hattı üzerindeki yerleşim yerlerini ciddi manada etkiledi. Yine burada 2015 ve 2023 arasında depremden sonraki yıkım uydu görüntülerini kıyasladığımızda Hatay'da bilhassa Antakya'da, Kırıkhan'da ne kadar yoğun bir yıkım yaşandığını da bu tablo bize göstermektedir. Neredeyse bu alanın tamamının yıkıldığını görüyoruz. Kahramanmaraş için de çalışmalar yaptık. Burada da 2014 ve 2023 yılları arasındaki uydu görüntülerini kıyasladığımızda şehrin merkezinde, eski yapılarımızın yoğun olduğu yerlerde yoğun bir yıkımın yaşandığını net bir şekilde görüyoruz."" değerlendirmesinde bulundu.

Bakan Kurum, bilimin ve kültürün ışığında, buradaki tarihi eserleri merkeze alacak, yeniden restorasyonunu gerçekleştirecek ve bu merkezlerde en doğru yerde en doğru yerleşimi yapacak şekilde deprem bölgesindeki çalışmaları bilim insanlarıyla yürüttüklerinin altını çizdi.

Depremden etkilenen illerde yaptıkları etüt çalışmalarına ilişkin görselleri paylaşan Bakan Kurum, şunları kaydetti:

""Yeni yapılacak yerlerdeki afet riskini gerek heyelan, gerek sıvılaşma gerekse fay hattına olan mesafesini tespit ediyor ve yıkılan alanların morfolojik, jeolojik, jeofizik mühendislerimizle, bilim insanlarımızla her türlü etüdünü, burada arazi kullanımı noktasında mikro bölgeleme etüt çalışmalarımızı da yapıyoruz. Bu çalışmalarla en doğru zemini tespit ediyoruz. Planlama ve tasarımı yaparken de vatandaşımızı bir an önce sağlam, güvenli yuvalarına kavuşturma amacıyla çalışıyoruz. Rezerv alandan konut yapım süreçlerini başlattık. Rezerv alanları yaptıktan sonra da şehrin içinde şehrin dokusunu, kültürünü, demografik yapısını, buradaki sosyal yapıyı ve ihtiyaçları içerecek tasarımlar yapıyor ve şehrin yerleşime uygun alanlarında çalışmalarımızı yürütüyoruz. Radye temel üzerine tünel kalıp veya perdeleme sisteminin yoğun bir şekilde statik hesaplarda dikkate alındığı şekliyle çalışmalarımızı yürüteceğiz.""

''Konutlar zemin artı 3-4 katı geçmeyecek anlayışla yapılacak''

Bakan Kurum, Cumhuriyet tarihinin en büyük afet konut yapım seferberliği kapsamında 405 bin afet konutunun yapımını başlattıklarını kaydederek, illerde bulunan 83 bin köy evinin de tespit çalışmalarını yürüttüklerini söyledi.

Bu çalışmaları sahadaki zemin etüt ekipleri ve hocalarla eş güdüm içerisinde yaptıklarını aktaran Bakan Kurum, ""21 Şubat'ta başladığımız sürecimizde bugüne kadar 16 bin ki bugünkü tarihle birlikte bildiğim kadarıyla 21 bine ulaştı, 21 bin afet konutumuza da sözleşmelerimizi yapıp ilk kazmalarımızı vurmuş oluyoruz."" dedi.

Bakan Kurum, bunları yaparken şehrin büyüme aksı öngörüsü ve 50 yılını hesaplayacak şekliyle tasarladıklarını belirterek, Adıyaman Örenli'de çok uygun bir zeminde, yine Gaziantep Şehitkamil'de, İslahiye'de ve Nurdağı'nda bu çalışmaları yürüttüklerinin bilgisini verdi.

Hatay İskenderun'da sağlam zeminleri buldukları alanlarda yeni yerleşim alanlarını belirleyerek buralarda kentsel tasarımlarını yürüttüklerini aktaran Bakan Kurum, bu rezerv alanlarının dışında da şehrin merkezindeki kentsel tasarımları başlattıklarını, şehrin ileri gelenleriyle, sanayicisiyle, belediye başkanıyla, milletvekiliyle tüm sivil toplum örgütleriyle toplantılar yaptıklarını, onların önerilerini dikkate aldıklarını söyledi.

Bakan Kurum, yeni yapılacak konutlara ilişkin şu bilgileri paylaştı:

""Yatay mimari esaslı yürüteceğiz. Mahalle kültürünü, komşuluk ilişkisini yaşatacak şekilde zemin artı 3-4 katı geçmeyecek anlayışla yapılacak ve bu çerçevede kat planlarını, tip dairelerimizin örneklerini de görselini paylaştığımız anlayışla yapacağız. Yine burada köyde yaşayan vatandaşlarımızı da brüt 130 metrekare, neti de 105 metrekare olan balkonuyla, yine terasıyla vatandaşlarımızın ihtiyaçlarını giderecek anlayışla yapıyoruz. Bu tipleri de yöresel ihtiyaçlara ve oradaki mimariye uygun şekilde kaplamalarını yapacağız. Bir yerde cumbasını yapacağız. Bir yerde taşını kaplayacağız ve bu anlayışla yürütüyor olacağız. Tip kat planlarımıza baktığınızda 3+1 daireler planlıyoruz ve 105 metrekare brüt, 85 metrekare neti olan, yine bölgenin ihtiyaçları doğrultusunda geniş balkonlu daireler planlandı ve bu çerçevede çalışmalar yürütülmektedir.""

İnşaat malzemesi tedarik zinciri oluşturuldu

İnşaat malzemesi sektörüyle bir araya geldiklerini ve ilgili bakanlıklarla birlikte tüm malzemelere ilişkin tedarik zincirini bugünden itibaren kurduklarını aktaran Bakan Kurum, 13 milyon ton çimento, 4 milyon ton demir, 28 milyon metrekare seramik ile 28 milyon metreküp betonun kullanımı amacıyla tedarik zincirini oluşturdukları bilgisini verdi.

Bakan Kurum, Türkiye'nin bir deprem ülkesi olduğunu, bu depremlerde bugüne kadar Kahramanmaraş depremi de dahil edildiğinde 120 bini aşkın canın yitirildiğini ifade ederek, şöyle konuştu:

""Bugüne kadar 3,3 milyon konutun dönüşümü yerinde, hızlı ve vatandaşlarımızın rızası çerçevesinde yapılmıştır. Yine 20 yılda, tüm Türkiye'ye yaydığınız sosyal konut anlayışıyla birlikte bugüne kadar 1 milyon 180 bin sosyal konut yapılmıştır. Bugün 81 ilimizde, 922 ilçemizde kentsel dönüşüm çalışmaları çerçevesinde 250 bin konutun dönüşümü sahada fiilen devam etmektedir. Bu yapılan çalışmalarla 6,6 milyon ev ve iş yerinin denetimi tamamlanmış ve bu çerçevede sosyal donatılarıyla birlikte TOKİ'mizle, özel sektörümüzle yaptığımız işlerle birlikte yüzde 65'ini nüfusumuzun güvenli hale getirdik.""

""2035 yılına kadar tüm Türkiye'de dönüşüme girmemiş alan kalmasın istiyoruz""

Bakan Kurum, sözlerini şöyle sürdürdü:

""Devam eden kentsel dönüşüm konutlarımız 250 bin, sosyal konutlarımız 250 bin ve Pazarcık merkezli deprem sonrası yapılacak konut sayısının da 500 bin olduğunu düşündüğünüzde yaklaşık 1 milyon yeni konutun yapımını ve 1 milyon da arsa amaçlı tahsislerimizi de hesap ettiğinizde son bir yılda ülkemize 2 milyon yeni, sağlam, güvenli konut kazandırmış olacağız. 2035'e kadar tüm Türkiye'de dönüşüme girmemiş alan kalmasın istiyoruz.""

İstanbul'da da kentsel dönüşüm seferberliğine aynı azim ve kararlılıkla devam ettiklerini söyleyen Bakan Kurum, ""Bugüne kadar 695 bin konutun dönüşümünü sağladık ve 93 bin konutun dönüşümü fiilen sahada TOKİ'mizle, Kentsel Dönüşüm Genel Müdürlüğümüzle, Emlak Konut Genel Müdürlüğümüzle birlikte devam ediyor. Olası Marmara depremine karşı 39 ilçemizde kentsel dönüşüm çalışmaları sürmektedir."" dedi.",3,3,3,1,0,3,3,3,1,0,2,2,2,1,0,0,0,0,1,0
kmaras_val_369,Kahramanmaraş Valiliği,valilik,kahramanmaras,5_post_local,2024-09-18,"Tarım ve Orman Bakanlığı Tarım Reformu Genel Müdürlüğü tarafından Kırsal Dezavantajlı Alanlar Kalkınma Projesi kapsamında Türkoğlu İlçemizde Çilek Üreticileri Birliği adına % 75 hibe destekli Ön Soğutmalı Çilek Soğuk Odası yaptırıldı.
 
Valimiz Mükerrem Ünlüer, eşi Dr. Selma Ünlüer hanımefendi ile birlikte soğuk hava deposunu ziyaret ederek çilek bahçesini gezdi.
 
Vali Ünlüer ve eşi Dr. Selma Ünlüer hanımefendiye ziyaretlerinde, Türkoğlu Kaymakamı Mustafa Nevzat Mercan, İl Jandarma Komutanı Tuğgeneral Ali Gemalmaz, İl Emniyet Müdürü Nurettin Gökduman, Türkoğlu Belediye Başkanı Mehmet Karaca, İl Tarım ve Orman Müdürü Ramazan Bilir ve Ticaret Borsası Başkanı Mustafa Narlı eşlik etti.
 
Soğuk hava deposu ve faaliyetlere ilişkin bilgiler aktaran Tarım ve Orman Müdürü Ramazan Bilir, “Birliğin 35 üyesi ile birlikte yaklaşık 140 çiftçimiz çilek soğuk odasından faydalanacaklar. Üreticimizin tüccar karşısında elleri güçlenecek, sadece ilimiz ve çevre illere pazarladıkları çilekleri daha uzak illere pazarlayabilecekler, hatta ihracat imkanlarına da kavuşmuş olacaklardır.
Bakanlığımız Tarım Reformu Genel Müdürlüğü tarafından hibe olarak, kalan kısmı ise Birliğin öz kaynaklarından karşılanmıştır.” ifadelerini kullandı.
 
Bölgede çilek üretimi için önemli bir alanın bulunduğu ve bu anlamda üreticiye hibe desteğinin sağlanmasının önemine vurgu yapan Vali Ünlüer, “Çiftçilerimizi, devletin tüm imkanlarından faydalandırma gayretindeyiz. Kahramanmaraş, iklim koşullarına bakıldığında bir çok ürünün yetişme olanağına sahip bir şehir. Burada önemli tarımsal faaliyetler yürütülüyor. Bunların şehrimiz için büyük bir katma değer sağladığınının farkındayız. Depremler sonrası şehrimizde özellikle Türkoğlu bölgesinde topraklarda gözle görülür kaymalar ve sıkıntılar oluştu. Buna rağmen çiftçilerimiz üretmeye hayata tutunmaya devam ettiler. Üreticilerimize ve birliğimize bu anlamda hibe desteği sağlanan soğuk hava deposu çok önemli bir destek. Bu desteği sağlayan Bakanlığımıza ve il müdürlüğümüze teşekkür ediyorum. Çiftçilerimize hayırlı uğurlu olmasını diliyorum. Lütfen üretmeye ve çalışmaya devam edelim.” diye konuştu.
 
Üreticilerimiz ise nazik ziyaretleri ve verdiği destekten dolayı Valimiz Mükerrem Ünlüer’e, eşi Dr. Selma Ünlüer’e ve beraberlerindeki heyete teşekkür ettiler.",0,0,0,1,0,2,2,2,1,0,3,3,3,1,0,0,0,0,1,0
csb_0725,CSB,bakanlık,adiyaman,5_post_local,2024-07-11,"ÇEVRE, ŞEHİRCİLİK VE İKLİM DEĞİŞİKLİĞİ BAKANI MURAT KURUM, 6 ŞUBAT DEPREMLERİNİN BÜYÜK YIKIMA UĞRATTIĞI ŞEHİRLERDEN ADIYAMAN’DA

Çevre, Şehircilik ve İklim Değişikliği Bakanı Murat Kurum, deprem bölgesine yönelik yoğun mesaisini Adıyaman’da sürdürüyor. Program kapsamında Adıyaman Valiliğini ziyaret eden Bakan Kurum, 6 Şubat 2023 tarihinden bu yana deprem bölgesine yönelik inşa ve ihya çalışmalarını sürdürdüklerini kaydederek, “Valiliğimiz, Belediyemiz, STK’larımız ve vatandaşlarımızın desteğiyle, afetten bu yana depremzede kardeşlerimizin yaralarını sarmak ve onları yeni yuvalarına kavuşturmak için önemli mesafe kat ettik. Asrın felaketinden etkilenen Adıyaman’ımızı da her yönüyle kalkındırmaya devam edeceğiz. Şehrimizin, tarihi ve sosyal yapılarını ayağa kaldıracak, inşallah Adıyaman’ımızı, 2025 yılında eski canlılığına kavuşturacağız."" dedi.

Çevre, Şehircilik ve İklim Değişikliği Bakanı Murat Kurum, 6 Şubat depremlerinden etkilenen afet bölgelerine yönelik mesaisini sürdürüyor. Geçtiğimiz hafta Malatya, Kahramanmaraş ve Hatay’ı ziyaret eden Bakan Kurum, bugün depremden en çok etkilenen illerden biri olan Adıyaman’a geldi. Adıyaman Valiliğini ziyaret eden Bakan Kurum, Vali Osman Varol, Belediye Başkanı Abdurrahman Tutdere’nin yanı sıra milletvekilleri, ilçe belediye başkanları ve Bakanlık bürokratlarıyla Afet Koordinasyon Toplantısında bir araya geldi. Bakan Kurum, toplantıda, depremin ardından şehrin inşa ve ihya çalışmalarının yanı sıra, talep ve ihtiyaçları hakkında bilgi aldı.

“ADIYAMAN’IMIZI, HER YÖNÜYLE KALKINDIRACAĞIZ”

Toplantıda, birlik ve beraberlik vurgusu yapan Bakan Kurum, “Valiliğimiz, Belediyemiz, STK’larımız ve vatandaşlarımızın desteğiyle, afetten bu yana depremzede kardeşlerimizin yaralarını sarmak ve onları yeni yuvalarına kavuşturmak için önemli mesafe kat ettik. Asrın felaketinden etkilenen Adıyaman’ımızı da her yönüyle kalkındırmaya devam edeceğiz.” dedi.

""BİZE DÜŞEN ÇALIŞMALARI BİR AN ÖNCE BİTİRMEK, EKSİK VARSA TAMAMLAMAKTIR""

Bakan Murat Kurum, 6 Şubat 2023 tarihinden bu yana deprem bölgesine yönelik inşa ve ihya çalışmalarını sürdürdüklerini kaydederek, “Şehir merkezinde 4 bin 500 konut teslim edildi. Kırsalda, 39 bin 500 konutumuzun inşasına başladık. Bize düşen bu çalışmaları bir an önce bitirmek, eksik varsa tamamlamaktır. Şehrimizin, tarihi ve sosyal yapılarını ayağa kaldıracak, inşallah Adıyaman’ımızı, 2025 yılında eski canlılığına kavuşturacağız."" diye konuştu.",2,2,2,1,0,3,3,3,1,0,2,2,2,1,0,0,0,0,1,0
hatay_bld_0167,Hatay Belediye,belediye,hatay,3_inter_election,2024-01-02,"HBB, GEÇİCİ YAŞAM ALANLARINA ALT VE ÜSTYAPI DESTEKLERİNİ SÜRDÜRÜYOR

Hatay Büyükşehir Belediyesi ile Güney Kore Kosin Presbyterian Kiliseleri ve uluslararası yardım kuruluşu REMAR S.O.S. işbirliğiyle, Antakya EXPO Yolu üzerindeki (Eski Orman Genel Müdürlüğü civarında) iki farklı geçici yaşam alanın yapımı tamamlandı.

Depremin ilk gününden itibaren konteyner kentlere yönelik her türlü desteklerini sürdüren Büyükşehir Belediyesi, yer tahsisinde bulunduğu iki yaşam alanına; Fen İşleri Daire Başkanlığı ve HATSU koordinesinde ise alt ve üstyapı hizmetleriyle katkı sağladı.

HBB yetkilileri, saha düzenlemelerinden altyapı bağlantılarına kadar çeşitli çalışmalar yürüttüklerini belirtti. Ayrıca elektrik, su iletimi, aydınlatma lambaları, tel çit yapımı, parke ve şev taşı döşeme, peyzaj çalışmaları gerçekleştirdiklerini ifade etti.

Yuvarlak saclardan inşa edilen “REMAR S.O.S & HBB Yaşam Alanı” 100; her iklim şartlarına uygun malzemelerden yapılan “Güney Kore Kosin Presbyterian Kiliseleri & HBB Yaşam Alanı” ise 50 konuttan oluşuyor.

NOT: Haberin video ve fotoğraflarını aşağıdaki linklerden indirebilirsiniz:

FOTOĞRAF: https://we.tl/t-JNXx4e5b6j

VİDEO: https://we.tl/t-ltK59sto53",1,1,1,1,0,1,1,1,1,0,3,3,3,1,0,1,1,1,1,0
tccb_011,TCCB,cumhurbaskanligi,kahramanmaras,1_post_quake,2023-02-08,"Değerli Basın Mensupları, Büyük bir felaketle baş-başayız ve Pazartesi 04:17’de gerçekleşen deprem felaketi malum 10 vilayetimizi vurdu ve bu 10 vilayetimizin merkezi de burası, Kahramanmaraş’tı. Kahramanmaraş’ta bu deprem ilk adımını buradan yaşadık ve ondan sonra da dalga dalga malum 10 vilayetimizde bu gerçekleşti. Tabii şu an itibariyle ne yazık ki vefat edenlerin sayısı 8 bin 574, yaralı sayısı 49 bin 133, yıkılan bina sayısı 6 bin 444. Şunu özellikle ifade etmek istiyorum: Burada benim vatandaşlarımın, benim milletimin bugüne kadar bu tür felaketlerde gösterdiği sabır neyse, inanıyorum ki bu felakette de aynı sabrı şu ana kadar benim vatandaşım gösterdi, bundan sonra da yine gösterecektir. Bütün imkânlarımızı seferber ettik ve devlet tüm imkânlarıyla başta AFAD olmak üzere AFAD’ın koordinesinde bu çalışmalarını belediyelerle birlikte yürütmektedir, yürütüyor ve yürütecektir. Ve tüm illerimizde bakan arkadaşlarımla birlikte bu operasyonların koordinasyonunu yürütüyoruz, devletin kurumları hepsi iş başında. İlk gün tabii ki bazı sıkıntılar yaşandı, ama ondan sonra ikinci gün ve bugün duruma hâkimiyet tesis edildi. Ve bundan sonraki durum, zaten enkazlardaki çalışmalarımız devam ediyor, ama bir taraftan da enkaz kaldırma çalışmalarını Çevre Şehircilik Bakanlığımız inşallah yürütmeye başlayacak. Çünkü hedefimiz; inşallah 1 yıl içerisinde de aynen diğer felaketleri yaşadığımız illerde nasıl hemen Toplu Konut İdaresi olarak bu operasyonları yaptıysak, gerçekleştirdiysek, aynı şekilde Kahramanmaraş ve diğer 9 ilimizde de bunları gerçekleştireceğiz. Zira vatandaşlarımızın bizler asla sokakta kalmasına müsaade edemeyiz. Tabii ben buradan özellikle bir duyuruyu daha yapmak istiyorum; şu anda benim vatandaşlarımdan Antalya, Alanya, Mersin gibi illerimizde otellerle görüşmelerimizi yaptık ve bu görüşmelerle buralardaki otellerde kalma arzusunu ortaya koyan vatandaşlarım olursa, biz vatandaşlarımızı bu illerdeki otellere yerleştirmeye hazırız. Kendileriyle görüşmelerimizi yaptık ve çok ciddi sayıda da şu anda bir oda kapasitesine ulaştık. Vatandaşlarım olur ya, yani bu çadırlardan memnun olmayabilirler, ama Antalya, Alanya, Mersin, buralardaki otellere yerleşmeye evet derlerse, kendilerini oralara yerleştirmek suretiyle tüm imkânlarımızı orada da seferber edeceğiz; yeme, içme, yatma, her şey o otellerde karşılanacak ve bu konuda de her ildeki koordinasyon merkezlerimiz seferber olmuş durumdalar ve bu adımlarla işimizi çok daha kolaylaştırmış olacaklardır. Çünkü bizim de deprem bölgelerindeki çalışmalarımız çok daha hızlanacak, çok daha rahat hale gelecek. Şu ana kadar yaşadıklarımızı yaşamayacağız. Çünkü bazı her yerlerde ilk etapta havaalanlarında sıkıntılarımız oldu, yollarda sıkıntılarımız oldu, ama bugün daha rahatız, yarın daha rahat olacağız, daha sonra inanıyorum ki daha rahat olacağız. Ve akaryakıtta, vesaire bazı ufak tefek sıkıntılar yok değil var, onları da peyderpey aşıyoruz. Bu arada yine gerek Milangaz, gerek Aygaz, buralardan da sanayi tipi tüplerimiz, büyük tüplerimiz, piknik tüplerimiz ayrıca illerimize gelmeye başladı ve bu tüplerimizi de yine illerdeki koordinatörlerimiz dağıtımını yapmak suretiyle en azından bu çadırlardaki ısınma sıkıntısını da gidermiş olacaklar. Ben bu gösterdiğiniz ilgi-alakaya, özellikle AFAD’ın merkezinden yapılan, yapılacak olan açıklamalar dışında provokatörlere fırsat vermemenizi özellikle istiyorum ve basın mensubu arkadaşlarımın bu provokasyonlara fırsat verenlere onların fırsat vermemesini istiyorum. Çünkü bugün birlik olma zamanıdır, dayanışma zamanıdır. Ve bizler şu anda bütün imkânlarımızı seferber etmiş vaziyetteyiz. Ve inşallah şu an itibariyle bazı hazırlıkları yapıp hasar tespitleriyle birlikte de ailelere belli desteğimizi inşallah vereceğiz. Şu an itibariyle Hazine Maliye’den bu konuda belli bir bütçeyi ayırmış vaziyetteyiz. İnşallah bu bütçeyle beraber hasar tespitleriyle her ailemize inşallah onları bu süreçte rahatlatacak bir rakamı ki bunu inşallah 10 bin olarak şu anda planladık, 10 biner lira inşallah bu ailelere bizler şu anda Hükümet olarak ulaştıracağız. Ve onların bu geçiş döneminde sıkıntılarını giderelim istiyoruz. Çok teşekkür ediyorum. Sağ olun, var olun.",1,1,1,1,0,3,3,3,1,0,1,1,1,1,0,0,0,0,1,0
hatay_val_156,Hatay Valiliği,valilik,hatay,3_inter_election,2023-07-02,"Kurban Bayramı dolayısıyla İlimize gelen Sağlık Bakanımız Sayın Fahrettin KOCA ve Valimiz Mustafa MASATLI Antakya ilçemizde bulunan Hacı Cuma Kahraman Camii’nde Bayram namazını edâ ettiler.

Namaz sonrası Sayın Bakanımız ve Valimiz halkla bayramlaşarak Ülkemizin birlik ve beraberlik içerisinde nice bayramlara kavuşmasını temenni ettiler.

Ardından Asrın Felaketinde hayatlarını kaybeden vatandaşlarımızın defnedildiği Narlıca Mezarlığını ziyaret eden ve deprem şehitlerimize Yüce Allah’tan rahmet dileyerek, yakınlarını kaybeden vatandaşlarımıza da taziyelerini ileten Bakanımız Sayın Fahrettin KOCA ve Valimiz Mustafa MASATLI daha sonra Antakya Şehitliğinde, Vatan ve Bayrak uğruna canlarını feda eden Aziz Şehitlerimizin kabirlirine tek tek ziyaret ederek karanfil bıraktı.

Daha sonra deprem sonrası vatandaşlarımızın barınma ihtiyaçlarını karşılamak amacıyla İlimizde kurulan Konteyner Kentlerle, Çadır Kentleri ziyaret ederek depremzede vatandaşlarımızın bayramlarını kutlayan Sayın Bakanımız ile Valimiz, Devletimizin, kadim şehir Hatay’ımızı ayağa kaldırmak için tüm imkanlarını seferber ettiğini belirtti.

Son olarak yaşanan deprem felaketi sonrasında sağlık ihtiyacını karşılamak amacıyla Sayın Cumhurbaşkanımız tarafından hizmete açılan Defne Devlet Hastanesi ile yapımına devam edilen İskenderun Devlet Hastanesini ziyaret eden Bakanımız Sayın Fahrettin KOCA ile Valimiz Mustafa MASATLI, çalışmalar hakkında yetkililerden detaylı bilgi aldılar.",0,0,0,1,0,3,3,3,1,0,1,1,1,1,0,0,0,0,1,0
csb_0583,CSB,bakanlık,hatay,4_local_campaign,2024-03-20,"BAKAN MEHMET ÖZHASEKİ: “30 BİN 723 AFET KONUTUNU DAHA HAK SAHİPLERİNE TESLİM ETTİK”

Cumhurbaşkanı Recep Tayyip Erdoğan’ın canlı bağlantı ile katılımıyla düzenlenen törenle 30 bin 723 afet konutunun daha teslimi gerçekleştirildi. Yeni evlerine kavuşan depremzedeler büyük sevinç yaşadı. Çevre, Şehircilik ve İklim Değişikliği Bakanı Mehmet Özhaseki, “11 ilimizde yapımı tamamlanan 30 bin 723 afet konutu ve köy evinin daha kura çekimini yaparak hak sahiplerine teslim ettik.” dedi.

Çevre, Şehircilik ve İklim Değişikliği Bakanlığı tarafından, 6 Şubat depremlerin hemen ardından yapımına başlanılan ve depremin birinci yılında tamamlanarak teslim edilen 46 bin afet konutunun ardından, bugün de 30 bin 723 konut ve köy evi daha depremzedelere teslim edildi.

Cumhurbaşkanı Recep Tayyip Erdoğan’ın da canlı bağlantıyla katıldığı törende Hatay’da konuşan Bakan Mehmet Özhaseki, depremin ilk gününden itibaren bölgenin ayağa kaldırılması için gece gündüz demeden çalıştıklarını söyledi. İnşaatına başlanılarak bir yılda yapımı tamamlanan 46 bin afet konutunun hak sahiplerine teslim edildiğini hatırlatan Bakan Özhaseki, bugün de Toplu Konut İdaresi (TOKİ) eliyle yapılan 28 bin 344 konut ve Yapı İşleri Genel Müdürlüğü tarafından yapılan 2 bin 379 köy evi olmak üzere toplamda 30 bin 723 kalıcı konut ve köy evinin daha hak sahiplerine teslim edildiğini söyledi.

“RABBİM GÜVENLE, HUZURLA OTURMAYI NASİP ETSİN”

Kurası çekilerek 11 ilde teslim edilen konutların bilgilerini de paylaşan Bakan Mehmet Özhaseki, “Kahramanmaraş’ta 445’i köy evi olmak üzere 8 bin 303 konut; Hatay’da 310’u köy evi olmak üzere toplamda 3 bin 614 konut, Adıyaman’da 273’ü köy evi olmak üzere toplamda 5 bin 418 konut, Gaziantep’te 412’si köy evi olmak üzere toplamda 4 bin 12 konut, Diyarbakır’da 2 bin 992 konut, Malatya’da 842’si köy evi olmak üzere toplam 1700 konut, Osmaniye’de 14’ü köy evi olmak üzere toplam 1596 konut, Şanlıurfa’da 38’i köy evi olmak üzere toplam 1132 konut, Elazığ’da 838 konut, Adana’da 727 konut, Kilis’te 49’u köy evi olmak üzere toplam 391 konut ile bugün toplamda 30 bin 723 konut ve köy evinin kuralarını çekerek hak sahiplerine teslim ettik. Rabbim güvenle, huzurla oturmayı nasip etsin. Böylelikle teslim edilen konut sayımız 76 bini geçiyor. Her ay 10-15 bin konutu da yine Türkiye genelinde dağıtmaya devam edeceğiz.” diye konuştu.

Bakan Özhaseki, konuşmasının ardından kurada isimleri çıkan hak sahiplerinin konutlarının anahtarlarını teslim etti. Yeni evlerine kavuşan depremzedeler büyük sevinç yaşadı.",3,3,3,1,0,2,2,2,1,0,2,2,2,1,0,0,0,0,1,0
kmaras_val_275,Kahramanmaraş Valiliği,valilik,kahramanmaras,5_post_local,2024-05-23,"Valimiz Mükerrem Ünlüer, Yeni Zelanda Ankara Büyükelçisi Zoe Coulson-Sinclair ve beraberindeki heyeti misafir etti.
 
Depremin merkez üssü Kahramanmaraş’ta yürütülen çalışmalar hakkında Vali Ünlüer ile görüş alışverişinde bulunan Büyükelçi Zoe Coulson-Sinclair, Yeni Zelanda olarak afetzedelere desteklerinin süreceğini vurguladı.
 
Afetzede vatandaşlarımıza verdikleri destekten dolayı Yeni Zelanda Devletine ve Büyükelçi Zoe Coulson-Sinclair’e teşekkür eden Vali Ünlüer, ziyaretlerinden duyduğu memnuniyeti ifade etti.",0,0,0,1,0,0,0,0,1,0,0,0,0,1,0,0,0,0,1,0
kmaras_val_071,Kahramanmaraş Valiliği,valilik,kahramanmaras,3_inter_election,2023-09-04,"Valimiz Mükerrem Ünlüer başkanlığında düzenlenen Afet Koordinasyon Merkezi toplantısı, Koordinasyon Kurulu üyelerinin katılımıyla GAMER Toplantı Salonu’nda gerçekleştirildi.
 
Vali Ünlüer, Vali Yardımcıları, Kaymakamlar ve Kurum amirleri ile ilimizde yaşanan depremler sonrası yürütülen kamu hizmetleri ile koordinasyonu gerektiren hususları değerlendirdi.
 
“Şehrimizi biran evvel eski günlerinden daha iyi noktalara taşımak için tüm paydaşlarla var gücümüzle çalışacağız” diyen Vali Ünlüer, şehrimizin yeniden ihyası ve inşası için desteklerini esirgemeyen Devletimize, milletimize ve tüm paydaşlara şükranlarını sundu.",0,0,0,1,0,1,1,1,1,0,1,1,1,1,0,0,0,0,1,0
adiyaman_val_040,Adıyaman Valiliği,valilik,adiyaman,3_inter_election,2023-08-05,"Sorunların yerinde tespiti ve çözümü için hızlı bir tempo ile çalışmalarını ilçe gezilerini sürdüren Vali Dr. Osman Varol, Samsat ilçesini ziyaret ederek ilçenin genel durumu, ihtiyaç ve sorunlarla ilgili brifing aldı. 

Vali Varol, Samsat programları kapsamında ilk olarak Taşkuyu köyünde inşa edilerek bitirilen ve önümüzdeki günlerde hak sahiplerine teslim edilecek afet konutlarını inceleyerek, konutların son durumu hakkında yetkililerden bilgi aldı.

Vali Varol’u Taşkuyu köyünde ilçe Kaymakamı Süleyman Bakan ve ilçe yöneticileri karşıladı.

Taşkuyu köyü ziyareti sonrası ilçe merkezine geçen Vali Varol, kaymakamlığı ziyaret ederek ilçenin genel durumu, devam eden kamu yatırımları ve Samsat ilçesinde meydana gelen iki deprem ile Kahramanmaraş merkezli depremlerin ardından ilçenin imar ve inşa süreci ile yapılan çalışmalar hakkında bilgi aldı. 

Kaymakamlık ziyareti sonrası Vali Varol, Samsat köy ve mahalle muhtarları ile bir araya gelerek ihtiyaç ve talepleri dinledi. Yaptıkları tüm çalışmalarda istişareye önem verdiklerini belirten Vali Varol, “Depremden etkilenen her bir ilçemizi ve her bir köyümüzü yeniden ayağa kaldırmak ve modern yaşam alanlarına dönüştürmenin gayreti ile çalışmalarına ediyor, mesai mefhumu gözetmeksizin vatandaşlarımızı ve muhtarlarımızın memnuniyetini esas alan bir görev anlayışı ile çalışmalarımızı sürdürüyoruz.” dedi.

Vali Varol, toplantı sonrası ilçe merkezinde yapımı devam eden Gençlik Merkezi hizmet binası, kütüphane binası ve merkez cami inşaatında incelemelerde bulunarak çalışmalar hakkında bilgi aldı.

İlçe merkezinde devam eden kamu yatırımlarındaki incelemelerin ardından Vali Dr. Osman Varol, ekonominin temel lokomotifi, toplumun can damarı olarak görülen Samsat esnafını ve vatandaşlarımızı ziyaret ederek, halini hatırını sorup ihtiyaç ve taleplerini dinledi.

Vali Varol, daha sonra vatandaşların daha nezih bir ortamda hizmet alacağı Samsat Hükümet Konağında incelemelerde bulunarak hizmet binasının son durumu hakkında bilgi aldı.

Vali Dr. Osman Varol, Samsat ilçe programının son bölümünde, 2016 yılında Mardin'in Derik ilçesinde şehit olan Jandarma Uzman Çavuş Yusuf Atal'ın ailesini ziyaret etti.

Şehit Atal’ın ailesiyle yakından ilgilenerek sohbet eden Vali Varol, “Vatanımızın birlik ve bütünlüğünün korunması, ülkemizin her köşesinde huzur ve güvenliğin sağlanması için hayatlarını feda eden kahraman şehidimiz Yusuf Atal’ı ve tüm şehitlerimizi rahmet, minnet ve şükranla anıyoruz. Kahraman şehitlerimizin ruhları şad, makamları cennetin başköşesi olsun” dedi.",0,0,0,1,0,2,2,2,1,0,1,1,1,1,0,0,0,0,1,0
hatay_bld_0133,Hatay Belediye,belediye,hatay,3_inter_election,2023-11-20,"HBB, EKİNCİ MAHALLESİ YOLLARINI DAHA GÜVENLİ HALE GETİRİYOR

HBB, HATAY’IN HER NOKTASINDA ÇEVRE TEMİZLİĞİNE DEVAM EDİYOR

Hatay Büyükşehir Belediyesi, 6 Şubat Depremlerinin sebep olduğu çevre ve görüntü kirliliğini gidermek amacıyla temizlik çalışmalarına devam ediyor.

HBB Çevre Koruma Kontrol Daire Başkanlığı, yerleşiminin yoğun olduğu Antakya Ekinci Mahallesi’nde sağlıklı bir yaşam alanı oluşturmak için genel temizlik çalışmaları yapıyor.

HBB ekipleri; yollarda trafik akışını, yaya geçişini engelleyen her türlü malzeme, kurumuş otlar ve evsel atıkları iş makineleri aracıyla çöp toplama alanlarına taşıdı.

İnsan sağlığına ve doğaya zarar verebilecek her türlü atık maddelerin yaşam alanlarına bırakılmaması için vatandaşları, bu konuda duyarlı davranmaya davet eden Büyükşehir yetkilileri; şehrin farklı noktalarında temizlik çalışmalarının sürdürüleceğini ifade etti.

Haberin fotoğraf ve videosunu aşağıdaki linkten indirebilirsiniz.

https://we.tl/t-LQVN1Sr6zv

https://we.tl/t-2FljJnSj3L",0,0,0,1,0,1,1,1,1,0,2,2,2,1,0,2,2,2,1,0
kmaras_bld_2287,Kahramanmaraş Belediye,belediye,kahramanmaras,5_post_local,2024-12-25,"6 Şubat depremlerinde ağır hasar alan Yedi Güzel Adam Edebiyat Müzesi’nde başlatılan restorasyon çalışmalarını yerinde inceleyen Başkan Görgel, “210 Milyon TL’lik yatırımla bu tarihi yapıyı aslına uygun bir şekilde yeniden inşa ediyoruz. 12 aylık bir iş takvimi var. Proje kapsamında yapı aslına uygun şekilde yeniden inşa edilecek ve çevre düzenlemeleri yapılacak. Çalışmalarımız tamamlandığında bu mekan, kütüphane ve müze olarak kullanılacak. Şehrimize hayırlı olsun” dedi.

Kahramanmaraş Büyükşehir Belediye Başkanı Fırat Görgel, şehrin önemli kültürel miraslarından biri olan Yedi Güzel Adam Edebiyat Müzesi’ni ziyaret ederek restorasyon çalışmalarını yerinde inceledi. Restorasyon sürecinin tüm detayları hakkında bilgi almak amacıyla gerçekleştirilen inceleme sırasında Başkan Görgel, yüklenici firma yetkilileriyle bir araya geldi. Çalışmaların geldiği son durumu yerinde değerlendiren Başkan Görgel, yapılan işlerin planlanan takvime uygun bir şekilde ilerlediğini belirtti.

210 Milyon TL’lik Yatırım

Ziyaretin ardından basın mensuplarına açıklamalarda bulunan Başkan Görgel, Yedi Güzel Adam Edebiyat Müzesi’nin Kahramanmaraş için taşıdığı öneme vurgu yaptı. Görgel, müzenin yalnızca bir edebiyat mirası değil, aynı zamanda şehrin kültürel kimliğini yansıtan bir sembol olduğunun altını çizerek, “Dulkadiroğlu ilçemizde bulunan ve 250 yıllık tarihe sahip Yedi Güzel Adam Edebiyat Müzemiz, 6 Şubat depremlerinde ağır hasar aldı. Kültür ve Turizm Bakanlığımızla yürüttüğümüz proje kapsamında binamızın restorasyonunu gerçekleştiriyoruz. 210 Milyon TL’lik yatırımla bu tarihi yapıyı aslına uygun bir şekilde yeniden inşa ediyoruz. Ekipler çok hızlı bir çalışma yürütüyor. 12 aylık bir iş takvimi var” diye konuştu.

Turizmde Önemli Bir Nokta Olacak

Yedi Güzel Adam Edebiyat Müzesi’nin önemli bir kültür noktası halini alacağını da ifade eden Başkan Görgel, “Proje kapsamında bu mekân müze ve kütüphane olarak kullanılmaya başlanacak. Alanın çevre düzenini de buna uygun bir şekilde gerçekleştireceğiz. Dulkadiroğlu ilçemizde gençlerimizin ders çalışıp vakit geçirebilecekleri, kafeteryası, konferans salonu ve bahçesiyle önemli bir sosyal tesis olacak. Destekleri için Kültür ve Turizm Bakanımız Sayın Mehmet Nuri Ersoy ve ekibine teşekkür ediyoruz. İnşallah çalışmalarımızı hızla tamamlayarak Yedi Güzel Adam Edebiyat Müzemizi şehir ve ülke turizmine tekrar kazandırmış olacağız. Kahramanmaraş’ımıza hayırlı olsun” ifadelerini kullandı.",0,0,0,1,0,1,1,1,1,0,2,2,3,0,1,0,0,0,1,0
kmaras_bld_1163,Kahramanmaraş Belediye,belediye,kahramanmaras,4_local_campaign,2024-02-03,"66. Hükümet Tarım ve Orman Bakanı Prof. Dr. Vahit Kirişci ile Kapıçam Mezarlığını ziyaret eden Başkan Güngör, “6 Şubat depremlerinde kaybettiğimiz tüm canlarımızı rahmetle anıyoruz” dedi.

Kahramanmaraş Büyükşehir Belediye Başkanı Hayrettin Güngör, 66. Hükümet Tarım ve Orman Bakanı Prof. Dr. Vahit Kirişci ile 6 Şubat depremlerinin 1. yıl dönümü öncesi Kapıçam Şehir Mezarlığı’nı ziyaret ederek asrın felaketinde hayatını kaybeden vatandaşları kabirleri başında dualarla yâd etti. Vali Mükerrem Ünlüer, İl Jandarma Komutanı Tuğgeneral Gökhan İnan ve AK Parti İl Başkan Vekili Cüneyt Doğan’ın da yer aldığı ziyarette, 6 Şubat depremlerinde ahirete irtihal eden vatandaşların yakınlarıyla da bir araya gelen heyet, baş sağlığı dileklerini ileterek acılarını paylaştı. Başkan Hayrettin Güngör, “6 Şubat depremlerinin 1. yıl dönümü yaklaşırken asrın felaketinde hayatını kaybeden kardeşlerimizi; önceki dönem Tarım ve Orman Bakanımız Sayın Vahit Kirişci, Valimiz Sayın Mükerrem Ünlüer, İl Jandarma Komutanımız ve İl Başkan Vekilimizle birlikte kabirleri başında dualarla yâd ettik. 6 Şubat depremlerinde kaybettiğimiz tüm canlarımıza bir kez daha Allah’tan rahmet diliyoruz” ifadelerini kullandı.",0,0,0,1,0,2,2,2,1,0,0,0,0,1,0,0,0,0,1,0
csb_0456,CSB,bakanlık,hatay,3_inter_election,2023-12-02,"BAKAN ÖZHASEKİ:“HATAY'I AYAĞA KALDIRMAK BOYNUMUZUN BORCU”

Çevre, Şehircilik ve İklim Değişikliği Bakanı Mehmet Özhaseki, 6 Şubat depremlerinin ardından Hatay’da, yapımına hızla başladıkları 45 bin 186 bağımsız bölümün inşasının devam ettiğini belirterek, “Bu ay sonuna kadar, toplam 6 bin 979 evimizi hak sahibi kardeşlerimize teslim edeceğiz. Kırıkhan ilçemizde de evlerimizin yapımında son aşamaya geldik. Yatay ve yöresel mimariye uygun yaparak tamamladığımız evlerimizin anahtar teslimini inşallah bu ay gerçekleştireceğiz. Hatay'ı ayağa kaldırmak boynumuzun borcu.” dedi.

Çevre, Şehircilik ve İklim Değişikliği Bakanlığı, 6 Şubat Kahramanmaraş merkezli depremlerin ardından vakit kaybetmeden bölgede yapımına başladığı konut ve köy evlerinin inşasını aralıksız sürdürüyor. Depremlerde en fazla hasar gören Hatay’da yöresel ve yatay mimariye uygun, mahalle kültürünü yansıtan afet konutları ve köy evleri inşa ediliyor. Hatay’ın Kırıkhan ilçesinde 40 bloktan oluşan projenin 35’inin betonarme imalatları tamamlandı. Bir yandan ince imalatların devam ettiği evlerde, altyapı çalışmaları da aralıksız devam ediyor. Konutların içinde yaşam alanlarının yanı sıra peyzaj ve çocuk oyun alanları da bulunuyor.

“HATAY’DA 45 BİN 186 BAĞIMSIZ BÖLÜMÜN İNŞASI DEVAM EDİYOR”

Çevre, Şehircilik ve İklim Değişikliği Bakanı Mehmet Özhaseki, resmi sosyal medya hesabından yaptığı paylaşımda, Hatay’da 45 bin 186 bağımsız bölümün inşasının devam ettiğini belirterek, “Bu ay sonuna kadar 6 bin 219 konut, 760 köy evi olmak üzere toplam 6 bin 979 evimizi hak sahibi kardeşlerimize teslim edeceğiz.” ifadelerini kullandı.

Hatay’ın Kırıkhan ilçesinde de deprem konutlarının inşasında son aşamaya geldiklerini bildiren Bakan Özhaseki, “Yatay ve yöresel mimariye uygun yaparak tamamladığımız evlerimizin anahtar teslimini inşallah bu ay gerçekleştireceğiz. Hatay'ı ayağa kaldırmak boynumuzun borcu.” dedi.",3,3,3,1,0,2,2,2,1,0,2,2,2,1,0,0,0,0,1,0
tccb_010,TCCB,cumhurbaskanligi,hatay,1_post_quake,2023-02-08,"Sizleri Sevgi, Saygıyla Selamlıyorum. Tarihimizin en büyük deprem felaketlerinden birini yaşadık, dünyada eşine rastlanmayacak, 2 büyük depreme ardı ardına ne yazık ki 10 ilimizde maruz kaldık. Hatay bu felaketten en çok etkilenen, en fazla yıkıma ve can kaybına uğrayan şehirlerimizin başında geliyor. Az önce depremin merkezi Kahramanmaraş’ı ziyaret ettim, oradaki durumun vahametini yakından gördüm ve şimdi de Hatay’da şahit olduğumuz tablo oralardan pek de farklı değil. Evvela depremin etkilediği 10 şehrimizin tamamındaki vatandaşlarımıza geçmiş olsun diyorum, vefat eden kardeşlerimize Allah’tan rahmet diliyorum, yaralılarımıza şifalar temenni ediyorum, tüm vefat eden kardeşlerimin yakınlarına sabırlar diliyorum. Depremin yaşandığı andan itibaren önce valiliklerimiz, ardından bakanlarımız, bakanlıklarımız, kurumlarımız harekete geçerek vatandaşlarımızın yardımına koştular. Tabii tümüyle ülke genelinde AFAD’ımızın koordinasyonunda bu işlerin takibi devam etti, devam ediyor, devam edecek. Şüphesiz ki işimiz kolay değildi, yaklaşık 13,5 milyon insanımızın yaşadığı 500 kilometre çapında bir alanda etkili olan bu depremin yol açtığı yıkımın büyüklüğü ve yaygınlığına, bir de hava şartlarının zorluğu eklendi. Buna rağmen, devletin ve milletin tüm imkânlarını seferber ederek, afet bölgesine yönlendirdik. Kamu personelinden sivil toplum kuruluşu üyelerine, yurt dışından gelen afet ekiplerinden gönüllülere kadar sayıları 60 bini bulan akredite kişi arama-kurtarmadan yardım faaliyetlerine kadar her konuda canla-başla çalışıyor. Ülkemizin istisnasız diğer 71 vilayetinin tamamından deprem bölgesindeki illerimiz yardım konvoyları çıkartıldı. Bu şekilde de onbinlerce insan deprem bölgesindeki vatandaşlarımıza destek olmak için yollara düştü. Elbette eksikler var, şartlar çok açık, net ortada. Böylesine büyük bir felakete hazırlıklı olabilmek mümkün değildir. Devlet-millet omuz omuza vererek, inşallah afetin yol açtığı yıkıntıları da kaldıracağız, hiçbir vatandaşımızı sahipsiz de bırakmayacağız. Çalışmaların daha etkin yürütülebilmesini teminen deprem alanını afet bölgesi ilan ettik. Ayrıca, 10 ilimizi kapsayan olağanüstü hal kararı alarak süreci hızlandırdık. Gereken her adımı atarak kimseyi yıkıntılar altında bırakmayacak, kimseyi mağdur etmeyecek bir afet yönetimi yürüteceğiz. Tabii burada bir şeyi özellikle vurgulamak istiyorum, o da şudur: Bu dönem, bir birlik-beraberlik dönemidir, dayanışma dönemidir. Böyle bir dönemde basit siyasi çıkar uğruna çirkefçe hâlâ burada olumsuz kampanyalar yürütmeyi ben şu anda hazzedemiyorum, bunun yanında da üzerimde bulunan makamın sorumluluğu olmamış olsa ben bugün böyle konuşmam, çok daha farklı konuşurum. Zira şu anda mevcut Hükümet tüm imkânlarını seferber ederek Hazine Maliye başta olmak üzere adımlarını atmış ve bu ara dönemde tüm depremzedelere 10’ar bin lira verme kararını Kahramanmaraş’ta açıkladım. Bu bir son değil, ama bir 1 yıl içerisinde de Allah’ın izniyle şunu da söyleyeyim: Tüm felaket zedelerimizin konutlarını, talimatı verdim, 10 vilayetimizin 10’unda TOKİ’nin yönetimindeki tüm müteahhit firmaları devreye sokmak suretiyle hem enkaz kaldırmaları hızlandıracağız, bunun yanında da bir taraftan konut yapımını hızlandıracağız. Ve bir yıl içerisinde de hedefimiz, Malatya’da, Elazığ’da, daha önce Bingöl’de, Van’da olduğu gibi, bunlar bizim bildiğimiz işler, biz bunları yaparız. Biz bu konularda kendimizi ispatlamış bir Hükümetiz ve inşallah Hatay’ımızda da bunu yapacağız, Allah’ın izniyle Kahramanmaraş’ımızda da bunu yapacağız, diğer 8 vilayetimizde de yine bunları yapacağız, ilçelere varıncaya kadar bütün bunları inşallah halledeceğiz. Şu anda AFAD’ın bütün çadırlarıyla işte il-ilçeler biliyorsunuz depremzedelerin emrine amade kılınmış vaziyette ve çalışmalar buralarda sürdürülüyor. Tabii Rabbim kimseyi böyle bir imtihanla sınamasın, ülkemizin yardımcısı olsun diyorum. Bu vesileyle bir gerçeği daha söylemem gerekiyor; özellikle 60’a aşkın ülkeden birçok destekler, yardımlar geliyor. Bunların içerisinde, daha sonra hepsini ismen de açıklayacağım, Azerbaycan aynı şekilde başta olmak üzere, bunun yanında İsrail desteklerini vermiş durumunda, aynı şekilde Suudi Arabistan, Katar, Kuveyt, bütün bunlar da desteklerini vermiş durumda, hâlâ da telefonlarla desteklerini vereceklerini bize sürekli ifade ediyorlar. Madden, nakdi, ayni, bu tür yardımlarını gönderiyorlar. Şu anda AFAD’a bu konuyla ilgili olarak tüm Türkiye’de de kuruluşlar ayni, nakdi destek veriyorlar. Bütün destek veren vatandaşlarıma da şahsım, milletim adına şahsım, milletim adına çok-çok teşekkür ediyorum. Bugün bizim için sınama günüdür ve bu millet bugüne kadar nasıl bunları sınayarak atlattıysa, inşallah bunu da atlatacaktır, kimse bundan endişe etmesin. Tabii şu anda Türkiye genelindeki vefat sayısı 9 bin 57, Hatay’daki vefat sayımız şu an itibariyle 3 bin 356, yaralı sayısı ülke genelinde 52 bin 979, yıkılan bina sayısı 6 bin 444. Şu an itibariyle Hatay’ımızda asker, jandarma, polis toplamda 21 bin 200 personel görev ifa ediyor. Bununla ilgili olarak da bazı haysiyetsiz, açık konuşuyorum, namussuz kişiler kampanya yaparak Hatay’da biz asker göremedik, biz jandarma göremedik, polis göremedik gibi yalan-yanlış iftiralar atıyorlar. Bizim askerimiz şereflidir, jandarmamız şereflidir, polisimiz şereflidir, ama bu şerefsizlerin ağzına biz onları meze yaptırmayız, bunu da herkesin bilmesi lazım. Ve şu an itibarıyla sağlık çalışanlarında da yine 9 bin 179 personel burada akredite ve çalışıyor. Ve bir diğer tabii önemli adım, 7 valimiz, 12 kaymakamımız burada görevi. Ve yine burada yıkık bina sayımız 2 bin 749 ve 170 ekip ve 5 bine yakın arama-kurtarma çalışmalarını sürdürüyor. 18 ülke yabancı olarak buradalar ve bu arama-kurtarma çalışmalarına katılıyorlar. Ve vefat edenlere tekrar Allah’tan rahmet diliyorum, yaralı kardeşlerimize şifalar diliyorum. Hatay’da da üniversite hastanemiz bu akşamdan itibaren aktif olarak o da göreve katılacaktır. Sağ olun, var olun.",1,1,1,1,0,3,3,3,1,0,2,2,2,1,0,0,0,0,1,0
hatay_bld_0092,Hatay Belediye,belediye,hatay,3_inter_election,2023-09-21,"Hatay Büyükşehir Belediyesi Park Bahçe ve Yeşil Alanlar Daire Başkanı Murat Bayram, 6 Şubat öncesi ve sonrası Hatay’da yürüttükleri çalışmalarla ilgili açıklamalarda bulundu.

Bayram, deprem öncesi yeşil alanların korunması ve oluşturulması konusunda önemli çalışmalar yaptıklarını kaydetti.

Antakya’da Maşuklu Koruluğu, Erzin’de Türksoy Parkı, Payas’ta Sahil Parkı gibi önemli projeleri hayata geçirdiklerini ve bunların bir kısmının açılışını yaptıklarını ifade eden Bayram, ayrıca o dönemde Antakya girişi servis yolları ve orta refüj çevre düzenleme alanlarıyla ilgili de çalışmalarının olduğunu belirtti.

Deprem nedeniyle park ve yeşil alanların çok ciddi anlamda da hasar gördüğünü hatırlatan Bayram,

“1 milyon metrekarenin üzerinde bir yeşil alan üretme hedefimiz vardı. Deprem öncesinde son süreçte 1 milyon 260 bin metrekareye kadar ulaşmıştık. Depremle beraber yeşil alanların önemini bir kez daha fark ettik. Çünkü o kaotik süreçte insanlarımızın toplanma, sığınma ve barınma alanları oldu.” dedi.

KENDİ ACIMIZI YAŞAYAMADAN HATAY’IMIZIN YARDIMINA KOŞTUK

Bayram, depremin ilk saatlerinden itibaren bekçisinden mühendisine kadar tüm personellerini sahaya yönlendirdiklerini, görev tanımlarının da dışına çıkarak arama kurtarma, enkaz kaldırma çalışmalarından mezar kazmaya kadar ihtiyaç duyulan işleri yaptıklarını, kendi acılarını yaşayamadan vatandaşların yardımına koştuklarını söyledi.

Konteyner kentlerin yapım aşamasında alan hazırlığı, elektrik ve aydınlatma, alt yapı ve çevre düzenleme çalışmalarının da yapıldığını sözlerine ekledi.

Bayram, can pazarının ve feryatlarının çok olduğu bir dönemde çim ve çiçeğe yönelemeyeceklerini, bu noktada yardım çalışmalarında sorumluluk aldıklarının altını çizdi.

TAM KADROYLA MAKSİMUM GÜÇ VE ÖZVERİYLE ÇALIŞIYORUZ

Önümüzdeki süreçte yapılacak çalışmalara değinen Bayram, “Öncelikle yeşil alanlar hayata geçecek. Buna ek olarak 2023’ün sonunda bitirmeyi planladığımız yeni alanlar da var.” dedi.

Merkezi noktalardan başlayarak yeşil alanları hizmete açtıklarını dile getiren Bayram, “Antakya Atatürk Parkımızı ve Maşuklu’daki koruluğumuzda temizlik bakım onarım çalışmalarıyla halkımızın kullanıma açtık. Tüm ekiplerimiz tam kadroyla maksimum bir güçle ve özveriyle çalışıyor. Şu anda 4 farklı noktada park imalatlarımız devam ediyor. İskenderun Karaağaç’taki Fahura Parkı’nın açılışını yakın zamanda yapacağız. Yanı sıra Arsuz Akçalı Mahallesi’nde bulunan butik parkımızda, Kırıkhan’da 50 dönümlük alan üzerine inşa edilen mesire alanında ve Erzin’de bir parkımızda çalışmalarda sona yaklaşmış durumdayız.” açıklamalarında bulundu.

Tüm kurum ve kuruluşlarla uyum içinde çalıştıklarını vurgulayan Bayram, yıkım çalışmaları nedeniyle zarar görebilecek bitkilerin yerlerinden sökülüp, üretim alanlarına taşınarak ekonomik kaybın önüne geçildiğini ve kamu zararının engellendiğini dile getirdi.

ÇİFTÇİLERE SULAMA DESTEĞİMİZ DEVAM EDECEK

Çiftçileri kalkındırmak için tarımsal sulama noktasında ciddi çalışmaların olacağını kaydeden Bayram, “213 bin metre kapalı sulama kanalı temizliği yaptık. 10 bin 165 metre sulama borusu döşedik, yıl sonuna dek 27 bin 900 metre ilave yapacağız. 2 bin 385 metre sulama kanalı imalatı yaptık. 30 ton sebze ve meyveyi üreticilerden tedarik ederek depremzedelere bedelsiz dağıttık. Kırsal Kalkınma Şube Müdürlüğüyle ortak yürüttüğümüz projelerimize, hayvancılığa ve esnafa yönelik desteklerimize devam edeceğiz.” dedi.

Not: Haberin fotoğraflarını aşağıdaki linkten indirebilirsiniz:

https://we.tl/t-UlbBv1eql2",0,0,0,1,0,1,1,1,1,0,2,2,2,1,0,2,2,2,1,0
tccb_222,TCCB,cumhurbaskanligi,adiyaman,4_local_campaign,2024-02-08,"Kâhta’nın Saygıdeğer Güzel İnsanları, Sevgili Adıyamanlılar, Çok Değerli Kardeşlerim, Sizleri en kalbi duygularımla, hasretle, muhabbetle selamlıyorum. Sevginiz, coşkunuz, ahde vefanız için hepinize ayrı ayrı teşekkür ediyorum. Aynen dediğiniz gibi; “Babalar sözünü tutar.” Tuttuk mu? Duyanlara, duymayanlara, tuttuk mu? Allah’ıma hamdolsun, ben de bu sözü tutmanın mutluluğu içerisinde sizlerle bir aradayım. Geçen sene 20 Mayıs’taki Adıyaman mitingimizde Kâhtalı kardeşlerime söz vermiştim. Cumhurbaşkanlığı ve milletvekilliği seçimlerini suhuletle atlattıktan sonra inşallah ilk fırsatta Kâhta’nın misafiri olacağız demiştik. Nasip bugüneymiş, gönüllerimizi buluşturan Rabbime hamdolsun. Kâhta’da bulunmaktan büyük bahtiyarlık duyuyorum. Sözlerimin hemen başında Kâhtalı kardeşlerime hem 14 Mayıs, hem de 28 Mayıs seçimlerindeki güçlü destekleri için şükranlarımı sunuyorum. Kâhta deyince akla ne gelir? Söz verdi mi sözünü yerine getirir. Seçimlerin ilk turunda yüzde 79 ile bu kardeşine sahip çıkan Kâhta, ikinci turda yüzde 81,5 ile rekor bir oy oranıyla bizleri bağrına bastı. Yahu, siz ne güzel insanlarsınız. Bu güzelliğiniz zaten sandıklara vurdu, inşallah inanıyorum ki 31 Mart seçimlerinde, yerel seçimde Kâhta bu defa sandıkları patlatacak ben buna inanıyorum. Kâhta’ya ne kadar teşekkür etsek azdır. Şimdi 31 Mart’a hazır mıyız? Rabbim hepinizden razı olsun. Bir siyasetçi için böyle bir sevgiden daha büyük bir ödül olur mu, bir devlet adamı için milletin teveccühünden daha büyük bir şeref payesi olur mu? Sizlerin şu sevdasını gördükçe inanın mesuliyetimizin büyüklüğünün daha fazla farkına varıyoruz. Sizlerin bize olan şu muhabbetine şahitlik ettikçe omuzlarımızda ne kadar ağır bir yük taşıdığımızı tekrar hatırlıyorum. Allah’ın yardımıyla hamdolsun bugüne kadar emanetinize halel getirmedik. Sizlere mahcup olacak, sizlerin güvenini sarsacak hiçbir adım atmadık. İnşallah bundan sonra da yolumuza bu şekilde devam edeceğiz. Maşallah, bacılarımın bu aşkı, bu sevdası inanıyorum ki sandıkları patlatır. Bana bak, siz bana baba diyorsunuz, ama siz de babasınız. Şimdi daha çok koşturacağız, her zamankinden daha fazla çalışacağız ve geldiğimde birçok pankartlar gördüm, ama bir pankart çok dikkatimi çekti, o da istasyon talebiniz var, öyle mi? İçişleri Bakanıma da söyledim, Ulaştırma Bakanım da yanımda, ona da talimatı vereceğim ve inşallah bu istasyon sorununu da inşallah halledeceğiz. Sizlere olan minnettarlığımızı eser ve hizmet siyasetimizin çıtasını yükseğe taşıyarak tüm aleme göstereceğiz. Ya öyle enteresan şeyler buldunuz ki, rahmetli anacığımı da şu apartmana pankartını asmışsınız. “Tenzile ana, emanetin emanetimizdir.” Tenzile anamın emaneti sizlere efendi değil, hizmetkârdır. İnşallah her zaman söylediğim gibi biz bu millete efendi olmaya değil, hizmetkâr olmaya geldik. İlçemizin yeniden ayağa kalkması için ne gerekiyorsa onu yapmaktan geri durmayacağız. Sevgili Kâhtalılar, Bundan bir sene önce tarihimizin en büyük ve yıkıcı doğal afetlerinden birini yaşadık. Kahramanmaraş merkezli 6 Şubat depremlerinde 53 binden fazla canımızı toprağa verdik. Adıyaman, ilçeleriyle birlikte depremden en fazla zarar gören, en ağır kayıpları yaşayan illerimizin başında geliyordu. Kâhtalı vatandaşlarımız da depremin yıkıcı etkisine maruz kaldılar. İlçemizde 62 kardeşimiz enkazın altında kalarak vefat etti. Rabbim, deprem şehitlerimizin tamamının ruhunu şad, mekânlarını Cennet eylesin. Gelin hepsinin ruhuna buradan birer Fatiha gönderelim. Kardeşlerim, Allah, yakınlarını kaybeden siz Kâhtalı kardeşlerimize de sabır versin. Depremlerde ilçemizde 613 bina yıkıldı, acil yıkılacak bina sayısı ise 197’di. Ağır kış şartlarına ve deprem alanının büyüklüğüne rağmen ilk günden itibaren depremzedelerime ulaşmak için seferber olduk. Resmi kurumlarımızla, belediyelerimizle, sivil toplum kuruluşlarımızla ve gönüllülerimizle el ele vererek, barınma başta olmak üzere acil ihtiyaçları karşılamaya, sorunları çözmeye gayret ettik. İrademizi aşan sebepler dolayısıyla gecikmeler yaşanmış olabilir, ama 6 Şubat’tan beri verdiğimiz mücadelenin şairi sizlersiniz. Toplam 11 ilimizi ve 14 milyon vatandaşımızı doğrudan etkileyen böylesi bir afetin altından kalkmanın kolay olmadığını biliyorsunuz. Biz bunlara aldırmadan çalışmalarımızı kararlılıkla sürdürüyoruz. Depremin birinci yıl dönümünde inşasını tamamladığımız afet konutlarının teslimini yapmaya başladık. Cumartesi’den bu yana Hatay’da, Gaziantep’te, Kahramanmaraş’ta, Şanlıurfa’da, bugün de Adıyaman’da kura ve anahtar teslim törenlerimizi gerçekleştiriyoruz. Kâhta’da 535’i merkezde, 165’i kırsalda toplam 700 deprem konutunu hak sahiplerine teslim ettik. Yeni evlerinin hak sahibi kardeşlerimize hayırlı, uğurlu olmasını temenni ediyorum. Deprem konutlarının teslimine hız kesmeden devam edeceğiz. Bu konuda Kâhtalılardan müsterih olmasını özellikle istirham ediyorum. Şunu lütfen hiçbir zaman unutmayın: Bizim derdimiz millet, gayemiz hizmettir. Başkaları hangi gündemlerin kuyruğuna takılırsa takılsın, başkaları hangi hesapların peşinde koşarsa koşsun, bizim en öncelikli konumuz deprem bölgesidir. Depremzedelerimizi bir an önce güvenli, huzurlu ve dayanıklı yuvalarına kavuşturmaktır. Ülkemizin hangi köşesinde çözülecek hangi mesele varsa, biz vaktimizi ve enerjimizi ona teksif ederek işimize bakıyoruz. Sanayisiyle, ticaretiyle, tarımıyla, turizmiyle, güvenliğiyle ülkemizi hedeflerine ulaştırmak için gece-gündüz demeden koşturuyoruz. Bakınız birileri deprem bölgesini seçimden seçime hatırlayabilir, birileri hepimizi derinden yaralayan böyle büyük bir acı üzerinden siyaset de yapabilir, ama biz böyle basit, süfli ve küçük hesaplar yapan deprem turistlerinden olmadık, hiçbir zaman olmayacağız. 14-28 Mayıs imtihanını alnımızın akıyla vermiştik, şimdi önümüzde 31 Mart mahalli idareler seçimleri var. 31 Mart imtihanını da başarıyla verdikten sonra önümüzde sadece icraata yoğunlaşacağımız 4 seneden fazla süremiz olacak. Bu kritik dönemi çok iyi değerlendireceğiz. Rabbim yolumuzu, bahtımızı açık etsin diyorum. Sizlerden ve ülkemizin diğer şehirlerinde yaşayan Kâhtalı kardeşlerimden 31 Mart seçimlerinde belediye başkan adaylarımıza çok güçlü bir destek bekliyorum. Buna hazır mıyız? Allah sizlerden razı olsun. Bu duygularla kura ile yuvalarına kavuşan vatandaşlarımızı bir kez daha tebrik ediyorum. 31 Mart seçimlerinin Adıyaman için hayırlara vesile olmasını diliyorum. Rabbim birliğimizi, beraberliğimizi, dayanışmamızı daim eylesin diyorum. Hepinizi sevgiyle, saygıyla selamlıyorum. Şöyle bir ellerimizi kaldıralım. Hazır mıyız? Tüm Adıyaman duyacak mı? Tek millet… Tek bayrak… Tek vatan… Tek devlet… Bir olacağız… İri olacağız… Diri olacağız… Kardeş olacağız… Hep birlikte Türkiye olacağız… Kalın sağlıcakla, sağ olun, var olun.",0,3,0,0,3,3,3,3,1,0,2,2,2,1,0,0,0,0,1,0
csb_0820,CSB,bakanlık,adiyaman,5_post_local,2024-10-01,"İNDERE'DE KAYA ZEMİNE TÜNEL KALIP SİSTEMİYLE SAĞLAM KONUTLAR İNŞA EDİLİYOR

Çevre, Şehircilik ve İklim Değişikliği Bakanlığı, Kahramanmaraş merkezli depremlerin ardından bölgede inşa sürecine hızla devam ediyor. Türkiye’nin en büyük şantiyesinin kurulduğu Adıyaman İndere’de deprem konutlarıyla birlikte yaşam alanları da inşa ediliyor. 16 bin 433 kalıcı konutun yapımı için 8 bin kişilik ekip gece gündüz çalışıyor. Bölgeden görüntüler paylaşan Bakan Kurum, “11 ilimizde, 159 şantiyede, 153 bin işçimizle sahadayız. Burası 5 milyon metrekarelik alanla Türkiye’nin en büyük şantiyesi Adıyaman İndere. 7 bine yakın ailemizin yuvalarını belirledik, 9 bin 603 konut için gece gündüz çalışıyoruz” dedi.

Depremin ağır yıkıma neden olduğu Adıyaman’da Emlak Konut tarafından 5 milyon metrekare alan üzerine Türkiye’nin en büyük şantiyesi kuruldu. Bölgede 8 bin işçi, 750 iş makinesi ile çalışmalar hızla sürüyor. Proje kapsamında, 16 bin 433 kalıcı konut/iş yeri yapılacak. Konutlar, yatay mimariye uygun zemin+4’ü geçmeyecek şekilde projelendirildi. 6 bin 830 konutun kuraları çekildi, hak sahipleri belirlendi. 9 bin 603 kalıcı konutun inşası sürüyor.

Çevre, Şehircilik ve İklim Değişikliği Bakanı Murat Kurum, İndere’de devam eden inşaatların görüntülerini sosyal medya hesabı üzerinden paylaştı. Bakan Kurum, “11 ilimizde, 159 şantiyede, 153 bin işçimizle sahadayız. Burası 5 milyon metrekarelik alanla Türkiye’nin en büyük şantiyesi Adıyaman İndere. 7 bine yakın ailemizin yuvalarını belirledik, 9 bin 603 konut için gece gündüz çalışıyoruz” ifadelerini kullandı.

“SAĞLAM ZEMİN ÜZERİNE SAĞLAM YAPILAR İNŞA EDİYORUZ”

Emlak Konut Adıyaman Bölge Müdürü Mehmet Ersev Kuzdan da İndere bölgesinin kayalık zeminde olmasından dolayı tercih edildiğine dikkat çekti. Kuzdan, “Biz tünel kalıp sistemiyle imalatlarımızı yapıyoruz. Bu nedenle konutlarımız depreme dayanıklı. Vatandaşlarımızın içi rahat olsun. Sağlam zemin üzerine sağlam yapılar inşa ediyoruz” dedi.

OTOPARK, OYUN GRUPLARI VE YEŞİL ALANLAR YER ALACAK

Proje kapsamında bir caminin de tamamlandığını belirten Kuzdan, “Parsellerin içinde, binaların önünde kapalı ve açık otoparklarımız, çocuk oyun gruplarımız ve yeşil alanlarımız mevcut. Sadece konut yapmıyoruz. Biz burada sağlam, güvenli ve modern bir şehir oluşturuyoruz” diye konuştu.

Linke tıklayınız;",3,3,3,1,0,1,1,1,1,0,2,2,2,1,0,0,0,0,1,0
csb_0116,CSB,bakanlık,kahramanmaras,1_post_quake,2023-04-09,"BAKAN KURUM: MAYIS SONU İTİBARİYLE AFET BÖLGESİNDE 319 BİN KONUTUMUZUN İNŞA SÜRECİNİ BAŞLATACAĞIZ

Çevre, Şehircilik ve İklim Değişikliği Bakanı Murat Kurum, “Dünyanın neresine giderseniz gidin böyle bir afet karşısında afetin üzerinden 63 gün geçmesine rağmen 11 ilimizde bugün itibariyle tam 85 bin konutun yapımını başlatan başka bir ülke bulamazsınız! Başka bir lider göremezsiniz! Mayıs sonu itibariyle afet bölgesinde 319 bin konutumuzun inşa sürecini başlatacağız… İnşallah Nisan aynın sonunda fethin 570'inci yıl dönümünde, Sultan Fatih'in şehrinde Atatürk Havalimanı Millet Bahçemizi İstanbul'umuza, 39 ilçemize Türkiye'mize kazandıracağız.” dedi.

Çevre, Şehircilik ve İklim Değişikliği Bakanı Murat Kurum, Cumhurbaşkanı Recep Tayyip Erdoğan’ın teşrifleriyle İstanbul’da düzenlenen Pendik Belediyesi Toplu Açılış Törenine katıldı. Bakan Kurum, asrın felaketi Kahramanmaraş merkezli depremlerden etkilenen 11 ilde, devletin afet bölgesinden ayrılmadığını ifade etti.

Afet bölgesinde tüm vatandaşların ihtiyaçlarının karşılanması için gece gündüz çalışıldığını ifade eden Bakan Kurum, “Hiçbir vatandaşımızı açta, açıkta bırakmadık. Hep onlarla beraberdik. Aslında kardeşlerim bizi iyi bilirler. Biz Elazığ'da, Malatya'da deprem olduğunda yine kardeşlerimizin yanındaydık. Onlara söz verdik, 'bir yıl içerisinde konutları yapacağız' dedik. Hamdolsun sözümüzü tuttuk. Ardından güzel İzmir'imizde deprem oldu. Yine biz oradaydık. Gittik ve vatandaşımızla birlikte enkaz alanlarında sabahladık. Kastamonu, Bartın, Trabzon, Rize'de seller oldu. Biz yine Sayın Cumhurbaşkanımızın liderliğinde oradaydık. Vatandaşlarımız için verdiğimiz sözleri bir bir tuttuk. Ardından Antalya Muğla'da yangınlar oldu. Tarihinde görülmemiş yangınlarda hızlı bir şekilde bütün köylerimizde, bütün ilçelerimizde vatandaşlarımızla bir beraber olduk. Nasıl bu depremde olduysak o afetle de oradaydık. Hızlı bir şekilde eserlerimizi ürettik. Eser siyaseti yaptık. Yıllardır Sayın Cumhurbaşkanımızın liderliğinde bu anlayışla çalışıyoruz.” diye konuştu.

“Afetin üzerinden 63 gün geçmesine rağmen, 11 ilde bugün itibariyle tam 85 bin konutun yapımını başlatan başka bir ülke bulamazsınız!”

Kahramanmaraş merkezli depremlerin ardından 11 ilde kalıcı afet konutlarının hızla yükseldiğini vurgulayan Bakan Kurum, “Şu an bedenimiz burada olsa kalbimiz Hatay'da. Ruhumuz Kahramanmaraş'ta, aklımız Adıyaman'da fikrimiz Malatya'da. Dünyanın neresine giderseniz gidin böyle bir afet karşısında afetin üzerinden 63 gün geçmesine rağmen 11 ilimizde bugün itibariyle tam 85 bin konutun yapımını başlatan başka bir ülke bulamazsınız! Başka bir lider göremezsiniz! Bu büyük Türkiye'nin gücüdür! Recep Tayyip Erdoğan'ın liderliğidir, vizyonudur. İnşallah vatandaşlarımıza sözlerimiz var. Mayıs sonu itibariyle 319 bin konutumuzun inşa sürecini başlatacağız. Daha önceki depremlerde olduğu gibi bir yıl içerisinde afetzede kardeşlerimize teslim edeceğiz. Toplamda 650 bin konutumuzu tamamlayarak, inşallah sağlam güvenli konutlarımızı bitireceğiz. Önümüzdeki yıl Ramazan ayında, bayramda onların misafiri olacağız. Çaylarını içeceğiz, dualarını alacağız. İnşallah on bir ilimizi hep birlikte ayağı kaldıracağız.” ifadelerini kullandı.

“Atatürk Havalimanı Millet Bahçemizi İstanbul'umuza, 39 ilçemize Türkiye'mize kazandıracağız”

Bakan Kurum, devletin her zaman yapılan işlerle anıldığını ifade ederek şunları söyledi:

“Bu güçlü irade eser ve hizmet siyasetinin öncüsü Sayın Cumhurbaşkanımızla birlikte bugün Pendik'imizde, güzel Pendik'imizde 168 eserimizin açılışını yapıyoruz. Açılışını yapacağımız tüm eserlerimiz Pendik'imize, Pendikli kardeşlerimize, gençlerimize, kadınlarımıza, çocuklarımıza hayırlı olsun diyorum. Biz Pendik'in her ilçesinde, her mahallesinde belediyemizle, milletvekillerimizle birlikte çalışıyoruz. Kentsel dönüşümden, sosyal konut projelerine, millet bahçelerinden, yeşil alanların arttırılmasına kadar birçok işimizi, hizmetimizi sizlere daha iyi bir şehir sunabilmek adına, daha iyi bir gelecek sunabilmek adına yapıyoruz. Çünkü 'Ayinesi iştir kişinin, lafa bakılmaz' diyoruz. Bizim aynamız hep eser oldu. Hep milletimize hizmet etmek oldu ve bu anlayışla çalıştık. Pendik'te Millet Bahçemizi bitirdik, sizlere teslim ettik. Şimdi de inşallah Nisan aynın sonunda fethin 570'inci yıl dönümünde Sultan Fatih'in şehrinde Atatürk Havalimanı Millet Bahçemizi İstanbul'umuza, 39 ilçemize Türkiye'mize kazandıracağız.”

“İstanbul’da 650 bin konutun dönüşümünü tamamladık. Şu an sahada 90 konutumuzun dönüşümü devam ediyor”

2013 yılında Cumhurbaşkanı Erdoğan’ın liderliğinde millete söz verdiklerini anımsatan Bakan Kurum, “Dedik ki bedeli ne olursa olsun dönüştüreceğiz. Ve bu kadim şehrin insanına daha güzel bir hizmet sunabilmek için, İstanbul’umuzun 963 mahallesine hizmetlerimizi götürdük. Kentsel dönüşüm dedik, bugüne kadar İstanbul’da 650 bin konutun dönüşümünü tamamladık. Şu an sahada 90 konutumuzun dönüşümü devam ediyor. Ve İşte sosyal konut dedik, Pendik’ten Göngören’e, Ataşehir’den Esenler’e, Kağıthane’ye ve Üsküdar’a kadar Yeditepeli İstanbul’umuzun her bir karışında gece gündüz demeden çalışıyoruz.” dedi.

İnşallah 13 Nisan’da Sayın Cumhurbaşkanımızın teşrifleriyle Malatya’mızda 100 bininci konutumuzun sözleşmesini imzalayacağız”

Cumhuriyet tarihinin en büyük sosyal konut projesini açıkladıklarını ifade eden Bakan Kurum, “Hamd olsun 5 milyonu aşkın vatandaşımız başvurdu. Dediler ki; ’siz bu projeleri yapamazsınız. Siz afette yıkılan konutları yapamazsınız.’. Biz de onlara dedik ki; bakın depremin üzerinden 63 gün geçti. 63 gün geçmesine rağmen biz 78 bin konutumuzun sözleşmesini yaptık. TOKİ ile 20 yılda 1 milyon 180 bin konutumuzu yaptık. İnşallah ayın 13’ünde Sayın Cumhurbaşkanımızın teşrifleriyle Malatya’mızda 100 bininci konutumuzun sözleşmesini imzalayacağız. Ve onlara Pendik’ten diyoruz ki; 20 yıldır bu ülke için, ülkenin geleceği, bu ülkenin çocukları için, bu ülkenin gençleri için okullardan hastanelere kadar, millet bahçelerinden yine stadyumlara kadar 20 yıldır 100 yılda yapılacak işleri nasıl yaptıysak, afet konutlarını da yapacağız, bu deprem konutlarını da yapacağız. Diyorlar ki bu işlerin teminatı, garantisi kimdir? Onlara diyoruz ki bu işlerin teminatı da, garantisi de liderimiz, genel başkanımız, başkomutanımız Recep Tayip Erdoğan’dır” şeklinde konuştu.

“Pendik’te bin 747 konut, 280 dükkanımızın ihalesini yapıyoruz. 16 ay sonra Pendikli kardeşlerimize teslim etmeyi hedefliyoruz”

Bakan Murat Kurum konuşmasının devamında İstanbul’u dirençli hale getireceklerini de belirtirken, bu müjdeli haberi Pendikli kardeşleriyle paylaşmak istediklerini ifade etti. Bakan Kurum, “Pendik’imizde Orta ve Dumlupınar Mahallelerinde kentsel dönüşüm projemiz var. 143 bin metrekarelik alanda bu projeyi hayata geçiriyoruz. Ve bu kapsamda iki etapta bin 747 konutumuzu yine 280 dükkânımızın ihalesini önümüzdeki hafta yapıyoruz. Süratle işe başlıyoruz. İnşallah buradaki konutlarımızı da 16 ay sonra Pendikli kardeşlerimize teslim etmeyi hedefliyoruz. Şimdiden hak sahibi kardeşlerimize hayırlı uğurlu olsun diyorum” ifadelerine yer verdi.",1,3,1,0,2,3,3,3,1,0,2,2,2,1,0,0,0,0,1,0
tccb_266,TCCB,cumhurbaskanligi,hatay,5_post_local,2024-05-06,"Vakıflarımızın Değerli Temsilcileri, Hanımefendiler, Beyefendiler, Sizleri en kalbi duygularımla, hürmetle, muhabbetle selamlıyorum. Cumhurbaşkanlığı Külliyesi’ne, milletin evine hepiniz hoş geldiniz. 2024 yılı Vakıf Haftası münasebetiyle sizleri Külliyemizde misafir etmekten büyük bir bahtiyarlık duyuyorum. Bu güzel buluşmaya vesile olan herkese teşekkür ediyorum. Bu yılki Vakıf Haftamızı yurt içinde ve yurt dışında restorasyonu tamamlanan 201 vakıf eserinin toplu açılışını yaparak idrak ediyoruz. Hem haftamızın, hem de açılışın yaptığımız vakıf kültür varlıklarımızın ülkemize, milletimize hayırlı olmasını diliyorum. İnşallah az sonra İstanbul, Sivas, Hatay ve Priştine’ye bağlanarak bu eserlerin bir kısmının açılışlarını bizzat gerçekleştireceğiz. Bizden önce 1996-2002 yılları arasında toplamda yalnızca 56 tarihi eserin onarıldığı dikkate alınırsa, Vakıflar Genel Müdürlüğümüzün nasıl büyük bir başarıya imza attığını görülecektir. Sadece Türkiye içinde, sadece Anadolu ve Trakya’da değil, dünya üzerinde nerede bizlere ait, atalarımıza ait bir eser veya kültürel miras arsa oraya ulaşıyor ve gün yüzüne çıkarıyoruz. Son 21 yılda ülkemiz içinde ve gönül coğrafyamızın dört bir yanındaki 5 bin 500 ecdat yadigârı eseri yeniden ayağa kaldırdık. Burada tek tek sayamayacağız pek çok eserin restorasyonunu, imarını ve ihyasını hamdolsun başarıyla gerçekleştirdik. Biraz evvel yaptıkları konuşmalarda hem Vakıflar Genel Müdürümüz, hem de Kültür Bakanımız yürütülen çalışmalarla özellikle kapsamlı bilgileri bizimle paylaştı. Ecdadın emanetlerine en güzel biçimde sahip çıkan Vakıflar Genel Müdürlüğümüzü şahsım, milletim adına tebrik ediyorum. Bizim kültürümüzde marifet iltifata tabidir. Özellikle Vakıf kültürümüzün yaşatılmasına öncülük edenleri taltif etmek, onlara emekleri için teşekkür etmek çok önemlidir. Vakıf Haftamız münasebetiyle bugün aynı zamanda vakıf insanı olarak Bayram Kızılaslan kardeşimize de ödülünü takdim ediyoruz. İş adamı kimliğinin yanı sıra, hayırseverliğiyle de maruf olan Bayram Kızılaslan kardeşimiz, 6 Şubat depremlerinde ağır hasar alan Malatya Yeni Camii’nin tüm yapım masraflarını üstlendi, Bayram kardeşimizin maddi desteğiyle şehrimizin simgelerinden olan bu tarihi eseri inşallah süratle ayağa kaldıracağız. Mevla kendisinden razı olsun diyorum. Depremde yıkılan ve hasar gören vakıf eserlerimizin ihyası için gösterilen her türlü çabayı takdirle karşıladığımızı buradan ifade etmek istiyorum. Bu hafta dolayısıyla bir kez daha vakıf medeniyetimizin oluşunda, sürdürülmesinde, muhafazasında emeği geçen herkese ülkem ve milletim adına şükranlarımı sunuyorum. Ebediyete irtihal eden vakıf insanlarımızı ve hayırseverlerimizi rahmetle yâd ediyorum. Sadece vakıf eserlerinin korunması ve ihyasında değil, kültürel hizmetlerden burslara, muhtaçlara yardımdan cemaat vakıflarına kadar geniş bir alanda Genel Müdürlüğümüz iftihar kaynağımız olan çalışmalara imza atıyor. İlk, orta, lise ve yükseköğrenim seviyesinde toplam 50 bin ihtiyaç sahibi evladımız vakıflarımızdan burs veya eğitim yardımı alıyor. Genel Müdürlüğümüzün 7 Ekim’den beri soykırıma uğrayan Gazzeli kardeşlerimize el uzattığını görmekten ayrıca memnuniyet duyuyoruz. Mart ayının sonunda toplam 3 bin tonluk 125 bin gıda kolisi taşıyan 8. iyilik gemimizi Gazze’ye uğurladık. Daha sonra bu yardımlarımızı artırarak devam ettirdik, devam ettiriyoruz. Bugüne kadar toplam 50 bin tona ulaşan insani yardım miktarıyla Türkiye dünyada Gazze’ye en fazla yardım gönderen ülke konumuna ulaştı. İyice canileşen İsrail yönetimini ateşkese zorlamak maksadıyla diplomasi ve ticaret boyutunda baskının dozunu sürekli yükseltiyoruz. İlk etapta 54 ürün grubuna ihracat kısıtlaması getirmiştik, geçen haftadan itibaren İsrail’le ihracat ve ithalat işlemlerini tüm ürünleri ihtiva edecek şekilde durdurduk. İsrail’e karşı Uluslararası Adalet Divanı’nda açılan soykırım davasına da müdahil olmayı kararlaştırdık. 15 bini çocuk, 35 bin kardeşimizin hayatına kastedenlerin hukuk önünde hesap vermesi için tüm imkanlarımızı kullanacağız. Bu kararlarımızın bölgede akan kanın durmasını isteyen diğer ülkelere de cesaret aşılayacağına inanıyorum. Filistin halkının en zor günlerinde imdadına koşan aziz milletimiz kardeşlik vazifesini ifade etme yanında insanlığın da vicdanı olmuştur. İçimizdeki kimi işgüzarlar bunu görmese veya gördükleri halde çarpıtsalar da devletiyle, vatandaşıyla, sivil toplum kuruluşlarıyla Türkiye Gazze sınavını en başarılı veren ülkelerden biridir. Bunda AFAD’ımızın, Türk Kızılay’ın, Vakıflar Genel Müdürlüğümüzün ve diğer gönüllü kuruluşlarımızın gerçekten büyük payı vardır. Sizlerin şahsında, dünyanın neresinde olursa olsun mazlumlara ve mağdurlara destek olan herkesi, tüm kurumlarımızı tebrik ediyorum. Değerli Misafirler, Bizler sevgi ve merhamet medeniyetinin temsilcileriyiz. Nefes alırken havayı, su içerken, ırmağı, hasat toplarken toprağı, meyve koparırken, ağacı özellikle incitmemeye, zarar vermemeye çalışan yüce gönüllü bir kültür ikliminde yetişerek, hamdolsun bugünlere geldik. Cenk meydanlarında hasımlarımızla göğüs göğse muharebe ederken dahi gayri meşru, gayri insani yollara tevessül etmedik. Sefere çıktığında dalından kopardığı bir meyvenin ücretini bile ödeyen ecdadımız, bizlere gerçekten hem örnek olacak, hem de iftihar edeceğimiz eşsiz bir miras bırakmıştır. Fatih Sultan Mehmet’in şu tavsiyesi asırlarca milletimize rehberlik etmiştir: “Hüner, bir şehir bünyad etmektir. Reaya kalbin abad etmektir” Evet, önemli olan sadece toprak kazanmak değil, bir şehri imar etmek gönülleri de fethetmektir. Bu anlayışla tarih boyunca hem nice şehirler, yollar, köprüler imar ettik, hem de kalpleri kazandık. Vakıflarımız şehirlerimizin imarının yanı sıra, fethettiğimiz yerlerdeki halkın gönlünü kazanmamıza vesile olan en önemli kurumlarımızdır. Balkanlar’dan Afrika’ya, Asya’dan Ortadoğu’ya kadar gönül coğrafyamızın her bir köşesinde ecdat tarafından inşa edilen camilerin, imarethanelerin, köprülerin ve kervansarayların çoğunluğu vakıf eseridir. Selçuklu’yu, Osmanlı’yı gezen Batılı seyyahlar, bu devletler için “vakıf cenneti” tabirini kullanmışlardır. “Hayırda yarışınız” emri mucibince atalarımız vakıf kurmak suretiyle özellikle birbiriyle yarışmış, kimseyi çaresiz ve sahipsiz bırakmamıştır. Fakir fukarayı, garip gurebayı, yolda kalanı, yetimi, öksüzü, düşkünü, biçareleri gözeten ihtiyaç sahiplerine yardımı esirgemeyen vakıflarımız, aynı zamanda milletimizin huzur ve güvenliğinin de teminatı olmuştur. “İnsanı yaşat ki, devlet yaşasın” ilkemizin ete kemiğe büründüğü kurum, tartışmasız bir şekilde vakıflarımızdır. İslam’a göre insan Zübde-i âlem, yani âlemin özüdür. İnsana hizmet, İslam medeniyetinin temelini oluşturur. Vakıflarımız yalnızca insana hizmetle kendilerini sınırlandırmamıştır, şanlı tarihimizde özellikle aç kuşlar için, göç eden leylekler için, hatta ağaçlar için, köprüler için kurulan nice vakıflar görüyoruz. Hayata ve hayatın akışına dair ne varsa oraya hitap eden, elini uzatan ve kol kanat geren bir hayır kurumuna, yapıya veya vakfa mutlaka rastlıyoruz. Değerli Dostlar, Sadece vakıf kurmak değil, ecdat vakıfların korunması ve vakıf malına el sürülmemesi hususunda da çok büyük itina göstermiştir. Vakfa bir çivi çakan abad, bir çivi söken berbat olur, sözü hem vakıf hizmetlerinin değerini, hem de riskini ortaya koyuyor. Vakıf faaliyeti öyle hassas, öyle titizlikle yürütülmesi gereken bir iştir ki, kişiye cennetin kapılarını da açabilir, Allah korusun cehenneme de sürükleyebilir. Çünkü bir vakfiyede tüm insanların, tabiatın, hayvan ve bitkilerin, gelecek kuşakların hakkı, hukuku vardır. Kerim devlet geleneğimizde bir vakıf içinden geçerken üzerine vakıf malının tozu bile bulaşmasın hassasiyetiyle faaliyetler yürütülmüştür. Aynı inceliğe başka alanlarda da şahit oluyoruz. Vakıf malına gösterilen bu ihtimamın kamuya dair tüm işlerde hepimize örnek olması gerektiğine inanıyorum. Burada şu hususun altını çizerek ifade etmek istiyorum: Vakıf eserleri nasıl bize ecdadın ve vakıf sahibinin emanetiyse, kamu malı ve kamu görevi de milletin emanetidir. Tüyü bitmemiş yetimin hakkının olduğu kamu malı ve kamu görevi ancak böyle yüksek bir şuurla yerine getirilirse verimli olur, bereketli olur, faydalı olur, sorumluluğun hakkı tam manasıyla verilmiş olur. Kamu görevlisi kendi mesuliyeti veya mesuliyet sahasıyla ilgili işlerde vatandaşlarımıza hizmet etmeye memurdur, mesuldür, mecburdur. Millete hizmet yolunda üşengeçliğe, rehavete, kaprislere, bugün git yarın gel sorumsuzluğuna asla ve asla yer yoktur. Her zaman söylüyorum, bugün bir kez daha ifade ediyorum; bulunduğumuz tüm makamları aziz milletimize borçluyuz. Hangi konumda olursak olalım, hepimiz milletimize karşı sorumluyuz. Millete büyüklenmek, yukarıdan bakmak, efendilik taslamak, sorunlarını görmezden gelmek kesinlikle kabul edilemez. Hele hele kamu malına el uzatmak, bizim nazarımızda ihanete eşdeğerdir. Siyasetçiler, kamu görevlileri, yönetim mevkiindekilerin ülkeyi ve millete karşı vazifelerini yerine getirme noktasında hiçbir bahanesi olamaz. Milletin derdiyle dertlenmedikten, sorunlarına çözüm bulup hayır duasını almadıktan sonra hangi vazife olursa olsun insan için yüktür. Eski Türkiye manzaralarını milletimize tekrar yaşatmamakta kararlıyız. Bu konuda özellikle son dönemde artan serzenişlerin farkındayız. Tespit ettiğimiz tüm eksiklerin, hataların, varsa ihanetlerin üzerine inşallah bundan sonra çok daha kararlı bir şekilde gideceğiz. Kamu hizmetlerinin sorunsuz ve kusursuz sunulması için her türlü tedbiri alacak, bürokratik atalete hiçbir şekilde müsaade etmeyeceğiz. Kıymetli Dostlar, Külliye’mizdeki bu anlamlı töreni emanete sahip çıkma bakımından sergilediğimiz hassasiyetin yeni bir nişanesi olarak görüyorum. Toplam 201 vakıf eserini asli kimliğine ve kullanım amacına uygun şekilde restore eden Vakıflar Genel Müdürlüğümüzü tekrar milletim adına tebrik ediyorum. Bu eserlerin yeniden ihyasına katkı sağlayan hayırseverlerimize ayrıca teşekkürlerimi iletiyorum. Sizlerin nezdinde tüm milletimizin Vakıf Haftasını kutluyor, bu hafta boyunca düzenlenecek etkinliklerin özellikle gençlerimizin köklü vakıf medeniyetimizi anlamasına vesile teşkil etmesini diliyorum. Rabbim bizleri vakıfların kıymetini bilenlerden, vakıf sahibi olanlardan, geride hayırla yâd edilecek eserler bırakanlardan eylesin diyorum. Bu düşüncelerle restorasyonu tamamlanan esirlerin hayırlı olmasını temenni ediyor, sizleri sevgiyle ve saygıyla selamlıyorum. Kalın sağlıcakla.",0,2,0,0,2,3,3,3,1,0,1,1,1,1,0,0,0,0,1,0
csb_0036,CSB,bakanlık,hatay,1_post_quake,2023-02-23,"BAKAN KURUM ADIYAMAN’DA AA EDİTÖR MASASI'NA KONUK OLDU

Çevre, Şehircilik ve İklim Değişikliği Bakanı Murat Kurum, Kahramanmaraş merkezli depremlerden etkilenen illerde hasar tespitinin Türkiye genelinde yüzde 80 seviyesine geldiğini belirterek, birkaç gün içerisinde tamamlanacağını bildirdi.

Çevre, Şehircilik ve İklim Değişikliği Bakanı Murat Kurum, Kahramanmaraş merkezli depremlerden etkilenen Adıyaman'da gerçekleştirilen Anadolu Ajansı (AA) Editör Masası'nda, gündeme ilişkin soruları yanıtladı, değerlendirmelerde bulundu.

Bakan Kurum, 6 Şubat gecesi tüm milleti yasa boğan, tüm bölgelerde hissedilen bir depremle uyanıldığını belirterek, başsağlığı dileklerini iletti.

Deprem olduğu andan itibaren Türkiye Afet Müdahale Planı (TAMP) kapsamında illerde harekete geçildiğini anlatan Bakan Kurum, ""İlk andan itibaren tüm illerimizde vatandaşımızın neye ihtiyacı varsa, yapılması gereken neyse her saat, her dakika üstüne koya koya bu mücadeleyi göstermeye gayret gösterdik."" dedi.

Depremin ardından 11 ilde yol ve altyapılardaki hasarlar sebebiyle yardımların ancak yolların açılarak ulaştırılabildiğini anlatan Bakan Kurum, yardımların hızlı bir şekilde ulaştırılması konusunda çaba gösterildiğini vurguladı.

""Devletimizin bütün imkanlarını 11 ilimiz için seferber ettik""

Ekiplerin enkaz altından ""Bir kişiyi daha acaba canlı kurtarabilir miyiz?"" anlayışıyla, yemeden, içmeden uyumadan elindeki imkanları seferber ederek çalıştığını aktaran Bakan Kurum, ""Her şeyi dört dörtlük yaptık diyemeyiz ama şuna ben şahidim ki her saat, her dakika üstüne koya koya, devletimizin bütün imkanlarını 11 ilimiz için seferber ettik."" dedi.

Tüm illerde eş zamanlı çalışmalar yürütüldüğünü dile getiren Bakan Kurum, tüm ülkeden TAMP çerçevesinde bütün iş makinalarının bölgeye sevk edildiğini ve buraya yapılabilecek her türlü yardımı yapmak adına cansiparane bir şekilde süreci yönetmeye gayret gösterdiklerini vurguladı.

Bakan Kurum, konuşmasına şöyle devam etti:

""Önceliğimiz, enkaz altındaki vatandaşlarımızı bir an önce enkazdan kurtarabilmek, ardından onları sağlam güvenli alanlara, geçici barınma alanlarımıza, çadır kentlerimize, ardından konteyner kentlerimize yerleştirmekti. Bir taraftan da hasar tespitlerini yapmak ve hasar tespiti çerçevesinde de kalıcı konutlarımızın inşa sürecine başlamaktı. Tüm bu işleri eş zamanlı yürütmeye çalıştık. Hiçbirinden ödün vermeden, hiçbirinde geç kalmadan bir an, bir saat, bir dakika önce, vatandaşımıza biz 'en iyi imkanı nasıl sunabiliriz'in gayreti içinde olduk.""

""Bu yıkımın büyüklüğünü anlamak zorundayız""

Deprem bölgelerindeki hasar tespit çalışmalarındaki son durumun sorulması üzerine Bakan Kurum, hasar tespit çalışmalarının 11 ilde 7 bin 300 personelle eş zamanlı yürütüldüğünü bildirdi.

Hasar tespitiyle çıkacak envanterin, gelecekteki yerleşim için önemine işaret eden Bakan Kurum, ""Binaların doğru alanlarda olup olmadığı, zeminin kalitesini, yıkımın ne denli o alanda fazla olup olmadığını o tespitlerle görmüş olacağız."" dedi.

Bilim insanlarıyla bu konuda istişarelerde bulunduklarını anlatan Bakan Kurum, ""Yapmış olduğumuz hasar tespit çalışmalarında depremin 18'inci günündeyiz, 164 bin 29 binada yer alan 518 bin 754 bağımsız bölümün yıkık, acil yıkılacak ve ağır hasarlı olduğunun tespitini yaptık. Bunu dört ile çarptığınızda neredeyse İstanbul büyüklüğündeki nüfustan bahsediyoruz. Dolayısıyla bu yıkımın büyüklüğünü anlamak zorundayız."" diye konuştu.

Yıkık ve acil yıkılması gereken binaların, hemen yıkılacak binalar olduğuna dikkati çeken Bakan Kurum, ağır hasarlı binaların da taşıyıcı sistemlerinin hasar görmesi dolayısıyla girilemez, kullanılamaz binalar olduğunu söyledi.

""Zemindeki sıvılaşmadan kaynaklı""

Bakan Kurum, kişilerin kimlik numarası ile binasının hasarını e-Devlet'ten görebildiğine de değinerek, şunları söyledi:

""Hasar tespiti bugün itibarıyla Türkiye genelinde yüzde 80 seviyelerine geldi. Önümüzdeki birkaç gün içerisinde inşallah tamamlayacağız. Hasar tespitleri esnasında, Hatay Defne merkezli ardından Samandağ merkezli iki deprem yaşadık. Zaten acil yıkılacak, ağır hasarlı binalarla ilgili bir tespit yapmaya gerek yok. Dolayısıyla orta hasarlı ve az hasarlı binalara bir kez daha bakacağız. En son Defne merkezli depremde hasar görmüş mü, görmemiş mi, bunu tekrar tespit edebilmek amacıyla.""

Bakan Kurum, depremin Doğu Anadolu Fay Hattı üzerinde gerçekleştiğini belirterek, bu fay hattı üzerindeki hasar yoğunluklarına ilişkin bilgi verdi.

Tek tek illerin hasar durumlarını tablolarla gösteren Kurum, 11 ildeki fay hatları üzerindeki yıkım yoğunluğuna dikkati çekti.

Hatay İskenderun'un da yoğun yıkım yaşanan yerlerden olduğunu söyleyen Bakan Kurum, buradaki yıkım nedenlerinden birinin zemin sıvılaşmasından kaynaklı yıkım olduğunu söyledi.

Bakan Kurum, ""Hatay, Antakya merkezinde de zemin kalitesinin düşük olduğunu görüyoruz. Mesela bazı binaların yıkılmadığını ama yan yattığını görüyoruz. Yani buradaki sebep, zemindeki sıvılaşmadan kaynaklı, zemin yumuşuyor ve oynak zeminde bina yan yatabiliyor."" değerlendirmesinde bulundu.

""1999 öncesi yapılan mühendislik hizmeti almamış, herhangi bir denetime tabi olmamış yapıların maalesef yüzde 98'in yıkıldığını görüyoruz""

Denize havalimanı yaptıklarını anımsatan Bakan Kurum, ""deniz üstüne dolguyla inşaat yapılamaz"" diye bir kaide olmadığını ancak o zemine göre gerekli tedbirleri almak, zemin iyileştirmesi yapmak, sıvılaşmaya ilişkin tedbir almak zorunda olunduğunu belirtti.

İzmir Bayraklı'da depremdeki yıkımın zemin sıvılaşmasından kaynaklı olduğunu bildiren Bakan Kurum, deprem sonrasında zemin iyileştirmesi yaptıklarını, Bayraklı'da katı düşürdüklerini, zemin kalitesini artırdıklarını, sıvılaşmaya ilişkin tedbirler aldıklarını söyledi.

Tedbirleri alarak, sağlam bina yapılacağını kaydeden Bakan Kurum, bilim insanlarıyla görüşerek fay hattından ne kadar mesafede bina yapılması gerektiğini sorduğunu, onların da dünya literatürüne göre 15 metre olduğunu söylediklerini anlattı.

""Hocalarımıza, 'Bunun bilimsel bir neticesi, sonucu yok. Biz emniyette kalmak istiyoruz. Fay hattına 500 metreden aşağı yanaşmasak' dedim. 'Çok iyi yaparsınız, daha güvenli olur' dediler."" ifadelerini kullanan Kurum, kırılan faylarla birlikte salınım gerçekleştiğini, fay hattından uzaklaştıkça salınımın etkisinin de azaldığını belirtti.

Bakan Kurum, ""Dolayısıyla ne kadar uzak yaparsanız, o salınımın etkisi de o kadar azalmış olur."" diye konuştu.

""Yıkılanların yüzde 98'inin yapı denetim hizmeti almamış binalar olduğunu görüyoruz""

Osmaniye'de de yapıların fay hattına mesafeleri ve zemin yapısı nedeniyle yıkımlar olduğunu söyleyen Kurum, yapı denetimine ilişkin her depremden sonra envanteri topladıklarını, hasar tespiti yapılırken bina kayıt sistemleriyle binanın yaşı, ruhsatı, iskanı gibi bilgileri kaydettiklerini, bu veriler ışığında da yıkımın sebeplerini ve neticelerini detaylı şekilde araştırdıklarını ifade etti.

Bakan Kurum, ""Elazığ, Malatya, İzmir depremlerinde de gördüğümüz, yıkılan binaların yüzde 98'inin yapı denetim hizmeti almamış binalar olduğunu görüyoruz. 1999 öncesi yapılmış ve herhangi bir yapı denetim hizmeti almamış, mühendislik hizmeti almamış olduğunu görüyoruz."" dedi.

Kahramanmaraş depreminde 1999'dan önce inşa edilmiş binaların oranlarına ilişkin bilgi veren Bakan Murat Kurum, şunları kaydetti:

""Adana'da bu oran yüzde 96,7 yıkılan binalar, yapı denetim hizmeti almamış, Adıyaman'da yüzde 96,2 1999 öncesi yapılmış. Gaziantep'te yüzde 96,7, Hatay'da yüzde 97,7, Kahramanmaraş'ta yüzde 96,2, Malatya'da yüzde 98,6, Osmaniye'de yüzde 98,6 yapı denetim hizmeti almamış binaların yıkılma oranı. Yani 1999 öncesi yapılan yapılar, binada oturan vatandaşlarımız için bir tehdit ki envantere baktığınızda bina sayısı olarak da ciddi bir sayı var.""

Yeni yapılan binalar içinde de ağır hasarlılar bulunduğunu ancak yıkılanların oranının yüzde 2 olduğunu anlatan Bakan Kurum, ancak bu binaların görevini yaptığını, yapı denetiminden geçtiğini ve o binalarda vatandaşların hayatını kaybetmediklerini bildirdi.

Bakan Kurum, şöyle konuştu:

""Buradaki veriler bize şunu gösteriyor; 1999 öncesi yapılan yapıların yüzde 98'inin yıkıldığını net bir şekilde gösteriyor. Toplam 2 milyon 535 bin yapının tespiti yapılmış. 1999 öncesi inşa edilen yapı 1 milyon 191 bin. Yani yüzde 48'i 1999 öncesi yapılmış. Bu da ne demek? Yüzde 52'si de bizim getirmiş olduğumuz yapı denetim sistemiyle, deprem yönetmeliğiyle, biliyorsunuz 1999 sonrası yapı denetim sistemini, yeni deprem yönetmeliklerini hayata geçirdik. Dolayısıyla yüzde 52'sini de güvenli hale getirdik. Tüm Türkiye'de bu oran yüzde 60'lara, 65'lere geldi. Yıkık bina sayısı 18 bin 150. Bunların 1999 için olanı 17 bin 588. Sadece 562 yeni bina yıkılmış. Dolayısıyla 1999 öncesi yapılan mühendislik hizmeti almamış, herhangi bir denetime tabi olmamış yapıların maalesef yüzde 98'in yıkıldığını görüyoruz.""

Üç aşamalı şehirleşme modelleri kuruluyor

Deprem bölgesinde üç aşamalı şehirleşme modelleri olacağını belirten Bakan Kurum, şehrin belirledikleri, güvenli, sağlam alanlarında konteyner kentleri kurduktan sonra yürüteceklerini söyledi.

Bakan Kurum, halen Adıyaman'da 3 bin konteyner yapmak için çalıştıklarını; prefabrik, çelik konstrüksiyon ve yığma yapıdan oluşan konteynerleri vatandaşın geçici iskanını sağlayabilmek amacıyla 15-20 gün içerisinde tamamlayacaklarını ifade ederek bu çalışmayı bütün şehirlerde eş zamanlı olarak AFAD'ın koordinasyonunda yürüttüklerini kaydetti.

Bakan Kurum, sözlerini şöyle sürdürdü:

""TOKİ, Emlak Konut Genel Müdürlüğü eliyle vatandaşımızın geçici barınma ihtiyacını karşılamak amacıyla gece gündüz 24 saat esasıyla arkadaşlarımız çalışıyorlar ve bir gün önce, bir saat önce vatandaşlarımıza bu alanları teslim etmenin gayretiyle motivasyonuyla yapıyoruz. Bunlarla birlikte, eş zamanlı olarak biz bir taraftan da şehrin çeperinde, şehre yakın, şehrin sosyolojisini, kültürel yapısını, demokratik yapısını, o şehrin ihtiyaçlarını, yani vatandaşın ihtiyacı nedir, oradaki gelenek nedir, görenek nedir, adet nedir, örf nedir, bu anlayışla belirlediğimiz rezerv alanlarda yerleşimlere başlayacağız. Bunların ihalelerini yaptık. Ay sonuna kadar 14 bin 500 rakamına ulaşacağız. Önümüzdeki nisan ve mart aylarında 270 bin hedefliyoruz ve hasar tespitle birlikte etap etap bu sayıları arttıracağız. 11 ilimizde eş zamanlı şu an depremden hasar gören Adıyaman'ımızda, Malatya'mızda, Gaziantep'imizde, Şanlıurfa'mızda, Diyarbakır'ımızda, ilçelerimizde, köylerimizde, köydeki vatandaşlarımıza da eş zamanlı köy konutlarımızı yürütüyoruz. Bu illerimizde ay sonuna kadar yapacağımız sözleşmelerin rakamıdır bu. Yani depremden 16 gün sonra bu devlet, vatandaşı için kalıcı konutların sözleşmelerini imzalamaya başlamış. Tabii ki hak sahipliği sürecini de zaten eş zamanlı yürütüyoruz. Bir taraftan biz konutlarımızı yapacağız, vatandaşlarımıza bu süreçte taşınma yardımı, ev sahibi olanlara 5 bin lira kira yardımı, kiracılara da 2 bin liradan 3 bin liraya Sayın Cumhurbaşkanımız çıkarılması talimatı verdiler. 3 bin lira yine kiracı vatandaşlarımız için de taşınma yardımı, kira yardımı vereceğiz ve evi teslim edilene kadar o vatandaşlarımız bu kira yardımını alacaklar. Bir yıl içerisinde, aynı diğer depremlerde olduğu gibi konutlarımızı onlara hızlı bir şekilde vereceğiz.""

İnşaat sürecini belirledikleri rezerv alanlarda, master planlarla, o şehrin demografik yapısını da dikkate alarak yapacaklarını belirten Bakan Kurum, şöyle konuştu:

""Emlak Konut Genel Müdürlüğümüze şöyle bir iş verdik; şehrin merkezi, örneğin Hatay merkez, Kahramanmaraş merkez, Adıyaman merkez, bu merkezlerde Hatay'da Ulu Cami'miz, Meclis Binamız, tescilli binalarımız, tarihi binalarımız da hasar gördü. Orası bizim Cumhuriyet'imizin kurulduğu, atalarımızın bize emanet olarak bıraktığı alanlar. Dolayısıyla ulu camilerimizi de ayağa kaldıracağız, tarihi binalarımızı da, tescilli binalarımızı da ayağa kaldıracağız. Yeni Antakya'yı, yeni Hatay'ı, oradaki tüm şehrin ileri gelenleriyle, orada kanaat önderleriyle yapacağımız master planını, onların fikirleri, önerileri doğrultusunda yapacağız. Sağlam zemine yapacağız veya o zeminde alınması gereken tedbirlerle yapacağız, yeri gelecek kısıtlar yapacağız. Kat kısıtlaması getireceğiz, dükkanları mümkün olduğunca bina altına koymayacağız, bina yanına koyacağız. Çünkü bina altlarında kolon kesmeler veya oradaki farklı tadilatlar sebebiyle yıkımlar var. Tabii bunların hesabını da Türkiye Cumhuriyeti devletinin savcıları bir bir hepsinden soracaktır. Zaten gerekli gözaltılar, savcılık, idari soruşturmalar yapılmaktadır.""

""Milletimizin desteğiyle kentsel dönüşümü yapacağız, İstanbul'da da Ankara'da da İzmir'de de yapacağız ve vatandaşımızı çaresiz bırakmayacağız""

""1999 öncesi yapılan, yapı denetim hizmeti almamış, deprem bölgesi dışındaki konutlara ilişkin bir yol haritası belirlenecek mi?"" sorusu üzerine Bakan Kurum, Cumhurbaşkanı Recep Tayyip Erdoğan'ın 2013 yılında İstanbul Gaziosmanpaşa'da, tüm Türkiye'de kentsel dönüşümün başlatıldığını, devlet olarak kararlı olduklarını, bedeli ne olursa olsun binaları dönüştüreceklerini söylediğini anımsattı.

TOKİ ile 1 milyon 180 bin konut yaptıklarını, bu konutların depreme rağmen dimdik ayakta olduğunu ifade eden Bakan Kurum, yaptıkları kentsel dönüşüm yasası ve projeleriyle 3,3 milyon konutun dönüşümünü sağladıklarını söyledi.

Bakan Kurum, bazı kesimlerin ""kentsel dönüşüme siyaset üstü bakılması gerekir"" dediğini ancak nerede bir kentsel dönüşüm projesi varsa o projelerle ilgili vatandaşın aklının karıştırmak amacıyla yapılması gereken her şeyi yaptığını belirtti.

Milletin neyi, kimin nasıl yaptığını çok iyi bildiğine dikkati çeken Bakan Kurum, sözlerini şöyle sürdürdü:

""En önemli görevimiz kentsel dönüşüm deyip millete vadederek, bütçeden 1 lira ayırmayıp kentsel dönüşüme hiçbir katkı sunmamakla bir yere gidemeyiz. Devletimiz, belediyemiz elini taşın altına koyacak, vatandaşımız da olacak hep birlikte bu dönüşümü yapacağız. Şu an tüm Türkiye'de 270 bin konutun dönüşümünü yürütüyoruz. Biz niye 250 bin sosyal konut projesi açıkladık? İnsanlarımız sağlam, güvenli yuvalara girsin diye. Niye kentsel dönüşümle birlikte vatandaşımıza kira yardımı, kamulaştırma yardımı olarak 25 milyar lira kaynak aktardık? Aktarmaya devam ediyoruz, edeceğiz. Milletimizin desteğiyle kentsel dönüşümü yapacağız, İstanbul'da da Ankara'da da İzmir'de de yapacağız ve vatandaşımızı çaresiz bırakmayacağız. Hiçbir parti gözetmeksizin bütün belediyelerimize söyledik. İki gün önce İstanbul Avcılar Belediye Başkanı'mız buradaydı. 'Ne gerekiyorsa getirin Başkan'ım' dedik. Bunu İstanbul'a, Ankara'ya da söyledik. Kentsel dönüşüm için bize gelen hiçbir belediyeye kafamızı çevirmedik. Anlaşan bütün vatandaşlarımıza sürecin önünü açtık. Biz kentsel dönüşüm sürecinin önünü açtık ve açmaya da devam edeceğiz. Etmek zorundayız. Bu, bir milli güvenlik ve beka meselesidir.""

Şu an önceliklerinin 11 ille birlikte İstanbul'daki 900 bin konut olduğunu ifade eden Bakan Kurum, İstanbul'da, Üsküdar, Ataşehir, Ümraniye, Beykoz, Başakşehir, Avcılar ve Okmeydanı'nda kentsel dönüşüm projeleri yürüttüklerini vurguladı.

Bakan Kurum, yapı denetim yasasını kendilerinin hayata geçirdiğini, tüm yapı denetim sistemini kura sistemine göre değiştirdiklerini, göreve gelir gelmez emsal artışlarına dur dediklerini, imarların parsel bazında değil, ada bazında verileceğini söylediklerini aktardı.

Bina yüksekliği için etraftaki binaların emsal alınacağına ilişkin düzenlemeleri yaptıklarını vurgulayan Bakan Kurum, şunları kaydetti:

""Sayın Cumhurbaşkanı'mız talimat verdiler, Fikirtepe'de 10 bin konutluk, 50 bin vatandaşımızı doğrudan ilgilendiren dönüşüm projesinin göbeğine girdik, bütün etaplarını, ihalelerini yaptık. Esenler'de 60 bin konutluk tüm dünyaya örnek olacak kentsel dönüşüm sürecini yürütüyoruz. 'Kanal İstanbul etrafına yeni bina, yeni yerleşim getirmeyeceğiz' dedik ama bu alanı rezerv alan olarak, İstanbul için kullanmak zorundayız. Buralara sağlam binaları yapacağız ve çeperde yer alan Sultangazi, Bağcılar, Başakşehir, Bayrampaşa'daki riskli binaları veya diğer ilçelerdeki riskli binaları buraya taşımak zorundayız. Millet bahçeleri niye yapılıyor? Millet bahçeleri bakın bu 8 ilde afette toplanma alanı vazifesi gördü. Atatürk Havalimanı Millet Bahçesi de bu vazifeyi görecek. Altyapısını hazırlayacaksınız. Yardım götürmek istiyorsanız o altyapıyı orada hazırlamak zorundasınız. Biz hem kentsel dönüşüm hem yapı denetimde tüm şehirlerimizde kararlılığımızı koymaya devam edeceğiz. Nasıl bugün Türkiye tek yürek olduysa biz de bu kararlılığı göstermek zorundayız. Siyaset üstü bakacağız. Herkesten istirham ediyorum. Kentsel dönüşüm üzerinden siyaset yapmayalım. Gelin hep birlikte masanın bir tarafında olalım, başka acılar yaşamayalım.""

Çevre, Şehircilik ve İklim Değişikliği Bakanı Murat Kurum, hasar tespitlerin bilfiil binalara gidilerek yapıldığını, süreci çok şeffaf yürüttüklerini dile getirdi.

Yıkılan binalardan, mantolama yapılan, sokak sağlıklaştırma çalışması yapılan binaların yeni gibi gözükebileceğini ifade eden Kurum, ""Binaların yapım yılına bakmak lazım. Yapım yılı 99 öncesi ise... Bunlar kayıtlı, bu verileri paylaşabiliriz. Süreci şeffaf yönetiyoruz. Milletimizi doğru bilgilendirmek zorundayız. Milletimiz doğru bilgilendireceğiz, millete en kısa sürede hizmeti götüreceğiz. Veriler bu şekildedir. Yıkılan yeni bina yüzde oranı 2-3. Ağır hasar alan yeni bina da vardır. Bina belki fay hattına yakındı, zemin kalitesi kötüydü belki ama bina yıkılmamış, vazifesini yapmış."" dedi.

Cumhurbaşkanı Recep Tayyip Erdoğan'ın bir talimat verdiğini anlatan Bakan Kurum, ""Depremden etkilenen şehirleri ihya sürecini kültürden, sanattan anlayan, sosyolojiyi, demografik yapıyı bilen bilim insanlarından oluşan bir heyetle yöneteceğiz."" ifadelerini kullandı.

Tüm illerdeki depremzedelerin ne zaman konteynerlere geçeceği sorulan Kurum, konuşmasını şöyle sürdürdü:

""11 ilde bu konu eş zamanlı yürütülüyor. Vatandaşlarımızdan kira yardımı almak istediklerini mi yoksa konteyner alanlarında mı kalmak istediklerini öğreniyoruz. Gerek konteyner gerekse yığma malzemeler, gaz beton veya çelikten yapılan geçici barınma alanlarına ilişkin inşa sürecini yürütüyoruz. Çocuklar için oyun alanı, giyim ve gıda market gibi küçük bir şehir anlayışıyla alanlar oluşturuyoruz. Burada 1 yıl yaşayacaklar. Arkadaşlarımdan, konuya depremzede ve vatandaş gibi bakmalarını istiyor ve ne gerekiyorsa, ne ihtiyaçsa onu yapmalarını istiyorum. Bu anlayışla çalışıyoruz. Gaziantep'te Nurdağı ve İslahiye'de 4 bin 500 konteyner kurulumuna başlandı. Köylerimizle 12 bin konteynere ulaşacağız. Bunun 1500'e yakını tamamlandı. Kahramanmaraş'ta, Hatay'da süreç hızla yürütülüyor. Hatay'da TOKİ ve Emlak Konut ile çelik konstrüksiyondan 2 bin konteyner yapımını bugün itibarıyla başlattık. Adıyaman'da 1000'e yakın konteyner kurulumu tamamlandı, ilave 18 bine yakın konteyner planlanıyor. 15-20 gün, en geç 1 ay içinde hemen hemen tüm şehirlerimizde vatandaşlarımızın acil ihtiyaçlarını giderecek bir çalışma yapıyoruz.""

""Bir yıl diyoruz, biliyorsunuz daha önceki depremlerde 6 ay sonra teslim etmeye başladık. Burada da aynısını yapacağız, 6 ay sonra etap etap projelerimizi bitirip teslim edeceğiz""

Deprem bölgelerinde 300 binin üzerinde çadırın dağıtıldığını bildiren Bakan Kurum, konteyner isteyenlerin başvurularının alınmaya devam ettiğini, kira ve taşınma yardımı yapıldığını, bu nedenle herkesin konteyner de istemeyebileceğini söyledi. Kurum, taşıma ücretlerinin de vatandaşların mağdur edilmemesi için sabitlendiğini hatırlattı.

Yapılacak yeni konutlara ilişkin Bakan Kurum, ""Bir yıl diyoruz, biliyorsunuz daha önceki depremlerde 6 ay sonra teslim etmeye başladık. Burada da aynısını yapacağız, 6 ay sonra etap etap projelerimizi bitirip teslim edeceğiz."" ifadelerini kullandı.

Tüm planlamaların yapıldığını dile getiren Bakan Kurum, depremden etkilenen vatandaşlar için proje çizmek için gönüllü olanların da bulunduğunu bildirdi.

""Mağdur etmeyecek şekilde süreci yürüteceğiz""

Bakan Kurum, Türkiye'nin en iyi mimarlarıyla çalıştıklarını, çeşitli master planlar hazırladıklarını, tarihi ve kültürel değerleri, vatandaşın nasıl bir şehir beklediğini dikkate alarak planlamalar yaptıklarını anlatarak, şöyle devam etti:

""İlk önce rezerv alan, sonra şehrin içi, şehrin içindeki yoğunluğu biraz azaltacağız. İmar kısıtı yapacaksak, eğer o araziyi yeşil alana çevirmek zorundaysak, zeminde yapılaşma yapamaz zorunluluğu varsa onlara da trampayla, takasla, başka araziler göstermek suretiyle, onları mağdur etmeyecek şekilde süreci yürüteceğiz.""

Hak sahipliği ile ilgili nasıl yol izleneceğinin, kiracılarla ilgili hak sahipliğinin söz konusu olup olmadığının sorulması üzerine Bakan Kurum, kiracılarla ilgili kira yardımı desteği yapılacağını anımsattı.

Önceliklerinin evi yıkılan, ağır hasarlı olan vatandaşların, engelli vatandaşların konteyner alanlarına yerleştirilmesi olduğunu ifade eden Bakan Kurum, kamu görevlilerinin ve kiracıların düşünüldüğünü, öncelik ve aciliyet sırasına göre konteynerlere yerleştirilmelerin yapılacağını kaydetti.

Cumhuriyet tarihinin en büyük sosyal konut projesi kapsamında deprem bölgesinde 45 bin konut yapılacağının açıklandığını dile getiren Kurum, ""'Şu an o proje de duruyor mu?' diyenlere cevap olarak anlatmak isterim, 43 binin ihalesini yaptık, o konutlarımızı da afet bölgesindeki konutlarımızla birlikte eş zamanlı vatandaşımıza yapmak üzere, tabii ki önceliğimiz afet bölgesi ama o konutlarımızın da proje ve yapım süreçleri yürümektedir. Dolayısıyla bu bölgedeki 43 bin sosyal konutumuzun da aslında bölgenin konut ihtiyacını, yapı stokunu iyileştirmek amacıyla yapmış oluyoruz."" diye konuştu.

Deprem bölgesindeki enkazlara ilişkin karar

""Yaklaşık 50 milyon tonluk deprem enkazı tahmini yapılıyor. Bir de asbest konusu var. Bu konudaki çalışmalar hakkında bizi bilgilendirir misiniz?"" sorusu üzerine Bakan Kurum, çalışmaların 11 ilde eş zamanlı yapıldığını bildirdi.

Bakan Kurum, konuşmasına şöyle devam etti:

""Enkaz süreciyle ilgili şöyle bir karar aldık ve 11 ilde AFAD koordinasyonunda süreci yürütüyoruz. Bakanlarımızla birlikte aldık, Sayın Cumhurbaşkanı'mıza arz ettik, o da bu konuda çok hassas, Emine Hanım çok hassas. Başka felaketlere sebebiyet vermeme adına bu süreci yürütmek zorundayız. Belirlediğimiz döküm alanlarında vatandaşlarımızın hem enkaz alanında hem döküm alanında kıymetli eşyaları var, o eşyalarıyla ilgili de güvenlik tedbirlerini alarak, bulunan şeyleri tutanağa bağlayarak yürütüyoruz. Binalarımızın yıkımını acilden, yıkıktan başlamak üzere gerçekleştiriyoruz. Buraları enkaz alanlarına taşıyoruz. Enkaz alanında ayrıştırılması gereken ne varsa demiriyle, PVC'siyle, ayrıştırma sürecini enkaz alanlarında yapmak, burada çevresel tüm tedbirleri alarak, konkasör kuracağız ve kurulmaya başlandı, bu konkasörlerle birlikte buradaki molozu da, o 50 milyon denilen molozu da konkasörlerden geçireceğiz. Bunu altyapıda kullanacağız, üstyapıda kullanılamaz. Altyapıda, yollarda, kanalizasyonda, içme suyunda ki ihtiyacımız var, o ihtiyacı da oradan gidermiş olacağız. Dönüştürülmesi gerekeni dönüştürmek suretiyle bu alanları da şehirlere zarar vermeyecek şekilde yönetmeye çalışıyoruz.""

Asbest konusundaki kaygının hatırlatılması üzerine Bakan Kurum, demiri ayrıştıracaklarını, bunun da geri dönüşüme tabi tutulacağını vurguladı.

""Bu işin siyaseti yok""

İstanbul ve Marmara Bölgesi'ndeki deprem planlamalarına yönelik çalışmaların sorulması üzerine Bakan Kurum, İstanbul ve Marmara Bölgesi ile ilgili çalışmak isteyen herkesle uyumlu çalışmaya gayret gösterdiklerini belirtti.

Bakan Kurum, 270 bin dönüşüm projesinin devam ettiğini, bunun 93 bininin İstanbul'da sürdüğünü bildirdi.

Sosyal konutlar yaptıklarını hatırlatan Bakan Kurum, önceliklerinin dönüşüm ve vatandaşların sağlam konuta erişimi olduğuna işaret etti.

Tüm bileşenlerin de aynı anlayışla hareket etmesi gerektiğinin altını çizen Bakan Kurum, vatandaşların, belediyelerin bir seferberlik anlayışıyla hareket etmesi gerektiğini dile getirdi.

Kentsel dönüşüme farklı bakan belediyelere karşı yaptırımın olup olmayacağının sorulması üzerine Bakan Kurum, şunları kaydetti:

""Bugün, 11 ilimizdeki afet konutlarımızı yapmak ve bir an önce vatandaşlarımızı sağlam konutlarına yerleştirmek önceliğimiz. Aynı şekilde hemen buradaki süreci yoluna koyar koymaz Marmara Bölgesi'nde de aynı kararlılığı ortaya koymak zorundayız. Bunun siyaseti, partisi yok. Bunun dil, din, ırk ayrımı yok. Bunu yapmak zorundayız ve herkesin de bu bakış açısıyla sürece yaklaşması gerekiyor. Bunu bir milat kabul edip, bu milatla birlikte İstanbul'da da dönüşmesi gereken her yerde biz devletimizin tüm imkanlarıyla dönüşüm sürecini daha da artırarak devam edeceğiz. Yapmayan kişilerle, yapmayan kurumlarla ilgili de iradeyi ortaya koymalarını bekliyoruz. Yapılmaması durumunda da radikal bir tedbiri de hayata geçirmemiz gerektiğini kendi adıma düşünüyorum. Eminim ki onlar da bu sürece katılacaktır, katılmak isteyecektir. Tekrar söylüyorum bu işin siyaseti yok. Hep birlikte el ele vereceğiz. Nasıl bugün deprem bölgesi için 85 milyon el ele verdiysek Marmara'mız, İstanbul'umuz, Kocaeli'miz için de aynı anlayışla çalışacağız ve bu iradeyi ortaya koyacağız.""

""Şu an 'fay yasası' ile ilgili bildiğim kadarıyla AFAD Başkanlığımız çalışıyor. Burada belki radikal başka kararları da içine koyacağımız bir süreci yönetiyor olacağız""

Depremlerden etkilenen illerdeki konut projesine ilişkin soru üzerine Bakan Kurum, ""Ay sonuna kadar 14 bin konutumuzun ihalesini gerçekleştirip sözleşmeleriyle birlikte inşa sürecine başlayacağız. Yani bu ay sonuna kazmalarımızı, şehirlerimize vurmaya başlayacağız. Mart başı demiştik ama birkaç ilimizde şubat sonu itibarıyla ilk kazmalarımızı vuracağız."" diye konuştu.

Bakan Kurum, mart-nisan sonuna kadar Hatay'da 40 bin, Kilis'te 250, Gaziantep'te 18 bin 500, Şanlıurfa'da 3 bin, Diyarbakır'da 6 bin, Elazığ'da 3 bin 750, Adıyaman'da yaklaşık 26 bin, Malatya'da 44 bin 700, Kahramanmaraş'ta 45 bin, Osmaniye'de 9 bin 550, Adıyaman ve Adana'da 2 bin 200 olmak üzere 199 bin 739 konutun şehrin rezerv alanlarında yapılacağını bildirdi.

Diğer taraftan çelik konstrüksiyon ve betonarme olacak şekilde köy evlerinin projelerini hazırladıklarını aktaran Bakan Kurum, ""Hatay'da 15 bin, Kilis'te 1000, Gaziantep'te 9 bin 500, Şanlıurfa'da 2 bin 81, Diyarbakır'da 2 bin 927, Elazığ'da 386, Adıyaman'da 9 bin 896, Kahramanmaraş'ta 13 bin, Malatya'da 17 bin 990, Osmaniye'de 1378, Adana'da 701 olmak üzere 73 bin 972 köy konutumuzu da yapacağız."" bilgisini verdi.

""272 bin konut yapılacak""

Bakan Kurum, şehirler ve köylerde 272 bin konutun yöresel mimariye uygun yapılacağını vurgulayarak, şöyle devam etti:

""Zemin artı 3-4 katı geçmeyecek ve şehrin ihtiyaçlarına göre; yani Hatay'da, Antakya'da balkon büyük ihtiyaç. Bu bölgede hava sıcak olduğu için vatandaşımız oralarda daha çok vakit geçirmek istiyor. 105 metrekare brüt, 85 metrekare net, 3 artı 1 daireler yapacağız ve balkonları hariç. Tip tip bunları ayırdık. Bu bölgeye özel projeler. Daha öncekiler de var, bu bölgeye özel de var. Ülkemizdeki en iyi mimarlarla kat planlarını, cepheleri, vaziyet planlarını, hocalarımızla zemin etütlerini çalışıyoruz ve eş zamanlı hepsini yürüterek, etap etap bu projelerimizi hayata geçiriyoruz.

Köy konutlarımızı da yöresel mimariye uygun şekilde, bölgenin taşı neyse, oradaki yöresel olguları, ihtiyaçları karşılayacak proje neyse bu anlayışla yapıyoruz. 93 metrekare neti olan 3 artı 1 köy konutlarımızı da vatandaşlarımızın ihtiyaçları doğrultusunda yapacağız. Öyle 'kara düzen, şuralara yerleştirelim' ile olmuyor bu işler, uykusuz çalışıyoruz. İngiltere'deki, Amerika'daki ofisi dahi kullanıyoruz, oradaki zaman farkındaki süreci de kullanıyoruz, 24 saat esasıyla arkadaşlarımız çalışıyor. Zeminin eğimine, kalitesine, oradaki derelere, eş yükselti eğrilerine göre vaziyet planları çıkıyor. Her şehrimizde aynı hassasiyetle bu süreci yürütüyoruz ve aynı anlayışla şehir merkezlerini çalışıyor olacağız.""

""Acelemizin sebebi vatandaşımızı evlere yerleştirmektir""

Bilim adamlarının yeni konut inşası konusunda hızlı karar verilmesine yönelik sözlerinin hatırlatılması üzerine Bakan Kurum, deprem bölgesinde mikrobölgeleme, zemin etüdü, fay hattına olan mesafeyi koruma ve tüm fay hatlarının dijital ortama taşınmasıyla ilgili çalışma yaptıklarını anlattı.

Bakan Kurum, yetkin personel, kadro ve yüklenicilere sahip olduklarını ve tüm inşaat malzemecileriyle bir araya geldiklerini bildirerek, şöyle devam etti:

""Demirinden çimentosuna, tuğlasına kadar yapılacak deprem konutlarımızın, inşallah yeni bir güneş doğacak bu bölgede, inşa sürecine ilişkin malzeme tedarikinin bağlantısını dahi konuştuk. Demiriyle, çimentosuyla, kalıbıyla, boyasıyla hiçbir tedarik zincirinde problem yok. Hepsi buraya önceliklendirmek üzere süreci yürütecekler ve burada da malzemelerin artışına dahi hassasiyetimizi yürüteceğiz. Burada farklı bir tutum içerisine girmek isteyen, fırsatçılık yapmak isteyenlere de gereken cevabı gerekli şekliyle vereceğiz, bunu da milletimizin bilmesini isterim.

Biz acele etmiyoruz. Acelemizin sebebi vatandaşımızı bir an önce o çadırdan kurtarmak, konteynerden kurtarmak ve en sağlam, güvenli bir şekilde evlere yerleştirmektir. 1 milyon 180 bin konutumuz nasıl dimdik ayaktaysa yeni yapacak konutlarımızı da bu anlayışla ve bu hassasiyetle yapıyoruz. Sonuçta bu sözleşme süreciyle birlikte zeminde iyileştirilmesi yapılması gereken varsa bunlar yapılacak, kazılarımız yapılacak, şantiyelerimiz kurulacak. İnşallah 1-2 ay içerisinde bu bloklarımızı da çıkaracağız, göstereceğiz ve vatandaşlarımız 11 ilimizde eş zamanlı Cumhuriyet tarihinin en büyük afet konut yapım seferberliğini de görecek ve onları da mahcup etmeyeceğiz, onları üzmeyeceğiz ve işin sonunda diğer depremlerde, afetlerde olduğu gibi onların da inşallah dualarını alacağız. Onların mutluluklarına hep birlikte şahitlik edeceğiz.""

""Elimizden gelen her türlü gayreti göstereceğiz""

Bir yılın sonunda depremzedelerin kalıcı konutlara geçme sürecinin başlayıp başlamayacağı ve büyük oranda ilerleme olup olmayacağına ilişkin soru üzerine Bakan Kurum, Elazığ, Malatya, İzmir, Kastamonu, Bartın, Sinop, Rize ve Antalya'da yaşanan afetlerin ardından belirtilen sürelerde konutların teslim edildiğini hatırlattı.

Bakan Kurum, Elazığ ve Malatya'da 1,5 yılda 45 bin konutun dönüşümünü yaptıklarına işaret ederek, şöyle devam etti:

""250 bin sosyal konutumuzu yapacağız' dedik ve şu an 43 binin yapımı devam ediyor. '50 bin sosyal konut' dedik, yaptık. '100 bin sosyal konut' dedik, 94 binin inşası fiilen devam ediyor. 3-4 binin sorunu vardı, onları da arkadaşlar çözüyor. Hepsini yapıyoruz. Neticede bunu da aynı anlayışla yapacağız. Biz elimizden gelen her türlü gayreti göstereceğiz. Takdir milletimizin ama şunu iyi bilsinler ki bu ekip yetkindir. Sayın Cumhurbaşkanımızın liderliğinde, önderliğinde, biz diğer afetlerde ne yaptıysak, biten konutlarımızı nasıl vatandaşımıza teslim ettiysek, şehrin en kıymetli, en değerli konutları olarak verdiysek... Çizik yok o binalarda. Elazığ'da, Malatya'da da deprem oldu. Gidin, bakın çizik yok o binalarda. Doğanyol, Sivrice, Pütürge, hepsinde yaptık, nasıl sağlam dimdik ayaktaysa inşallah bu yeni konutlarımız da aynı anlayışla yapılacak, aynı hassasiyetle yapılacak.""

Fay hattı mesafesi nasıl belirlenecek?

Konutların fay hattına mesafesine yönelik soru üzerine Bakan Kurum, şu bilgileri verdi:

""Şu an 'fay yasası'yla ilgili bildiğim kadarıyla AFAD Başkanlığımız çalışıyor. Burada belki radikal başka kararları da içine koyacağımız bir süreci yönetiyor olacağız. Hocalarımızdan, bilim insanlarımızdan dünyadaki literatürleri de dikkate almak suretiyle bu mesafenin maksimum ne kadar olması gerektiğini istişare ettik. Oradan da emniyet payı almak suretiyle daha uzak mesafelere yerleşeceğiz. Bilim insanlarımız bunun daha kısa mesafesinde yapılabileceğini de söylüyorlar ama biz 500-600 metreden aşağı yaklaşmayacağız. O mesafede emniyetli alan nereyse, sağlam zemin nereyse oralara inşasını gerçekleştireceğiz.""",3,3,3,1,0,3,3,3,1,0,2,2,2,1,0,0,0,0,1,0
hatay_val_311,Hatay Valiliği,valilik,hatay,5_post_local,2024-07-03,"2 Haziran 2024 tarihinde gerçekleştirilen LGS kapsamındaki merkezi sınavda tüm soruları doğru yanıtlayarak 500 tam puan alarak bizleri gururlandıran 10 öğrencimizi Valimiz Mustafa MASATLI makamında kabul etti.

Hatay’ımızın gururu gençlerimizle birlikte İl Millî Eğitim Müdürümüz Harun TÜYSÜZ, öğrencilerimizin aileleri ve öğretmenlerimizin de katılımıyla gerçekleştirilen kabulde, 6 Şubat’tan sonra yaşanılan güzel günlerden birini bugün yaşadığımızı ifade eden Valimiz, 6 Şubat’ta bu coğrafyanın, tarihinin en büyük afetine maruz kaldığını, çok sayıda vatandaşımızın hayatını kaybettiğini hatırlatarak öğrenci ve öğretmenlerimiz başta olmak üzere hayatını kaybeden vatandaşlarımıza bir kez daha Allah’tan rahmet, yaralılarımıza acil şifalar diledi.

Depremin oluşturduğu olumsuzluklara dikkat çeken Valimiz, bu süreçte yaşadığımız bu topraklara can veren, hayat veren olmazsa olmazımız eğitim kurumlarımızın da ciddi boyutta tahribata uğradığını dile getirerek; “ 5 Şubat 2023’te ilimizin öğrenci sayısı 434 bin idi. 2023 Haziran’ında okulların tatile girmesiyle bu sayı 313 binlere düşmüştü. 2023 yaz döneminde az hasarlı okullarımızın tadilatını süratle gerçekleştirdik. Konteyner kentlerimizin yapımına hız vererek ilimize yeni atanan evsiz kalan öğretmenlerimizin barınma sorununu böylece çözmüş olduk. Hedefimiz okullarımızda 11 Eylül 2023 tarihinde eğitim öğretim faaliyetlerini başlatabilmekti. Hummalı bir çalışmayla çok şükür bunu gerçekleştirdik.” diyerek şöyle devam etti; “Depremde okullarımızın neredeyse üçte birini kaybettik. 210 okulumuz yıkıldı. 180 okulumuz da orta hasarlıydı. Bunların hiçbirininde eğitim yapma şansımız yoktu. Az hasarlı veya hasarsız 420’nin üzerinde okulumuzun bakım ve onarımını yaptık. Bu süreçte 165 yeni okul inşa ettik. 11 Eylül’de de çok şükür velilerimiz, onların biricik evlatları gençlerimizin azmi ve öğretmenlerimizin de fedakârlığıyla ilimiz genelinde eğitim -öğretime akademik takvim doğrultusunda başlamış olduk.”

Eğitim-Öğretim başladıktan sonra öğrenci sayımızın 313 binlerden 399 binlere ulaştığına dikkat çeken Valimiz, “Bundan da şunu anladık ki Hatay halkı, bu topraklarda, bu coğrafyada gençlerimizle birlikte yaşamayı kendilerine bir amaç edinmişler. Bu yönde ciddi bir kararlılığı var. Bu bizi son derece mutlu etmiştir. İnanın o dönemde bizi mutlu eden en önemli şey gençlerimizin bu yöndeki iradesi ve velilerimizin de onlara destek olması.” diyerek hayatın her alanında olduğu gibi eğitimde de bir yarış ve sınavın olduğuna vurgu yaptı.

Gençlerimizin de eğitim süreçlerindeki sınavlarının başladığını, ilk sınavlarının LGS devamında da YKS olduğunu hatırlatan Valimiz; “Geçen yıl Millî Eğitim Bakanımızla da görüşmüştük. Sağ olsunlar Millî Eğitim Bakanımız da bize ciddi derecede destek verdiler. Hem eğitim öğretimin devam etmesi konusunda hem de öğrencilerimizin taşınması ile öğrenci ve öğretmenlerimizin fiziki ortamlarının iyileştirilmesi noktasında Bakanlığımız büyük katkılarda bulundu. Hatta sınavla girilen liselere de her sınıf için artı iki kontenjan verildi. Bu sene de her sınıf için artı bir kontenjan verildi.”diyerek şunları kaydetti: “Deprem bölgesinde başarılı olabilecek, iyi puan alabilecek çocuklarımıza bu kontenjanlar belirlendi. Bütün bunlar bizlere ve gençlerimize moral verdi. Deprem bölgesinde olduğumuz için Bakanlığımız bize bu gibi ek imkanlar sunuyor.”

Bu yıl ki LGS’nin geçen yıla oranla çok kolay bir sınav olmadığını söyleyen Valimiz, Geçen yıl 500 tam puan alan 560’ın üzerinde gencimiz varken bu sene 351 öğrencimizin 500 tam puan aldığını dile getirdi.

Bizi asıl sevindiren şeyin 500 tam puan alan bu 351 öğrencimizden 10 ‘unun ilimizdeki gençlerimiz olduğunun altını çizen Valimiz, “Bu bizim için büyük bir mutluluk vesilesi. Bununla birlikte dışarıda olup da aslında burada mayalanan, burada yetişen ama sınavına dışarıda giren gençlerimizden de 500 tam puan alan var. Bunların tamamı bizi son derece mutlu etti. Bu sevincimizi, mutluluğumuzu sizleri de buraya davet ederek sizlere tebrik ve duygularımızı sunmak istedik.

Başta sizleri yetiştiren ailelerimize çok teşekkür ediyorum. Sizleri de yürekten kutluyorum. Biz, güçlü ve büyük bir Ülkeyiz. Depremin izlerini de siliyoruz. Düşünün geçen sene nasıldık, bu sene nasılız? İnşallah önümüzdeki yıl daha iyi olacağız. Tüm planlama ve yatırımlarımız bunu gösteriyor.”diyerek 5 Şubat 2023’teki derslik sayımızın 14 bin 700 iken bu sayının önümüzdeki yıl 16 bin 700’e çıkacağını; böylelikle mevcuda 2 bin derslik daha katılmış olunacağını belirtti.

Türkiye Yüzyılımızda bu gençlerimizin bu kadar zor şartlarda dahi başarılı olması, biz de varız ; bu topraklarda hep birlikte daha ileriye gideceğiz anlayışıyla adım atmalarının son derece sevindirici olduğunu aktaran Valimiz, “Gençlerimizi bir kez daha yürekten kutluyorum. Onların yetişmelerinde emeği geçen öğretmenlerimize, idarecilerimize ve gençlerimize katkı sunan herkese canıgönülden teşekkür ediyorum.

Sadece derece elde eden değil tüm öğrencilerimizi destekliyoruz. Gerek fiziki şartların iyileştirilmesi, gerek eğitim materyallerinin ulaştırılması gerekse maddi bakımdan olsun her öğrencimize Devletimizin desteği kesintisiz sürmektedir.

Tabi bunun yanında çalışmayı ve başarıyı da teşvik etmek için de ilk 1000’e giren gençlerimize aylık 1.500 TL ödeme yapacağız. Bu on öğrencimiz de bizden aylık 1.500 TL burs alacak. YKS öğrencilerimizi de unutmadık; onlara da aylık 2.500 TL burs vermeyi planladık.”müjdesini verdi.

LGS’de böylesine önemli bir başarı elde ederek ilimizi öne çıkararak fark oluşturan gençlerimize, ailelerine ve öğretmenlerine bizlere yaşattıkları bu gurur için tekrar teşekkür eden Valimiz, bundan sonrası için de başarılı bir ömür temennisiyle konuşmalarını sonlandırdılar.",0,0,0,1,0,1,1,1,1,0,2,2,2,1,0,0,0,0,1,0
kmaras_bld_0289,Kahramanmaraş Belediye,belediye,kahramanmaras,2_pres_campaign,2023-05-17,"Büyükşehir Belediyesi, Ekinözü ve Nurhak geçici barınma merkezlerinde kilit parke ve asfalt çalışmalarını sürdürüyor. Üstyapı imalatlarının kısa süre içerisinde tamamlanmasıyla geçici barınma merkezleri depremzedelerin hizmetine sunulacak.

Şehrin ihya ve inşası noktasında tüm alanlarda faaliyetlerini kesintisiz sürdüren Kahramanmaraş Büyükşehir Belediyesi, depremzedelerin barınma ihtiyacını karşılamak için oluşturulan geçici konaklama merkezlerinde de alt ve üstyapı çalışmalarına devam ediyor. Kuzey İlçeleri Dairesi Başkanlığı’nca Ekinözü ve Nurhak geçici barınma merkezlerinde başlatılan çalışmalar da tüm hızıyla sürüyor. Ekipler, 150 aileye ev sahipliği yapacak Ekinözü Geçici Konaklama Merkezi’nde kilit parke imalatlarına devam ediyor. Çalışmalarla konteyner kente toplamda 8 bin metrekare parke ve bordür kazandırılacak. 296 aileyi misafir edecek Nurhak Konteyner Kent’te de asfalt öncesi zemin hazırlıkları gerçekleştiriliyor. Üstyapı imalatlarının kısa süre içerisinde tamamlanmasıyla geçici barınma merkezleri depremzedelerin hizmetine sunulacak.",1,1,1,1,0,0,0,0,1,0,3,3,3,1,0,0,0,0,1,0
csb_0696,CSB,bakanlık,adiyaman,5_post_local,2024-06-14,"ÇEVRE, ŞEHİRCİLİK VE İKLİM DEĞİŞİKLİĞİ BAKANI MEHMET ÖZHASEKİ, ADIYAMAN’DA KONUŞTU: “TÜRKİYE'DE KURMUŞ OLDUĞUMUZ ŞANTİYELERİN EN BÜYÜĞÜ İNDERE'DE”

Çevre, Şehircilik ve İklim Değişikliği Bakanı Mehmet Özhaseki, “Adıyaman’da AFAD’ın verilerine göre 43 bin civarında hak sahibi var. Geneli konut ve küçük bir bölümü de iş yeri olan 46 bin civarındaki yapı için inşaatlara başladık. 8 bin kadar da konutumuzu burada teslim ettik. Önümüzdeki aydan itibaren her ay tamamlanan konutları teslim etmeye devam edeceğiz. İndere'de, Türkiye'de kurmuş olduğumuz şantiyelerin en büyüğü var. 16 bin 500 konutluk bir şantiyedeyiz, 10 bine yakın arkadaşımız çalışıyor. İnşaatlar bütün hızıyla devam ediyor. Herkes bilsin ki, yaptığımız evler depreme dirençli evler. TOKİ ve Emlak Konut bu konuda sınıfı geçti. Şimdi ise Yapı İşleri Genel Müdürlüğümüz de çelik köy evleri üzerinde çalışmalarına devam ediyor.” dedi.

Çevre, Şehircilik ve İklim Değişikliği Bakanı Mehmet Özhaseki, 6 Şubat depremlerinden büyük hasar gören şehirlerden biri olan Adıyaman’da, İndere bölgesinde yapımı devam eden deprem konutlarının şantiye alanında yürütülen çalışmaları inceledi. Bakan Özhaseki, Türkiye’nin en büyük şantiyesinin İndere’de kurulduğunu belirterek, 16 bin 500 konutluk bir şantiyedeyiz, 10 bine yakın arkadaşımız çalışıyor. İnşaatlar bütün hızıyla devam ediyor. Herkes bilsin ki, yaptığımız evler depreme dirençli evler.” ifadelerini kullandı.

43 BİN HAK SAHİBİNİN OLDUĞU ADIYAMAN’DA, 46 BİN KONUT VE İŞ YERİ İÇİN İNŞAATLARA BAŞLANDI

Bakan Mehmet Özhaseki, “Depremden en çok hasar gören illerimizden birisi de Adıyaman’dı. Burada AFAD’ın verilerine göre 43 bin civarında hak sahibi var. Geneli konut ve küçük bir bölümü de iş yeri olan 46 bin civarındaki yapı için inşaatlara başladık. 8 bin kadar da konutumuzu burada teslim ettik. Önümüzdeki aydan itibaren her ay tamamlanan konutları teslim etmeye devam edeceğiz.” dedi.

TÜRKİYE’NİN EN BÜYÜK ŞANTİYESİ İNDERE’DE

Adıyaman İndere’de 16 bin 500 konutluk şantiye kurulduğunu belirten Bakan Mehmet Özhaseki, “İndere'de, Türkiye'de kurmuş olduğumuz şantiyelerin en büyüğü var. 16 bin 500 konutluk bir şantiyedeyiz, 10 bine yakın arkadaşımız çalışıyor. İnşaatlar bütün hızıyla devam ediyor. Bir taraftan evlerimizi yaparken bir taraftan da haliyle yol, su, kanal gibi temel altyapı ihtiyaçlarını gidermek için büyük bir mücadele veriyoruz. Aynı zamanda insanların buraya geldiğinde rahat etmeleri için okullar, sağlık ocakları, dini tesisler gibi birtakım binalar yapmaya da gayret ediyoruz.” şeklinde konuştu.

YIL SONUNA KADAR 200 BİN KONUT TESLİM EDİLECEK

6 Şubat depremlerini, “Anadolu'da başımıza gelecek en büyük felaketti.” ifadeleriyle tanımlayan Bakan Özhaseki, “850 bin civarında bağımsız birim yıkıldı veyahut da yıkılmak üzere. Maddi hasar da 100 milyar doların üzerinde. Bu işten tam 18 ilimiz zarar gördü. 14 milyon insanımız mağdur oldu. Ama çok şükür bütün bu yaraları sarmak için de büyük bir çaba sarf ediyoruz. Bizler büyük bir milletiz, büyük bir devletiz. Şu anda bin 240 yerde şantiyemiz var, 16 bin 500 konutluk bir şantiye. 4 bin 333 köyde de yıkılmış olan köy evlerimizi yapıyoruz. 100 bin civarında çelikten devam ettiğimiz köy evleri inşaatları hızla devam ediyor. 76 bin konut teslim ettik ama Allah nasip ederse yıl sonuna kadar 200 bin kadar konutu teslim etmiş olacağız. Sonra da peyderpey, her ay 10-15-20 bin konut teslim etmeye devam edeceğiz. Gelecek senenin sonuna doğru bütün hak sahiplerinin haklarını vermiş olacağız.” açıklamasını yaptı.

“28 BİN CİVARINDA YERİNDE DÖNÜŞÜM DEVAM EDİYOR”

Yerinde dönüşüm yapmak isteyenlere de devlet olarak maddi yardımda bulunduklarının altını çizen Bakan Özhaseki, “Şu anda sayı 28 bin civarında, dönüşümler hala devam ediyor. Bu sayının artacağını düşünüyorum. Kendi işlerini, kendi evini yapan insanlara da bizim maddi yardımlarımız devam edecek. İnşallah el birliğiyle bu yaraları sarmış bu sıkıntının altından kalkmış olacağız.” dedi.

“TOKİ VE EMLAK KONUT SINIFI GEÇTİ”

Depreme dirençli evler ürettiklerinin altını çizen Bakan Özhaseki, şöyle konuştu:“Herkes bilsin ki, yaptığımız evler depreme dirençli evler. Zaten TOKİ ve Emlak Konut bu konuda sınıfı geçti. Şimdi ise Yapı İşleri Genel Müdürlüğümüz de çelik köy evleri üzerinde çalışmalarına devam ediyor. Geçtiğimiz depremde de bu saydığım grupların, devlet olarak yaptığımız kendi kurumlarımızın binalarından hiçbirisi yıkılmadı. 1999 depremini hatırlarsanız eğer, en çok hasar gören yerler kamu binalarıydı, kaymakamlıklardı, devlet hastaneleriydi, okullardı. Ama şimdi bu son depremde kamunun yapmış olduğu bütün binalar sağlam. TOKİ'nin, Yapı İşleri’nin, Emlak Konut’un yapmış olduğu bütün binalar sağlam. Bu konutları da aynı şekilde inşa ediyoruz. İnşallah bittiğinde de hak sahiplerine, kardeşlerimize vereceğiz.”",3,3,3,1,0,1,1,1,1,0,1,2,1,0,1,0,0,0,1,0
csb_0002,CSB,bakanlık,kahramanmaras,1_post_quake,2023-02-07,"BAKAN KURUM: “DEPREM NÜFUS İTİBARIYLA 13,5 MİLYON VATANDAŞIMIZI ETKİLEDİ”

Çevre, Şehircilik ve İklim Değişikliği Bakanı Murat Kurum, deprem nedeniyle Gaziantep’te can kaybının 468'e, yaralı sayısının 3 bin 570'e çıktığını ifade ederek 581 binanın da yıkıldığını söyledi. Bakan Kurum, Adana-Gaziantep Otoyolu’ndaki hasarların yoğun bir çalışmayla takip edildiğini belirterek “Vatandaşlarımız şehirlerarası yolu kontrollü bir şekilde otobandan kullanabilirler. D-400 kara yolunu sadece ve sadece yardım araçları ve yardım hizmetlerinde kullanacağız."" dedi.

Çevre, Şehircilik ve İklim Değişikliği Bakanı Murat Kurum, Gaziantep AFAD'da kurulu Deprem Koordinasyon Merkezi'nde İçişleri Bakan Yardımcısı İsmail Çataklı, Jandarma Genel Komutan Yardımcısı Orgeneral Ali Çardakçı, Gaziantep Valisi Davut Gül ve Büyükşehir Belediye Başkanı Fatma Şahin'in de katıldığı toplantıda deprem sonrası çalışmalara ilişkin bilgi aldı.

Bakan Murat Kurum, toplantı sonrası yaptığı açıklamada, Kahramanmaraş'ın Pazarcık merkezli 7,7 ve sonrasında Elbistan merkezli 7,6 büyüklüğündeki iki depremin bölgedeki birçok ilin deprem hasarı yaşamasına yol açtığını kaydetti.

Ülke olarak Erzincan depreminden sonra son bir asırda en büyük depremle karşıya olduklarını dile getiren Bakan Kurum, 10 ilde doğrudan 13,5 milyon kişiyi etkileyen iki depremin, ortaya koyduğu etkileri açısından son bir asırda yaşanan en büyük felaket olduğunu söyledi.

Bakan Kurum, 10 ilde 30 vali ve 47 kaymakamın görevlendirildiğini aktararak Gaziantep'teki çalışmalara ilişkin şu bilgileri verdi:

""Gaziantep özelinde baktığımızda şu an itibarıyla 581 yıkık binamız var ve depremde can kaybımız 468'e ulaştı, 3 bin 570 yaralı vatandaşımız var. Enkazlardan onları kurtardık ve gerek Gaziantep merkez gerek yakın illerdeki hastanelerimiz, sahra çadırlarımızda tedavi altındalar. İlk andan itibaren emin olun yüzlerce ambulansımız, sağlık personelimiz, UMKE personelimiz bilfiil gerek sahra çadırlarında gerek hastanelerimizde vatandaşımıza her türlü tedavi imkanını sunma gayretiyle çalışıyorlar. Tabii ocaklarımıza ateş düştü, yüreğimizi dağladı ve bu acı tarif edilemez. İnşallah bu süreci ilk 24 saat, şimdi ikinci 24 saate girdik. 72 saat bizim için çok kıymetli. Enkaz altından vatandaşlarımızı biliyorsunuz daha önceki yaşadığımız depremlerde de 100. saatte dahi vatandaşlarımıza ulaşmıştık. Şu an bu manada arama kurtarma ekiplerimiz, UMKE ekiplerimiz, AFAD'ımız koordinasyonunda tüm enkaz alanlarında vatandaşlarımızın yardımına koşuyor ve enkaz altından onları sağ salim çıkarma mücadelesini hep birlikte veriyoruz.""

""Otoyol trafiğe açılıyor""

Bakan Kurum, Gaziantep'teki depremin ardından otoyolda kısmen çökmeler meydana geldiğini, ulaşımı D-400 kara yolundan dün kontrollü olarak sağladıklarını kaydederek şöyle devam etti:

""Orası da kaya düşmeleri nedeniyle ulaşıma kapalıydı. İlk önce o yolu açtık. Ardından bu yoldan hem bölgeye acil yardımın ulaştırılması hem İslahiye hem Nurdağı'na yardımları ve vatandaşlarımızın bu bölgeden tahliye süreçlerinin takibini gerçekleştirmiş olduk. İnşallah bu yolun ulaşıma açılması ki burayı dünden itibaren tedbirli, sadece yardım araçlarının bırakılması süreciyle bilfiil takip ediyoruz. Ve buradan da yine çağrımız mümkün olduğunca vatandaşımız D-400 kara yolunda Osmaniye Gaziantep yolunda mümkün olmadığı sürece burada trafiğe çıkmaması, zorunluluk halindeyse yardım ekiplerimize, ambulanslarımıza, AFAD'ımıza, iş makinalarını taşıyan ekiplerimize öncelik vermelerini hassasiyetle buradan rica ediyoruz.""

Bakan Kurum, Adana-Gaziantep Otoyolu'ndaki hasarların yoğun bir çalışmayla takip edildiğini ve yaklaşık 30-45 dakika sonra açılacağını belirterek, ""Bu yolun açılmasıyla birlikte aslında tüm bölgede hem Maraş hem Kilis hem Şanlıurfa bölgesine yardım sürecini de hızlandırmış olacağız. Bu noktada çok çok önemli. 45 dakika sonra şehirler arası yolu otobandan vermeye başlayacağız. Buradan da yine çağrımızı bulunalım; vatandaşlarımız şehirler arası yolu kontrollü bir şekilde otobandan kullanabilirler. D-400 kara yolunda sadece ve sadece yardım araçları ve yardım hizmetlerinde kullanacağız. Ve bu sayede de bu bölgedeki tüm afet çalışmalarında hızlandırmış olacağız."" diye konuştu.

Gaziantep'teki bazı bölgelerde elektrik kesintisi ve su alım yapılarında meydana gelen hasarlar sebebiyle merkezde ve ilçelere su verilemediğini belirten Kurum, ""Büyükşehir Belediyemizin yoğun çalışmaları sayesinde inşallah bugün itibariyle Gaziantep, İslahiye, Nurdağı ilçelerinde kısmi su verme işlemi başlayacak."" ifadelerini kullandı.

Bakan Murat Kurum, İslahiye Devlet Hastanesinin hizmetine devam ettiğini, durumu ağır olan vatandaşların bölgedeki hastanelere sevk edildiğini ifade etti.

""İletişim ve internet sorunları 2 saat içinde giderilecek""

Hastanelere ilave olarak İslahiye'de 3, Nurdağı'nda 2 sahra çadırı kurulduğunu aktaran Kurum, dün elektrik hatları ve baz istasyonlarındaki sorunlar nedeniyle bu iki ilçede iletişimle ilgili problemler yaşandığını, mobil baz istasyonlarının sevki sonrası kısmi görüşme imkanı sağladıklarını, uydu telefonları ve telsizlerle yardım ekiplerini koordine ettiklerini aktardı.

""İnşallah 2 saat içerisinde de buradaki iletişim sorununu ve yine ekiplerimizin bu manada iletişimini kolaylaştıracak internet erişimini de sağlamış olacağız"" diyen Kurum, mobil baz istasyonlarının kurulumunun hızla devam ettiğine işaret etti.

Bakan Kurum, bölgeye yaklaşık 13 bin 500 battaniye, 5 bin 692 yatak ve 4 bin çadırın ulaştırıldığını, merkez, İslahiye ve Nurdağı'nda çadırların kurulduğunu belirterek, merkezdeki sosyal tesisler, spor salonları ve mahalle konaklarında vatandaşların geçici barınma ihtiyaçlarının karşılandığını, bölgeye 10 bin çadırın gönderildiğini bildirdi.

Nurdağı ve Islahiye'ye bin konteyner sevkiyatının başladığını, bunların belirlenen geçici barınma alanlarına yerleştirileceğini belirten Kurum, devletin tüm kurumlarının çalışmalarını sürdürdüğünü söyledi.

Hasar tespit çalışmaları

Bakan Kurum, 10 ilde hasar tespit çalışmalarına dün başladıklarını belirterek, şunları kaydetti:

""Bilhassa depremin yoğun yaşandığı, Gaziantep, Kahramanmaraş, Hatay illeri başta olmak üzere diğer 10 ilimizde de ekiplerimiz bilfiil binalarımızın hasar tespit çalışmalarını yapıyorlar. Burada da gerek jandarmamızla gerek Milli Savunma Bakanlığımızla eşgüdüm içerisinde, insansız hava araçlarıyla bugün itibarıyla, dün hava şartları elverişli değildi, bugün itibarıyla hava uçuşlarımızı yapacağız ve inşallah bugün akşama genel bir fotoğrafı da enkaz fotoğrafını zaten biliyoruz ama bütün şehirlerdeki hasarı da çıkarma adına süreci yürütüyoruz.""

Hasarlı bina uyarısı

Ana depremin ardından 200'ün üzerinde artçı sarsıntının yaşandığını da hatırlatan Kurum, sözlerini şöyle sürdürdü:

""Hasarlı evlerden vatandaşlarımız kesinlikle uzak durmalıdır. Bu noktada geçici barınma alanlarına vatandaşlarımızı barınma ihtiyacını, beslenme ihtiyacını giderecek çalışmaları zaten yürütüyoruz. O yüzden hasarlı binalara asla ve asla içeriye vatandaşımızın girmemesini önemle istirham ediyoruz, rica ediyoruz. Vatandaşımızın trafiğe mümkün olduğunca çıkmaması önemli. Çünkü burada arama kurtarma faaliyetlerini hızlı verebilmemiz adına vatandaşımıza hizmetleri çok daha hızlı ulaştırabilmemiz adına gereksiz trafik yükünden kaçınılmasını önemle rica ediyoruz.""",0,3,0,0,3,1,1,1,1,0,0,0,0,1,0,0,0,0,1,0
csb_0823,CSB,bakanlık,adiyaman,5_post_local,2024-10-04,"ADIYAMAN MEYDAN PROJESİ’NİN 1. ETABI BAŞLIYOR

Adıyaman’da konuşan Çevre, Şehircilik ve İklim Değişikliği Bakanı Murat Kurum, Adıyaman Meydan Projesi’nin 1. etap çalışmalarının bu ayın sonunda başlayacağını açıkladı. Bakan Kurum, “Hiçbir devletin güç yetiremeyeceği işleri başaran güçlü bir devletimiz var. Allah'ın izniyle ekonomik şartlar ne olursa olsun Cumhurbaşkanımızın liderliğinde milletimize 23 yıldır ne söz verdiysek o sözleri tutmanın bilinciyle deprem bölgesinde çalışıyoruz” dedi.

Çevre, Şehircilik ve İklim Değişikliği Bakanı Murat Kurum, Adıyaman programı kapsamında Atatürk Bulvarı’ndaki Emlak Konut şantiyesinde incelemelerde bulunup basın açıklaması yaptı. Son 3 ayda deprem bölgesindeki 11 ilde 60 bin yeni konutun daha inşasının başladığını açıklayan Bakan Kurum, şu ana kadar 101 bin 254 konutun teslim edildiğini söyledi. Adıyaman’da ise şimdiye kadar 14 bin 605 yeni konut ve iş yerinin teslim edildiğini belirten Bakan Kurum, kentte yılsonuna kadar 7 bin 300 konut ve işyerinin teslim edileceğini kaydetti.

“VATANDAŞIMIZIN YÜZDE 90’ININ MEYDAN PROJESİNİ İSTEDİĞİNİ GÖRDÜK”

Adıyaman Meydan Projesi’nin 1. etabının başlayacağını duyuran Bakan Kurum bu ay içinde ihalesinin yapılacağını açıkladı. Bakan Kurum, “En son gelişimizde Adıyaman Meydan Projemizde şehrimize hem işlevsellik hem estetik katacak ve bu anlamda şehrin ticaretini, turizmini geleceğini etkileyecek bir proje yapacağımızı milletimizle paylaşmıştık. O gün için şu sözü vermiştik; ‘Vatandaşlarımızla görüşeceğiz ve bu görüşmeler çerçevesinde vatandaşlarımızın bizden talebi ne olursa her projede olduğu gibi yine o talebin yanında duracağımızı’ ifade etmiştik. Bu kapsamda esnafımızla birinci etapla ilgili görüşmelerimizi yaptık. İstişarelerimizi yaptık. Alanın yüzde 71,5’inin bu projeyi şu an itibariyle istediğini gördük. Bugünkü görüşmelerimizle birlikte yüzde 90’ın üzerinde bir vatandaşımızın bu projeyi istediğini görmüş olduk” dedi.

“TALEP GELDİKÇE YENİ ETAPLARI DA YAPACAĞIZ”

“Biz milletimize rağmen hiçbir iş yapmadık, yaptırmadık, yaptırmayacağız” diyen Bakan Kurum, “Meydan projesiyle ilgili vatandaşlarımızla görüştük ve ilk etapla ilgili taleplerini aldık. İkinci, üçüncü ve dördüncü etabı için de yine önümüzdeki yılın ilk çeyreğiyle birlikte görüşmelerimizi yapacağız. Vatandaşlarımızdan çoğunluğun talep etmesi halinde bu etapları da kentimize kazandırmaya devam edeceğiz” diye konuştu.

HÜKÜMET KONAĞININ BULUNDUĞU BÖLGEDE DE ÇALIŞMALAR BAŞLIYOR

Eski hükümet konağının olduğu alanı da belediye ile takas yoluyla Hazine’ye devrinin sağlandığını dile getiren Bakan Kurum, “Bu projeyi de meydan projesiyle birlikte gerçekleştiriyoruz. Eski hükümet konağının olduğu alana ticari ünitelerimizi, sosyal mekanlarımızı yapmak suretiyle esnafımıza, vatandaşlarımıza teslim edeceğimiz bu projeyi inşallah ocak sonu itibariyle tamamlayacağız” diye konuştu.

Adıyaman Üniversitesi Morfoloji Binası, Diş Hekimliği Fakültesi Hastanesi ile 71 lojmanın ve Örenli Mahallesi’nde 500 kişilik caminin ihalelerinin tamamlanıp inşaatlarına başladığını dile getiren Bakan Kurum, İndere’de de 1500 kişilik caminin inşaatının kısa sürede başlayacağını duyurdu.

“KONUTLAR TESLİM EDİLENE KADAR BURADA OLMAYA DEVAM EDECEĞİZ”

Deprem bölgesinde verilen sözlerin kararlılıkla yerine getirileceğine vurgu yapan Bakan Kurum şunları söyledi: Hiçbir devletin güç yetiremeyeceği işleri başaran güçlü bir devletimiz var. Allah'ın izniyle ekonomik şartlar ne olursa olsun Sayın Cumhurbaşkanımızın liderliğinde milletimize 23 yıldır ne söz verdiysek o sözleri tutmanın bilinciyle deprem bölgesinde çalışıyoruz. Hiçbir zaman deprem bölgesine gelip selfie çektirenlerden, burada boş vaat verip ayrılanlardan olmadık. Hep geldik, vatandaşımızı dinledik. Esnafımızı dinledik. Milletimize bir söz verdik ve bu sözü tutmak için de Sayın Cumhurbaşkanımızın önderliğinde gece gündüz tüm ekibimizle birlikte çalıştık. İlk gün de buradaydık. İnşallah bu konutlar, bu iş yerleri teslim edilene kadar da burada olmaya devam edeceğiz.

Bakan Kurum, Adıyaman ziyareti kapsamında Valilik binasında kent esnafıyla bir araya gelerek taleplerini dinledi. Bakan Kurum, koordinasyon toplantısında ise yerel yöneticilerle görüşüp kentin sorunlarının bir an önce çözülmesine yönelik talimatlar verdi. Bakan Kurum ardından deprem konutlarının yapıldığı şantiyeleri ziyaret etti.

Linke tıklayınız;

Linke tıklayınız;",1,1,1,1,0,3,3,3,1,0,1,3,1,0,2,0,0,0,1,0
csb_0316,CSB,bakanlık,kahramanmaras,3_inter_election,2023-07-31,"BAKAN ÖZHASEKİ: “KAHRAMANMARAŞ’TA 112 BİN 414 DEPREM KONUTU YAPILACAK”

Çevre, Şehircilik ve İklim Değişikliği Bakanlığı, depremin yıktığı Kahramanmaraş’ta kalıcı konutların yapımını hız kesmeden sürdürüyor. Bakan Mehmet Özhaseki, “Kahramanmaraş’ımıza, 82 bin 104 konut, 30 bin 310 köy evi olmak üzere, toplamda 112 bin 414 konut yapacağız. Vatandaşlarımız sağlam ve güvenli yuvalarına yerleşene kadar biz buradayız.” dedi.

Çevre, Şehircilik ve İklim Değişikliği Bakanlığı, Kahramanmaraş’ta 6 Şubat’ta meydana gelen depremlerin yaralarının sarılması için çalışmalara aralıksız devam ediyor. Son durumu değerlendiren Bakan Mehmet Özhaseki, toplamda 112 bin 414 konutun yapılacağı Kahramanmaraş’ta, ihalesi tamamlanan 19 bin 418 konutun inşaatının hızla yükseldiğini bildirdi.

Bakan Mehmet Özhaseki, resmî sosyal medya hesabından yaptığı paylaşımda, “Depremden en çok etkilenen illerimizden Kahramanmaraş’ta da kalıcı konutlarımızın inşasına devam ediyoruz. Kahramanmaraş'ımıza; 82 bin 104 konut, 30 bin 310 köy evi olmak üzere, toplamda 112 bin 414 konut yapacağız. 19 bin 418 konutun inşasına başladık. Vatandaşlarımız sağlam ve güvenli yuvalarına yerleşene kadar biz buradayız.” ifadelerini kullandı.

SOSYAL DONATI ALANLARI YAPILACAK

Depremzedelerin biran önce evlerine kavuşmaları için 24 saat aralıksız çalışmaları sürdüren Çevre, Şehircilik ve İklim Değişikliği Bakanlığı’nın, Kahramanmaraş’ta inşaatını başlattığı 19 bin 418 konutta çalışmalar yoğun şekilde sürdürülüyor. İlk etapta ihalesi gerçekleştirilmiş olan deprem konutları, Kahramanmaraş’ın, Afşin, Andırın, Çağlayancerit, Dulkadiroğlu, Ekinözü, Elbistan, Göksun, Onikişubat, Nurhak, Pazarcık, Türkoğlu ilçelerinde inşa ediliyor. Depremzede vatandaşların tüm ihtiyaçları düşünülerek tünel kalıp ve radye temel sistemi ile yatay mimariye uygun olarak yapılan konutlar, zemin artı 3 ve zemin artı 4 katı geçmeyecek. 2+1 evlerin 85 metrekare, 3+1 evlerin de 105 metrekare olarak tasarlandığı konutlarda, ailenin ortak vakit geçirme alanı salon, kullanışlı bir mutfak, çocuk odası ve ebeveyn odası yer alıyor. Konutların yanı sıra çocuk oyun alanları, peyzaj çalışmaları, sosyal donatı alanları, camiler ve otoparklar da yapılacak.",2,2,2,1,0,1,1,1,1,0,0,0,0,1,0,0,0,0,1,0
tccb_016,TCCB,cumhurbaskanligi,hatay,1_post_quake,2023-02-11,"Sevgili Diyarbakırlılar, Değerli Kardeşlerim, Sizleri sevgiyle, saygıyla selamlıyorum. Öncelikle Diyarbakır’la birlikte depremden etkilenen tüm şehirlerimize tekrar geçmiş olsun diyorum. Pazartesi günü yaşadığımız 7,7 ardından 7,6 şiddetindeki deprem felaketinden etkilenen illerimizden bir tanesi de malum Diyarbakır’dı. Bu depremler ülkemizin yakın hafızasındaki en büyük felaket olan 1999 depreminden 3 kat daha büyük, 3 kat daha yıkıcı. Yine 1939 Erzincan depreminden de çok daha geniş bir alanda ve çok daha yıkıcı bir afet olarak hesaplanmaktadır. Büyüklükleri 7’nin üzerinde olan 1943 Çankırı, 1953 Çanakkale, 1944 Gerede, 1966 Varto, 1967 Mudurnu, 1970 Gediz, 1976 Muradiye depremlerini de bu depremin yıkıcılığıyla mukayese etmek mümkün değildir. Ardı ardına meydana gelen bu iki depremin kendileri bir yana artçıları dahi ülkemiz deprem envanterinde oldukça üst sıralarda yer alacak seviyededir. Şehirlerimize yaptığımız ziyaretlerde gördüklerimiz ve dinlediklerimiz Türkiye’nin nasıl büyük bir felaketle karşı karşıya olduğunun ispatıdır. Dünyanın önde gelen bilim insanları da ülkemizin yaşadığı depremin büyüklüğü ve yıkıcılığı konusunda hemfikirdir. Asrın felaketi olarak nitelenen bu deprem neredeyse bin kilometrelik bir alanda hissedilmesine rağmen, asıl 500 kilometrelik bir alanda yıkıma yol açmıştır. Depremin yıkıma yol açtığı şehirlerimiz 13,5 milyon insanımıza ev sahipliği yapıyor. Sarsıntıların hissedildiği, dolayısıyla insanlarımızın deprem tedirginliği yaşadığı mücavir şehirlerle birlikte bu rakam 20 milyona yaklaşıyor. Fay hatlarına yakın bölgelerdeki yerleşim yerlerimizin kimi yerlerinde neredeyse taş üstünde taş kalmadı desek yeridir. Arazilerde oluşan devasa yarıklar karayollarını ve demiryollarını ince bir tel gibi büküp bırakan kaymalar, depremin şiddetinin de işaretleridir. İkinci deprem gündüz yaşanması sebebiyle nispeten daha az can kaybına yol açtı, ama ilk depremdeki hasarlı binaları tümden yıkarak hasarın ciddi şekilde artmasına yol açmıştır. Yıkılan binaların yanı sıra, sayılarını yüz binlerle ifade edebileceğimiz binada hasarları sebebiyle oturulamaz hale gelmiştir. Şu ana kadar deprem bölgesindeki toplam can kaybı 21 bin 43’e ulaşmıştır. Ayrıca, 80 bin 97 insanımız da yaralı olarak kurtarılmıştır. Bu depremde maalesef Diyarbakır’da 7’si tamamen yıkık 320’ye yakın bina kullanılamaz hale gelmiş, 255 kardeşimiz vefat etmiş, 901 kardeşimiz yaralı olarak hastaneye kaldırılmıştır. Deprem bölgesinin tamamında hayatını kaybeden kardeşlerimize Allah’tan rahmet, ailelerine, sevenlerine ve yakınlarına sabr-ı cemil diliyorum. Yaralılarımızın her birine acil şifalar niyaz ediyorum. Şehirlerimizin bir kısmında arama-kurtarma faaliyetleri tamamlandı, bir kısmında ise çalışmalar tüm hızıyla sürüyor. Çalışmaların sonlandırıldığı bölgelerdeki ekipleri yıkımın daha ağır olduğu Kahramanmaraş, Hatay ve Adıyaman illerimize aktarıyoruz. Çarşamba günü Kahramanmaraş ve Hatay’ı, dün Adıyaman’ı yerinde gördük, aksaklıkları tespit edip gereken talimatları verdik. İnşallah buralardaki çalışmaları da hızla bitirerek ölü veya diri enkaz altında hiçbir vatandaşımızı bırakmayacağız. Ardından da hızla enkaz kaldırma ve yeniden inşa faaliyetlerine başlayacağız. Yüzbinlerce konutu altyapısı ve üstyapısıyla yeniden inşa edecek, daha doğrusu depremde büyük yıkıma uğrayan şehirlerimizi yeni baştan kuracak planlamaları yapıyoruz. Birkaç haftaya kadar da somut adımları atmaya başlayacağız. Daha evvel Van, Elazığ, Malatya ve İzmir’deki depremlerde Kastamonu, Bartın, Sinop, Giresun şehirlerimizde yaşanan sel felaketlerinde, Antalya ve Muğla’da yaşanan yangınlarda, velhasıl tüm felaketlerde nasıl insanımızın yanında olduysak inşallah buralardaki yaraları da kısa sürede halledeceğiz. Bir yıl inşallah ben süre bekliyorum, bir yıl içerisinde inşa ve ihya çalışmalarını halledeceğiz. Az önce saydığım illerde deprem ve sel felaketlerinde nasıl bu işleri başardıysak, inşallah Diyarbakır’da da, diğer dokuz vilayetimizde de bunları başaracağız. Devletimizin tüm imkânlarını seferber etmiş durumdayız. Sadece Hazine Maliye’den bu işler için 100 milyar ayırmış durumdayız. Bize güvenin, bize inanın, biz vatandaşımızı darda, yoklukta, sokakta bırakmadık ve bırakmayız. AFAD’ımızla, Kızılay’ımızla, belediyelerimizle, sivil toplumumuzla, gönüllülerimizle topyekûn deprem seferberliği içindeyiz. Hâlihazırda yurt dışından gelen ekiplerle birlikte 160 bin personel 10 ilimizde bilfiil çalışılıyor. Kurumlarımız ve hayırseverlerimiz seyyar mutfak ve aşevleri vasıtasıyla depremzedeler ile yardım ekiplerimize sıcak yemek sağlıyor. Askerimiz, polisimiz, jandarmamız güvenliği sağlama yanında yardımların etkin bir şekilde dağıtılması için de canla başla çalışıyor. Maalesef bazı odaklar, siyasi parti olabilir, STK’lar olabilir, ahlaksızca, edepsizce bu birlik beraberliğin tavan yapması gereken bir dönemde bile hâlâ bunlar saldırının peşinde. An, birlik olma anıdır, beraberlik içerisinde olma zamanıdır. Ve bugüne kadar birçok deprem, sel, yangın felaketlerini nasıl başardıysak, hallettiysek Allah’ın izniyle bugün de bunları halletme iradesine bu iktidar sahiptir, hiç endişeniz olmasın. Türk Silahlı Kuvvetlerimiz, diğer güvenlik birimlerimize ait gemiler, uçaklar, helikopterler, insansız hava araçları, ülkemizin dört bir yanından on binlerce iş makinesi bölgede faaliyet yürütüyor. Farklı sorumluluk alanlarına rağmen tüm kamu kurumlarımızdan binlerce personel büyük bir fedakârlıkla bölgede insanımıza hizmet ediyor. Soğuğa, ayaza, uykusuzluğa ve daha pek çok zorluğa rağmen cansiperane bir şekilde gayret gösteren tüm ekiplerimize, gönüllerimize teşekkür ediyorum. Reklam, şöhret, çıkar veya gündem olma peşinde koşmayan o gizli kahramanların hakkını ödeyemeyeceğimizi çok iyi biliyoruz. Türkiye Cumhurbaşkanı olarak Rabbim hepsinden razı olsun diyorum. Bu zor günlerimizde arama-kurtarma ekiplerini göndermek suretiyle milletimizle dayanışma sergileyen tüm dost ve kardeş ülkelere de şükranlarımı sunuyorum. Kardeşlerim, Acımız ne kadar büyük olursa olsun, devlet-millet sırt sırta vererek bütün bu sıkıntıların üstesinden geleceğimize yürekten inanıyorum. Artık her şehrimizin uygun yerlerinde yaygınlaşan çadır kentlerimizin yanı sıra konteyner ve prefabrik yapılardan oluşan barınma merkezlerinin kurulumuna ayrıca başladık. Diğer illerimize gitmek isteyen depremzedeleri belli bir plan dahilinde otellere, yurtlara ve kamu misafirhanelerine yerleştiriyoruz. Bugün buradan bir şeyi daha açıklıyorum, o da şu: Üniversitelerimizin tamamının Kredi Yurtlar Kurumu’na ait yurtlarını bu işler için kullanacağız, zira yaz mevsimine kadar üniversitelerimizi şu anda bir defa tatil ediyoruz, tamamen uzaktan eğitimle yoluna devam edecekler. Ve üniversitelerimizi bu noktada tadil ederek Kredi Yurtlar Kurumu’nun yurtlarını inşallah misafirhane gibi kullanacağız. İki gün önce Osmaniye’deydim, 2 bin 200 kişilik yurt binası pırıl pırıl ve Osmaniye’deki bütün vatandaşlarımızı, depremzedelerimizi o yurtta ağırladılar, yeme-içme, her şey orada ve ben oradaki vatandaşlarımın mutluluğuna şahit oldum. Burada da şu anda 6 bin 663 kapasite var. Şimdi buradaki yurtlarımıza da aynı şekilde almaya başlayıp böylece çadırlardan da buralara transfer etmiş olacağız. Diğer illerimize gitmek isteyen depremzedeleri belli bir plan dahilinde otellere, yurtlara ve kamu misafirhanelerine yerleştiriyoruz. Bu tür yerler ve konteyner kentler dışında ev kiralayarak barınmayı tercih edecek vatandaşlarımıza taşınma ve kira yardımına da ayrıca başlıyoruz. Türk Hava Yollarımız, deprem bölgesine giden ekiplerin ve oralardan da diğer illerimize ulaşmak isteyen vatandaşlarımızın intikallerini yine belirli bir sistem dahilinde ücretsiz olarak gerçekleştiriyor. Deprem bölgesinde ikamet eden veya deprem bölgesi illerinin nüfusuna kayıtlı 13 binin üzerindeki yükümlü askerimizin Mart ve Nisan celpleri de Mayıs’a ertelenmiştir. Yani 13 binin üzerindeki yükümlü askerimizin Mart ve Nisan celpleri Mayıs ayına ertelenmek suretiyle burada böyle bir ertelemeyi, ara vermeyi gerçekleştirmiş olduk. Birincisi; bölgeye gönderilecek yardımların mutlaka AFAD birimleriyle irtibatlı şekilde toplanması ve nakledilmesidir. Ayni yardımlarda herhangi bir sıkıntımız söz konusu değildir, AFAD’ın koordinesinde bunlar gerçekleştirilmektedir. Aksi takdirde bu yardımların heba olup gitmesi tehlikesi ortaya çıkmaktadır. İkincisi; depremzedelere nakli yardımda bulunmak isteyen vatandaşlarımızın bunu AFAD hesapları üzerinden gerçekleştirmelerinin en sağlıklı ve isabetli yöntem olduğudur. Maalesef böyle kara günlerde bile milletimizi dolandırmaya teşebbüs edecek kadar insanlıktan nasibini almamış alçaklar çıkabiliyor. İşte olağanüstü hal ilan ettik, Parlamentomuzdan da bu geçti mi? Geçti. Şimdi bu ne demektir? Artık bu tür atılacak adımlarda yağmalama veyahut da kaçırma, bu tür işleri yapanlar devletin o güvenli elinin sırtlarında olduğunu bilmeleri lazım. Uluslararası camiadan da hem taziye mesajları hem de maddi-manevi destek teklifleri gelmeye devam ediyor. Milletimizden devletine ve Hükümetine güvenmelerini istiyorum. Biz bu coğrafyadaki bin yıllık tarihinde nice badireyi atlatmış büyük bir milletiz. Biz işgal girişiminden darbe ve teröre kadar nice saldırının üstesinden gelmiş bir devletiz. Biz bir daha ayağa kalkamaz diyenleri defalarca hüsrana uğratmış bir ülkeyiz. Biz bugüne kadar milletine verdiği tüm taahhütleri yerine getirmiş, sözünün eri bir hükümetiz. İnşallah bu zor günleri de geride bırakacağız. Bir kez daha Diyarbakırlı kardeşlerime geçmiş olsun dileklerimi ifade ediyorum ve 1 yıl içinde Allah'ın izniyle bu yıkılan konutları yeniden inşa ve ihyayı gerçekleştireceğiz. Rabbim bizleri bir daha böyle imtihanlarla yüz yüze bırakmasın diyorum. Teşekkür ediyorum.",0,0,0,1,0,3,3,3,1,0,1,1,1,1,0,0,0,0,1,0
kmaras_val_034,Kahramanmaraş Valiliği,valilik,kahramanmaras,3_inter_election,2023-07-01,"Valimiz Ömer Faruk Coşkun, Aile ve Sosyal Hizmetler İl Müdürü Mutlu Kaya ile birlikte 30 Haziran Koruyucu Aile Günü kapsamında depremde eşini ve iki çocuğunu kaybeden kendisi de yaralanan koruyucu ailemiz Aliye Üzüm ve çocuklarını evlerinde ziyaret etti. 
 
Koruyucu ailemize baş sağlığı ve geçmiş olsun dileklerini ileten Vali Coşkun, tedavi süreci tamamlandıktan sonra çocukları tekrar yanına alan Aliye Üzüm’e şükranlarını sundu. 

Vali Coşkun, deprem bölgeleri Hatay ve Adıyaman illerinde Tıp ve Eczacılık Fakültesi bölümlerinde mezun olan Üzüm ailesinin kızlarını da tebrik ederek başarılarının devamını diledi.
 
Koruyucu ailemiz Aliye Üzüm ve çocukları ise ziyaretten duydukları memnuniyeti ifade ederek, Vali Coşkun’a nazik ziyaretleri dolayısıyla teşekkür ettiler.",0,0,0,1,0,0,0,0,1,0,0,0,0,1,0,0,0,0,1,0
tccb_045,TCCB,cumhurbaskanligi,hatay,1_post_quake,2023-03-25,"Çok Kıymetli Dostlar, Sevgili Genç Kardeşlerim, Saygıdeğer Hanımefendiler, Beyefendiler, Sizleri en kalbi duygularımla, hürmetle, muhabbetle selamlıyorum. Esselamu aleyküm ve rahmetullah ve berekatuhu. İlim Yayma Vakfı’nın 52. Genel Kurulu münasebetiyle sizlerle birlikte olmaktan büyük bir memnuniyet duyuyorum. Bizleri bir araya getiren, gönüllerimizi tekrar buluşturan, hasbihal etmemize, hasret gidermemize vesile olan herkese teşekkür ediyorum. Genel Kurul’un ve vakfımızın 50. yıl kuruluş yıldönümünün hayırlara vesile olmasını diliyorum. Öncelikle 1973 yılından beri vakfımızın çatısı altında fisebilillah hizmet etmiş tüm yöneticilerimize, gönüllülerimize, hayırseverlerimize şükranlarımı sunuyorum. Ebediyete irtihal eden vakıf insanlarımızı burada bir kez daha rahmetle, özlemle yad ediyorum. Sizlerin şahsında tüm İlim Yayma Camiası’nın bugün üçüncü gününü idrak ettiğimiz Ramazan-ı Şerifini tebrik ediyorum. Bu mübarek ayın milletimizle birlikte tüm İslam dünyasına, tüm insanlığa huzur ve esenlik getirmesini diliyorum. Bu sene milletçe bir tarafta 11 ayın sultanı Ramazan’a ulaşmanın sevincini, diğer tarafta deprem felaketinde 50 bini aşkın canımızı yitirmenin hüznünü birlikte yaşıyoruz. Ülkemizin 11 vilayetindeki 14 milyon vatandaşımızın hayatını alt-üst eden depremler sadece afetzedelerimizin değil 85 milyonun hepsinin yüreğine kor ateş gibi düştü. Nasıl bedenin bir uzvu hastalanınca diğerleri huzursuzlanırsa, deprem bölgesindeki kayıplarımızın acısını da hepimiz derinden hissediyoruz. İşte bu sıkıntılı günlerde Ramazan-ı Şerif’in gönüllerimizi yumuşatan, bize kardeşliğini hatırlatan iklimine daha çok ihtiyaç duyuyoruz. Cumhur İttifakı’ndaki ortaklarımızla beraber dün ve önceki gün Kahramanmaraş ve Hatay’ı tekrar ziyaret ettik. Hem deprem konutlarının temelini attık, hem de iftarımızı afetzede kardeşlerimizle birlikte açtık. Pek çok zorluğa rağmen Maraşlı ve Hataylı vatandaşlarımızın hayata yeniden tutunma azmine bizzat şahit olduk. Temelini attığımız konut projelerinin yeşeren umutları daha da güçlendireceğine inanıyorum. Deprem bölgesinde yaşayan kardeşlerimiz özellikle bu Ramazan-ı Şerifte bizden daha fazla anlayış, daha fazla diğerkâmlık göstermemizi bekliyor. Hepimizin depremzedelerimizin yanında olması, bu zor günlerinde onları yalnız bırakmaması gerekiyor. İlim Yayma Vakfımızın deprem anından itibaren sergilediği dayanışmayı Ramazan ayında artırarak devam ettirdiğini görüyorum. Temel ihtiyaç maddelerinin temininden konteyner kurulumuna, iftar ve sahur sofralarından öğrencilerimize yönelik barınma ve burs imkânlarına kadar geniş bir yelpazede yaptığınız çalışmaları takdirle karşılıyorum. Vakfımızın tüm gönüldaşlarına samimi gayretleri, fedakârlıkları, milletimize örnek olan hizmetleri dolayısıyla tebriklerimi iletiyorum. Kardeşlerim, Burada sizlerin vasıtasıyla şu gerçeğin altını çizerek ifade etmek istiyorum: Bizler paylaşmanın bereketine, dayanışmanın gücüne inanan bir milletin, bir ümmetin mensuplarıyız. Bizler, komşusu açken tok yatmayı zül sayan bir medeniyetin müntesipleriyiz. Bizler, Ramazan ayı geldiğinde çokça infak yapan, ümmetine de infakı artırmayı tavsiye eden bir Peygamberin ümmetiyiz. Bizi biz yapan bu kadim değerler, sınırlarımız içinde ve dışında hamdolsun milletimiz tarafından halen çok güçlü bir şekilde yaşatılıyor. Ekonomik durumu ne olursa olsun Anadolu insanı elindekini ve avucundakini ihtiyaç sahipleriyle paylaşmayı sürdürüyor. İnsanlarımız oruçla, Kur’an’la, iftar ve sahur sofralarıyla bu mübarek ayı ihya ve idrak ederken, deprem bölgesindeki kardeşlerini de asla unutmuyor. Depremin vurduğu şehirlerimize her gidişimizde gönüllü kuruluşlarımızın gözlerimizi yaşartan faaliyetlerine bizzat şahitlik ediyoruz. Arama kurtarmadan gıda ve erzak teminine, barınma ihtiyaçlarının karşılanmasından depremzedelerimize maddi-manevi destek verilmesine kadar her alanda vakıflarımız aktif bir şekilde sahada koşturuyorlar. Devletimizin ilgili kurumlarıyla iş birliği içerisinde depremin yaralarının bir an önce sarılması için canla-başla gayret gösteriyorlar. Şov yapmadan, reklam ve algı peşinde koşmadan, sağ elin verdiğini sol ele duyurmadan, karşılığını sadece Allah’tan bekleyerek gerçekten gurur verici işlere imza atıyorlar. Şöyle kalpten gelen bir Allah razı olsun niyazı için gecesini gündüzüne katan tüm vakıf ve derneklerimizi buradan tebrik ediyorum. Rabbim sizlerin yokluğunu bu millete hissettirmesin, görmesin diyorum. Mevlana Hazretleri’nin o güzel ifadesiyle, testinin içinde ne varsa dışarıya o sızıyor. Kalbinde haset olan, düşmanlık olan, milletin inancına husumet olanlarla yüreği ülkesi, milleti ve insanlık için çarpanların farkı burada da görülüyor. Tek parti faşizmi özlemiyle yaşayan, hatta “Allah-u ekber” lafzına bile tahammül edemeyen bir avuç kendini bilmezin, sizlerin bu samimiyetinden rahatsızlık duyduğunun farkındayız. Milletin derdiyle dertlenmeyen, milletin ruh kökünden beslenmeyen, hayırlı hiçbir iş yapmadıkları gibi yapılmasını da istemeyen bu asalakları kendi hırsları ve ihtiraslarıyla baş başa bırakıyoruz. Deprem bölgesinde yaşayan kardeşlerimiz başta olmak üzere insanımız, kimin hangi niyetle hareket ettiğini, kimin ne yaptığını gayet iyi görüyor. Vatandaşlarımız, cansiperane çalışmalarınız dolayısıyla sizlerle birlikte tüm vakıf, dernek ve ilim-irfan kuruluşlarımıza dua ve teşekkür ediyor. Elbette bu dualar bizi teşvik etmenin yanı sıra, omuzlarımızdaki yükü de ağırlaştırmaktadır. Umudunu bize bağlamış, yüzünü bize çevirmiş hiçbir kardeşimize mahcup olmama mesuliyetiyle karşı karşıyayız. Zehirli dilleriyle, nefret deresine varan söylemleriyle, kuru gürültü-patırtıyla bizi yolumuzdan alıkoyabileceklerini düşünenlere asla boyun eğmeyiz. Tehditlere, zorbalıklara, aba altından sopa gösteren kifayetsizlere rağmen ülkemize ve milletimize hizmet mücadelemizi kararlılıkla sürdürmeliyiz. Şairler sultanı, büyük dava ve aksiyon adamı üstat Necip Fazıl ne diyor: “Tohum saç, bitmezse toprak utansın Hedefe varmayan mızrak utansın Hey gidi küheylan, koşmana bak sen Çatlarsan, doğuran kısrak utansın. Eski çınar şimdi Noel ağacı; Dallarda iğreti yaprak utansın Ustada kalırsa bu öksüz yapı, Onu sürdürmeyen çırak utansın.” Evet, üstadın bu muhteşem dizelerinden ilhamla, biz de mazlumları asla yalnız bırakmayacak, yetimin, öksüzün başını okşayacak, gariplerin, yolda kalmışların elinden tutacak, ihtiyaç sahiplerinin yardımına koşacak, soframıza bir tabak da yoksullar için koyacak, depremzedelerimizin derdine ortak olacak, hakkın ve halkın rızası uğrunda aşkla çalışmaya devam edeceğiz. Kıymetli Kardeşlerim, Yarım asırlık bir çınar olarak kendi alanında güçlü bir geleneği temsil eden İlim Yayma Vakfımız, davamızın bayraktarları arasında yer alıyor. Vakfımız, kuruluşundan bugüne geçen 50 sene boyunca ülkemize ve milletimize hayırlı nesiller yetiştirmenin cehdiyle çalışıyor. Ben, İlim Yayma’nın şu anda ebediyete irtihal etmiş büyüklerimize, zira o camiadan yetişmiş bir kardeşiniz, bir evladınız olarak ne desek boş, üzerlerimizde çok büyük emekleri oldu. Biz de İlim Yayma’nın önce Vefa’daki ahşap binasından, daha sonra Çarşamba’ya, daha sonra Darülaceze’ye, buralardan geçerek elhamdülillah bu camianın, bu cemiyetin içerisinde o taslar ve o tasların içerisindeki çayları yudumlayarak yetiştik ve bugünlere geldik. Tam yarım asırdır her biri milletimizin göz aydınlığı olan binlerce genç bu çatı altında ilimle, irfanla, hikmetle yoğrularak hayata hazırlanıyor. Vakfımızın tedrisatından geçen pek çok kardeşimiz yıllardır bürokraside, iş dünyasında, sivil toplumda veya dünyanın farklı köşelerinde, “Sizin en hayırlınız, insanlığa en faydalı olandır” inancıyla insanlığa hizmet ediyor. Yüzyıl sonrasını düşünüyorsan insan yetiştir diyen, irfanın kurumsallaşmış hali olan vakfımızın yürüttüğü çalışmaların ehemmiyetini bugün çok daha iyi anlıyoruz. Deprem felaketinin bizlere hatırlattığı gerçeklerin başında, dünya hayatının geçiciliği geliyor. İşte şu anda illeri dolaşırken oralarda ebediyete irtihal eden ailelerin hayatta kalanlarını gördüm. Bu arada, 900’e yakın amputemiz var ve bunların içerisinde yavrularımız var; ayaklarını kaybeden, kollarını kaybeden, Aleyna’mız var ve bu Aleyna’mız annesini de, babasını da kaybetti, şu anda teyzekızı hemşire, onunla hayata tutunacak, ne büyük imtihan. Ve bütün bu imtihanları aşarak hep birlikte bu yola yürüyeceğiz inşallah. Son günlerde bir kez daha gördük ki hepimiz birer faniyiz, bir can taşıyoruz, onun da bizden ne zaman alınacağını hiçbirimiz bilmiyoruz. Uykuya dalınca nasıl uyanacağımızın, yarına çıkıp, çıkmayacağımızın, bir sonraki Ramazan-ı Şerifi görüp göremeyeceğimizin bilgisine sahip değiliz. Bunun için biz dünyadan göçsek de, geride amel defterimizi açık tutacak hizmetlere imza atmamız gerekiyor. Hep söylediğimiz gibi; asıl olan Allah’ın verdiği can emanetini hakkıyla teslim etmek ve gök kubbede hoş bir seda bırakmaktır. Bu fani dünyada esas mesele; mal, mülk, koltuk değil kalpleri kazanmak, gönülleri fethetmek, ülkesine, milletine, ümmete ve tüm insanlığa hayırlı işler yapmaktır. Bizler, geride kalıcı eserler için çalışan, bu uğurda çaba harcayan insanlarız. Bu anlayışla 40 yıldır siyasetin farklı kulvarlarında aziz milletimize aşkla hizmet ediyoruz. Allah’ın takdiri, milletimizin de tensipleriyle Başbakan ve Cumhurbaşkanı olarak Türkiye için, Türk milleti için çok önemli projelere hamdolsun imza attık. Her karışında bir şehit yatan bu aziz vatanı ilelebet payidar kılmak, küresel nizamda hak ettiği yere ulaştırmak için yoğun çaba harcadık. 85 milyon vatandaşımızla birlikte dünyadaki tüm mazlum ve mağdurların da umudu olan bir Türkiye’yi inşa etmek için gerçekten çetin mücadeleler verdik. Elbette 40 yılı aşan bu zorlu süreçte ciddi sıkıntılarla, ciddi sınamalarla da karşılaştık. Cumhuriyet mitinglerinden Gezi olaylarına, 17-25 Aralık kumpasından 15 Temmuz alçak darbe teşebbüsüne kadar milletimizin iradesini gasp etmeye yönelik nice saldırıyı Allah’a hamdolsun boşa çıkardık. Emperyalist güçlerin, eli kanlı terör örgütlerinin, sırtını vesayet odaklarına dayamış milli irade düşmanlarının vatanımızın istiklalini, evlatlarımızın istikbalini çalmasına asla müsaade etmedik. Ekonomimizi büyüttük, demokrasimizi güçlendirdik, yasakları ortadan kaldırdık, Türk dış politikasına itibar ve özgüven kazandırdık. Allah’a hamdolsun, şu anda kişi başı milli gelir 10 bin 650 dolara yükseldi, daha da artacak. Türk Devletleri Teşkilatı’nın kuruluşundan yavru vatan Kuzey Kıbrıs Türk Cumhuriyeti’nin haklarının korunmasına kadar pek çok imkânsızı başardık. Cumhurbaşkanlığı Hükümet Sistemi başta olmak üzere hayata geçirdiğimiz reformlarla Türk siyasetinde tarihi bir değişim gerçekleştirdik. Bugün artık sürekli ekonomik ve siyasi krizlerle boğuşan değil savunma sanayinden terörle mücadeleye, sağlık, eğitim, ulaşım ve enerjiye kadar her alanda başarılarıyla destan yazan bir Türkiye var. 1999 depremi sonrasında memur maaşlarını ancak IMF kredileriyle ödeyebilen bir Türkiye’den, bugün hem depremin yaralarını saran, hem de işçisine, memuruna, emeklisine her türlü desteği veren bir ülkeye kavuştuk. İşte sizler de görüyorsunuz; hem asrın felaketiyle mücadele ediyor, hem de asrın projelerini tek tek gerçeğe dönüştürüyoruz. Emekli olmak için yaşı bekleyen 2 milyon 250 bin vatandaşımızın taleplerini karşıladık. Miletlimizin 600 yıllık hayali olan Türkiye’nin otomobili TOGG’un teslimatları başlıyor. Ülkemizi bir üst lige çıkaracak Milli Muharip Uçağımız başta olmak üzere pek çok savunma ürününü tamamlama yolunda hızla mesafe alıyoruz. İHA’mızı yaptık, SİHA’mızı yaptık, Akıncı’mızı yaptık ve hepsinden öte şu anda en üst segmentte jet uçağımızı yaptık. Karadeniz gazının milli dağıtım sistemimize verilmesine ilişkin çalışmalarda sona geldik. Türkiye’yi Irak üzerinden Körfez Bölgesi’ne bağlayacak kalkınma yoluyla ilgili en kritik adımı geçen hafta Irak Başbakanıyla birlikte attık. Önümüzdeki günlerde milletimize yeni müjdeler vermeyi de sürdüreceğiz. İçinde bulunduğumuz asrı Türkiye yüzyılı haline getirmek için canla-başla çalışmaya devam edeceğiz. Kıymetli Kardeşlerim, Ekonomide, savunmada, enerjide, ulaştırmada, hâsılı altyapı ve üstyapı yatırımlarında kat ettiğimiz mesafe elbette önemlidir, değerlidir. Ama bizim asıl büyük başarımız; yasakları kaldırarak, insanımızın iradesine vurulan zincirleri kırarak milletimize cesaret ve özgüven kazandırmamızdır. Kendi öz yurdunda garipsin, öz vatanında parya muamelesi gören Anadolu insanına bu ülkenin birinci sınıf vatandaşı olduğunu yeniden hissettirdik. Üniversite kapısında benim gözyaşı döken başörtülü kızlarımı biz unutamayız. Kılık kıyafeti sebebiyle çalışma hakları gasp edilen kadınlarımızı unutamayız. Sakalından, giysisinden dolayı horlanan mütedeyyin kardeşlerimizi unutamayız. Askerdeki torunlarının yemin törenlerine katılamayan ninelerimizi unutamayız. Parası olmadığı için cenazesi hastanede rehin kalan garip-gurebayı unutamayız. Ülkedeki siyasi istikrasızlığın yükünü sırtlayan esnaflarımıza, ay sonunda maaş alamama korkusu alan memur ve emeklilerimize, hasılı bizden önce yıllarca ötelenmiş, ötekileştirilmiş, hizmete ve hürmete layık görülmemiş toplum kesimlerinin tamamına hak ettikleri değeri Allah’a hamdolsun biz verdik. Hayata geçirdiğimiz sessiz devrimlerle, bu ülkede yıllarca millete dikte edilen kast sistemini ortadan kaldırdık. Bilhassa burası çok önemli; Sultanahmet’teyiz, üstat konuşuyor, ben de spikerliğini yapıyorum ve konuşmasında Ayasofya’ya bakarak, “Ayasofya açılacak, Ayasofya açılacak, hem de öyle açılacak ki adeta sayfalar açılırcasına açılacak.” Rabbime hamdolsun, o gün spikerliğini yaptık, daha sonra Ayasofya’yı açacak olan imzayı da bizler attık. 86 yıllık hasretin ardından Sultan Fatih’in vasiyetine uygun şekilde asli kimliğine tekrar kavuşturulmasını, milletimize vurulan pranganın parçalanıp atılması olarak görüyorum. Fetih yadigârı Ayasofya’yı tekrar Ezan-ı Muhammedîlerle buluşturmakla Türkiye siyasi ve ekonomik bağımsızlığını küresel ölçekte tescillemiştir. Rabbime, bizlere üstat Necip Fazıl’ın ifadesiyle tekrar ediyorum; Ayasofya’yı aziz bir kitap gibi açma şerefini bizlere nasip etti. Milletimizin bu muhteşem sevincine ortak olamayanlara ise sadece acıyorum. İşte şu anda o altılı masada maalesef onları görüyorum. Rabbim hidayetlerini arttırsın. Bulundukları gaflet uykusundan bir an önce uyanmalarını tavsiye ediyoruz. Ayasofya’nın, Büyük Çamlıca Camii’nin yanı sıra Taksim Camii’ni yaparak, İstanbul’umuzun sembol makamlarından, mekânlarından biri haline getirdik. Hatta birisi de ne dedi, Çamlıca’yı dolduramazlar; eee ne oldu, tıklım-tıklım doldu. Bunlar bir şeyi ifade ediyor; inanç, iman öyle bir cevher ki tekeden bile süt çıkartır, süt. Asırlık hayalleri, bizden önceki nesillerin ömrünü verdiği davaları 20 yıl gibi kısa sürede gerçekleştirmenin haklı gururunu yaşıyoruz. Diğer eserlerimizle birlikte özellikle bu tarihi kazanımlar, geride bırakacağımız siyasi mirasın en güzel nişaneleridir. Elbette her beşer gibi 40 yılı aşan siyasi hayatımızda bizim de eksiklerimiz, kusurlarımız, ulaşmak isteyip de ulaşamadıklarımız olmuştur. Ama samimiyetimize, gayretimize, aziz milletimize olan muhabbetimize 85 milyonun hepsi şahittir. Bu vesileyle ilk gençlik yıllarımızdan itibaren bize dava şuurunu kazandıran ve bugünlere gelmemizde büyük emeği olan siyasette Profesör Doktor Necmettin Erbakan Hocamızı rahmetle yâd ediyorum. Yine bugün 14. şehadet yıldönümü olan İlahi Kelimetullah ve nizamı âlem davalarının yılmaz savunucusu, örnek mücadele ve erdem insanı Muhsin Yazıcıoğlu kardeşimi de rahmetle anıyorum. Rabbim, cümle ümmeti Muhammed’le birlikte Erbakan Hocamızı ve Muhsin kardeşimizi Cennetiyle, cemaliyle müşerref eylesin diyorum. Kıymetli Kardeşlerim, Büyük ve güçlü Türkiye idealiyle yürüttüğümüz siyaset mücadelesinde bugüne kadar pek çok imtihandan geçtik. Siyaset mecrasında girdiğimiz her mücadeleyi zaferle neticelendirmemizi sağlayan Rabbime hamdolsun. Şimdi ülke, millet ve dünyanın dört bir yanında gönlü ve gözü bize dönmüş olan kardeşlerimizle birlikte yeni bir seçimin, dolayısıyla yeni bir imtihanın eşiğindeyiz. Elbette her seçim önemlidir, ama 14 Mayıs seçimleri hem içerideki saflaşmaların mahiyeti, hem de bölgesel ve küresel gelişmelerin nezaketi bakımından tam manasıyla tarihi bir yol ayrımına dönüşmüştür. Bu hakikati sadece biz değil Türkiye’yle ilgili hesabı olan herkes görüyor. Terör örgütlerinden küresel menfaat odaklarına kadar tüm şer şebekeleri 14 Mayıs’a kilitlenmiş durumda. Buraya gelmeden önce Rusya Federasyonu Başkanı Sayın Putin’le bir görüşmem oldu ve o görüşmemizde de Sayın Putin de; Ukrayna arasındaki mücadelede özellikle bizim arabuluculuğumuzu takdirin yanında, onlar da Türkiye’deki seçimi nasıl takip ettiklerini bizzat kendilerinden dinledim. Ve tabii istedikleri şey şu: Tarım koridoruyla ilgili, buğdaydaki şu anda ulaştıkları meblağ-rakam ve bizden de istedikleri özellikle az gelişmiş ülkelere bilabedel biz buğdayı gönderiyoruz, sizler de bilabedel bunları una çevirip bu fakir-fukara Afrika ülkelerine bir an önce ulaştırın. Şimdi Rusya neyi takip ediyor, bizdeki bazı çevreler neyi takip ediyor; bunlar çok çok önemli. Ve hamdolsun haftada bir, 10 günde bir bu irtibatlarımız devam ediyor. Şimdi mesele 14 Mayıs’ta. 14 Mayıs’ta da bizler milletimle beraber inşallah bu zaferi perçinlediğimiz anda yeni bir dönem başlayacak, bu yeni dönem inşallah ülkemin de dünyada oturduğu farklı konumu ispatlayacaktır. Seçimlerden kendi çıkarlarına uygun sonuçları almak için ellerinden gelen her şeyi, her türlü operasyonu yapmaktalar. Ekranları başında bizi izleyen milletime ve siz değerli kardeşlerime soruyorum; değerli kardeşlerim, terör örgütleriyle el ele, omuz omuza yürüyen bu insanlardan ülkemize, milletimize, vatanımıza herhangi bir fayda gelebilir mi? Terör örgütleriyle bunlar kucak kucağa, dirsek dirseğe ve hala onlarla bu görüşmeleri yapmak suretiyle bunlar ülkemize bizim ne kazandıracaklar? Milletimizin buradaki yüksek feraseti inanıyorum ki 14 Mayıs’ta bu işi çözecektir. Ve bu sinsi niyetlerini de beyanatlarıyla en üst düzeyde ortaya koyuyorlar. Bu ülkeye siyasetçi, Belediye Başkanı, Başbakan, Cumhurbaşkanı olarak neredeyse yarım asırdır hizmet eden bir kardeşiniz olarak 14 Mayıs’a asla ihtiras penceresinden bakmıyoruz. Açık konuşmak gerekirse, biz siyasette de, hayatta da o safhaları aşalı çok oldu. Artık tek gayemiz var, o da ülkemizin menfaatleridir. Tek endişemiz, milletimizin geleceğidir. Tek derdimiz, kendi insanımızla birlikte mazlum ve mağdurların umutlarını boşa çıkartmamaktır. Ülkemizi demokrasi ve kalkınma mücadelesinde binbir emek ve mihnetle geldiği yerin gerisine düşürmemek, eşiğine kadar geldiği Türkiye yüzyılının inşasını başlatmak dışında bir amacımız yoktur. Bunun için çevresi adeta bir ateş çemberiyle kuşatılmış Türkiye’nin kaybedecek tek bir anının dahi olmadığına inanıyoruz. Tüm enerjimizi ve kaynaklarımızı ülkemize, milletimize, özellikle depremde yıkılan şehirlerimize vakfetmemiz gereken bir dönemdeyiz. İnsanlarımız deprem bölgesinde hayata yeniden sarılmaya, şehirlere yeniden sahip çıkmaya çalışırken, birileri bambaşka alemlerde yaşıyor, bambaşka hevesler peşinde koşuyor. Ülkenin kaderini koltuk kavgasından başlarını bir an olsun kaldırıp bırakın afet bölgesine etraflarına bile bakmayan vicdan yoksunu bu zihniyetin insafına terk edemeyiz. Üç-beş oy daha fazla kapmak için bölücü örgütün siyasi uzantıları dahil tüm marjinal yapılarla iş tutmaktan çekinmeyenlere bu milletin geleceğini emanet edemeyiz. İnşallah 14 Mayıs’ta Türkiye’ye dair söyleyecek hiçbir sözleri olmayan bu kifayetsiz muhterisleri hep birlikte sandığa gömeceğiz. Bunun için, Türkiye için hemen şimdi diyoruz. Bunun için, Türkiye yüzyılı diyoruz. Sizlerden 14 Mayıs’ta bugüne kadar olduğundan daha güçlü bir şekilde yanımızda olmanızı istiyorum. Rabbim hepinizden razı olsun. Bu duygularla bir kez daha vakfımızın 50. Genel Kurulu’nun hayırlara vesile olmasını diliyorum. Ebediyete uğurladığımız tüm büyüklerimize Rabbimden rahmet niyazıyla mekânlarının Cennet olmasını özellikle diliyorum. Saygıyla sizleri selamlıyorum.",0,0,0,1,0,3,3,3,1,0,1,1,1,1,0,0,0,0,1,0
kmaras_val_037,Kahramanmaraş Valiliği,valilik,kahramanmaras,3_inter_election,2023-07-09,"Bir dizi ziyaret ve temaslarda bulunmak üzere ilimize gelen İçişleri Bakan Yardımcımız Sayın Münir Karaloğlu, Valimiz Ömer Faruk Coşkun, Büyükşehir Belediye Başkanı Hayrettin Güngör, Vali Yardımcıları, Kaymakamlar ve koordinasyon kurulu üyelerinin katılımıyla AFAD Koordinasyon Merkezinde düzenlenen toplantıda, ilimizde deprem sonrası yürütülen çalışmalara ve iyileştirilmesi gereken alanlara ilişkin konuları değerlendirdi.
 
Toplantı öncesi bir açıklamada bulunan Bakan Yardımcısı Sayın Karaloğlu, ""Bugün geldiğimiz noktayı anlamak istiyoruz. Bundan sonraki süreci de nasıl hızlandıracağız onu hep birlikte çalışacağız. Yaşanan depremde Kahramanmaraş’ta ölen vatandaşlarımıza Allah’tan rahmet, tedavisi devam edenlere şifalar diliyorum. 'Asrın felaketi' deniliyor, aslında asrıda geçen belki insanlık tarihinin yazıldığı günden bu tarafa bildiğimiz bütün afetlerden daha büyük bir afeti yaşadık."" dedi.
 
Sayın Karaloğlu, konuşmasının devamında: ""Çok büyük bir afet yaşandı, ama milletimiz ve devletimiz Sayın Cumhurbaşkanı'mızın liderliğinde kenetlendik bugüne kadar geldik. Burada çok büyük fedakarlıklar var. Kriz ortaya çıktıktan sonra bizim kadar krizi hızlı çözen bu kadar kenetlenen dünyada başka bir millet yok. Buda bizim milletimizin en büyük özelliğidir onunla da gurur duyuyoruz."" diye konuştu.
 
Karaloğlu, toplantının ardından Koç Konteyner Kenti ile Sakarya Konteyner Kentini ziyaret ederek depremzede vatandaşlarımıza geçmiş olsun dileklerinde bulundu.
 
Trabzon Caddesinde kurulan Samsun Çarşısına da ziyarette bulunan Bakan Yardımcımız Sayın Karaloğlu, esnaflarımızla hasbihal ederek, esnaflarımızın sorunlarını ve taleplerini dinledi.
 
Büyükşehir Belediyesine de ziyarette bulunarak Başkan Hayrettin Güngör ile bir süre görüşen Sayın Karaloğlu, yaptığı temas ve incelemelerin ardından ilimizden ayrıldı.",0,0,0,1,0,1,1,3,0,2,0,0,0,1,0,0,0,0,1,0
kmaras_bld_1292,Kahramanmaraş Belediye,belediye,kahramanmaras,4_local_campaign,2024-03-27,"Dönem Sonu Değerlendirme Toplantısı’nda basın mensuplarıyla bir araya gelen Başkan Güngör, “5 yılda Büyükşehir Belediyesi ve KASKİ olarak 8.7 Milyar TL’lik yatırım gerçekleştirdik. Hamdolsun şehrimizin emanetine zeval getirmedik, hemşehrilerimizin hakkını hukukunu koruduk. Bundan sonraki süreçte de şehrimizin ve hemşehrilerimizin bize ne zaman ihtiyacı olursa hizmete hazırız” dedi.

Kahramanmaraş Büyükşehir Belediye Başkanı Hayrettin Güngör, Dönem Sonu Değerlendirme Toplantısı’nda basın mensuplarıyla bir araya geldi. Büyükşehir Belediyesi Meclis Salonu’nda gerçekleştirilen toplantıda Başkan Hayrettin Güngör, 2019 – 2024 yılları arasında hayata geçirilen projelere dair basın mensuplarına değerlendirmelerde bulundu. Toplantıda konuşan Başkan Güngör, “2019 yılında Sayın Cumhurbaşkanımızın tensipleri ve hemşehrilerimizin destekleriyle bu kadim şehrin Büyükşehir Belediye Başkanlığı görevini devraldık. İnşallah 31 Mart’ta bu emaneti Fırat Görgel kardeşimize teslim edeceğiz. Kadim şehrimizin emanetini çok daha ileri taşıyacağına hiç şüphemiz yok” ifadelerini kullandı.

8.7 Milyar TL’lik Yatırım

Başkan Hayrettin Güngör konuşmalarının devamında, “Bu 5 yıllık süreçte çok büyük zorluklarla karşı karşıya kaldık. Pandemi ve asrın felaketini hep birlikte yaşadık. Ama hamdolsun bu süreçte kahraman şehrimize gücümüzün yettiğince hizmet ettik. Görevi devraldığımızda bütçenin 2 katına yakın bir borç yükümüz vardı. Pandemi ve depremlere rağmen bu oranı yüzde 89’a indirdik. Sürdürülebilir mali yapıyı sağlamak için yoğun çaba gösterdik. Mali yapımızı disipline etmemizle birlikte 5 yılda Büyükşehir Belediyesi ve KASKİ olarak 8.7 Milyar TL’lik yatırım gerçekleştirdik. Tüm çalışma arkadaşlarımıza göstermiş olduğu gayret ve emekleri için teşekkür ediyoruz. Hamdolsun şehrimizin emanetine zeval getirmedik, hemşehrilerimizin hakkını hukukunu koruduk. Bundan sonraki süreçte de şehrimizin ve hemşehrilerimizin bize ne zaman ihtiyacı olursa hizmete hazırız” cümlelerini kaydetti.",0,0,0,1,0,2,2,2,1,0,2,2,2,1,0,0,0,0,1,0
hatay_val_162,Hatay Valiliği,valilik,hatay,3_inter_election,2023-07-05,"Valimiz Mustafa MASATLI, 30 Haziran 2023 Koruyucu Aile Günü kapsamında İskenderun ilçemizde düzenlenen programa katılarak koruyucu aileler ve çocukları ile bir araya geldi.

Programa, Valimiz Mustafa MASATLI yanı sıra İskenderun Cumhuriyet Başsavcısı Muhammed Emin ÜNALAN, İskenderun Kaymakamı Murat Sefa DEMİRYÜREK, Sahil Güvenlik Doğu Akdeniz Grup Komutanı Onur EMİR, İskenderun Belediye Başkanı Mehmet Fatih TOSYALI, İskenderun İlçe Emniyet Müdürü Nevzat GÜNEŞ ve koruyucu aileler ile çocukları katıldı.

Çocuklarımızın en çok ihtiyaç duyduğu ilgi, şefkat ve aile sevgisini bulabildiği sıcak yuvayı onlara sunan koruyucu aileler ve çocuklarıyla bir araya gelen ve çocuklarımızla yakından ilgilenen Valimiz Mustafa MASATLI, bir konuşma gerçekleştirdi.

Sayın Emine ERDOĞAN Hanımefendinin himayelerinde başlatılan ""Gönül Elçileri Projesi""nin önemine değinen Valimiz, konuşmasında şunları kaydetti; “Kıymetli misafirler, bildiğiniz üzere ülkemiz, merkez üssü Kahramanmaraş olan iki büyük deprem felaketi yaşadı. Bizzat ben de felaketin ilk anlarından itibaren iki ay boyunca Hatay’da Koordinatör Vali olarak görev yaparak, afetin boyutuna ve şiddetine bizzat şahit oldum. Rabbimden ülkemize ve milletimize bir daha böyle acılar yaşatmamasını diliyorum. Felakette hayatını kaybeden vatandaşlarımıza Allah’tan rahmet, yaralı vatandaşlarımıza acil şifalar diliyor, Aziz Milletimize baş sağlığı ve sabırlar temenni ediyorum.

Geçtiğimiz günlerde Cumhurbaşkanımız Sayın Recep Tayyip Erdoğan Beyefendi’nin takdirleriyle Medeniyetler Şehri Hatay’ımıza Vali olarak atandım. İnşallah Hatay’ımızı Devletimizin gücü ve Milletimizin desteğiyle hep beraber ayağa kaldıracak, felaketin yaralarını hep birlikte saracağız.

Sizlerin de bildiği gibi Ülkemiz son 20 yılda sağlık, eğitim, ulaştırma, sanayi, ticaret ve teknoloji gibi tüm alanlarda büyük gelişim ve dönüşüm geçirmiştir. Bu gelişimin önemli bir ayağını ise sosyal hizmetler alanında yapılan önemli çalışmalar oluşturmaktadır.

Devletimiz bu süreçte ilk olarak ‘İnsanı yaşat ki, Devlet Yaşasın’ anlayışıyla, engellilerimizin, yaşlılarımızın, devlet koruması altındaki evlatlarımızın ve toplumumuzdaki tüm dezavantajlı kesimlerin yaşam standartlarını yükseltmek için gerekli yasal düzenlemeleri hayata geçirmiştir.

Bununla birlikte engellilerin eğitimi, bakımı ve rehabilitasyonu için açılan merkezler, kamuda ve özel sektörde engellilerimize ayrılan kontenjanların yoğun şekilde kullanılması, eşi vefat eden kadınlarımızın ve 65 yaş üstü büyüklerimizin maaşlarındaki ciddi artışlar, dar gelirlilere yönelik toplu konut uygulamaları da bu düzenlemelerden sadece birkaçıdır.

Yine bu alanda hayata geçirilen Gönül Elçileri Projesi ile aile sıcaklığından uzak çocuklarımızın sıcak yuvalara kavuşması sağlanmıştır. Cumhurbaşkanımız Sayın Recep Tayyip ERDOĞAN Beyefendinin değerli eşi, Sayın Emine ERDOĞAN Hanımefendinin himayelerinde başlatılan bu proje, çeşitli sebeplerle aile ortamından kopan ve Devletimizin şefkatine ihtiyaç duyan çocuklarımızın geleceğe hazırlanması açısından son derece önemlidir. Çocuklarımızın, siz kıymetli ailelerin yanında mutlu ve huzurlu bir ortamda bulunması, yavrularımızın sağlıklı gelişimi açısından son derece önemlidir. Koruyucu ailelerimizle yakın bir ilişki içerisinde olmanın önemini hepimiz biliyoruz.

Çocuklarımız, bizim ve Ülkemizin geleceğidir. Sizler de yavrularımızı sıcak bir aile ortamında büyütüyor ve onları hiçbir eksiklik hissettirmeden geleceğe hazırlıyorsunuz.

Bu düşüncelerle böylesine ulvi bir görevi ifa eden tüm koruyucu ailelerimize şükranlarımı sunuyorum. Davetimize icabet ettiğiniz için teşekkür ediyor, sizleri en kalbi duygularımla selamlıyorum.” dedi.",0,0,0,1,0,0,2,0,0,2,2,2,2,1,0,0,0,0,1,0
hatay_bld_0050,Hatay Belediye,belediye,hatay,3_inter_election,2023-07-17,"Hatay’ın Belen ilçesinde nedeni henüz belli olmayan yangının söndürme çalışmaları devam ediyor.

Hatay Büyükşehir Belediyesinin tüm ekipmanlarının seferberlik gösterdiği yangına, Jandarma Güvenlik güçleri ile Emniyet Müdürlüğü ekipleri, Orman İşletme Müdürlüğü, AFAD ve çevre illerdeki belediyeler de müdahale ediyor.

Kınalıtepe mevkiinde yayılım gösteren yangına havadan ve karadan müdahale edilirken evlerden yangın bölgesinde yaşayan bin 500 kişi tahliye edildi.

Yetkililer, 12 mesken ve 4 sivil aracın da kullanılamaz hale geldiği yangında can kaybının yaşanmadığını açıkladı.",0,0,0,1,0,0,0,0,1,0,0,0,0,1,0,0,0,0,1,0
adiyaman_val_031,Adıyaman Valiliği,valilik,adiyaman,3_inter_election,2023-07-04,"27 Haziran 2023 tarihinde Adıyaman’daki görevine başlayan Vali Dr. Osman Varol, 6 Şubat Kahramanmaraş merkezli depremlerde ağır yara alan kentin sorun ve beklentilerini yerinde görüp tespit etmek ve bu sorunlara çözüm üretmek amacıyla kurumlardan brifing almaya başladı. 
 
Dün ilk brifingini Jandarmadan alan Vali Varol, bugünde İl Emniyet Müdürlüğünü ziyaret ederek çalışmalar hakkında bilgi aldı.
 
İl Emniyet Müdürlüğüne gelişinde Vali Dr. Osman Varol’u İl Emniyet Müdürü İbrahim Ergüder, Müdür Yardımcıları ve Şube Müdürleri karşıladı. 
 
Tören mangasını selamlayan Vali Varol, İl Emniyet Müdürü İbrahim Ergüder’le bir süre sohbet ettikten sonra Adıyaman’ın genel asayiş durumu, il ve ilçelerde icra edilen faaliyetler ile personel, araç ve gereç durumu hakkında detaylı bir brifing aldı. 
 
Brifing sonunda emniyet mensuplarına teşekkür eden ve çalışmalarında başarılar dileyen Vali Varol, ""huzur ve hoşgörü kenti Adıyaman’da vatandaşlarımızın güvenliği ve esenliği için gece gündüz demeden, mesai mefhumu gözetmeksizin büyük bir özveri ile görev yapan emniyet teşkilatımıza teşekkür ediyorum” dedi. 
 
Brifing sonrası İl Emniyet Müdürlüğüne bağlı şube müdürlüklerini de gezerek incelemelerde bulunan Vali Dr. Osman Varol, personele çalışmalarında başarılar diledi.",0,0,0,1,0,0,0,0,1,0,0,0,0,1,0,0,0,0,1,0
hatay_bld_0921,Hatay Belediye,belediye,hatay,5_post_local,2024-12-13,"HBB ALTINÖZÜ NUMARATAJ BİRİMİ YENİ ADRESİNDE

Hatay Büyükşehir Belediyesi tarafından deprem sonrası Adres Tespit ve Numarataj Birimi’nde oluşan yoğunluğu azaltmak adına Altınözü Fatikli Mahallesi’nde geçici olarak konteynerde hizmet veren Altınözü Numarataj Birimi yeni adresinde hizmete başladı.

Kentte 6 Şubat 2023’te yaşanan asrın felaketinin ardından vatandaşların hak sahipliği, adres değişikliği başvurusu gibi talepleri nedeniyle Adres Tespit ve Numarataj Birimi’nde yaşanan yoğunluğa çözüm bulmak, özellikle ilçelerde yaşayan vatandaşların işlerini kolaylaştırma amacıyla bazı ilçelerde numarataj birimleri oluşturmuştu.

Yaklaşık 1 yıldır Altınözü Fatikli Mahallesi’nde geçici olarak konteynerde hizmet veren Altınözü Numarataj Birimi Başkan Mehmet Öntürk’ün talimatları doğrultusunda Altınözü Belediye Başkanı Rıfat Sarı’nın da desteğiyle 11.12.2024 tarihi itibarıyla Altınözü Belediye Hizmet Binası’nın zemin katına taşınarak hizmet vermeye başladı.

Yetkililer; birimin, Altınözü Belediyesi mücavir sınırları içerisinde mevcut yapılar ile yeni yapılmış yapıların adresleri ile geçici barınma yeri veya geçici iş yerinin adres tespitinin yapılması ve numaralandırılmış TOKİ konutları ile köy evlerinin adres bilgi kartlarının oluşturulması hizmetlerine yeni adresinde devam edildiğini bildirdi.

Haberin görsellerini aşağıdaki linkten indirebilirsiniz.

https://we.tl/t-1gX9ShM7fS

https://we.tl/t-gfc6GFMzwO",0,0,0,1,0,0,0,0,1,0,0,0,0,1,0,0,0,0,1,0
csb_0264,CSB,bakanlık,kahramanmaras,3_inter_election,2023-06-24,"BAKAN ÖZHASEKİ: DEPREM BÖLGESİNDE, YARALARIMIZI EL ELE VEREREK HIZLA SARIYORUZ

Çevre, Şehircilik ve İklim Değişikliği Bakanı Mehmet Özhaseki, resmi sosyal medya hesabından Kahramanmaraş merkezli depremler sonrası etkilenen illerden Malatya’da kurulan geçici iş yerlerinin anlatıldığı bir video yayımladı. Bakan Özhaseki paylaşımında, “Deprem bölgesinde, yaralarımızı el ele vererek hızla sarıyoruz. Depremzede kardeşlerimiz için yapımını tamamladığımız 338 geçici iş yerimizi daha teslim ettik. Esnafımız yeni yerlerinde ""Bismillah"" diyerek dükkânlarını açtı. Kazançları hayırlı, bereketli olsun.” dedi.

Çevre, Şehircilik ve İklim Değişikliği Bakanlığı, 6 Şubat Kahramanmaraş merkezli depremler sonrası, 11 ilde kalıcı konutların inşa sürecini yürütürken bir yandan da hayatın normale dönmesi ve esnafın yeniden ekonomik hayata dahil olması için geçici iş yerlerinin yapımını sürdürüyor.

Bakan Özhaseki, depremlerden etkilenen illerden Malatya’da geçici iş yerlerinin kurularak esnafın yeniden ekonomik hayata dahil olduğunu, “Deprem bölgesinde, yaralarımızı el ele vererek hızla sarıyoruz. Depremzede kardeşlerimiz için yapımını tamamladığımız 338 geçici iş yerimizi daha teslim ettik. Esnafımız yeni yerlerinde ""Bismillah"" diyerek dükkânlarını açtı. Kazançları hayırlı, bereketli olsun.” ifadeleriyle anlatan bir video yayımladı. Videoda; Malatya Merkez’de 25 metrekareden oluşan 338 adet geçici ticaret alanı kurularak faaliyete geçtiği anlatıldı.

“Bize bir umut, yeniden bir iş kaynağı oldu, güzel günlerin bizi beklediğini düşünüyoruz”

Depremzede esnaflar, geçici iş yerlerinin kendilerine umut olduğunu belirterek, “Burası devletimizin verdiği imkânlarla yeniden bize bir umut, yeniden bir iş kaynağı oldu inşallah. Bu şekilde olması bizi çok sevindirdi, duygulandırdı. Güzel günlerin bizi beklediğini düşünüyoruz. Devletin esnafa destek olması gayet güzel. Havadar 25 metrekare, rutubet yok, nem yok. Adamlar yapmışlar. Ömür boyu ben burada kalırım. Malatya’nın en merkezi yeri. Etrafı açık, otopark problemi yok. Mescidi, lavabosu bütün donatılarıyla her şeyi çok iyi. Sayın Bakanımıza, emeği geçen bütün arkadaşlara teşekkür ederiz. Gerçekten güzel bir proje yapmışlar. Bu çarşıda her şeyi bulacaklar. Her türlü esnafa burada yer verilmiş.” ifadelerine yer verdi.",0,0,0,1,0,2,2,2,1,0,1,1,1,1,0,0,0,0,1,0
hatay_bld_0038,Hatay Belediye,belediye,hatay,3_inter_election,2023-06-01,"Hatay Büyükşehir Belediyesi, 15 ilçe belediyesini, 6 Şubat’ta yaşanan deprem felaketinin ardından büyük bir sorun haline gelen Haşere ve Vektörle mücadele konusunda göreve davet etti.

Hatay Büyükşehir Belediyesi deprem sonrası yapılan “Haşere ve Vektörle mücadele” çalışmalarının yürütülmesi konusunda Hatay Valiliği’ne ve 15 ilçe belediyesine bir yazı gönderdi.

Gönderilen yazıda, Hatay’da yerleşim alanlarında oluşan yıkım ve havaların ısınmasıyla birlikte haşere üreme alanı sayısının 120 binlerden 1 milyona yaklaştığı belirtilerek, bu dönemde haşere ve vektör ile mücadelenin oldukça önemli hale geldiği, Hatay Büyükşehir Belediyesi’nin, il sınırları içinde tüm imkânlarıyla ilaçlama çalışmalarına devam etmekte olduğu vurgulandı.

30.06.2021 tarih ve 2021/14 sayılı Cumhurbaşkanlığı Tasarruf Tedbirleri Genelgesi ile tüm şehirlerde olduğu gibi Hatay Büyükşehir Belediyesi ilaçlama biriminin araç sayısının kademeli olarak 103 araçtan 65 araca düşürüldüğü aktarıldı.

HBB Genel Sekreteri Nihat Tazeaslan imzalı yazıda; İçişleri Bakanlığı’nın 22.05.2017 tarihli yazısı ve 5216 sayılı kanun gereğince “Büyükşehir belediyesi bulunan illerde, haşere ve vektör ile mücadeleyi tek elden yürütmek, mücadele için ayrılan kaynakların etkin ve verimli kullanılmasını sağlamak amacıyla ilaçlama hizmetlerinde temel görev sorumlukların büyükşehir belediyesinde olduğu ancak ihtiyaç duyması halinde ilçe belediyelerinin de bu hizmeti büyükşehir belediyesi ile koordineli bir şekilde yapılabileceğine dikkat çekildi.

KİLİSLİ; “7 GÜN 24 SAAT MÜCADELE ÇALIŞMALARINI SÜRDÜRÜYORUZ”

Hatay Büyükşehir Belediyesi Sağlık ve Sosyal Hizmetler Dairesi Başkanı Ahmet Kilisli, vatandaşlardan gelen şikâyet ve talepler üzerine ilaçlama çalışmalarını haftanın 7 günü 24 saat, geceli gündüzlü bir şekilde sürdürdüklerini söyledi.

TESPİT EDİLEN ÜREME ALANI SAYISI 120 BİN’DEN 1 MİLYONA ULAŞTI

Geçtiğimiz yıllarda mevcut 120 bin üreme alanının tespit edildiğini, bu bölgelerde sineklerin ve haşerelerin üremesini engellemek için yıl boyunca; Şubat ayından itibaren sıvı ve granür tarzında ilaçlama yaptıklarını hatırlatan Başkan Kilisli, deprem sonrası bu 120 bin noktanın 1 milyonun üzerine çıktığını vurguladı.

TÜM KURUMLARIN ORTAK ÇALIŞMASI ŞART

Kilisli şöyle devam etti: “Bu binalarla ve çevre kirliliğiyle ilgili tüm kurumların ortak bir çalışma yapması lazım. Özellikle ilçe belediyelerine buradan seslenmek istiyorum. İlçe belediyelerimizin temizlikle ilgili çok hassas davranmaları gerekiyor. Bu yapılmadığı sürece karasinek ve diğer zararlı böceklerin üremesini durdurmamız mümkün olmayacak.

İlk günden itibaren tüm araçlarımızla tüm personelimizle gündüz larvayla mücadele; gece uçan sinekle mücadele için canla başla çalışıldı. Diğer taraftan şehirde de şöyle bir yapı oluştu. Normalde konteyner ve çadır kentlerin içerisinde yoğunlaştırabilseydik insanları bu mücadeleyi biraz daha iyi yapabilirdik ama insanlar ağır hasarlı, orta hasarlı veyahut da az hasarlı evlerinin bahçesine bir çadır kuruyor ve orada bir hizmet üretmemizi bekliyor. Maalesef bu şekilde 65 araç değil 3 yüz araç ile bile çok zor olur, ilçelerin mutlaka ilaçlama yapması gerekiyor’

Haberin fotoğraf ve videosunu aşağıdaki linkten indirebilirsiniz.

https://we.tl/t-qZ6MGYsl83

https://we.tl/t-lmbIgdriTH",1,1,1,1,0,0,0,0,1,0,2,2,2,1,0,0,0,0,1,0
kmaras_val_004,Kahramanmaraş Valiliği,valilik,kahramanmaras,1_post_quake,2023-04-10,"İçişleri Bakanımız Sayın Süleyman Soylu, Valimiz Ömer Faruk Coşkun, Koordinatör Valilerimiz, Büyükşehir Belediye Başkanı Hayrettin Güngör, İl Emniyet Müdürü Ömer Urhal ve kahraman polislerimizin katılımıyla Türk Polis Teşkilatı'nın kuruluşunun 178. yıl dönümü münasebetiyle Kahramanmaraş İl Emniyet Müdürlüğünde tören düzenlendi.
 
Saygı duruşu ve İstiklal Marşımızın okunmasının ardından İl Emniyet Müdürü Ömer Urhal günün ve önemine dair bir konuşma yaptı.
 
İçişleri Bakanı Sayın Süleyman Soylu ise “Bu teşkilat dünyanın afetselliği en yüksek ülkesinde 6 Şubat'ta asrın afetini görmüştür. Allah'a çok şükür 178. yıl boyunca karşılaştığı hiçbir sıkıntıda hiçbir zorlukta Türk Polis Teşkilatı acziyet içerisinde olmamıştır. Milletine mahcup olmamıştır. Zorluklarla biriktirdiği tecrübesi ve aziz milletimizin verdiği desteğin gücüyle, onun duasıyla, bütün yokluklarını kapatmış görevini layıkıyla yerine getirmiştir.
 
Bugün 178. yıl dönümünü kutladığımız Türk Polis Teşkilatı, sadece kendi benzerleri gibi dünyada huzuru asayişi temin eden değil, aynı zamanda bu ülkenin yarınlarına bu ülkenin geleceğine, bu milletle beraber, demokrasiyle beraber, hürriyetle beraber, özgürlükle beraber uzanan bir teşkilattır. Sizlerle gurur duyuyoruz. Her bir gazimizle, her bir şehidimizle, onların kıymetli aileleri ile gurur ve onur duyuyoruz. Allah sizleri korusun ve muhafaza etsin. Bu uğurda şehit olan bütün şehitlerimize bütün gazilerimize, cenabı Allah onlara karşı mahcup olmamayı nasip etsin. Bu şehirleri ayağa kaldırmadan, bu şehirlerin travmasını atlattırmadan, bu şehirlerdeki her insanın başını sıcak yuvalarına sokmadan elbette ki bu şehirlerden ayrılmayacağız"" dedi.
 
Bakan Sayın Süleyman Soylu ve Valimiz Ömer Faruk Coşkun, polislerimizle bir süre sohbet ederek günlerini kutladı.",0,0,0,1,0,3,3,3,1,0,0,0,0,1,0,0,0,0,1,0
csb_0028,CSB,bakanlık,hatay,1_post_quake,2023-02-20,"BAKAN KURUM: BİLİM İNSANLARIMIZLA ATILACAK ADIMLARI İSTİŞARE ETTİK

Çevre, Şehircilik ve İklim Değişikliği Bakanı Murat Kurum, Gaziantep’te çeşitli üniversitelerden bilim insanlarıyla gerçekleştirdiği “Deprem Bölgesi Fay Hatları ve Zemin Sıvılaşması” konulu toplantının ardından, “Önümüzdeki 2 ay içerisinde tüm bu planlamalarla birlikte Adana’da 2 bin 500, Adıyaman’da 25 bin 882, Diyarbakır’da 6 bin, Gaziantep’te 18 bin 544, Hatay’da 40 bin 426, Kahramanmaraş’ta 45 bin 67, Kilis’te 250, Malatya’da 44 bin 770, Osmaniye’de 9 bin 550, Şanlıurfa’da 3 bin, Elazığ’da 3 bin 750 konut olmak üzere toplamda 200 bin konutumuzun yapımına başlıyor olacağız… Hasar tespit çalışmaları bittikçe konut sayılarımızı artıracağız. Şu an hali hazırda bini aşkın hocamızla sahada gerek hasar tespitte, gerek fay hatlarının durumunun tespitinde, gerekse buradaki sıvılaşma, zemin problemlerine ilişkin tespitler üzerinde çalışıyoruz… Deprem bölgesindeki illerimizde şu ana kadar 4 milyon bağımsız bölümden oluşan 1 milyon 40 bin binayı inceledik. 130 bin binada, 430 bağımsız bölümün yıkık, acil yıkılacak ve ağır hasarlı olduğunun tespitini yaptık… Bölgenin yeniden ihya ve inşa sürecinde, şehirlerimizi bilimsel, hızlı ve güçlü bilimin ışığında, sanatın ışığında, kültürün ışığında yeniden inşası için bu çalışmaları yürüteceğiz ve bu temel başlıklar ve hedefler üzerinde çalışmalarımızı yürütüyor olacağız…” dedi.

Çevre, Şehircilik ve İklim Değişikliği Bakanı Murat Kurum, Gaziantep 112 Acil Çağrı Merkezi'nde çeşitli üniversite ve kurumlarda görev alan bilim insanlarıyla “Deprem Bölgesi Fay Hatları ve Zemin Sıvılaşması” konulu toplantı gerçekleştirdi. Toplantıya TÜBİTAK, AFAD, Kandilli, MTA, Boğaziçi, ODTÜ, AÜ, İTÜ, Dokuz Eylül, Kocaeli, Gaziantep, Hacettepe ve Koç üniversitelerinden bilim insanları ile Bakanlık yetkilileri katılım sağladı.

Bakan Kurum, bilim insanlarıyla yapılan istişarelerin çok kıymetli olduğunu vurgulayarak, “Hocalarımızın önerilerini, fikirlerini aldık ve bu doğrultuda da yeni yapılacak çalışmalarda atılacak adımları hep birlikte istişare ettik. Çevre, Şehircilik ve İklim Değişikliği Bakanlığı olarak konutlarımızın bilimsel normlara ve yeni teknolojilere uygunluğunu, kullanılması gereken en yüksek seviyede sağlamak adına bir araya geldik ve hocalarımızı dinledik. Hocalarımız, bölümleri itibariyle Türkiye’nin en saygın bu noktada en yetkin hocaları. jeofizik, jeoteknik, jeoloji ve zemin alanlarında bina yapı statiği anlamında en yetkin kişiler.” ifadelerini kullandı.

Toplantının ardından açıklamalarda bulunan Bakan Kurum, Kahramanmaraş merkezli depremin ardından hayatını kaybeden 41 bin 156 vatandaş için rahmet diledi. Bakan Kurum, “Deprem Bölgesi Fay Hatları ve Zemin Sıvılaşması” konulu toplantıda depremin durumunu, açmış olduğu hasarı ve bundan sonraki sürece ilişkin mevcut yerleşim alanları ve rezerv alanlarında yapılaşmaya dair tüm konuları ele aldıklarını ifade etti.

“Şu an hali hazırda bini aşkın hocamızla sahada hasar, fay hatlarının durumu, sıvılaşma ve zemin problemlerine ilişkin tespitler üzerinde çalışıyoruz”

Bilim insanlarıyla yaptıkları toplantıyla bilgiler veren Bakan Kurum, şunları söyledi:
“Hep söylüyoruz; depremin ilk anından itibaren tüm Türkiye el ele, gönül gönüle vererek ‘Türkiye Tek Yürek’ diyerek çalışma başlatılmıştır. Bu anlayışla da depremin ilk anından itibaren çalışmalarımızı yürütmekteyiz. Son ana kadar da vatandaşlarımızı sağlam güvenli konutlarına yerleştirene kadar bu anlayışla çalışmalarımızı yapmaya devam edeceğiz. İyileştirme aşamasında ve sonrasında yapılması gereken iki özel dönem olduğunu görüyoruz. Bu anlamda da bugün yapmış olduğumuz istişarelerde de iki dönem içerisinde belirli çalışma gruplarında görev dağılımlarını bugün itibariyle AFAD başkanlığımız bünyesinde TÜBİTAK'la birlikte tüm hocalarımızı da içine aldığı süreçte çalışmalarımızın gruplara göre belirleyerek yürüteceğiz. Şu an hali hazırda bini aşkın hocamızla sahada gerek hasar tespitte, gerek fay hatlarının durumunun tespitinde, gerekse buradaki sıvılaşma, zemin problemlerine ilişkin tespitler üzerinde çalışıyoruz. TÜBİTAK bünyesinde, Bakanlığımız bünyesinde, AFAD bünyesinde çalıştığımız hocalarımız var. İyileştirme sürecine yönelik mevcut yerleşim alanları ve yerleşim alanlarının dışındaki rezerv alanlara ilişkin tüm etütlerimizi oluşturacağımız çalışma gruplarıyla birlikte sahadaki arkadaşlarımızla yapıyor olacağız. Bu grupları bugün itibariyle oluşturup yeni hocalarımızı, yeni ekiplerimizi de çalışma gruplarımıza ilave edeceğiz.”

“Deprem bölgesindeki illerimizde şu ana kadar 4 milyon bağımsız bölümden oluşan 1 milyon 40 bin binayı inceledik”

Bakan Kurum, depremin ardından iki özel dönemin olduğuna dikkati çekerek, şu ifadeleri kullandı:
“Biri iyileştirme süreci, diğeri de yeniden yapım süreci. İnşallah bu süreci de belirlediğimiz çalışma gruplarıyla birlikte hassas bir şekilde yürütüyor olacağız. Bu noktada hasar tespitlerimizi hızlıca tamamlamamız gerekiyor. Şu an 7 bin 350 personelimizle 11 ilimizde, her ilçelerimizde hasar tespit süreçlerini büyük bir titizlikle yürütüyoruz. Deprem bölgesindeki illerimizde şu ana kadar 4 milyon bağımsız bölümden oluşan 1 milyon 40 bin binayı inceledik. 130 bin binada, 430 bağımsız bölümün yıkık, acil yıkılacak ve ağır hasarlı olduğunun tespitini yaptık. Tüm illerimizdeki hasar tespit sayılarını tek tek vermek istiyorum. Gaziantep'te 37 bin bağımsız bölümden oluşan 16 bin bina, Kahramanmaraş'ta 91 bin bağımsız bölümden oluşan 25 bin bina, Malatya’da 67 bin bağımsız birimden oluşan 19 bin bina, Hatay'da 143 bin bağımsız birimden oluşan 37 bin bina, Adıyaman'da 50 bin bağımsız birimden oluşan 17 bin bina, Kilis'te 2 bin 100 bağımsız bölümden oluşan 1.400 bina, Elazığ'da 5 bin 800 bağımsız birimden oluşan 1.300 bina, Adana'mızda 1.775 bağımsız birimden oluşan 113 bina, Osmaniye'de 14 bin bağımsız birimden oluşan 4 bin 300 bina, Şanlıurfa'da 3 bin 900 bağımsız bölümden oluşan 775 bina ve Diyarbakır'ımızda da 9 bin bağımsız bölümden oluşan 1.300 binayı yıkık, acil yıkılacak ve ağır hasarlı olarak tespitimizi yaptık. Bu çerçevede çalışmalarımızı yürütüyoruz. Şu an Türkiye geneli itibariyle hasar tespitte yüzde 70'i bulmuş durumdayız. İnşallah önümüzdeki birkaç gün içerisinde hasar tespitlerimizi tamamlayacağız.” diye konuştu.

“Kentsel tasarım projelerinin bölgenin dokusuna, demografik yapısına, kültürel ihtiyaçlarına uygun bir şekilde yapılmasına yönelik her türlü istişareyi yaptık”

Bakan Kurum, deprem yönetmeliğine ilişkin çalışmalar da yürütüleceğini ifade ederek, “Bundan sonraki süreçte de yapılacak yeni deprem yönetmeliği dahil, AFAD Başkanlığımızla deprem yönetmeliğinde bir eksiklik var mı? Eksiklik varsa eğer buna ilişkin ne yapmalıyız? Tabi ki bu yaşadığımız iki büyük depremde atılacak adımlar, yapılacak projelerin detayları, zeminleri, harita kadastro ile ilgili 6,5 metreye kadar bir kaymadan söz ediyoruz. Burada da deprem kadastrosu dediğimiz uygulamaların yapılması, kentsel tasarım projelerinin bölgenin dokusuna, demografik yapısına, kültürel ihtiyaçlarına uygun bir şekilde yapılmasına yönelik her türlü istişareyi yaptık. Bundan sonraki süreçte oluşturduğumuz çalışma guruplarıyla birlikte hocalarımızla çalışmayı daha da hızlı hale getirecek, onların fikirlerini, önerilerini yine vatandaşlarımızın fikirleriyle burada şehrin tüm bileşenlerinin yerel yönetimlerinin, sanayicisinin, turizmcisinin, çiftçisinin, tüm vatandaşlarımızı içine alır bir planlamayla 50 yıllık bir planı ortaya koymaya gayret göstereceğiz.” dedi.

“Bölgenin yeniden ihya ve inşa sürecinde şehirlerimizi bilimsel, hızlı ve güçlü bilimin, sanatın, kültürün ışığında yeniden inşası için çalışmalar yürüteceğiz”

Bakan Kurum, Türkiye’nin jeopolitik konumu tektonik ve morfolojik yapısı, iklim özellikleri nedeniyle doğal kökenli olayların sık gözlendiği bir konum olduğunu vurgulayarak, “Maalesef yüzlerce yıllık yerleşim düzenimiz ve yapılaşma alışkanlıklarımız da bu olayla birlikte afete dönüşmesinde önemli rol oynamaktadır. Bu anlamda bu bölgenin yeniden ihya ve inşa sürecinde, şehirlerimizi bilimsel, hızlı ve güçlü bilimin ışığında, sanatın ışığında, kültürün ışığında yeniden inşası için bu çalışmaları yürüteceğiz ve bu temel başlıklar ve hedefler üzerinde çalışmalarımızı yürütüyor olacağız.” dedi.

Yapılacak çalışmaları başlıklar halinde aktaran Bakan Kurum, şu ifadeleri kullandı:

“İlk olarak yeni yerleşime açılacak alanlarda deprem, heyelan, taşkın, kaya düşmesi ve diğer afet risklerinin ne olacağı öngörüsüyle hareket edecek bir çalışma gurubumuz olacak. Burada yeni yerleşim alanlarında, mevcut yerleşimde ne yapmamız gerektiğini de bu çalışma gurubuyla birlikte projelendirerek yürüteceğiz.

İkincisi; yine yeni yerleşim yeri seçiminde yıkılan ve ağır hasar gören binalarımızdaki mevcut alanların morfolojik, jeolojik, jeofizik ve jeoteknik arazi kullanımını ve bu noktadaki afet risk durumunu inceliyor olacağız.

Üçüncü gurubumuz; dirençli şehirler için ihtiyaç duyulan planlama ve tasarım süreçlerini yürütüyor olacak.

Dördüncüsü ise; bu zeminlerde mikro-bölgeleme yapmak. Mikro-bölgeleme ile birlikte ayrıntılı jeolojik etütleri inceleyecek, yapmış olduğumuz raporları gerek yerinde giderek bakmak, gerekse rapor üzerindeki değerlendirmeleri yapmak suretiyle yürüteceğiz.

Beşincisi de; Eski yerleşim alanları. Eski yerleşim alanları bizim Cumhuriyetimizin kurulduğu, kültürümüzün olduğu, buradaki ecdadımızın bize emanet olarak bıraktığı tarihi eserlerin içinde yer aldığı yerler. Dolayısıyla buradaki yapılaşmayı da hassas bir şekilde yürüteceğiz. Buradaki fay hattını birebir yerine bir işleyeceğiz. Buradaki zemin kalitesini yine yerinde etütleri yapmak suretiyle incelemiş olacağız. Ardından da şehrin ihtiyaçlarını içerir bir master plan yapacağız. Vatandaşlarımızı mağdur etmeden, gerek imar transferi, gerekse trampa yöntemiyle de vatandaşlarımızın can ve mal güvenliğini emniyet altına almış olacağız.

Altıncı ise, bilimsel anlamda önceliğimiz sağlam zemin ve doğru teknik. Hocalarımızla da bu konuda hemfikiriz. Bunun için seferberlik anlayışıyla, tüm üniversitelerimizle, mühendislerimizle, mimarlarımızla birlikte yöresel dokuyu koruyacak ve yatay mimari anlayışını da yaşatacak bir çerçevede süreci yürüteceğiz. Baktığınızda da şehrin karşısına da geçip ‘Bu konutları iyi ki de yapmışız. Ne güzel oldu’ diyeceğimiz, yaşayan insanlarımızın burada her türlü ihtiyaçlarını gidereceği anlayışla olacak. Sosyal donatılarıyla, parklarıyla, oyun alanlarıyla, yeşil alanlarıyla birlikte bu planlamayı yapacağız.

Yedinci olarak, yine deprem döneminde çok gündeme gelen bir konu, yapı statiği açısından baktığımızda da radye temel üzerine tünel kalıp sistemiyle inşa edeceğiz. Hocalarımız da bu noktada. Deprem bölgesinde bu yapı statiği açısından da hem 1 milyon 180 bin konutumuzun buradaki davranışı. Hepsinin dimdik ayakta olması sebebiyle de hızlı olması. Tabi burada önceliğimiz vatandaşlarımızı bir an önce evlerine kavuşturabilmek adına bu sistemle inşamızı gerçekleştireceğiz.

Sekizinci olarak, yapılaşmayı zeminde sıvılaşmanın olmadığı yerlerde yapmak önceliğimiz. Fay hattına uzak mesafede yapmak. Eğer bir zorunluluğumuz varsa da burada her türlü emniyeti, tedbiri hocalarımızla da bunları istişare ettik almak suretiyle. Belki Antakya merkezde, Hatay’da, Kahramanmaraş’ta, belki Adıyaman merkezde bu durumla karşılaşabiliriz. Burada da her türlü tedbiri alacağız. Fay hattından yaklaşma mesafelerini, sınırlarını koyacağız. Buralara yeşil alanlar yapacağız. Yine depremde vatandaşlarımızın bu acıları bir daha yaşamaması adına bu süreçte depremi her an yaşayacağımız bilerek hareket edeceğimiz, burada farkındalığı hep birlikte yaşayacağımız, buradaki şehitlerimizi, vatandaşlarımızı anacağımız alanlar, sosyal alanları da yine burada yapacağız.

Dokuzuncusu ise, yerinde ya da şehir merkezinde yapacağımız konutları da zemin kalitesine ve fay hatlarına olan mesafesine ve şehrin demografik yapısını kaybetmeyeceğiz. Hatay’ımız 7’den 70’e tüm kültürlerin yaşandığı, burada Laz’ıyla, Kürt’üyle ve Çerkez’iyle tüm vatandaşlarımızın uyum içerisinde yaşadığı anlayışı yine yeni tasarımımıza koyacağız ve burada bir bütünlük içerisinde vatandaşlarımız inşallah yaşıyor olacak.”

“Önümüzdeki 2 ay içinde tüm planlamalarla birlikte toplamda 200 bin konutun yapımına başlıyor olacağız”

Bakan Kurum, depremden ağır etkilenen bölgelerde toplam 200 bin konutun yapımına başlanacağını ifade ederek, “Önümüzdeki 2 ay içerisinde tüm bu planlamalarla birlikte Adana’da 2 bin 500, Adıyaman’da 25 bin 882, Diyarbakır’da 6 bin, Gaziantep’te 18 bin 544, Hatay’da 40 bin 426, Kahramanmaraş’ta 45 bin 67, Kilis’te 250, Malatya’da 44 bin 770, Osmaniye’de 9 bin 550, Şanlıurfa’da 3 bin ve Elazığ’da 3 bin 750 konut olmak üzere toplamda 200 bin konutumuzu TOKİ Başkanlığımız koordinasyonunda, gerek Yapı İşleri Genel Müdürlüğümüz ile gerek Emlak Konut Genel Müdürlüğümüz ile birlikte yapımına başlıyor olacağız. İnşallah söz verdiğimiz gibi bir yıl içerisinde konutlarımızı vatandaşlarımıza teslim ediyor olacağız.” şeklinde konuştu.

“Toplantıya çeşitli üniversitelerden bilim insanları katılım sağladı”

Bakan Murat Kurum Başkanlığında yapılan “Deprem Bölgesi Fay Hatları ve Zemin Sıvılaşması” konulu toplantıya şu isimler katıldı:

TÜBİTAK Başkanı Prof. Dr. Hasan Mandal, AFAD Deprem ve Risk Azaltma Genel Müdürü Prof. Dr. Orhan Tatar, Kandilli Rasathanesi ve Deprem Arş. Enstitüsü Müdürü Prof. Dr. Haluk Özener, AFAD Afet Araştırmaları Merkez Müdürü Prof. Dr. Kürşat Esat Alyamaç, Fugro Türkiye (MTA Emekli): Dr. Ömer Emre, Dokuz Eylül Üniversitesi Deprem Araştırma Merkezi: Prof. Dr. Hasan Sözbilir, Orta Doğu Teknik Üniversitesi İnşaat Mühendisliği: Prof. Dr. Ayşegül Askan, Ankara Üniversitesi Jeoıfizik Mühendisliği: Prof. Dr. Bahadır Aktuğ, Washington Geological Survey: Dr. Recep Çakır, Orta Doğu Teknik Üniversitesi İnşaat Mühendisliği: Prof. Dr. Mustafa Tolga Yılmaz, ODTÜ İnşaat Mühendisliği: Prof. Dr. Kemal Önder Çetin, İTÜ Geomatik Mühendisliği: Prof. Dr. Tahsin Yomralıoğlu, Dokuz Eylül Üniversitesi İnşaat Mühendisliği: Özgür Özçelik, Dokuz Eylül Üniversitesi İnşaat Mühendisliği: Prof. Dr. Özgür Özçelik, Dokuz Eylül Üniversitesi İnşaat Mühendisliği: Prof. Dr. Gürkan Özden, Kocaeli Üniversitesi Jeofizik Mühendisliği: Prof. Dr. Şerif Barış, Koç Üniversitesi Endüstri Mühendisliği Bölümü: Prof. Dr. Sibel Salman, Çevre, Şehircilik ve İklim Değişikliği Bakanlığı Yapı İşleri Genel Müdürü: Banu Aslan, Çevre, Şehircilik ve İklim Değişikliği Bakanlığı Altyapı ve Kentsel Dönüşüm Hizmetleri Genel Müdürü Vedat Gürgen, ODTÜ Jeoloji: Pro. Dr. Erdin Bozkurt, TÜBİTAK MAM: Doç. Dr. Ekrem Zor, İTÜ Jeoloji: Dr. Gülsen Uçarkuş.",3,3,3,1,0,0,0,0,1,0,0,0,0,1,0,0,0,0,1,0
hatay_bld_0034,Hatay Belediye,belediye,hatay,2_pres_campaign,2023-05-21,"Cumhuriyet Halk Partisi ve Millet İttifakına mensup diğer partilerin Hatay yöneticileri, 28 Mayıs’ta yapılacak ikinci tur Cumhurbaşkanlığı seçimine hazırlık kapsamında Antakya’da bir araya geldi.

Toplantıya bazı milletvekilleri ile Hatay Büyükşehir Belediye Başkanı Doç. Dr. Lütfü Savaş da katıldı. Toplantıda ilk sözü CHP Hatay İl Başkanı Hakan Tiryaki aldı. Cumhurbaşkanlığı 2. Tur seçimine güçlü şekilde hazırlandıklarını vurgulayan Tiryaki, ""Bu iktidardan kurtuluşa ihtiyacı büyük olan bir şehiriz, önce mücadeleniz için önünüzde saygıyla eğiliyorum. Herkes bilsin ki, Mustafa Kemal'in askerleri Hatay'dadır."" dedi.

SAVAŞ: “TERÖR KONUSUNDAKİ İFTİRALARA ALINMIYORUZ. ÖNÜMÜZDEKİ MAÇI KAZANACAĞIZ”

Hatay Büyükşehir Belediye Başkanı Doç. Dr. Lütfü Savaş da konuşmasında, sandık görevlilerinin çok erken saatlerde görevi başında olmasını istedi. Savaş şöyle dedi:

“Önümüzdeki maç sıfır sıfır başlıyor, ilk maçı kaybetmedik. Bir haftadır herkes konuşuyor. Artık konuşma zamanını geride bırakmalıyız. Artık yarından itibaren ilk turdan daha çok çalışacağız, iyi hazırlanacağız, sandıklara sahip çıkacağız, ilçelerde sandığa gitmeyenleri belirliyoruz, hepsiyle görüşüp sandığa gitmeleri için ikna edeceğiz. Sayımda gözümüzü dört açmamız gerekiyor, tüm sayımlara dikkat edeceğiz. Terör konusunda iktidarın yaptıklarını biliyoruz, bize çamur atamazlar, üstümüze alınmıyoruz bile. Bunu millete anlatalım yeter. Hatay, deprem gününe kadar 81 il içinde en çok vergi veren 7'nci ildi. Ama 79. sırada kaynak alıyoruz. 2021'de ödediğimiz vergi tam 25 Milyar Lira ama karşılığını alamıyoruz. Hatay halkı onurludur, şunun bilinmesini isterim ki; şehrimize ne yapılıyorsa çok daha fazlası Hatay'ın hakkıdır, kendi ödediği vergisidir.”

KARA: İFTİRA KAMPANYASI YÜRÜTÜYORLAR

CHP Hatay Milletvekilli Nermin Yıldırım Kara da Cumhurbaşkanı adayı Kemal Kılıçdaroğlu'na ve Millet İttifakına yönelik büyük bir iftira kampanyası yürütüldüğünü vurguladığı konuşmasında ""Kimse yılgınlığa düşmesin, onlar kazanmadı, biz kaybetmedik ve bunun farkındayız. Sadece Hatay için değil tüm Türkiye için çalışmalıyız. Sandık güvenliği konusunda ne gerekiyorsa yapacağız. Tüm millet İttifakına yönelik bir iftira kampanyası yürüttüler. Erdoğan ‘hırsız, namussuz, ahlaksız’ gibi kelimeler ile bir dil kullandı. Kemal Kılıçdaroğlu’nun 6 partiyi bir araya getirmesi siyasi bir mühendisliktir. Rövanşı biz kazanacağız” dedi.

NAMIK TAN: EĞER PARAŞÜTÜMÜZ AÇILMAZSA DIŞARIDA OLMAYAN İTİBARIMIZ İYİCE YOK OLACAK

Kendisine büyükelçi ya da İstanbul Milletvekili dediklerini ama her şeyden önce Antakyalı olduğunu, Hatay’ın depreme göğüs gerdiği ve ayakta kaldığı için gurur duyduğu belirten Cumhuriyet Halk Partisi İstanbul Milletvekili Namık Tan “Burayı gezerken gördüm ki insanlarımız çok güçlü. Esnafımız ayakta kalmaya çalışıyor bu da beni çok mutlu etti. Diplomasi paraşütle uçaktan atlamaya benzer. Bizim işte hataya yer yok. Hata yaparsanız büyük bir utanç içine düşersiniz ve tüm ülke etkilenir. O yüzden paraşütle atladığınızı düşünün. 28 Mayıs’ta hepimiz paraşüt takmış olacağız. Eğer o gün paraşüt açılmazsa yere çakılırız, geleceğe karamsar bakacağız, dışarıda olmayan itibarımız iyice yok olacak. Paraşüt açılmazsa ertesi gün söyleyecek sözlerin hiç bir anlamı yok. Hak, hukuk, adalet, demokrasi ve özgürlüğü önemsediğimizi her şeyden önde geldiğini ispatlamalıyız” diye konuştu.

ŞEFİK ÇİRKİN: KONTROLLERİNİ KAYBETTİLER, KILIÇDAROĞLU GÜNEŞ GİBİ DOĞACAK

İyi Parti Hatay Milletvekili Şefik Çirkin konuşmasında “ 21 yıldır ilk defa balkon konuşması olmadı. Sözde aldıkları 49.50’nin üzerine 0,5 puan koyamadılar. Artık kontrollerini kaybettiler, artık bitti. Olsaydı o gece olurdu, olmadı. Şimdi daha sağlam durma zamanı, Hatay’da bir yere oy kaçmadı. Oylara sahip çıkarsak bizim görüşümüze göre 28 Mayıs akşamı Kılıçdaroğlu Türkiye’de güneş gibi doğacak. Sinan Oğan’dan karşı tarafa oy gideceğini sanmıyorum. Biraz gayretle balkon konuşmasını Kılıçdaroğlu’nun yapacağına inanıyorum” sözlerini kullandı.

MATKAP: ERDOĞAN KAMPANYASINDA DEVLETİN TÜM İMKÂNLARINI KULLANIYOR

Eski Sanayi ve Ticaret Bakanı Nihat Matkap konuşmasında, cumhurbaşkanı adayı Recep Tayyip Erdoğan'ın kampanyasında devletin tüm imkanlarını kullandığına dikkat çekti. Matkap, ""Erdoğan, 'Cudi dağında petrol bulduk, Karadeniz’de biraz daha doğalgaz bulduk, Kılıçdaroğlu, FETÖ ve PKK ile işbirliği yapıyor' dedi. El İNSAF, gerçekten artık EL İNSAF"" şeklinde değerlendirme yaptı.

Geçen dönem Hatay Milletvekilli olan İsmet Tokdemir ise “ Hatay çok önemli ve hassas bir il. Suriyeliler demografik yapıyı oldukça bozdu. Seçimde Suriyeliler çok oy kullandı. Dün doğan 7 çocuktan 5’i Suriyeli. İlk turu kaybetmedik, 2 tura kaldık. Bir taraf ülkeyi tek adamlığa despotluğa götürüyor. Kemal Kılıçdaroğlu ise ülkeyi aydınlığa düzgün bir ekonomi ortamına götürmeye çalışıyor. Bir şey kaybetmedik. İnanarak çalışan biri bin insan gücündedir. İnşallah ayın 28’inde Türkiye’nin bahtı değişecek” dedi.

İyi Parti Milletvekili adayı Gökhan Zan ise “Beni bir kardeşiniz olarak kabul ettiniz ve sizinle beraber bir yola çıktım. Her zaman buradayım. Şimdi 28 Mayıs’taki rövanşı almamız lazım. Maçı kaybetmedik, sonuna kadar maçı sürdüreceğiz, konsantre olacağız ve kazanacağız"" dedi.",0,0,0,1,0,3,3,3,1,0,0,0,0,1,0,0,0,0,1,0
csb_0523,CSB,bakanlık,kahramanmaras,4_local_campaign,2024-02-01,"ŞEHİT MÜSLÜM ÖZDEMİR'İN AİLESİNİN EVİ, ŞUBAT AYI İÇERİSİNDE TESLİM EDİLİYOR

Çevre, Şehircilik ve İklim Değişikliği Bakanı Mehmet Özhaseki, Irak’ın kuzeyindeki Pençe-Kilit Harekâtı bölgesinde şehit düşen Kahramanmaraşlı Piyade Er Müslüm Özdemir’in depremde evi yıkılan ailesine verdiği sözü tuttu. Bakan Mehmet Özhaseki, Şehit Müslüm Özdemir’in ailesinin evinin, şubat ayı içerisinde teslim edileceğini duyurdu.

Çevre, Şehircilik ve İklim Değişikliği Bakanlığı; 12 Ocak’ta Irak'ın kuzeyindeki Pençe-Kilit Harekâtı bölgesinde teröristlerle çıkan çatışmada şehit düşen askerlerden Sözleşmeli Piyade Er Müslüm Özdemir’in Kahramanmaraş’ta yaşayan depremzede ailesi için hemen devreye girmişti. Bakan Mehmet Özhaseki; yaptığı açıklamada şehidin ailesine; ya rezerv alandaki hazır konutlardan verebileceklerinin ya da şehidin ailesinin yaşadığı köyde 1 ay içinde yapıp bitirecekleri evi teslim edeceklerinin sözünü vermişti.

“MÜSLÜM EVLADIMIZIN AİLESİNE VERDİĞİMİZ SÖZÜ TUTUYORUZ”

6 Şubat Kahramanmaraş depremlerinden etkilenen il ve ilçelerde afet konutları ve köy evlerinin yapımı hızla devam ederken Bakan Özhaseki, Şehit Müslüm Özdemir’in ailesine verdiği sözü de tuttu. Bakan Mehmet Özhaseki, resmî sosyal medya hesabından yaptığı paylaşımla, Özdemir ailesinin evinin tamamlanmak üzere olduğunu belirtti.

Şehidin ailesi için yapılan evin son durumunu gösteren bir video da paylaşan Bakan Özhaseki; “Kahramanmaraşlı şehidimiz Müslüm evladımızın ailesine verdiğimiz sözü tutuyoruz. Şehidimizin ailesi bizden, evlerini yaşadıkları köyde yapmamızı istedi. Biz de onların istekleri doğrultusunda, yaşadıkları köyde evlerini yapmaya başladık. Evimizi Şubat ayında teslim edeceğiz. Hayırlı olsun.” dedi.",0,0,0,1,0,2,2,2,1,0,0,0,0,1,0,0,0,0,1,0
csb_0670,CSB,bakanlık,hatay,5_post_local,2024-05-20,"ÇEVRE, ŞEHİRCİLİK VE İKLİM DEĞİŞİKLİĞİ BAKANI MEHMET ÖZHASEKİ, İLK KEZ AÇIKLADI: “SAHİL ŞERİDİNİ TARAYACAĞIZ, HALKIN DENİZE RAHAT ULAŞIMINI ENGELLEYEN NE VARSA YOK EDECEĞİZ”

Çevre, Şehircilik ve İklim Değişikliği Bakanı Mehmet Özhaseki, sahillerin işgaline karşı yeni bir çalışma başlattıklarını söyledi. “Denizler Halkındır” sloganıyla bu yaz itibarıyla hayata geçirilecek projenin detaylarını CNN Türk’te açıklayan Bakan Özhaseki, “Hatay'dan başlayarak Artvin'e kadar uzanacak sahil şeridinde bir tarama yaptırıyoruz. Ne kadar kaçak, işgal varsa, vatandaşın denize ulaşımını engelleyecek ne varsa temizliğe başlıyoruz. Halkın denize rahat ya da ücretsiz ulaşımını engelleyen ne varsa yok edeceğiz. Oralara yeni bir birim kurarak halka açık yerler oluşturmaya çalışacağız.” dedi.

Çevre, Şehircilik ve İklim Değişikliği Bakanı Mehmet Özhaseki, CNN Türk canlı yayınında Hakan Çelik’in sorularını cevapladı. “Denizler Halkındır” sloganıyla bu yaz itibarıyla yeni bir proje hayata geçirileceğini açıklayan Bakan Mehmet Özhaseki, Hatay'dan başlayarak Artvin'e kadar uzanacak sahil şeridinde bir tarama yaptıklarını kaydetti. Sahillerin halkın kullanımına açılacağını belirten Bakan Mehmet Özhaseki, “Ne kadar kaçak, işgal varsa, vatandaşın denize ulaşımını engelleyecek ne varsa temizliğe başlıyoruz. Halkın denize rahat ya da ücretsiz ulaşımını engelleyen ne varsa yok edeceğiz. Oralara yeni bir birim kurarak kendi içimizde halka açık yerler oluşturmaya çalışacağız.” diye konuştu.

“YATLAR, MAPA VE ŞAMANDIRALARA DEMİR ATACAK”

Bakan Mehmet Özhaseki, yatların ağaçlara, kayalara bağlanması sonucu ortaya çıkan çevresel soruna da bir proje geliştirerek çözüm getireceklerini söyledi. Bakan Özhaseki, “Şu anda koylarımızda binlerce yat var. Bunlar bulabildikleri yerlerde yatlarını ağaçlara bağlıyorlar. Şimdi ‘Mapa-Şamandıra’ denilen bir sistem getiriyoruz. Antalya'dan başlayarak İzmir'e kadar uzanacak bir bölümde başlayacağız. Pilot bölge olarak Göcek’i seçtik. Ayrıca bir kirlilik de oluşuyor. Bunların kirlilikleri denizin açıklarına gidiyor. Bunları da tespit edeceğiz. Mapa-şamandıraya bağlayanlar bizim sisteme düşecek. Takip edeceğiz. Bunu da 15-20 güne açıklayacağız. Böylece hem bu yatları kayıt altına alacak hem de de işgalleri engelleyeceğiz.” dedi.

SIFIR ATIK’A ULUSLARARASI ÖDÜL

Portekiz’in Braga kentinde katıldığı toplantıya ilişkin de konuşan Bakan Özhaseki, Cumhurbaşkanı Recep Tayyip Erdoğan’ın eşi Emine Erdoğan Hanımefendi’nin himayelerinde başlatılan Sıfır Atık Projesi’nin ödüllendirildiğini kaydetti.

“GERİ DÖNÜŞÜM KUTULARI KOYACAĞIZ”

Depozito Yönetim Sistemi ile ilgili çalışma yaptıklarını ifade eden Bakan Özhaseki, “Onay aldıktan sonra geri dönüşüm işine başlayacağız. 400 metrekareden büyük okullar gibi alanlarda geri dönüşüm kutuları koyacağız. İlk başta bedelsiz olacak ama sonra vatandaş, attığı ürünün belirlenen bedeli neyse parasını alacak.” diye konuştu.

“DEPREM BÖLGESİNDE DÜNYANIN EN BÜYÜK ŞANTİYESİ VAR”

Deprem bölgesindeki çalışmalar hakkında da bilgi veren Bakan Özhaseki, “Deprem bölgesinde dünyanın en büyük şantiyesi var. Bin 240 şantiyemiz 110 bin çalışanımız var. Şu anda 76 bin konutu teslim ettik. Sene sonunda 200 bin evi teslim etmeyi planlıyoruz.” dedi. İstanbul’daki kentsel dönüşüm çalışmalarını da değerlendiren Bakan Özhaseki, vatandaşın kooperatif gibi yöntemlerle kentsel dönüşüm yapabilmesinin yolunu açacak yeni bir çalışma üzerinde çalıştıklarını söyledi. Bakan Mehmet Özhaseki, “Biz şu anda arsaları hazırlıyoruz. Bir araya gelen, kooperatif kuran vatandaşlar, ilk evlerini yapmak için bizim bu açtığımız yerlerdeki yerlere müracaat ettiklerinde biz bedelsiz olarak kendilerine arsayı teslim edeceğiz. Bunun ayrıntılarını da yakında açıklayacağız.” dedi.

“BELEDİYELERLE BİRLİKTE HAREKET EDEREK BAŞARILI OLURUZ”

Belediyelere uzun süredir yaptığı kentsel dönüşüm çağrısını programda yineleyen Bakan Mehmet Özhaseki, “Hiç kimse şunu unutmasın. Kentsel dönüşümün başarılı olması için üç ayak var. Bakanlık, belediyeler ve vatandaş. Hangi mahallenin ne sorunu varsa en iyi belediyeler bilir. Ancak, belediyelerle birlikte hareket ederek başarılı oluruz. Hangi partili olursa olsun, gelsinler sonuna kadar kapımız açık. Ama ne yazık ki bazıları sadece algı siyasetiyle uğraşıyor, kentsel dönüşüm alanına bakmıyorlar bile.” diye konuştu.",0,0,0,1,0,1,1,1,1,0,2,2,2,1,0,2,2,2,1,0
kmaras_val_314,Kahramanmaraş Valiliği,valilik,kahramanmaras,5_post_local,2024-07-06,"Kahramanmaraş’ta temaslarına devam eden Çevre, Şehircilik ve İklim Değişikliği Bakanı Sayın Murat Kurum, Büyükşehir Belediye Başkanlığını ziyaret etti.
 
Büyükşehir Belediye Başkanı Fırat Görgel’den Belediye Başkanlığı tarafından yeni Kahramanmaraş’ın imar ve inşası noktasında yürütülen ve planlanan çalışmalara ilişkin bilgiler alan Bakan Sayın Murat Kurum, daha sonra Valimiz Mükerrem Ünlüer, Bakan Yardımcısı Vedad Gürgen, Milletvekilleri, TOKİ Başkanı Ömer Bulut, Belediye Başkanları, Kaymakamlar, iş insanları, muhtarlar ve STK’nın katılımıyla İl Koordinasyon Kurulu toplantısı düzenledi.

Toplantıda, Bakan Sayın Kurum, şehrin tekrar ayağa kaldırılması noktasında planlanan projelerden bahsederken katılımcıların da sorularını yanıtladı.

Toplantının ardından Çevre, Şehircilik ve İklim Değişikliği Bakanı Murat Kurum, Vali Ünlüer ve beraberindeki heyet, Azerbaycan Mahallesinde devam eden Yerinde Dönüşüm çalışmaları, Emlak konut ve TOKİ tarafından rezerv alanda devam eden kentsel tasarım projelerini ve inşaat sahasını yerinde inceledi.
 
İncelemelerin ardından basın mensuplarına deprem bölgesinde yürütülen çalışmalar hakkında açıklamalarda bulunan Bakan Sayın Kurum, “6 Şubat'ta Kahramanmaraş'ımızı yasa boğan depremin hüznü, hala ilk günkü gibi buraya geldiğimizde yüreğimizde duruyor. O günlerde buralarda hep birlikte mücadele ettik, vatandaşımızla el ele verdik ve bir seferberlik ruhuyla adeta milli mücadeledeki o ruhu hep birlikte yeniden ortaya koyduk. Bu çok önemli bir duruştu. İşte arkamızda gördüğümüz Azerbaycan hükümetinin yaptığı burada tek millet, iki devlet şuuruyla inşa edilen konutların bir kısmını görüyoruz. Konutlarımız bitme aşamasına geliyor. O zaman temelini attığımız okulumuzda bu eğitim-öğretim yılında depremzede çocuklarımız eğitim görecekler. Emin olun bu mutluluk paha biçilmez bir değer. Burada Kahramanmaraş'ın o çocuklarının gülen yüzünü göreceğiz. Bizim için çok kıymetli, çok değerli.”

Daha önce yaşan deprem ve sellerde verdikleri sözleri tutuklarını belirten Bakan Sayın Kurum, şöyle konuştu:
 
“11 ilimizi etkileyen, 14 milyon vatandaşımızı bu manada doğrudan etkileyen depremde devasa bir alanda çalışmak zorundayız ve bugün baktığınızda 6 Şubat depreminin mali faturası 104 milyar doları aşmış durumda. Bugüne geldiğimizde o günden bugüne başlattığımız konutlarımızın Bakanlığımız, iştiraklerimiz, işte TOKİ Başkanlığımız tarafından yapılan konutların sayısı 276 bine ulaştı ve yine yerinde dönüşümle ilgili vatandaşlarımızın taleplerini de gerçekleştiriyoruz. 4 bin 500 köyde vatandaşımızın mümkünse yerinde değilse eğer toplu alanlarda köy konutlarının yapım sürecini yürütüyoruz ve bugüne kadar 76 bin konutumuzu 2 bin şantiyemizde çalışan 153 bin emekçi kardeşimizle birlikte teslim etmiş olduk. Yıl sonuna kadar hedefimiz inşallah 200 bin konutumuzu ve ardından da etap etap afette zarar görmüş tüm konutlarımızı yerinde şehrin ihtiyaçlarını gözeterek, buradaki Trabzon Caddesi'ni eskiden daha güzel hale getirerek, buradaki esnafımızı, buradaki Ulu Cami kenarındaki ticarethanelerimizi yeniden ihya ederek inşallah çok daha güzel bir Maraş'ı hep birlikte bu çalışmaları yaparak hayata geçirmek istiyoruz. Amacımız, isteğimiz, arzumuz bu. Ve bugüne kadar Kahramanmaraş özelinde 17 bin 592 konutumuzu hak sahibi vatandaşlarımıza teslim ettik. Teslimlerimiz de etap etap devam edecek ve bugün Onikişubat ilçemizde Yusuflar, Azerbaycan, Pınarbaşı, Şehit Evliya Mahallelerimizde, Dulkadiroğlu'nda İsmetpaşa, Yenişehir, Yahya Kemal, Doğukent Mahallelerimizde, Elbistan'daki Güneşli, Kümbet mahallelerimizde, Çağlayancerit'teki İstiklal ve Fatih mahallelerimizde, Pazarcık ilçemizdeki Ademoğlu, Yukarı Pazarcık mahallelerimizde ve yine Türkoğlu ilçemizde Gaziler Mahallemizde 71 bin 568 konutun yapımı projelendirme çalışmalarıyla birlikte süratle devam ediyor. Belirlediğimiz rezerv alanlar var. Bu rezerv alanlarda da yine şehrin ihtiyaçlarına yakışacak, zemin artı 3-4 katı, eğer imkan yoksa 5 katı geçmeyecek şekliyle projelerimizi yürütüyoruz. Burada esnafımızın, sivil toplum örgütlerimizin taleplerini de dikkate almak suretiyle bu projeleri yapmak ve bu projelerde yine vatandaşın, şehrin taleplerini gözetmek üzere çalışmalar yürütüyoruz.”
 
Deprem sonrası belirlenen uygun olmayan alanlarla ilgili yapılan çalışmalar hakkında da bilgiler veren Kurum, şöyle devam etti:
 
“Yine Kahramanmaraş özelinde vatandaşlarımızın merakla beklediği bir haberimiz var. Burada heyelan bölgesi ve fay hatlarıyla ilgili bir süreç var. Gerek yerleşime uygun olmayan alanlar gerekse fay sakınım bölgesi diye ilan edilmiş ve vatandaşımızın burada herhangi bir yerleşim yapamadığı alanlara ilişkin hocalarımızın bir çalışması var. Ve bu çalışmalarda hocalarımız ayrıntılı tüm etütleri yaparak mikro bölgeleme, zemin etüdünün yapılması, oradan örneklerin alınması, buradaki örneklerin yurt dışında laboratuvarlara gönderilmesi gibi tüm çalışma yapıyorlar. Boğaziçi bölgesinde heyelan riskine yönelik çalışılan durumu şöyle ifade edeyim. Bazı sonuç almak için bölge ikiye ayrılmış durumda. Biri Boğaziçi bölgesi ki alanın batısı ilk etabımız diğeri de Vadi ve Ağcalı mahallelerimize giren kısımlar. İkiye ayırdık. Tabii bu çalışma zeminin güçlendirilmesi burada inşa faaliyetlerinin yapılıp yapılamayacağına ilişkin bilim insanlarımızın yapmış olduğu çalışmalarda bize de ifade ettikleri Boğaziçi bölgesinde gerekli tedbirleri, zemin iyileştirmelerini yaparak yerleşimi sağlayabileceklerine ilişkin ön raporu bize sundular. Önümüzdeki hafta bunu resmi imzayla sunmalarını bekliyoruz. Hocalarımızın görüşleri, fikirleri bu yönde. İnşallah önümüzdeki hafta buradaki kararımızı yerleşime uygunluk noktasında verme arzusu içerisindeyiz. Tabii ki gelecek rapor doğrultusunda. İnşallah vatandaşımız da burada zeminde yapımla ilgili her türlü tedbiri alarak gerek zemin güçlendirmesi, gerek iksa, gerek kazık ve gerekse jet grout gibi güçlendirme sistemleriyle birlikte binasını yapabilecek duruma gelecektir. Tekrar ifade etmek istiyorum, önümüzdeki hafta Boğaziçi Mahallesi'ne ilişkin net sonuçları vatandaşlarımızla paylaşıyor olacağız. Diğer Vadi ve Ağcalı mahallelerimizdeki neticeyi de ekim ayında vatandaşlarımıza bildireceğiz. Ekim ayında burada yerleşim yapılıp yapılamayacağına ilişkin hocalarımızın vereceği rapor doğrultusunda vatandaşlarımızı bilgilendiriyor olacağız. Yine fay sakınım bandı dediğimiz bantta da hocalarımız çalışıyor. Buradan numunelerimizi aldık ve burada numuneler çerçevesinde bu çalışan fayın tekrar deprem üretip üretmeyeceğine yönelik bir çalışma var, buna yaşlandırma diyorlar. Alınan numunelerle birlikte bu süreci takip ediyoruz. İngiltere'deki bir laboratuvara da ülkemizde bu deneylerin yapılamaması sebebiyle gönderdik. Neticesini ağustos ayı içerisinde alacağız ve ağustos ayı içerisinde de fay sakınım bandında ne yapabileceğimizi bilim insanlarımız bize net bir şekilde inşallah ifade etmiş olacak.”
 
Bakan Sayın Kurum, daha sonra Azerbaycan Bulvarı üzerindeki konteynerlerde kalan esnafı ziyaret etti.",3,3,3,1,0,2,2,2,1,0,2,2,2,1,0,0,0,0,1,0
kmaras_bld_1223,Kahramanmaraş Belediye,belediye,kahramanmaras,4_local_campaign,2024-02-26,"Geçtiğimiz ay Pençe – Kilit operasyonu bölgesinde şehit olan Müslüm Özdemir’in ailesini Çevre, Şehircilik ve İklim Değişikliği Bakanı Mehmet Özhaseki ile ziyaret eden Başkan Güngör, “Müslüm kardeşimize bir kez daha Allah’tan rahmet, kederli ailesine sabır diliyoruz” dedi.

Kahramanmaraş Büyükşehir Belediye Başkanı Hayrettin Güngör, programı kapsamında şehre gelen Çevre, Şehircilik ve İklim Değişikliği Bakanı Mehmet Özhaseki ile geçtiğimiz ay Pençe - Kilit operasyonu bölgesinde şehit düşen P. Söz. Er. Müslüm Özdemir’in ailesini ziyaret etti. 66. Hükümet Tarım ve Orman Bakanı Prof. Dr. Vahit Kirişci, Vali Mükerrem Ünlüer, AK Parti Kahramanmaraş Milletvekilleri Ömer Oruç Bilal Debgici, Dr. Tuba Köksal, Mevlüt Kurt ve Prof. Dr. Mehmet Şahin, Dulkadiroğlu Kaymakamı Dr. Fatih Çelikkaya ve AK Parti Büyükşehir Belediye Başkan Adayı Fırat Görgel’in de yer aldığı ziyarette heyet, Özdemir ailesine baş sağlığı dileklerini ileterek acılarını paylaştı. Bakan Özhaseki, 6 Şubat depremlerinde evleri yıkılan Özdemir ailesine verilen söz üzerine 1 ay gibi kısa bir sürede tamamlanarak teslim edilen köy evi için de hayırlı olsun dileklerini iletti.

Şehit Ailemize Sabır Diliyoruz

Büyükşehir Belediye Başkanı Hayrettin Güngör, “Çevre, Şehircilik ve İklim Değişikliği Bakanımız Sayın Mehmet Özhaseki, önceki dönem Tarım ve Orman Bakanımız Sayın Vahit Kirişci, Valimiz, milletvekillerimiz ve Büyükşehir Belediye Başkan Adayımız Fırat Görgel ile şehidimiz Müslüm Özdemir’in ailesini yeni köy evlerinde ziyaret ederek baş sağlığı dileklerimizi ilettik. Müslüm kardeşimize bir kez daha Allah’tan rahmet, kederli ailesine sabır diliyoruz. Yeni köy evlerine kavuşan ailemize hayırlı olsun dileklerimizi iletiyoruz. Rabbim hayırlı günlerde oturmayı nasip etsin” diye konuştu.",0,0,0,1,0,2,2,2,1,0,0,0,0,1,0,0,0,0,1,0
adiyaman_val_037,Adıyaman Valiliği,valilik,adiyaman,3_inter_election,2023-07-23,"Adıyaman Valisi Dr. Osman Varol, ilçelerin ihtiyaç ve taleplerini yerinde tespiti ile karşılaşılan sorunlara çözüm getirmek amacıyla ilçe gezilerine Tut’la devam etti. 

 İlçe Kaymakamı Erkut Pamuk ve ilçe yöneticileri tarafından karşılanan Vali Dr. Osman Varol, karşılama sonrası ilk olarak depremzede vatandaşlarımızın hizmetine sunulan konteyner kenti ziyaret etti. Vali Dr. Osman Varol, konteyner kenti ziyaret ederek vatandaşlarımızla hasbihal edip, ihtiyaç ve taleplerini dinledi. 

Vali Varol, daha sonra ilçe esnafını ve vatandaşları ziyaret ederek, ihtiyaç ve taleplerini dinleyip bol ve bereketli kazançlar diledi. 

Tut ilçesinde Toplu Konut İdaresince yapılmakta olan afet konutlarını da inceleyen ve devam eden çalışmalar hakkında bilgi alan Vali Dr. Osman Varol, devlet olarak hiçbir vatandaşımızı mağdur etmeden, güvenli ve sağlam konutlarına kavuşturana kadar durmadan yorulmadan çalışacaklarını ifade etti.

Vali Varol daha sonra, Tut ilçe merkezinde olası sel felaketleri ve su taşkınlarının önüne geçebilmek amacıyla DSİ tarafından başlatılan dere ıslah çalışmalarını yerinde inceledi.

Ardından 2000 rakımlı Hacı Mamet Dağı eteğinde yapılan taş evleri inceleyen Vali Varol, lavanta çiçeklerinin ekildiği alanda yapılan çevre düzenleme çalışmalarıyla ilgili ilçe Kaymakamı Erkut Pamuk’tan bilgi aldı.

Demokrasinin yapı taşı olan muhtarlarımızla bir araya gelen Vali Varol, muhtarlarımızın köylerinde karşılaştıkları sorunları, ihtiyaç ve taleplerini dinleyerek çözümü konusunda gerekli talimatları verdi.

Vali Varol, daha sonra ilçe kaymakamlığını ziyaret ederek ilçe kaymakamı Erkut Pamuk’tan 6 Şubat Kahramanmaraş merkezli depremler sonrası ilçenin genel durumu, hasar tespiti ve enkaz kaldırma çalışmaları, kamu yatırım ve hizmetleri ile ihtiyaç ve sorunlar hakkında brifing aldı.

Vali Varol, Tut ilçe programının son bölümünde 2009 yılında Tokat’ın Reşadiye ilçesine bağlı Sazak kırsalında şehit düşen Jandarma Er Onur Boztemir’in Tut ilçesine bağlı Yaylımlı Köyündeki ailesini ziyaret etti.

Şehidimizin ailesiyle yakından ilgilenerek sohbet eden Vali Varol, “Vatanımızın birlik ve bütünlüğünün korunması, ülkemizin her köşesinde huzur ve güvenliğin sağlanması için hayatlarını feda eden kahraman şehidimiz Onur Boztemir'i ve tüm şehitlerimizi rahmet, minnet ve şükranla anıyoruz. Kahraman şehitlerimizin ruhları şad, makamları cennetin başköşesi olsun” dedi.

Valimiz Sayın Dr. Osman Varol, Tut ilçemize bağlı Yaylımlı Köyünden ayrılırken etrafını saran çocuklara yakın ilgi göstererek oyuncak hediye etti.",0,0,0,1,0,1,1,1,1,0,1,1,1,1,0,0,0,0,1,0
hatay_bld_0096,Hatay Belediye,belediye,hatay,3_inter_election,2023-10-13,"HBB VE DOĞAN HOLDİNG İŞ BİRLİĞİ İLE YAPILAN PREFABRİK KONUTLAR TESLİM EDİLDİ

Hatay Büyükşehir Belediyesi ve Doğan Holding iş birliği ile Hatay’ın Arsuz ilçesinde yapılan 111 konteyner konut afetzedelere teslim edildi.

Arsuz’un Nardüzü Mahallesi’nde kurulan konteyner kentin altyapı çalışmaları Büyükşehir Belediyesi ile Doğan Grubunun ortak iş birliği ile gerçekleştirildi.

Depremzede 408 ailenin yerleştirildiği Hatay Büyükşehir Belediyesi Konteyner Kent Yaşam Merkezi'nde “konut hak sahipliği” afetten en çok etkilenen aileler arasından belirlendi.

İçerisinde iki mor yerleşke, çamaşırhane, çocuk oyun parkı bulunduran geçici yaşam alanında, sanatseverler için de özel mekanlar oluşturuldu.

KADIN, ÇOCUK VE GENÇLERİ ÖNEMSEYEN BİR YAŞAM ALANI

Aydın Doğan Vakfı Yürütme Kurulu Müdürü Candan Fetvacı, açılış töreninde, depremlerin ardından afetzedelere yardım için seferber olduklarını belirterek sosyal ve sanatsal alanlarla oluşturdukları yaşam alanında kadın, çocuk ve gençlerin her türlü ihtiyacına yanıt verecek bir kent inşa ettiklerini ifade etti.

HBB Konteyner Kent koordinatörü Reşat Çağlar, 6 Şubat depreminden sonra Hatay Büyükşehir Belediyesi ve Doğan Holdingin katkılarıyla depremzede personellerimize barınma alanları da sağlandığını söyledi.

Tören sonrası konutların anahtarları protokol tarafından depremzede vatandaşlara teslim edilirken duygulu anlar yaşandı.

Geçici de olsa yeni konutlarına kavuşmasının sevincini yaşayan depremzede aileler, konteyner kentin yapımında emeği geçen başta Hatay Büyükşehir Belediyesi olmak üzere tüm kurum ve kuruluşlara teşekkür etti.

Haberin fotoğraflarını aşağıdaki linkten indirebilirsiniz:

https://we.tl/t-UISTYYmFsT",0,0,0,1,0,0,0,0,1,0,2,2,2,1,0,0,0,0,1,0
csb_0902,CSB,bakanlık,kahramanmaras,5_post_local,2024-12-01,"DEPREM BÖLGESİNDE TESLİM EDİLEN KONUT SAYISI 155 BİN 124’E YÜKSELDİ

Çevre, Şehircilik ve İklim Değişikliği Bakanlığı, TOKİ Başkanlığı, Emlak Konut Genel Müdürlüğü, Yapı İşleri Genel Müdürlüğü, Kentsel Dönüşüm Başkanlığı iş birliğiyle deprem bölgesindeki ev ve iş yerlerini yeniden inşa ediyor. ""Yeniden Daha Güçlü Anadolu” sloganıyla düzenlenen “155.000. Konut Anahtar Teslimi ve Kura Çekimi Töreni” Cumhurbaşkanı Recep Tayyip Erdoğan'ın katılımıyla Kahramanmaraş’ta gerçekleştirildi. Tören ile 24 bin 559 konut ve iş yeri daha teslim edildi. Böylece deprem bölgesinde teslim edilen konut ve iş yeri sayısı 155 bin 124’e yükseldi.

""Yeniden Daha Güçlü Anadolu 155.000. Konut Anahtar Teslimi ve Kura Çekimi Töreni” Cumhurbaşkanı Recep Tayyip Erdoğan'ın katılımıyla Kahramanmaraş’ta gerçekleştirildi. Çevre, Şehircilik ve İklim Değişikliği Bakanı Murat Kurum’un ev sahipliğindeki törene İçişleri Bakanı Ali Yerlikaya, Aile ve Sosyal Hizmetler Bakanı Mahinur Özdemir Göktaş ile Gençlik ve Spor Bakanı Osman Aşkın Bak da katıldı.

“YIKIMIN BÜYÜKLÜĞÜ KARŞISINDA ASLA YILGINLIĞA KAPILMADAN ASRIN İNŞASINI BAŞLATTIK”

Törende konuşan Cumhurbaşkanı Recep Tayyip Erdoğan, ""Asrın felaketi"" olarak nitelendirilen Kahramanmaraş merkezli 6 Şubat 2023'deki depremlerin yaralarını hızla sarmak için gece gündüz demeden çalıştıklarını söyledi. Erdoğan, ""Dağlar ne kadar yüksek ise yol onun üstünden geçer' inancıyla şehrimizi eskisinden daha güzel, daha dayanıklı ve modern hale getirmenin gayretindeyiz. Yıkımın büyüklüğü karşısında asla yılgınlığa kapılmadan asrın inşasını başlattık. O günden bugüne dek bir an olsun elimizi deprem bölgesinden çekmedik"" diye konuştu.

“BUGÜN BU BÜYÜK SEFERBERLİKTE YENİ BİR ADIM DAHA ATIYORUZ”

Cumhurbaşkanı Erdoğan, depremzedeleri bir an önce kalıcı konutlarına kavuşturmak istediklerini vurgulayarak şöyle konuştu: Bugün bu büyük seferberlikte yeni bir adım daha atıyoruz. Biliyorsunuz geçtiğimiz ay Hatay'daki törenimizde 130 bininci yuvamızın anahtarını hak sahiplerimize teslim etmiştik. Şimdi de Kahramanmaraş'ımızda 155 bininci yuvamızın anahtarlarını teslim etmenin heyecanını ve sevincini yaşıyoruz.

“452 BİN 983 BAĞIMSIZ BÖLÜMÜ İNŞA ETMİŞ OLACAĞIZ”

Gelecek yıl Kahramanmaraş'ta 63 bin 300 konut ve 5 bin 846 iş yeri olmak üzere 68 bin 876 konut ve iş yerinin teslimatının yapılacağını da kaydeden Cumhurbaşkanı Erdoğan, “Deprem bölgemizin tamamında ise 452 bin 983 bağımsız bölümü inşa etmiş olacağız. Rabbim bu hanelerimizi oturacak tüm ailelerimize huzur, güven ve ihsan eylesin diyorum. Bu konutların yapımında emeği, alın teri olan herkese tüm bakanlıklarımıza işçisinden mühendisine, bütün kardeşlerime bilhassa da yüklenici firmalara teşekkür ediyorum"" dedi.

24 BİN 559 KONUT VE İŞ YERİ DAHA TESLİM EDİLDİ

Deprem bölgesindeki illere canlı bağlantıların yapıldığı törende Adıyaman’da 6 bin 912, Hatay’da 5 bin 900, Kahramanmaraş’ta 3 bin 499, Malatya’da 2 bin 313, Şanlıurfa’da 2 bin 929, Elazığ’da bin 407, Diyarbakır’da 674, Gaziantep’te 257, Adana’da 668 olmak üzere toplam 24 bin 559 konut daha teslim edildi. Yeni tamamlanan konutlarla birlikte teslim edilen konut ve iş yeri sayısı 155 bin 124’e yükseldi. Bakanlık, 2024 yılı sonunda 199 bin 20’si konut, 2 bin 668’i iş yeri olmak üzere 201 bin 688 bağımsız bölümü hak sahiplerine teslim etmek için çalışmalarına aralıksız devam ediyor. Yıl sonuna kadar 46 bin 564 konut ve iş yeri daha teslim edilecek. Bakanlık, 2024 yılı sonunda 199 bin 20’si konut, 2 bin 668’i iş yeri olmak üzere 201 bin 688 konut ve iş yerinin hak sahiplerine teslim etmek için çalışmalarına aralıksız devam ediyor.

2025 SONUNDA 452 BİN 983 BAĞIMSIZ BÖLÜMÜN TESLİMATI TAMAMLANACAK

Deprem bölgesindeki 11 ilde 2025 yılı sonunda 416 bin 960’ı konut, 36 bin 23’ü ticari ünite olmak üzere toplam 452 bin 983 konut ve iş yerinin teslimatının tamamlanması hedefleniyor. Deprem bölgesindeki köylerde 2 bin 952, şehirlerdeki 174 ayrı alanda bulunan toplam 1900 şantiyede, 160 bin işçi afet konutlarının inşası için aralıksız çalışıyor.

Linke tıklayınız;",0,3,0,0,3,2,2,2,1,0,2,2,3,0,1,0,0,0,1,0
csb_0176,CSB,bakanlık,kahramanmaras,2_pres_campaign,2023-05-03,"BAKAN KURUM DEPREMZEDE ÇOCUKLAR VE ÜNLÜ FUTBOLCULARLA “YÜKSELEN ANADOLU” İÇİN SAHAYA ÇIKTI

Kahramanmaraş depremlerinin ardından İstanbul’a gelen 20 depremzede çocuk, aralarında Çevre, Şehircilik ve İklim Değişikliği Bakanı Murat Kurum’un da bulunduğu Rıdvan Dilmen, Juan Mata, Batefimbi Gomis ve Eren Elmalı gibi ünlü futbolcuların da yer aldığı takım “85 Milyon Tek Yürek” diyerek sahaya çıktı. 3-3 berabere biten karşılaşma sonrası açıklamalarda bulunan Bakan Murat Kurum, “Buradaki ailelerini kaybeden evlatlarımız bizim evladımız, annelerini, babalarını kaybeden yavrularımız bizim yavrularımız… Nasıl Elazığ'da, Malatya'da, Diyarbakır'da, Trabzon'da, Rize'de, Bartın'daki afetlerde yaptığımız, Antalya, Muğla yangınlarında yaptıysak, yine yükselen Anadolu'muzu hep birlikte ayağa kaldıracağız.” dedi.

Kahramanmaraş’ta 6 Şubat’ta meydana gelen ve 11 ili etkileyen asrın felaketinin ardından depremzede çocuklar için Çevre, Şehircilik ve İklim Değişikliği Bakanı Murat Kurum’un talebiyle Türkiye Futbol Federasyonu ile yapılan görüşmeler neticesinde özel bir gösteri maçı organize edildi.

Ünlü futbolcuların ve Bakan Murat Kurum’un afetzede çocuklarla birlikte forma giydiği maçta futbolun yıldızları Yükselen Anadolu için bir araya geldi. Bakan Murat Kurum, 6 Şubat depremlerinin merkezi olan Kahramanmaraş'ın plakası olan 46 numaralı formayla sahada yer aldı. Maçta oyuncuların depremin meydana geldiği 11 ilin plakalı sırt numaraları dikkati çekti.

Cüneyt Çakır’ın yönetiminde Rıdvan Dilmen, Juan Mata, Bafetimbi Gomis, Emin Bayram, Eren Elmalı, Serkan Asan, Kağan Moradaoğlu, Volkan Babacan, Salih Dursun, Davide Biraschi, Burak Özdemir ve daha birçok isim afetzede çocuklarla birlikte koştu. Özel maç, 20’şer dakika iki devrede 40 dakika sürdü. Maç 3-3 berabere bitti. Türkiye Futbol Federasyonu Başkanı Mehmet Büyükekşi, Bakan Kurum’a madalyalarını takdim etti. Bakan Kurum’da depremzede çocuklara madalya verdi. Bu arada maç sonunda depremzede çocuklara bisiklet hediye edildi.

“Depremin olduğu ilk andan itibaren tüm Türkiye tek yürek olduk ve 11 ilimiz için mücadele verdik”

Bakan Kurum, maç sonrası 11 ilden gelen depremzede çocuklara, futbolculara, teknik adamlara ve emeği geçenlere teşekkür etti. 6 Şubat’ta yaşanan deprem sebebiyle hayatını kaybeden vatandaşlara bir kez daha başsağlığı dileklerinde bulunan Bakan Kurum, “Depremin olduğu ilk andan itibaren tüm Türkiye tek yürek olduk ve 11 ilimiz için mücadele verdik. 81 ilimizde 11 ilimiz için bütün kardeşlerimiz ağladı ve herkes 85 milyonluk büyük Türkiye ailesi depremin ilk anından itibaren deprem bölgesindeydik, afetzede kardeşlerimizin yanındaydık. Hızlı bir şekilde inşaat sürecini başlattık. Depremin 15. günü ilk sözleşmelerimizi yaptık, 46. günde temellerimizi attık. Ve 2,5 ayda 132 bin konut rakamına ulaştık, inşaatlarını başlattık. İlk yıl 319 bin konutumuzu, ardından 650 bin konutumuzu 11 ilimizde, 11'inimizin kültürüne, demografik yapısına ve oradaki ihtiyaçlara yönelik inşa edeceğiz.” dedi.

“Buradaki ailelerini kaybeden evlatlarımız bizim evladımız, annelerini, babalarını kaybeden yavrularımız bizim yavrularımız”

Bakan Kurum, depremde ailesini kaybeden her çocuğun kendi çocukları olduğunu ifade ederek, “Nasıl Elazığ'da, Malatya'da, Diyarbakır'da, Trabzon'da, Rize'de, Bartın'daki afetlerde yaptığımız, Antalya, Muğla yangınlarında yaptıysak, yine yükselen Anadolu'muzu hep birlikte ayağa kaldıracağız. Buradaki ailelerini kaybeden evlatlarımız bizim evladımız. Annelerini, babalarını kaybeder yavrularımız bizim yavrularımız. Yine çocuklarını kaybeden kardeşlerimiz bizim annemiz, babamız. Bu anlayışla belki hepimiz farklı takımlara, farklı renklere gönül veriyoruz. Ama acımız tek, acımız ortak. Bugün de işte burada 85 milyon tek yürek olduk. 11 ilimiz için, 11 elimizdeki kardeşlerimiz için buradaydık. Ben tüm kardeşlerimize çok teşekkür ediyorum. Allah hepsinden razı olsun. Buradan 11 ilimize, oradaki kardeşlerimize selamlarımızı, sevgilerimizi, hürmetlerimizi gönderiyoruz. Buraya gelen, bugün 11 ilimiz için gönlü kalbi burada olan ve bu coşkuyu bizlerle paylaşan tüm kardeşlerimize, sporcularımıza, çocuklarımıza, yavrularımıza çok çok teşekkür ediyorum.” ifadelerini kullandı.

“Bakan Murat Kurum, 6 Şubat depremlerinin merkez üssü Kahramanmaraş'ın plakası olan 46 numaralı formayla sahada yer aldı”

6 Şubat’ta Kahramanmaraş merkezli depremlerden etkilenen 11 ilin plakalarının, oyuncuların forma numaralarına yansıdığı karşılaşmada, Çevre, Şehircilik ve İklim Değişikliği Bakanı Murat Kurum, Kahramanmaraş’ı temsilen 46 numaralı formayı giydi.

Çevre, Şehircilik ve İklim Değişikliği Bakanı Murat Kurum,ilk yarı teknik direktörlüğünü Volkan Demirel’in yaptığı Beyaz Takım’da yer aldı. Takımda yer alan profesyonel futbolcular Rıdvan Dilmen, Juan Mata, Batefimbi Gomis ve Eren Elmalı olurken; depremzede çocuklardan takımda yer alan isimler; Abdurrahman Tunç, Ali Rıza Gülergöz, Alperen Durna, Asaf Kutay Çakıl, Emirhan Sat ve Yemliha Yılmaz oldu.

İkinci yarı Beyaz Takım’da Kağan Moradaoğlu, Volkan Babacan, Salih Dursun, Serkan Asan profesyonel grupta, Bakan Murat Kurum ile birlikte top koşturdu. Birlikte oynadığı depremzede çocuklar ise Mehmet Yılmaz, Muhammed Ali Erdem, Muhammet Akif Binici, Ozan Karademir, Teym Sürani, Yusuf Doğan oldu. Takımda, Cumhurbaşkanı Recep Tayyip Erdoğan’a ses benzerliğiyle tanınan Muhammed Nur Nahya da yer aldı.

“TOKİ Başkanı Ömer Bulut Kırmızı Takım’da yer aldı”

Teknik direktörlüğünü Arda Turan’ın yaptığı 1. Devre Kırmızı Takım’da TOKİ Başkanı Ömer Bulut, sahaya, depremden etkilenen Elazığ’a atfen 23 sırt numaralı formayla çıktı. Müsabakada, profesyonel gruptan Davide Biraschi, Burak Özdemir, Hamit Altıntop, İsmail Bayazıt, Alexandru Maxim ve Amir Hadzıahmetoviç yer alırken; oyuna katılan depremzede çocuklar Ali Saim Çelik, Abdulkadir Çelik, Abdurrahman Asel, Abdurrahman Boraza, Adil Ateş ve Ahmet Kerem Yeter oldu.

Yine Arda Turan’ın teknik direktörlüğünde olan 2. Devre Kırmızı Takım’da ise eski Gençlik ve Spor Bakanı Akif Çağatay Kılıç, profesyonel futbolculardan Berkay Varvar, Emre Bilgin, Yusuf Büyük, Fatih Özgökçen, Emin Bayram ve Ceyhun Fersoy yer alırken; depremzede çocuklar olan Emre Can Görüroğlu, Furkan Mert Akın, Habil Harputlu, Hakan Uzun, Hakan Yücekan ve Mirza Akay aynı takımda sahaya çıktı.",1,1,1,1,0,1,1,3,0,2,1,1,1,1,0,0,0,0,1,0
csb_0045,CSB,bakanlık,adiyaman,1_post_quake,2023-02-27,"BAKAN KURUM: ADIYAMAN’A YAKLAŞIK 15 BİN KİŞİNİN YAŞAYACAĞI 3 BİN GEÇİCİ BARINMA EVLERİ YAPILIYOR

Çevre, Şehircilik ve İklim Değişikliği Bakanı Murat Kurum, Adıyaman’da Toplu Konut İdaresi Başkanlığı (TOKİ) ve Emlak Konut eliyle yapılacak ve yaklaşık 15 bin kişinin barınacağı 3 bin adet bağımsız bölümden oluşan geçici barınma alanının kurulacağı bölgede incelemelerde bulundu. 313 dönüm alanda prefabrik ve çelik konstrüksiyon olarak inşa edilecek geçici yaşam alanında yapılar ısı ve su izolasyonu olan her biri 25 metrekareden oluşacak. Geçici yaşam alanlarında asgari ölçülerde bir ailenin ihtiyaç duyabileceği sıcak su, tuvalet, banyo, mutfak, salon ve yatak odası bulunacak. Geçici barınma alanları, içerisinde sağlık birimi, anaokulu, camii, lojistik birimi, yönetim binası, çocuk oyun alanları, spor sahaları ve yürüyüş alanları ile birlikte projelendirildi.

Çevre, Şehircilik ve İklim Değişikliği Bakanı Murat Kurum, “asrın felaketi” olarak nitelendirilen Kahramanmaraş merkezli depremlerden etkilenen Adıyaman’a gelerek Adıyaman Üniversitesi’nin çevresinde kurulan konteyner kenti ve Büyükkavaklı Köyü’nde Toplu Konut İdaresi Başkanlığı (TOKİ) ve Emlak Konut eliyle inşa edilecek 3 bin prefabrik ve çelik konstrüksiyondan oluşan geçici barınma evlerinin kurulmaya başlandığı alanda incelemelerde bulundu.

Bakan Kurum, 313 dönüm alan içerisine TOKİ ve Emlak Konut tarafından yapılacak olan ve yaklaşık 15 bin depremzedenin yaşayacağı toplam 3 bin adet geçici yaşam birimi inşaat alanında çalışmalarla ilgili yetkililerden bilgi aldı.

“İçerisinde sosyal yaşamları olan geçici barınma alanları kısa sürede tamamlanacak”

Her yaşam biriminin depreme dayanıklı ısı yalıtımlı hafif çelik malzemesinden imal edildiği bilgisi verilen Bakanlık açıklamasında, kalıcı konutların yapımı tamamlanana kadar, ikame etmeleri için tasarlanan bu yaşam birimlerinin her türlü mevsimsel etkilere dayanıklı olarak tasarlandığı ifade edildi.

313 dönüm alanda prefabrik ve çelik konstrüksiyon olarak inşa edilecek geçici yaşam alanında yapılar ısı ve su izolasyonu olan her biri 25 metrekareden oluşacak. Geçici yaşam alanlarında asgari ölçülerde bir ailenin ihtiyaç duyabileceği sıcak su, tuvalet, banyo, mutfak, salon ve yatak odası bulunacak. Geçici barınma alanları, içerisinde sağlık birimi, anaokulu, camii, lojistik birimi, yönetim binası, çocuk oyun alanları, spor sahaları ve yürüyüş alanları ile birlikte projelendirildi. Geçici barınma alanlarının inşaatı kısa sürede tamamlanarak afetzedelere teslim edilecek.",2,2,2,1,0,0,0,0,1,0,2,2,2,1,0,0,0,0,1,0
hatay_val_329,Hatay Valiliği,valilik,hatay,5_post_local,2024-12-03,"Cumhurbaşkanımız Sayın Recep Tayyip ERDOĞAN Beyefendi’nin Saygıdeğer eşleri Sayın Emine ERDOĞAN Hanımefendi’nin teşrifleriyle 3 Aralık Dünya Engelliler Günü kapsamında Hatay Engelli Sosyal Girişimcilik Merkezi’mizin açılışı gerçekleştirildi.

Saygıdeğer Emine ERDOĞAN Hanımefendi; Aile ve Sosyal Hizmetler Bakanımız Sayın Mahinur ÖZDEMİR GÖKTAŞ, Sanayi ve Teknoloji Bakanımız Sayın Mehmet Fatih KACIR, Valimiz Mustafa MASATLI, eşleri Esra MASATLI, Hatay Büyükşehir Belediye Başkanı Mehmet ÖNTÜRK ve İl Protokol Üyelerimiz ile birlikte Hatay Mustafa Kemal Üniversitesi (HMKÜ) yerleşkesinde yer alan, Hatay Valiliğimiz, Hatay Mustafa Kemal Üniversitesi, Doğu Akdeniz Kalkınma Ajansı ve Fiziksel Engelliler Vakfı işbirliğinde yaptırılan merkezimizin açılış kurdelesini keserek “hayırlı olsun” dileklerini iletti.

Asırların Afeti 6 Şubat ve devamındaki depremlerin ardından ilimizin ihya, inşa ve imar çalışmalarımız kapsamında yapımına hızla başlanan ve kısa sürede tamamlanan, engelli vatandaşlarımızın özel ihtiyaçlarına yönelik tasarlanan modern bir yapıya sahip Hatay Engelli Sosyal Girişimcilik Merkezi’mizi gezen Saygıdeğer Emine ERDOĞAN Hanımefendi, burada Fiziksel Engelliler Vakfı Yönetim Kurulu Başkanı Yaşar TATAR’dan merkezle ilgili bilgi aldı.

Hatay Engelli Sosyal Girişimcilik Merkezi’mizin ortez-protez rehabilitasyon hizmetlerinin sunulduğu birimde protez yapım aşamalarını izleyen Saygıdeğer Emine ERDOĞAN Hanımefendi, burada 3D yazıcı ile protez ölçümü yapılan 8 yaşındaki erkek evladımızla da özel olarak ilgilendi.

Hatay Engelli Sosyal Girişimcilik Merkezi’mizde, 6 Şubat 2023’teki depremlerde yaralanmaları sonucu ampute edilen 10 ve 4 yaşlarındaki torunlarının tedavisine başlanan depremzede vatandaşımız ile görüşen Saygıdeğer Emine ERDOĞAN Hanımefendi, depremde oğlu ve gelinini kaybeden kadın vatandaşımıza da “başsağlığında bulunarak geçmiş olsun” dileklerini iletti. Engelli vatandaşlarımıza yönelik heykel, mozaik alanı, kütüphane, sinema-tiyatro, hamam ve kafenin de yer aldığı merkezimizde engelli bireylerimiz ve aileleriyle de bir araya gelen Saygıdeğer Emine ERDOĞAN Hanımefendi, onların yaşadıkları sorunları ve taleplerini dinledi.

Hatay Engelli Sosyal Girişimcilik Merkezi’mizdeki incelemeleri sırasında merkezde bulunan Halil Paşa’nın “Göksu” isimli tablosunu görme engelli bireyler için özel tasarlanan “Telefon Kütüphanesi” uygulaması üzerinden sesli betimlemeli şekilde dinleyen Saygıdeğer Emine ERDOĞAN Hanımefendi daha sonra Fiziksel Engelliler Vakfı Yönetim Kurulu Başkanı Yaşar TATAR tarafından kendisine hediye edilen, İstanbul Büyükşehir Belediye Başkanlığı döneminde Cumhurbaşkanımız Sayın Recep Tayyip ERDOĞAN’ın öncülüğüyle kurulan Fiziksel Engelliler Vakfı’nın “Protez-Ortez Atölyesi”nin açılışında çekilen fotoğraf karesinin bulunduğu tabloyu kabul etti.

Hatay Engelli Sosyal Girişimcilik Merkezi’mizin açılışına AK Parti Grup Başkanvekili ve Fiziksel Engelliler Vakfı Kurucu Üyesi Zeynel Abidin OKUL, Gaziantep Büyükşehir Belediye Başkanı Fatma ŞAHİN ile engelli çocuklarımız ve aileleri de katıldı.

Saygıdeğer Emine ERDOĞAN Hanımefendi Açılış Programı sonrası yaptığı sosyal medya paylaşımında,

“Hatay’da depremin ardından uzuv kaybı yaşayan vatandaşlarımız için kurulan Engelli Sosyal Girişimcilik Merkezi’nin hayırlı olmasını diliyorum. 3 Aralık Dünya Engelliler Günü, engelleri aşma mücadelesine adanan bir gün. Bu anlamlı günde inanıyorum ki yalnızca bir kapı değil, yaşama dair yazılacak umut dolu hikayelerin ilk sayfası aralandı. Merkezin ortez-protez ve rehabilitasyon ünitesini inceleyerek kültür, sanat, teknoloji atölyeleri ile eğitim alanlarını ziyaret ettim. Burada hayatın zorluklarına rağmen gülen gözleri, üreten elleri ve cesur yürekleri tanımaktan büyük bir mutluluk duydum. Engellerin yeniden başlamak için sadece birer durak olduğuna inanan güçlü bireylerin azmi, hepimize ilham oluyor. İlk günden bugüne asrın felaketinin yaralarının sarılmasında emek veren, bu anlamlı projeye katkı sunan herkese teşekkür ediyorum.” ifadelerinde bulundu.

6 Şubat ve devamındaki depremlerde uzuvlarını kaybeden ampute bireylerimiz için “İnsanı yaşat ki devlet yaşasın” anlayışıyla uygulamaya konulan ve ilk olarak protez-ortez üretim merkezi olarak inşa edilen Hatay Engelli Sosyal Girişimcilik Merkezi’mizde, daha sonra engelli çocuklarımız ve anneleri için dönüştürülen merkez sayesinde, fiziksel ve psikososyal iyileşmenin desteklenmesi ile yüksek teknolojili ve üretime uygun bir ortam sunulması amaçlanmaktadır. Modern bir yapıya sahip merkezimizde; heykel, kil, origami, mozaik, ahşap oyuncak tasarım ve geleneksel oyun üniteleriyle kütüphane-sesli kütüphane yer almaktadır.

Engelli annelerimiz ve kadınlarımız için üretim üssü olan merkezimizde, keşif ve atölye çalışmalarının yanı sıra sanal uğraş alanları, sinema-tiyatro salonu ile sportif beceri koordinasyon üniteleri de bulunmaktadır.

Hatay Engelli Sosyal Girişimcilik Merkezi’mizin Açılış Programı’nın ardından Cumhurbaşkanımız Sayın Recep Tayyip ERDOĞAN Beyefendi’nin Saygıdeğer eşleri Sayın Emine ERDOĞAN Hanımefendi; Aile ve Sosyal Hizmetler Bakanımız Sayın Mahinur ÖZDEMİR GÖKTAŞ, Sanayi ve Teknoloji Bakanımız Sayın Mehmet Fatih KACIR, Valimiz Mustafa MASATLI, eşleri Esra MASATLI ve İl Protokol Üyelerimiz ile birlikte Serdar Demir Çocuk Evleri Sitesi’ni ziyaret ederek Devletimizce korunma altındaki kız çocuklarımızla bir araya geldi.

Aile ve Sosyal Hizmetler Bakanlığımız ile Türk Havacılık Uzay Sanayii A.Ş. nin (TUSAŞ) katkılarıyla geçen yıl 11 Ekim Dünya Kız Çocukları Günü’nde temelleri atılan ve 17 Eylül 2024 tarihinde açılışı gerçekleştirilerek ilimize kazandırılan Serdar Demir Çocuk Evleri Sitesi’nde kız evlatlarımızla sohbet ederek onların taleplerini dinleyen Saygıdeğer Emine ERDOĞAN Hanımefendi, bu sıcak yuvanın her köşesinde filizlenen umutların, geleceğin en güzel başarı hikâyelerine ilham olmasını dileyerek hayalinin gerçekleştiğini göremeden vefat eden Serdar Demir Beyefendi’ye Allah’tan rahmet, sevenlerine sabır diledi.",0,0,0,1,0,3,3,3,1,0,3,3,3,1,0,0,0,0,1,0
tccb_301,TCCB,cumhurbaskanligi,hatay,5_post_local,2024-08-10,"Aziz Milletim, Sevgili Adanalılar, Sevgili Mersinliler, Saygıdeğer Misafirler, Çok Kıymetli Kardeşlerim, Sizleri en kalbi duygularımla, hasretle, muhabbetle selamlıyorum. Buradan sizlerin vasıtasıyla Akdeniz’in dört bir yanındaki vatandaşlarıma selamlarımı, saygılarımı gönderiyorum. Bugün bizleri bir kez daha bağırlarına basan Yenice’nin, Tarsus’un, Adana’nın, Mersin’in güzel insanlarına teşekkür ediyorum. Çukurova Uluslararası Havalimanı’nın açılışını sizlerle birlikte yapmaktan büyük bir memnuniyet duyuyorum. Havalimanımızın Adana’mız ve Mersin’imizle birlikte tüm bölgemize, tüm Türkiye’ye, 85 milyonun her bir ferdine hayırlı olmasını diliyorum. Sözlerimin hemen başında bu önemli eserin bölgemize kazandırılmasında emeği geçen Ulaştırma ve Altyapı Bakanlığımıza, yüklenici firmalara, mimarlarımıza, mühendislerimize, alın terleriyle adeta buranın harcını karan tüm işçi kardeşlerime sonsuz teşekkür ediyorum. Bugün Mersin ve Adana’nın yanı sıra geniş bir alana hizmet verecek bir vizyon projesini daha hayata geçirmenin haklı gururunu yaşıyoruz. Evet, bugün sadece bir havalimanı değil, Yenice’mizden tüm Türkiye’ye, hatta tüm dünyaya yeni, modern, estetik bir kapı açıyoruz. Çukurova’nın eşsiz güzellikteki sembollerinin her köşesine işlendiği havalimanımızın dünya standartlarında bir eser olduğunu görüyoruz. Burada bazı rakamları sizlerle kısaca paylaşmak istiyorum. Kardeşlerim, Çukurova Havalimanımızın yıllık kapasitesi 9 milyondur. Terminal alanı 110 bin metrekarelik büyüklüğe sahiptir. 3 bin 500 metre uzunluğunda ve 60 metre gövde genişliğindeki ana pistine en geniş gövdeli yolcu uçakları dahi iniş-kalkış yapabilecektir. Ana piste ilaveten ayrıca 3 bin 500 metre uzunluğunda ve 45 metre gövde genişliğinde yardımcı pist vardır. Tüm bunlarla birlikte iki adet sürat taksi yolu, 48 uçak kapasiteli yaklaşık 279 bin metrekare apronu, 21 uçak kapasiteli yaklaşık 56 bin metrekare genel havacılık apronu. Yer hizmetleri, araç park yeri, nöbetçi kulübeleri ve çevre güvenlik yoluyla havalimanımız en üst standartta imkânlarla donatılmıştır. Üstyapı tesislerimizin toplam kapalı alanı 214 bin 180 metrekareyi buluyor. Biraz evvel Ulaştırma Bakanımız da konuşmasında ifade etti, havalimanımızın inşasında bölgemizin sembollerini ve mimari özelliklerini kullanmaya ihtimam gösterdik. Hava kontrol kulesi ağaç formunda tasarlandı, bu toprakların simgesi olan pamuk motifleri ile turuncu rengi havalimanımızın süslemesinde özellikle tercih edildi. Akdeniz’de yaşayan tüm kardeşlerimizin benimseyeceği kendinden bir iz bulacağı bu coğrafyanın zengin karakterini yansıtan bir yaklaşımla Çukurova Havalimanımız inşa edildi. Değerli Kardeşlerim, Biliyorsunuz son yıllarda ülkemize kazandırdığımız pek çok eseri kamu-özel ortaklığıyla hayata geçirdik. Devletin bütçesinden tek kuruş harcamadan bu eserlerin inşasını tamamladık. Böylece sadece ülkemizin altyapı eksiklerini süratle gidermekle kalmadık, aynı zamanda Türkiye ekonomisine de ciddi katma değer oluşturduk. Milletimizin istifadesine sunduğumuz her bir köprü, otoyol, havalimanı, yatırım rakamlarının çok çok ötesinde ekonomik kazanç sağladı. Çukurova Havalimanımızın yapımında da aynı yöntemi uyguladık. Kamu-özel iş birliğiyle inşa edilen havalimanının toplam yatırım miktarı 608 milyon 500 bin avrodur. Devletimiz buradan 25 yıl içerisinde toplam 297 milyon 100 bin avro kira bedeli elde edecektir. Bu sadece kira bedeli olarak devletimizin kasasına girecek olan tutardır. Havalimanımız tüm Çukurova’nın ticaretine, turizmine, tarımsal üretimine, ekonomik hayatına önemli katkılar yapacak, doğrudan ve dolaylı olarak yaklaşık 3 bin kişinin istihdamına vesile olacaktır. Havalimanımızın Adana’ya mesafesi 35 kilometre, Mersin’e mesafesi ise 40 kilometredir, yani her iki şehrimizin de tam ortasında konumlanmıştır. Havalimanımızın Mersin ve Adana’dan hem D-400 yolu hem de otoyol üzerinden kolay ulaşım imkânına sahiptir. Adana ve Mersin’le birlikte Osmaniye ve Niğde’ye olan yakınlığıyla da 5 milyonu aşkın insanımıza hizmet verecek. Buranın yapımına başladığımızda eşzamanlı olarak bağlantı yollarının çalışmalarını da başlatmıştık. Havalimanına konforlu, güvenli ve hızlı erişim sağlamak amacıyla 15,9 kilometrelik yolumuzu bölünmüş yol standardında tamamladık. Proje kapsamında toplam 258 metre uzunluğunda 8 adet tek köprü, 90 metre uzunluğunda iki adet çift köprü ve 127 metre uzunluğunda farklı seviyeli kavşak inşa ettik. Yol sayesinde vakitten 494 milyon lira, akaryakıttan 84 milyon lira olmak üzere yıllık toplam 578 milyon lira tasarruf edeceğiz. Tabii sadece karayolu bağlantılarıyla yetinmiyoruz, Çukurova Havalimanımızı Mersin, Adana, Gaziantep hızlı tren hattına entegre ediyoruz. Hat tamamlandığında saatte 200 kilometre hıza ulaşabilecek hızlı trenlerle Mersin-Adana arası seyahat süresi 35 dakikaya inecek. Adana veya Mersin’den trene binen kardeşlerimiz yalnızca 23 dakikada havalimanımıza varacak. Havalimanımız yolcu taşımacılığının yanı sıra, bölgemizin ihracatında da çarpan etkisi yapacak. Mersin Limanı, Mersin ve Adana Organize Sanayileri, İskenderun Körfezi Sanayi Tesisleri, Yumurtalık Serbest Bölgesi gibi sanayi ve ticaret bölgelerinden gelen ürünleri buradan tüm dünyaya göndereceğiz. Burada şunu özellikle söylemek isterim: Hem Adanalı hem Mersinli vatandaşlarımız çok kısa sürede bu eserin ne kadar isabetli bir yatırım olduğunu göreceklerdir. Havalimanımız bölgedeki işletmelerimizi daha geniş pazarlara açarak şirketlerimizin ihracat potansiyellerini ve rekabet gücünü artırarak acil ve kritik malzemelerin teslimatının süratle yapılmasını sağlayarak, velhasıl birçok hususta ticaretimizin gelişmesine, tedarik zincirlerinin kesintisiz işlemesine, ekonomik hayatın güçlenmesine yardımcı olacaktır. Çukurova bölgemizin ürettiği tarım ürünleri artık gecikmeksizin, bozulma riski olmadan müşterilerine kolayca ulaştırılabilecek. Adana ve Mersin’le birlikte Akdeniz Bölgesi’nin tamamının kalkınmasında lokomotif rolü üstlenecek böyle bir eseri ülkemize kazandırmaktan gurur duyuyoruz. Bu büyük eserin inşasında emeği geçenleri tebrik ediyor, şahsım, ülkem, milletim adına kendilerine en kalbi şükranlarımı sunuyor, vatandaşlarımıza kazasız, sorunsuz seferler diliyorum. Aziz Milletim, Kıymetli Misafirler, Özetin özeti mahiyetinde burada ifade ettiğimiz rakamlara bakmak bile Çukurova Uluslararası Havalimanı’nın ülkemiz ve bölgemiz açısından faydasını ortaya koymaya yeterlidir. Hangi siyasi partiye gönül verirse versin bütün vatandaşlarımızın böyle bir yatırımdan sevinç duyması, kıvanç duyması gerekir. Şüphesiz bazı yeniliklere alışmak için zamana ihtiyaç vardır. Alışkanlıkları değiştirmek, yeniye uyum sağlamak elbette vakit alır. Bazı vatandaşlarımızın dile getirdiği hususları gayet doğal karşılıyoruz. Bugünkü tereddütler inşallah yerini zamanla memnuniyete bırakacaktır, bundan en küçük bir şüphemiz dahi yoktur. Bizim doğal bulmadığımız muhalefetin istemezükçü tavrıdır, artık bu huyu bırakmanız lazım. Şakirpaşa Havalimanı’nı kapatacağız, böyle diyorlar, nereden çıktı bu? Böyle bir şey yok. Aydın’da biliyorsunuz bizim bir eğitim merkezimiz var, şimdi Şakirpaşa Havalimanı işte bir eğitim merkezi olarak ne yapacak? Bölgeye hizmet verecek. Kapatma diye bir şey söz konusu değil, ama muhalefetin işi gücü hep bu tür yalanları ne yapmak? Uydurmak. Tutmayacak bu yalanlar. Şimdi burada kargo binası da yapılıyor mu? Yapılıyor. Şimdi kargo binası da yapıldığı andan itibaren Çukurova gerçekten iç ve dış servislerini yapacak, bir diğer taraftan da kargo servisi olarak hemen arkamdaki o dev tesislerde hizmetini verecek. Ve Çukurova artık her yönüyle güçlü bir iç, dış ve kargo olarak hizmetini sürdürecek. Düşünebiliyor musunuz Adana ve Mersin dahil tüm bölgeye katkı sunacak devasa bir eser inşa ediliyor. Muhalefet hizmeti sahiplenmek yerine şuna bile çamur atacak, bunu bile kötüleyecek bir bahane mutlaka buluyor. Bir kısmı çarpıtma, bir kısmı manipülasyon olan iddialarla havalimanımızı karalamak için kendilerini paralıyorlar. Adanalı kardeşlerimizi, Mersinli kardeşlerimizi bize karşı kışkırtarak yapılan yatırımı gölgelemeye çalışıyorlar. Açık söylüyorum, böyle siyaset olmaz, hizmet ve eser düşmanlığı yapan muhalefet olmaz. Allah aşkına dünyanın hangi ülkesinde böyle bir muhalefet vardır? Havalimanından rahatsızlık duyan bir muhalefet olabilir mi? Yatırımı kötüleyerek, nereye varmaya çalışıyorsunuz? Vatandaşımızı provoke ederek, neyi elde etmeyi hedefliyorsunuz? Hem bu ülkede dikili tek bir ağacınız yok. Hem de ülkemize çağ atlatacak hava ulaşımında bizi bir üst lige yükseltecek projelerimize laf söylüyorsunuz, bunun adı siyasi hasetliktir. Değerli Arkadaşlarım, Maalesef yıllar geçiyor, isimler, yönetimler değişiyor, ancak Ana Muhalefetin hizmete ve yatırıma yaklaşımında zerre miskal değişim olmuyor. Bakınız burada şunu da vurgulamak isterim, şayet ülkenin kaynaklarıyla ilgili cümle kurulacaksa eleştirilmesi gereken Çukurova Havalimanı değil, halkın parasını Paris’te har vurup harman savuran müsriflerdir. SGK’ya borç ödemeye, millete hizmet etmeye gelince kasada para yok, fakat cümbür cemaat Paris’te keyif çatmaya gelince paranın sınırı yok. Bunun takdirini de aziz milletime bırakıyorum. Tekrar söylüyorum, insanımızın her türlü tenkidine, serzenişine sonuna kadar tahammülümüz vardır, ancak Han-ı Yağma misali ülke ve milletin kaynakları üzerinden keyif çatanlara kulaklarımız tıkalıdır. Çukurova Havalimanını depremi öne sürerek eleştirmekse tam bir akıl tutulmasıdır. Soruyorum sizlere, daha büyük ve modern bir havalimanımızın olması deprem yardımlarının ulaştırılmasında elimizi rahatlatır mı, yoksa muhalefetin iddia ettiği gibi işimizi zorlaştırır mı? Tabii ki kolaylaştırır. Allah korusun ülkemizde 6 Şubat vari bir doğal afet yaşandığında artık yatırımları ve yardımları götürecek ilave bir havalimanımız ne oldu? İşte burada inşa edildi. Buyurun Çukurova Havalimanı’nın devreye girmesiyle afetlere karşı mücadelede devletimizin eli daha da güçlendi. Bu vesileyle Çarşamba günü meydana gelen 4,6-4,5 ve 4 büyüklüğündeki üç deprem dolayısıyla Kozanlı ve Adanalı kardeşlerimize geçmiş olsun dileklerimi iletiyor, Rabbim ülkemize her türle afetten korusun diyorum. Vatandaşlarımın şunu bilmesini isterim: Muhalefetin Çukurova Uluslararası Havalimanı’yla ilgili gündeme taşıdığı iddiaların çoğu hilaf-ı hakikattir. Bunu ilk defa yapmıyorlar, biz benzer iddia ve ithamlarla daha önce de defalarca karşılaştık. Şehirlerimize kazandırdığımız her bir esere ne gerek var, diyerek, israf diyerek, parayı betona gömüyorlar, diyerek karşı çıktılar. Avrupa’nın en iyi havalimanı seçilen İstanbul Havalimanı’ndan asrın projesi Marmaray’a kadar yapılan her hayırlı işe mutlaka kulp taktılar. Oysa geçen sene açtığımız Adana 15 Temmuz Şehitler Köprüsü’nden bugüne kadar ne kadar araç geçti biliyor musunuz? 18 milyon araç geçti. Ağustos’un ilk haftasında İstanbul Havalimanı günlük ortalama 1502 uçuşla Avrupa’nın en yoğun havalimanı oldu, bu başarı örneklerini çoğaltmak mümkündür. Yani bunların gereksiz dediği yatırımların tamamı misyonunu fazlasıyla yerine getirdi, ekonomiye katkı yaptı. Emin olun yine aynısını burada da yaşanacak. Muhalefet Çukurova Havalimanı’na dair öngörülerinde de yanılacak. Havalimanımızın depremle mücadele, ticaret, turizm ve diğer alanlarda Adana ve Mersin’e çok ciddi artılarının olacağını hep beraber göreceğiz. Yoğun nüfuslu yerleşim yerlerinin tam ortasında kalan ve şehrimizin ihtiyaçlarını artık karşılayamayan Şakirpaşa Havalimanımızın kapısına kilit vurmuyoruz. Bu yalanı devam ettirmek ahlaksızlıktır. Maalesef bu ahlaksızlıklarla biz yarış edemeyiz. Biz sadece dürüstlüğün örneğini vermek suretiyle milletimize hizmette yolumuza devam edeceğiz. Şakirpaşa farklı görevler üstlenmek suretiyle Türk havacılığına hizmet etmeyi sürdürecek. Ticari uçuşlar haricindeki eğitim uçuşları, orman söndürme amaçlı hava araçları ve İHA-SİHA gibi havacılık faaliyetleri Şakirpaşa’dan gerçekleştirilecek. Ticari uçuşlar için Çukurova’yı, eğitim, afetle mücadele ve güvenlikle ilgili çalışmalarda ise Şakirpaşa’yı kullanacağız. Aziz Milletim, Çok Değerli Kardeşlerim, Çukurova Uluslararası Havalimanı’nın açılışıyla birlikte hava yolunu halkın yolu haline getirme hedefimize bir adım daha yaklaşmış oluyoruz. Son 22 yılda özellikle hava ulaşımına çok büyük yatırımlar yaptık, aktif havalimanı sayımızı 26’dan bugün itibariyle 58’e çıkardık. 2053 yılında inşallah bu sayıyı 61’e yükseltmeyi hedefliyoruz. Terminallerimizin yolcu kapasitesini 60 milyonda 338 milyona yükselttik. Günde 303 ton olan hava yolu kargo kapasitemiz 2 bin 615 ton seviyelerini buldu. Yurt dışında sadece 60 noktaya uçuş yapılırken, bunu 283 ilaveyle 343’e taşıdık. Uçulan ülke sayısı 50’yken, bugün 131 ülkeye uçuş gerçekleştiriliyor. Göreve geldiğimizde 489 olan toplam hava aracı sayımızı yüzde 270 artışla 1838’e ulaştırdık. Bakınız bunlar sadece hava yolu taşımacılığında yaptıklarımız. Kara yollarında bölünmüş yol uzunluğunu 6 bin 100 kilometreden aldık 23 bin 300 kilometre ilaveyle 29 bin 400 kilometreye çıkardık. Otoyollarımızda 1714 kilometre olan ağımıza 2 bin 12 kilometre daha ekleyerek, 3 bin 726 kilometrenin üzerine taşıdık. Ülkemizi yüksek hızlı trenin konforuyla ilk kez biz tanıştırdık. 2002’de ülkemizde yüksek hızlı tren hattı yokken, şu an 2 bin 32 kilometre uzunluğunda hatta sahibiz. Ülkemizin tamamına hizmet ederken Adana’yı ve Mersin’i de ihmal etmedik. Her iki ilimizin ulaşım ve iletişim altyapısına güncel rakamla toplam 200 milyar liranın üzerinde yatırım yaptık. Mevcut 483 kilometrelik güzergâhı 43 kilometre kısaltan 440 kilometre uzunluğundaki Akdeniz Sahil Yolu’yla Antalya ile Mersin’i birleştiriyoruz. Proje kapsamında toplam 51,2 kilometre uzunluğunda 33 adet tünel, bunun yanında 77 adet köprü inşa ediyoruz. Proje tamamlandığında 9 saat 30 dakika süren seyahat süresini inşallah 4,5 saate indireceğiz. Adana Konteyner Limanıyla, Çukurova Bölgemizi Ortadoğu ve Orta Asya ülkelerine deniz üzerinden bağlayacağız. Ne diyor Yenice türküsünde? Yenice yolları bükülür gider, Zülüf ak gerdana dökülür gider. Yiğidin sevdiği güzel olunca, Ömrü arkasından sökülür gider. Rabbim ömür verdikçe işte bugün olduğu gibi Adana’nın, Mersin’in ve Çukurova’nın güzel insanları için çalışmaya, ter dökmeye, yeni eserler ve hizmetlerle şehirlerimize hizmet etmeye devam edeceğiz. Dünyayı kalbura koyup elesek, Çukurovalı kardeşlerim gibi yar bulunmaz. Adana’yla, Mersin’le, Çukurova’yla bizim aramızı kimse bozamaz, Rabbim muhabbetimizi daim eylesin diyorum. Bu düşüncelerle bir kez daha açılışını yaptığımız Çukurova Uluslararası Havalimanı’nın şehirlerimiz, bölgemiz ve ülkemiz için hayırlı olmasını diliyor, havalimanın yapımında emeği geçenleri tebrik ediyorum. Bu havalimanını kullanacak tüm kardeşlerime şimdiden sağlıklı, huzurlu, güvenli seyahatler temenni ediyorum. Sizlere sevgilerimi, saygılarımı sunuyor, hepinizi Allah’a emanet ediyorum. Kalın sağlıcakla.",1,1,1,1,0,3,3,3,1,0,2,2,2,1,0,0,0,0,1,0
kmaras_bld_2004,Kahramanmaraş Belediye,belediye,kahramanmaras,5_post_local,2024-10-28,"AK Parti Göksun İlçe Kongresi’nde konuşan Başkan Görgel, “Göreve geldiğimiz ilk günden itibaren 11 ilçemizde çalışmalarımıza yoğun bir şekilde devam ediyoruz. Bu kapsamda 6 ayda Göksun’umuzda 120 Milyon TL’lik yatırımı tamamladık ve çalışmalarımıza hızla devam ediyoruz. AK Parti, hizmeti önceleyen büyük bir ailedir. İnşallah çalışmalarımızı daha da artırarak Göksun’umuzun da eksiklerini bir bir gidereceğiz.” dedi.

Kahramanmaraş Büyükşehir Belediye Başkanı Fırat Görgel, 66. Hükümet Tarım ve Orman Bakanı Prof. Dr. Vahit Kirişci ile AK Parti Göksun İlçe kongresine katıldı. Göksun Kültür Merkezi’nde gerçekleştirilen programda Kahramanmaraş Milletvekilleri Ömer Oruç Bilal Debgici, Dr. Tuba Köksal, Mevlüt Kurt ve Prof. Dr. Mehmet Şahin, AK Parti İl Başkanı Muhammed Burak Gül, MHP İl Başkanı Hüseyin Vahit Demiröz, AK Parti Kadın Kolları Başkanı Asuman Yavuz, AK Parti Gençlik Kolları Başkanı Furkan Ünaldı, ilçe belediye başkanları ile çok sayıda AK Parti il ve ilçe teşkilat üyeleri de yer aldı.

“Aynı İnanç ve Kararlılıkla Gayretimizi Sürdürüyoruz”

Programda konuşan Büyükşehir Belediye Başkanı Fırat Görgel, “AK Parti; sadece bir siyasi parti değil, milletimizin umut ve hayallerine rehber olan, her bir vatandaşımızın gönlüne dokunan, hizmeti önceleyen büyük bir ailedir. Cumhurbaşkanımız ve Genel Başkanımız Sayın Recep Tayyip Erdoğan liderliğinde, Kahramanmaraş’ın her bir köşesine hizmet götürme gayreti içinde olduk. Bugün de aynı inanç ve kararlılıkla, ülkemizin ve şehrimizin dört bir yanında çalışmalarımızı sürdürüyoruz” diye konuştu.

6 Ayda 120 Milyonu Aşan Yatırımı Tamamladık

Göksun’da 6 ayda tamamlanana yatırımların 120 Milyon TL’yi aştığını belirten Başkan Görgel, “Göreve geldiğimiz ilk günden itibaren tüm ilçelerimizde yoğun bir gayretle çalışmalarımızı sürdürüyoruz. 6 ayda Göksun’da 120 Milyon TL’yi aşan yol ve altyapı yatırımı tamamladık ve çalışmalarımızı sürdürüyoruz. Göksun Otogarımızada güçlendirme çalışmalarımız sürüyor, inşallah yılbaşına kadar hizmete açacağız. Grup yollarımızı tek tek yeniliyoruz. Göksun Çayı üzerinde yeni bir köprünün inşasına başladık. İlçemizin çöp sorunun ortadan kaldıracak Entegre Katı Atık Tesisimizin yapımı sürüyor. Yine Göksun’a da hizmet edecek Asfalt Üretim Tesisimizin çalışmaları devam ediyor. Altyapı yenileme için de bakanlıklarımızla görüşmelerimizi sürdürüyoruz. El birliğiyle Göksun’umuzu da ayağa kaldıracağız inşallah” dedi.

“Kongrelerimiz Hayırlı Olsun”

Kahramanmaraş Büyükşehir Belediye Başkanı Fırat Görgel konuşmasını, “6 Şubat’ta yaşadığımız depremler hepimizin yüreğini yaktı. Kaybettiğimiz her bir can, hepimizin gönlünde derin bir iz bıraktı. Hükümetimiz, bakanlıklarımız, belediyelerimiz, sivil toplum kuruluşlarımız ve gönüllülerimizle birlikte depremin yaralarını sarmak, vatandaşlarımızın yanında olmak için gece gündüz çalıştık, çalışıyoruz. Bu vesileyle, bugüne kadar ilçemize hizmet etmiş tüm dava arkadaşlarımıza şükranlarımı sunuyorum. AK Parti Göksun İlçe Başkanımız Furkan Özdemir ve yönetim kurulu üyelerine görevlerinde başarılar diliyor, kongremizin şehrimiz ve ilçemiz için hayırlara vesile olmasını temenni ediyorum” ifadeleriyle noktaladı.",0,2,0,0,2,3,3,3,1,0,2,2,3,0,1,0,0,0,1,0
csb_0489,CSB,bakanlık,hatay,3_inter_election,2023-12-30,"ÇEVRE, ŞEHİRCİLİK VE İKLİM DEĞİŞİKLİĞİ BAKANI MEHMET ÖZHASEKİ, KAYSERİ’DE AÇILIŞ VE TANITIM TÖRENLERİNE KATILDI

Çevre, Şehircilik ve İklim Değişikliği Bakanı Mehmet Özhaseki, “Fitne odaklarının hepsini toprağa gömdük. PKK’sını, FETÖ'sünü, IŞİD'ini, DHKP-C'sini, çıkamayacaklar. Burunlarından fitil fitil getiriyoruz. Bir teki bile ayakta kalmayıncaya kadar devam edeceğiz.” dedi.

Bakan Mehmet Özhaseki, Kayseri ziyareti kapsamında Kocasinan Belediyesi ve hayırsever iş birliği ile yapımı tamamlanan Celal-Aysel Küçükşahin Aile Sağlığı Merkezi’nin açılışına katıldı. Programda konuşan Bakan Özhaseki, 1994’den bu yana yapılan hizmetlerle, Kayseri’nin eserlerle dolu, modern, herkesin içinde yaşamaktan keyif aldığı bir yer haline geldiğini söyledi. Bugün parmakla gösterilir şehirlerin başında Kayseri’nin geldiğini ifade eden Bakan Özhaseki, “Şehircilikte, imarda, sanayide, ticarette, kültürde, sanatta, sporda, Kayseri ileriye doğru gidiyor. Bundan dolayı da iftihar ediyoruz.” dedi.

“FİTNE ODAKLARININ BURUNLARINDAN FİTİL FİTİL GETİRİYORUZ”

Zor bir coğrafyada yaşadığımızı belirten Bakan Mehmet Özhaseki, “Fitne odaklarının hepsini toprağa gömdük. PKK’sını, FETÖ'sünü, IŞİD'ini, DHKP-C'si İnşallah çıkamayacaklar. Ara ara canımızı yakmak için bu tür eylemleri yapsalar da onların burunlarından fitil fitil getiriyoruz. Bir teki bile ayakta kalmayıncaya kadar devam edeceğiz. Bundan hiç endişeniz olmasın.” ifadelerini kullandı.

“PKK’YA DA, FETÖ’YE DE DESTEK VERENLER AYNI”

Fitne odaklarıyla mücadelenin sonuna kadar devam edeceğini belirten Bakan Özhaseki, “Bugün Filistin'de katliama göz yumanların kimler olduğunu biliyorsunuz. Çocuklar, kadınlar öldürülüyor. Hastaneler bombalanıyor. ‘Ateşkes’ diyemeyen, ateşkesi engelleyen ülkeler var. Bizdeki PKK'ya da FETÖ’ye de destek verenler emin olun bunlar. İstedikleri belli, bu ülke bölünsün istiyorlar. Bunun içindir ki büyük desteklerde bulunuyorlar. Bizim bu konudaki mücadelemiz devam ediyor. Sonuna kadar da devam edecek. Sizler bize yetki verdiğiniz sürece biz bunlarla mücadeleye devam edeceğiz. Hiç endişeniz olmasın.” dedi.

“HER İŞİMİZİ DİKKATLİ VE SIFIR TOLERANSLA YAPMALIYIZ”

Bakan Mehmet Özhaseki, ülke olarak yaşadığımız bir diğer zorluğun ise ‘deprem’ olduğunu söyledi. Depreme dayanıklı yapılar yaparak hazırlıklı olmak gerektiğini ifade eden Bakan Özhaseki, “Topraklarımızın yüzde 66’sı, nüfusumuzun yüzde 70’den fazlası birinci ve ikinci derecede deprem bölgesinde yaşıyor. Türkiye’de 500’e yakın hareketli fay hattı var. Bu nedenle bizim bir an önce kaldığımız konutları depreme dirençli yapmamız lazım. Rastgele yapmamamız lazım. ‘Bir şey olmaz bir kat daha at’ diyerek, ‘zemin etüdüne de dikkat etmesen ne olur ki’ diyerek hareket edemeyiz. Her işimizi dikkatli ve sıfır toleransla yapmalıyız. Böyle olursa evimiz yüksekte de olsa, sallansa bile Allah'ın izniyle yıkılmaz. Emniyetli ve güvenli bir şekilde oturabiliriz.” diye konuştu.

“CUMHURBAŞKANIMIZIN LİDERLİĞİNDE GECE GÜNDÜZ DEMEDEN ÇALIŞIYORUZ”

En son ‘asrın afeti’ olarak nitelendirilen Kahramanmaraş merkezli iki tane deprem yaşandığını hatırlatan Bakan Özhaseki, “Depremden 18 ilimiz etkilendi. 680 bin ev yıkıldı. 170 bin kadar da dükkanlarımız, iş yerlerimiz tahrip oldu. Neredeyse Kayseri gibi 4 veya 5 tane şehir yerle yeksan oldu. Hatay'ın merkezi, Antakya’nın yüzde 90’ı yıkıldı. Sayın Cumhurbaşkanımızın liderliğinde gece gündüz demeden çalışıyoruz. Yaraları sarmak için büyük bir gayret içerisindeyiz. Şimdi oralarda binlerce ev yapılıyor. En kısa süre içerisinde de konutların teslimine başlayacağız.” dedi.

“HEM İSTANBUL’U HEM DİĞER ŞEHİRLERİ DAHA GÜVENLİ HALE GETİRMEK İÇİN ÇABALIYORUZ”

Bakan Mehmet Özhaseki, hem İstanbul'u hem de diğer şehirleri daha güvenli hale getirebilmek için büyük bir çaba içerisinde olduklarını ifade ederek, “Önce Kentsel Dönüşüm Başkanlığını kurduk, Meclis’ten geçirdik. Hızlı bir şekilde hareket edebilmek için yasaları çıkardık. İstanbul'da kötü niyetlilerin özellikle önümüzü kestiği ne kadar madde varsa tek tek ele alıp, onları aştık. Şimdi hızlı bir vaziyette birçok şehrimizi depreme hazır hale getireceğiz. Allah'ın izniyle milletimize verdiğimiz sözü yerine getireceğiz.” diye konuştu. Konuşmaların ardından, Celal-Aysel Küçükşahin Aile Sağlığı Merkezi’nin açılışı dualarla gerçekleştirildi.

Bakan Mehmet Özhaseki, daha sonra Kayseri Büyükşehir Belediyesi’nin filosuna kattığı yerli üretim ve yüzde 100 elektrik ile çalışan 15 körüklü otobüsün tanıtım törenine katıldı. Bakan Özhaseki, yeni otobüslerin hayırlı olmasını dileyerek emeği geçenlere teşekkür etti.",1,1,1,1,0,1,1,3,0,2,0,0,0,1,0,0,0,0,1,0
kmaras_bld_0490,Kahramanmaraş Belediye,belediye,kahramanmaras,3_inter_election,2023-07-11,"Büyükşehir Belediye Başkanı Hayrettin Güngör, Filistin’in Ankara Büyükelçisi Dr. Faed Mustafa ve Filistin Türk İş Adamları Derneği heyetini misafir etti.

Kahramanmaraş Büyükşehir Belediye Başkanı Hayrettin Güngör, bir dizi ziyaret ve temasta bulunmak üzere şehre gelen Filistin’in Ankara Büyükelçisi Dr. Faed Mustafa ile Filistin Türk İş Adamları Derneği Yönetim Kurulu Başkan Yardımcısı Mahmud Sughayer, Genel Sekreter İssa Ramazanoğlu, Mali İşler Dairesi Başkanı Jalal Kehil ve Yönetim Kurulu Üyesi Zeyad Dahliz’i makamında ağırladı. Şehrin imar ve inşası noktasında yürütülen ve planlanan yatırımların istişare edildiği ziyarette; şehrin tekrar ayağa kaldırılması ve depremzedelerin yaralarının sarılması noktasında her zaman maddi ve manevi desteğe hazır olduklarını belirten Filistin heyeti, meydana gelen depremler ve can kayıpları dolayısıyla Başkan Hayrettin Güngör’e geçmiş olsun ve taziye dileklerini iletti. Büyükşehir Belediye Başkanı Hayrettin Güngör de nazik ziyaretleri ve destekleri için heyete teşekkür etti.",0,0,0,1,0,0,0,0,1,0,1,1,1,1,0,0,0,0,1,0
kmaras_bld_0085,Kahramanmaraş Belediye,belediye,kahramanmaras,1_post_quake,2023-03-15,"Avşar Kampüsü Geçici Barınma Merkezi’ni ziyaret ederek vatandaşlarla bir araya gelen Başkan Hayrettin Güngör, “İnşallah kısa sürede hemşehrilerimizin kalıcı konutlarına da misafir olacağız” dedi.

Şehrin tekrar ayağa kaldırılması, hayatın normale dönmesi ve vatandaşların mağduriyet yaşamamaları için var gücüyle çalışan Kahramanmaraş Büyükşehir Belediye Başkanı Hayrettin Güngör, depremzedelerin barınma ihtiyacının karşılanması noktasında KSÜ Avşar Kampüsü’ne kurulan geçici barınma merkezini ziyaret ederek vatandaşlarla bir araya geldi. Depremzedeleri çadırlarında ziyaret ederek geçmiş olsun dileklerini ileten ve acılarını paylaşan Başkan Hayrettin Güngör, çocuklarla da yakından ilgilendi. Ziyaret sonrası açıklamalarda bulunan Başkan Güngör, “Depremzedelerimizin ihtiyaçlarının karşılanması noktasında Sayın Cumhurbaşkanımızın liderliğinde bakanlarımız, milletvekillerimiz, valilerimiz, kamu kurum ve kuruluşlarımız, belediyelerimiz, STK’larımız ve gönüllülerimizle yüksek bir koordinasyonla çalışmalarımızı sürdürüyoruz. Depremin ilk gününden itibaren yanımızda olan, acımızı paylaşan, desteklerini eksik etmeyen herkese şükranlarımızı sunuyoruz” dedi.

Sosyal Hayata Yönelik Alanlar Oluşturuluyor

Yaşanan zorlu süreçte vatandaşların çok büyük metanet ve dirayetli duruş sergilediğini belirten Başkan Güngör, “Hemşehrilerimizin barınma, gıda, giyim, hijyen, ulaşım gibi tüm ihtiyaçlarının karşılanması noktasında yoğun gayret gösteriyoruz. Şehrimizin farklı noktalarında geçici barınma merkezleri oluşturuluyor. Büyükşehir Belediyesi olarak bizler de geçici barınma merkezlerimizin altyapı imalatlarını gerçekleştiriyor ve asfalt yollar inşa ediyoruz. Geçici barınma merkezlerimizde sosyal hayata yönelik eğitim, oyun ve spor alanları da oluşturuluyor. Özellikle çocuklarımıza yönelik gerçekleştirilen bu çalışmalar son derece kıymetli. Avşar Kampüsü Geçici Barınma Merkezi’ndeki ziyaretlerimizde de; çadırının önünü saksılarla süsleyen teyzemizle, yüzündeki umut dolu tebessümle bizi hanesine davet eden kardeşlerimizle karşılaştık. Bunlar şükür sebebimiz. İnşallah kısa sürede hemşehrilerimizin kalıcı konutlarına da misafir olacağız” diye konuştu.",0,0,0,1,0,0,0,2,0,2,3,3,3,1,0,0,0,0,1,0
hatay_bld_0202,Hatay Belediye,belediye,hatay,4_local_campaign,2024-02-05,"Hatay Büyükşehir Belediyesi katkılarıyla Defne ilçesinde Yaşam Alanları Girişim Derneği tarafından yapımı tamamlanan ahşap evlerin anahtar teslim töreni gerçekleşti.

Tören, depremde hayatını kaybeden vatandaşlar için saygı duruşu ve İstiklal Marşı’nın okunması ile başladı.

Defne Belediyesine ait yeşil alanda kurulan 18 ahşap ev, yalnız ve çocuklu kadınlar, engelliler ve yaşlılara teslim edildi.

Yaşam Alanları Girişim Derneğinin maddi destekleri ile alınan ahşap ev malzemeleri Adana Büyükşehir Belediyesinin tahsis ettiği atölyelerde kuruluma hazırlanarak Hatay’a getirildi.

Hatay Büyükşehir Belediyesi, vatandaşların barınma sorunu çözmek amacıyla oluşturulan yaşam alanında altyapı, çevre düzenlemesi ve elektrik ile ilgili çalışmalar gerçekleştirdi.

“LÜTFÜ BAŞKAN’IM VE HATAY BÜYÜKŞEHİR BELEDİYESİNE TEŞEKKÜR EDERİM”

Yaşam Alanları Girişim Derneği Başkanı Gül Taşdelen yaptığı konuşmada, “ Herkesle dayanışma içerisinde olarak hayalimizi gerçekleştirdik ve buradaki yaşam alanını oluşturduk. Deprem bölgesindeki insanların beslenme ve barınma sorunları yaşadığını biliyorduk. Barınma sorununa çözüm üretmek amacıyla da bu yola çıktık. Bizlere destek sunan herkese çok teşekkür ederiz. Lütfü Başkan’ım evlerimiz için altyapı ve çevre düzenlemesi gerçekleştirdi. Hatay Büyükşehir Belediyesine çok teşekkür ederim.” dedi.

AÇIKALIN: İNSANI MERKEZE ALAN HER ÇALIŞMA BİZİM İÇİN ÇOK KIYMETLİ

Eski Hatay Baro Başkanı Hüseyin Cahit Açıkalın da “İnsanı merkezine alan her çalışma bizim için çok kıymetli. Bu yaşam alanına katkı sunan herkese teşekkür ederim. Hukukçu olarak bundan sonraki süreçte güçlü şehirler inşa edilmesi, sivil yaşamın aynı şekilde inşası ve kent kültürümüzün korunması için bilimi ve hukuku referans almamız gerekir.” diye konuştu.

GEÇER: KOORDİNASYON MERKEZİ KURARAK HATAY’A HIZLI BİR ŞEKİLDE MÜDAHALELERDE BULUNDUK

Adana Büyükşehir Belediye Başkan Vekili Güngör Geçer de deprem olduğu ilk günden itibaren Hatay’a yardım ve desteklerde bulunduklarını belirterek “Hüzünlü ve gerçekten sıkıntı içinde bir yıl geçirdik. Bu yıl içerisinde bu acıları her gün tekrar yaşama durumunda kaldık. Biz, Adana Büyükşehir Belediyesi olarak deprem olduğu ilk anlarından itibaren Adana’da 11 binanın yıkımı gerçekleşmişti, hemen koordinasyon merkezi kurarak buraya hızlı bir şekilde müdahale ettik. Ve insanlarımızı da enkazlardan çıkardık. Zeydan Başkan’ımızın talimatları doğrultusunda da Hatay’da çok ciddi çalışmalar gerçekleştirdik. Bir daha bu afetleri yaşamamayı diliyorum.” açıklamalarında bulundu.

YILMAZ: YAPILAN TÜM ÇALIŞMALAR BİZE ÇOK BÜYÜK UMUT OLUYOR

Yıkımın boyutuna değinerek saha çalışmaları hakkında da açıklama yapan HBB Basın Yayın ve Halkla İlişkiler Daire Başkanı Nida Yılmaz, “ Çok büyük deprem yaşadık. Uluslararası verilere göre karada meydana gelen en büyük depremlerden biriydi. 311 binden fazla konutumuz yok oldu. Orta hasarlılar ile birlikte yüzde 34’ü oturulamaz halde. Bunun en fazla olduğu Antakya, Defne ve Samandağ olduğunu düşünürsek yüzde 70 ile 80’i yok oldu. Bizler de çalışmalar gerçekleştirerek konutlar yaptık ve depremzedelerimizi yerleştirdik. Hatay için sivil toplum kuruluşları inanılmaz çaba sarf ettiler. Sağlık kuruluşlarını da her alanda sahalarda gördük. Hatay için emek sarf eden ve destek veren herkese çok teşekkür ederiz. Herkesin emeklerine sağlık. Bu çalışmalar hepimiz için çok büyük umut oluyor.” dedi.

GÜZEL: SEVDİKLERİMİZİN DESTEKLERİ İLE TOPARLANIYORUZ

Defne Belediye Başkanı İbrahim Güzel, “Aradan bir yıl geçti ama bizim yaşadığımızı bir biz biliriz bir de Allah bilir. Deprem gerçekten de çok büyük bir boyuttaydı. Yüzyılın faciasını yaşadık. Halen yaşadıklarımızın etkisindeyiz. Sevdiklerimizin destekleri ile toparlanıyoruz. Çözüm ortaklarımıza çok teşekkür ederiz.” diye konuştu.

ARSLAN: BU ZOR GÜNLERİ BİRLİKTE DAYANIŞMA İÇİNDE AŞACAĞIZ

ODTÜ Mezunlar Derneği Başkanı Baki Arslan da “Bizim bizden başka dostumuz yok. Bu zor günleri birlikte dayanışma içinde aşacağız. Elimizden geleni yapmaya devam edeceğiz.” dedi.

Açılış konuşmalarının ardından yapımı tamamlanarak sahibine teslim edilen ahşap evlerin açılışı kurdele kesilerek yapıldı.

Haberin fotoğraf ve videosunu aşağıdaki linkten indirebilirsiniz.

https://we.tl/t-1rRLWFI3xi

https://we.tl/t-DgMYJ6TAa6",1,1,1,1,0,0,0,2,0,2,1,1,1,1,0,0,0,0,1,0
kmaras_bld_1281,Kahramanmaraş Belediye,belediye,kahramanmaras,4_local_campaign,2024-03-22,"Yerinde dönüşüm çalışmaları ve Trabzon Caddesi’nde devam eden hasarlı yapıların yıkım çalışmalarına ilişkin basın açıklamasında bulunan Başkan Güngör, “Bakanlığımız tarafından hayata geçirilen Kentsel Tasarım projesi ile inşallah çok kısa sürede Trabzon Caddemiz eski canlılığına kavuşacak” dedi.

Yeni Kahramanmaraş’ın imarı ve inşası noktasında tüm alanlarda çalışmalar devam ederken Kahramanmaraş Büyükşehir Belediye Başkanı Hayrettin Güngör, 66. Hükümet Tarım ve Orman Bakanı Prof. Dr. Vahit Kirişci ile şehirdeki son duruma ilişkin basın mensuplarına değerlendirmelerde bulundu. AK Parti İl Başkanı Cüneyt Doğan’ın da katılımıyla Trabzon Caddesi’nde gerçekleştirilen basın açıklamasında Başkan Hayrettin Güngör ve Prof. Dr. Vahit Kirişci; kalıcı konut ve iş yerlerinin inşası, kentsel tasarım çalışması, orta hasarlı binaların ruhsat süreci, uygun olmayan alanlar ve zemin etüt çalışmaları gibi pek çok konuya ilişkin değerlendirmelerde bulundu.

Şehir Merkezine 17 Bin Bağımsız Bölüm

Şehir tasarım projesi kapsamında şehri merkezine toplam 17 bin bağımsız bölüm inşa edileceğini belirten Başkan Hayrettin Güngör, “Deprem sonrası yeni Kahramanmaraş’ın imarı ve inşası noktasında Sayın Cumhurbaşkanımızın liderliğinde Bakanlıklarımız ve kurum kuruluşlarımızla tüm alanlarda çok yoğun bir çalışma yürütülüyor. Şehrimizde 17 binin üzerinde kalıcı konut ve köy evinin kurasını çekerek hak sahiplerine teslim ettik. Bir yandan da şehir merkezimizin dönüşümü için yoğun bir çalışma yapılıyor. Çevre, Şehircilik ve İklim Değişikliği Bakanlığımız ilk etapta 3 bin 500 bağımsız bölümün çalışmasını başlattı. Yapımına başlanan konut ve iş yerlerinin inşası hızla devam ediyor. Geçtiğimiz aylarda Çevre, Şehircilik ve İklim Değişikliği Bakanımız Sayın Mehmet Özhaseki’nin şehrimizi ziyaretinde şehir merkezinde inşa edilecek bağımsız bölüm sayısı 10 bine, Doğukent’in de proje alanına eklenmesiyle bu sayı 17 bine çıkarıldı. Bakanlığımız öncülüğünde TOKİ ve Emlak Konut tarafından şehir merkezimize 17 bin bağımsız bölüm kazandırılacak. Ayrıca Önsen’in arka tarafından Altınova’da 10 bin konutluk bir proje yapılıyor. Bunun 6 bini ilk etapta hayata geçirilecek” diye konuştu.

Trabzon Caddesi, Daha Kimlikli ve Fonksiyonel Hale Gelecek

Trabzon Caddesi’nde proje alanı içerisinde kalan yapıların yıkımının devam ettiğini vurgulayan Başkan Güngör, “Şehir genelindeki 35 bin ağır hasarlı binanın yıkımında yüzde 90’ın üzerine çıktık. Bugün de Trabzon Caddesi’nde şehir tasarım projesi içerisinde kalan otel ve iş yerlerinin yıkımına başlanıyor. Böylece Trabzon Caddesi, daha kimlikli ve fonksiyonel hale gelerek eski cazibesini tekrar kazanacak. Valilik binamız yine aynı yerinde olacak. Yine Valiliğimizin yanında çok ciddi bir meydan olacak” dedi.

Deprem Bölgesinde En Çok Kalıcı Konut Teslim Eden Şehiriz

66. Hükümet Tarım ve Orman Bakanı Prof. Dr. Vahit Kirişci, “Deprem sonrası geride kalan 13 aylık sürede hızla ihya ve inşadan öte yeni Kahramanmaraş’ın oluşturulması ve bu noktada çözümlerin üretilmesi noktasında çok önemli mesafeler kat ediyoruz. Biz insanlarımızın barınma ihtiyacını karşılamakla yetinmedik. Temel ihtiyaçlarının karşılanması hususunda da çok büyük çabalarımız var. Tüm Kahramanmaraş için makul, mantıklı, uygulanabilir çözümleri de üretiyoruz. Sayın Cumhurbaşkanımızın depremlerin 1. yıl dönümünde şehrimize teşrifleriyle 9 bin 289 konut ve köy evlerini kura yöntemiyle teslim ettik. 19 Mart 2024 tarihinde İçişleri Bakanımız Sayın Ali Yerlikaya’nın teşrifleriyle 8 bin 303 konut ve köy evininin kurasını çektik. Toplamda 17 bin 592 konut ve köy evi hak sahiplerine teslim edildi. Deprem bölgesi şehirler arasında en çok kalıcı konut teslim eden il konumundayız” diye konuştu.",1,1,1,1,0,2,2,2,1,0,2,2,2,1,0,0,0,0,1,0
kmaras_bld_2008,Kahramanmaraş Belediye,belediye,kahramanmaras,5_post_local,2024-10-29,"29 Ekim Cumhuriyet Bayramı’nın 101. yıl dönümü dolayısıyla Prof. Dr. Necmettin Erbakan Bulvarı’nda gerçekleştirilen kutlama programına katılan Başkan Görgel, “Gazi Mustafa Kemal Atatürk ve silah arkadaşları başta olmak üzere bu toprakları bizlere vatan kılmak için canını feda eden tüm şehitlerimizi rahmet ve minnetle yâd ediyor, gazilerimize şükranlarımızı sunuyoruz. 29 Ekim Cumhuriyet Bayramımız kutlu olsun” dedi.

Cumhuriyetin 101. yıl dönümü Kahramanmaraş’ta da büyük bir coşku ve heyecanla kutlandı. Cumhuriyet Bayramı kutlama programı, Valilikte gerçekleştirilen protokol tebrikinin ardından Prof. Dr. Necmettin Erbakan Bulvarı’nda düzenlenen çeşitli etkinliklerle devam etti. Şehir protokolü ve yüzlerce vatandaşın katılımıyla gerçekleştirilen kutlama programında; Vali Mükerrem Ünlüer, Tugay Komutanı Tuğgeneral Tolga Genç ve Büyükşehir Belediye Başkanı Fırat Görgel, araç üzerinde alandaki katılımcıları selamlayarak Cumhuriyet Bayramı’nı tebrik etti. Günün anlam ve önemini belirten konuşma ve şiir dinletisinin ardından Cumhuriyet Bayramı kutlamaları; askeri birliklerin gösterisi ve geçit töreniyle noktalandı.

Vali Ünlüer: “Türkiye Cumhuriyeti, Milletimizin Ortak Eseridir”

Cumhuriyet Bayramı kutlama programında konuşan Vali Mükerrem Ünlüer, “Bugün geçmişimizden aldığımız güçle, ezelden ebede büyük umutlar ve emin adımlarla, birlik ve beraberlik içerisinde yürürken geleceğimizin teminatı ve dirilişimizin sembolü olan Cumhuriyetimizin kuruluşunun 101’inci yılını kutlamanın gururunu ve coşkusunu hep birlikte yaşıyoruz. Büyük mücadeleler sonucunda ecdadımız bizlere, geçmişimize gururla ve geleceğimize güvenle bakmamızı sağlayacak bir ülke ve bir cumhuriyet miras bırakmıştır. Türkiye Cumhuriyeti, milletimizin ortak eseridir. Bu nedenle ülkemiz, aziz milletimiz için olduğu kadar, dünyanın mazlum ve mağdurları için de bir umut ışığı olarak doğmuş ve bu fonksiyonunu artan bir şekilde devam ettirmektedir. Bu duygu ve düşüncelerle, Türkiye Büyük Millet Meclisinin ilk başkanı ve Türkiye Cumhuriyeti'nin ilk Cumhurbaşkanı Gazi Mustafa Kemal Atatürk ve silah arkadaşları başta olmak üzere aziz şehitlerimizi ve kahraman gazilerimizi rahmet, minnet ve şükranla anıyor; tüm Kahramanmaraşlı hemşerilerimin 29 Ekim Cumhuriyet Bayramı'nı içtenlikle kutluyorum” cümlelerini kaydetti.

“Cumhuriyet, Ecdadımızın Kutsal Emanetidir”

Büyükşehir Belediye Başkanı Fırat Görgel, “Bugün, Cumhuriyet’imizin bir asrı aşan gururlu yürüyüşünü kutlamak için bir aradayız. Bu yürüyüşün her bir adımı tarihe yazılmış, her bir hamlesi şanla, şerefle doludur. Bu topraklarda binlerce yıllık medeniyetlerin birikimi, milletimizin azim ve kararlılığıyla bir araya gelerek Türkiye Cumhuriyeti’nin temel taşlarını döşemiştir. Kahramanmaraş, o kutlu mücadelede daima ön saflarda olmuştur. Sütçü İmamların, Arslanbeylerin, kahramanca direnişi, bağımsızlık meşalesinin sönmeyeceğini tüm dünyaya haykırmıştır. Cumhuriyet, bizim gibi aziz şehirlerin yiğit evlatlarının canları ve kanları pahasına savunduğu bir emanettir” dedi.

“Tarihimize Yaraşır Bir Şekilde Yeniden Ayağa Kalkıyoruz”

Başkan Fırat Görgel, “6 Şubat’ta Kahramanmaraş’ımız başta olmak üzere birçok ilimiz büyük yıkımlara maruz kaldı, nice canlar yitirdik. Ancak büyük bir millet olduğumuzu, dost ve kardeş ülkelere el uzattığımız gibi kendi yaralarımızı da sarabileceğimizi bir kez daha gösterdik. Devletimizin tüm imkânlarıyla seferber olduğu bu süreçte, acılarımızı sarmak için mücadele eden her bir kahramana minnettarız. Asırlık tarihimize yaraşır bir şekilde yeniden ayağa kalkıyor, güçlü ve büyük bir Türkiye’nin temellerini daha sağlam bir şekilde atıyoruz” ifadelerini kullandı.

“Cumhuriyet Bayramı’mız Kutlu Olsun”

Cumhuriyet’in 101. yılını tebrik eden Başkan Fırat Görgel, “Gazi Mustafa Kemal Atatürk ve silah arkadaşları başta olmak üzere bu toprakları bizlere vatan kılmak için canını feda eden tüm şehitlerimizi rahmet ve minnetle yâd ediyor, gazilerimize şükranlarımızı sunuyoruz. Her biri bu aziz toprakların bekçileri olarak milletimizin gönlünde daima yaşayacaktır. 29 Ekim Cumhuriyet Bayramımız kutlu olsun” ifadelerini kullandı.",0,0,0,1,0,3,3,3,1,0,0,0,0,1,0,0,0,0,1,0
tccb_013,TCCB,cumhurbaskanligi,kahramanmaras,1_post_quake,2023-02-09,"Kardeşlerim; sizleri sevgiyle, saygıyla selamlıyorum. Geçtiğimiz Pazartesi günü bu coğrafyanın tarihte gördüğü en büyük deprem felaketiyle sabah 04:17’de karşı karşıya kaldık ve Kilis de bu felaketten etkilenen şehirlerimizden bir tanesi oldu. Malum Kahramanmaraş merkezli bu felakette ne yazık ki şu ana kadar çok ciddi vefat durumumuz var, yaralı sayımız var. Ve dün depremin merkezi Kahramanmaraş ile depremden en çok etkilenen bir diğer şehrimiz Hatay’daydım, buraları gezdim. Bütün bunlarla beraber bölge genelinde depremin yol açtığı yıkıntılarda hayatını kaybeden vatandaşlarımızın sayısı şu an itibariyle 16 bin 546’ya ulaştı. Yaralılarımızın sayısı 66 bin 132, yine bölge genelinde yıkılan bina sayısı 6 bin 444. Kilis’te ise 178 bina yıkılmış, 73 vatandaşımız vefat etmiş, 690 vatandaşımız ise yaralanmıştır. Depremin vurduğu 10 şehrimizin tamamındaki vatandaşlarımıza buradan bir kez daha geçmiş olsun diyorum. Hayatını kaybeden tüm vatandaşlarımıza Allah’tan rahmet diliyorum. Tüm yakınlarına sabırlar temenni ediyorum. Deprem anından itibaren devletimiz tüm kurumlarıyla birlikte 10 vilayetimizde yer almış ve buralarda da gerekli ne yapılması icap ediyorsa bunları da icra etmiştir. Ancak depremin yaklaşık 13,5 milyon insanımızın yaşadığı 500 kilometre çapında bir alanda etkili olması işimizi takdir edersiniz ki zorlaştırmıştır. Buna rağmen devletimiz tüm kurumlarıyla afet bölgesinde arama-kurtarma ve yardım çalışmalarını süratle başlatmıştır. Artık sayıları 100 bini bulan personeliyle, binlerce kamu, sivil toplum ve uluslararası yardım ekibi sahada şu anda da görev başındadır. Ve tüm lojistik merkezlere her türlü yardım yerli, yabancı akmaktadır. Ülkemizin her ilinden, ilçesinden yardım malzemeleri ve gönüllüler deprem bölgesindeki illerimize gelmeyi sürdürmektedir. Hem malzemelerin, hem personelin deprem bölgesindeki organizasyonu AFAD tarafından yürütülmektedir. Hiç şüphesiz böylesine geniş alana yayılan ve derin etkileri olan bir afette eksikler olabiliyor ve bu eksikleri de süratle gidermenin gayreti içerisindeyiz. Buna rağmen bakanlıklarımız, kurumlarımız, sivil toplum kuruluşlarımız, vatandaşlarımız canla başla çalışarak depremzedelere yardımcı olmak için gayret sarf ediyor. Hiçbir vatandaşımızı sahipsiz bırakmayacağız ve şu an itibariyle depremzede vatandaşlarımıza ilk etapta 10’ar bin lira destek vereceğiz ve konutları yıkılanlarla ilgili olarak da TOKİ vasıtasıyla Çevre Şehircilik Bakanımın koordinasyonunda 1 yıl içerisinde bu konutların inşasını da bundan önce olduğu gibi gerçekleştireceğiz. Tabii yıkılan şehirlerimizi önce enkazdan arındıracağız ve 10 ilimizde de müteahhit firmalarımız süratle bu enkazları kaldırmak ve ardından da yine süratle yüklenici firmaların buralarda inşaatları başlatmasını temin edeceğiz. Derdimiz; bundan önceki gerek Van depreminde, gerek Bingöl’de, gerek İzmir’de, gerekse şu yakın dönemde Malatya, Elazığ, buralarda, gerek Kastamonu’daki sel afetinde, Antalya, Muğla, buralardaki felaketlerde nasıl süratle inşaatları tamamlayıp sahiplerine teslim ettiysek, orada devlet olarak vatandaşımızın yanında olduğumuzu ispat ettiysek, aynı şekilde şimdi de bu 10 vilayetimizde hiç endişe olmasın süratle vatandaşlarımız inşallah konutlarına sahip olacaklardır. Hiçbir vatandaşımız inşallah barınaksız, konutsuz kalmayacak, bunları da çözeceğiz. Çok teşekkür ediyorum, sağ olun.",0,0,0,1,0,3,3,3,1,0,2,2,2,1,0,0,0,0,1,0
kmaras_bld_1771,Kahramanmaraş Belediye,belediye,kahramanmaras,5_post_local,2024-08-28,"Büyükşehir Belediyesi, Dulkadiroğlu’nda Çiğli Mahallesi’ne ulaşım sağlayan grup yolu üzerinde bulunan ve depremde hasar alan köprü menfez yerine daha dayanıklı ve kullanışlı bir köprü inşa ediyor.

Şehrin ulaşım altyapısını güçlendirerek vatandaşlara daha konforlu seyahat imkânı sunmak için yatırımlarını artırarak sürdüren Kahramanmaraş Büyükşehir Belediyesi, Dulkadiroğlu’nda çalışma gerçekleştirdiği adreslere bir yenisini daha ekledi. Dulkadiroğlu kırsalında Çiğli Mahallesi’ne ulaşım sağlayan grup yolu üzerinde bulunan ve depremde hasar alan köprü menfez yerine daha dayanıklı ve kullanışlı yeni bir köprü inşa edilecek. Yol Yapım Bakım ve Onarım Dairesi Başkanlığınca mahalleye ulaşım için oluşturulan servis yolunun ardından mevcut köprü menfezin yıkımına başlandı. Mevcut yapının yıkımının tamamlanmasından sonra yeni köprünün inşasına geçilecek. Mahalleye ulaşım için son derece önem arz eden grup yolu üzerinde gerçekleştirilen köprü menfezin tamamlanmasıyla Çiğli’nin ulaşım standardı artırılacak.",0,0,3,0,3,0,0,0,1,0,3,3,3,1,0,0,0,0,1,0
csb_0493,CSB,bakanlık,kahramanmaras,3_inter_election,2024-01-03,"GAZİANTEP İSLAHİYE’DE DEPREM KONUTLARI BİRER BİRER TAMAMLANIYOR

Çevre, Şehircilik ve İklim Değişikliği Bakanı Mehmet Özhaseki, Gaziantep İslahiye’de yapılan deprem konutları ile ilgili çalışmaları değerlendirdi. Bakan Özhaseki, “6 Şubat depremlerinden bugüne devlet-millet el ele verdik. Yaralarımızı birlikte sardık, sağlam ve güvenli yuvalarımızı birer birer tamamlıyoruz. İnşallah Sayın Cumhurbaşkanımızın liderliğinde afetten zarar gören şehirlerimizi eskisinden daha güzel ve afetlere dirençli hale getireceğiz.” dedi.

Çevre, Şehircilik ve İklim Değişikliği Bakanlığı, 6 Şubat Kahramanmaraş merkezli depremlerde zarar gören şehirlerin ihya ve inşa çalışmalarına hızla devam ediyor. Çevre, Şehircilik ve İklim Değişikliği Bakanı Mehmet Özhaseki, sosyal medya hesabından Gaziantep İslahiye’de yürütülen çalışmalara yönelik bir video paylaştı. Paylaşımında depremin yaralarını devlet-millet el ele vererek birlikte sardığını dile getiren Bakan Özhaseki, “Medine kardeşim, ‘Allah devletimizden razı olsun’ diyor. 6 Şubat depremlerinden bugüne devlet-millet el ele verdik. Yaralarımızı birlikte sardık, sağlam ve güvenli yuvalarımızı birer birer tamamlıyoruz. İnşallah Sayın Cumhurbaşkanımızın liderliğinde afetten zarar gören şehirlerimizi eskisinden daha güzel ve afetlere dirençli hale getireceğiz.” ifadelerini kullandı.

İNŞAATLARIN HIZI VATANDAŞI ŞAŞIRTTI

Vatandaşların görüşlerine de yer verilen videoda bir depremzede, 20 yıla kadar yeni bir düzen kurabileceklerini düşünürken, bir sene içerisinde konutların yapılmasına şaşırdıklarını dile getirerek, “Daha senesi dolmadan insanların başını sokabileceği evler yapıldı. Allah devletimizden razı olsun.” diye konuştu.

“BU KADAR ÇABUK YAPILACAĞINI TAHMİN ETMİYORDUK”

Bir başka depremzede ise, “Bu kadar beklemiyorduk. Çok güzel evler, hoşuma gitti benim. Köy evleri olsun TOKİ evlerimiz olsun çok güzel ve sağlam. Yapılan evlerden memnunuz. Evlerin bu kadar da çabuk yapılacağını tahmin etmiyorduk.” ifadelerini kullandı.

“EVLERİ ÇOK SAĞLAM YAPMIŞLAR”

İnşaatı tamamlanan evlere bakınca çok mutlu olduğunu dile getiren bir diğer depremzede ise, “TOKİ evlerinin bu kadar güzel olacağını hayal etmiyordum. Depreme dayanıklı yapmışlar, perde beton. Her şeyine baktık. Çok sağlam yapmışlar. İşleri güçleri rast gelsin.” dedi. Yapılan köy evlerinin çok güzel olduğunu anlatan başka bir depremzede ise, “Fıstık gibi evler. Allah devletimizden razı olsun.” diye konuştu. Bir başka depremzede de, “Devletimiz ilk günden bugüne kadar da halen milletin yanında. Hala bizim yanımızda olmaya devam ediyor.” ifadelerini kullandı. Evlerin dört dörtlük yapıldığını söyleyen başka bir depremzede vatandaş ise, “Evler çok güzel oldu. Allah bin kere razı olsun. Devletimiz bizi perişan etmedi bizi rezil etmedi.” şeklinde konuştu.",0,0,0,1,0,3,3,3,1,0,1,1,1,1,0,0,0,0,1,0
kmaras_bld_0046,Kahramanmaraş Belediye,belediye,kahramanmaras,1_post_quake,2023-03-01,"Büyükşehir Belediye Başkanı Hayrettin Güngör, İçişleri Bakanı Süleyman Soylu ile Karacasu Geçici Konaklama Merkezi’ni ziyaret ederek bölgedeki çalışmaları inceledi.

Kahramanmaraş Büyükşehir Belediye Başkanı Hayrettin Güngör, depremin meydana geldiği ilk günden itibaren Kahramanmaraş’ta olan ve çalışmaları koordine eden İçişleri Bakanı Süleyman Soylu ile Karacasu Geçici Konaklama Merkezi konteyner alanında incelemelerde bulundu. Kahramanmaraş Valisi Ömer Faruk Coşkun ve AK Parti Kahramanmaraş Milletvekili Habibe Öçal’ın da yer aldığı ziyarette Başkan Hayrettin Güngör, bölgede devam eden çalışmalar hakkında Bakan Soylu’ya bilgiler aktardı.

Hemşehrilerimiz İçin Gece Gündüz Çalışıyoruz

Ziyarete ilişkin değerlendirmelerde bulunan Büyükşehir Belediye Başkanı Hayrettin Güngör, “Depremin meydana geldiği ilk saatlerde şehrimize gelen ve çalışmaları koordine eden İçişleri Bakanımız Sayın Süleyman Soylu ile birlikte Karacasu Geçici Konaklama Merkezi’nde incelemelerde bulunduk, çalışmalar hakkında bilgiler aldık. Ekiplerimiz konteyner alanında alt ve üstyapı çalışmalarını yoğun bir şekilde sürdürüyor. İnşallah çalışmaların kısa süre içerisinde tamamlanmasıyla konteyner kenti depremzede kardeşlerimizin hizmetine sunacağız. Hemşehrilerimizin tüm ihtiyaçlarının karşılanması ve mağduriyet yaşamamaları için gece gündüz çalışmaya devam ediyoruz” ifadelerini kullandı.",0,0,0,1,0,0,0,3,0,3,1,1,1,1,0,0,0,0,1,0
csb_0091,CSB,bakanlık,hatay,1_post_quake,2023-03-24,"BAKAN KURUM: SİZLERE SÖZ VERİYORUZ; ALLAH’IN İZNİYLE HER BİRİNİZİ SICAK YUVALARINIZA KAVUŞTURANA KADAR BURADAYIZ!

Çevre, Şehircilik ve İklim Değişikliği Bakanlığı, Toplu Konut İdaresi Başkanlığı (TOKİ) eliyle, Kahramanmaraş merkezli depremlerden etkilenen 11 ilde, 17 bin 902 konutun temeli dün eş zamanlı olarak gerçekleştirildi. Bugün ise Cumhurbaşkanı Recep Tayyip Erdoğan’ın katılımlarıyla Hatay’da 3 bin 112 afet konutu ve İskenderun, Defne ve Antakya Devlet Hastanesi’nin temel atma töreninde konuşan Bakan Murat Kurum, “Koştuk, durmadık, mücadelemizde yorulmadık, her bir yokuşu milletimizin duasını alarak omuz omuza çıktık! Tarihin, milletimizin ve Sayın Cumhurbaşkanımızın önünde sizlere söz veriyoruz. Allah’ın izniyle biz gönlümüzde taşıdığımız bu sözleri tutana kadar buradayız! Her biriniz yuvalarınıza kavuşana kadar buradayız! Sıcak yuvalarda ocaklar yanana kadar sizin yanınızdayız. Bu kararlılıkla depremin 15’inci günde başladığımız inşa sürecinde Sayın Cumhurbaşkanımız Recep Tayyip Erdoğan liderliğinde 50 bin sayısına ulaştık. 50 bin konutumuzun sözleşmesini yaptık. Dün itibariyle Kahramanmaraş’ta temellerimizi atmaya başladık. İnşallah 365’inci günde konutlarımızı Hatay’ımıza, İskenderun’umuza teslim edeceğiz.” dedi.

Çevre, Şehircilik ve İklim Değişikliği Bakanı Murat Kurum, Cumhurbaşkanı Recep Tayyip Erdoğan’ın katılımıyla Hatay’da 3 bin 112 afet konutu ve İskenderun, Defne ve Antakya Devlet Hastanesi’nin Temel Atma Töreni’nde konuştu.

Bakan Murat Kurum, Ramazan ayının ilk gününün Kahramanmaraş’ta hep birlikte idrak edildiğini belirterek, “Mübarek Ramazan ayının rahmet, bereket ve manevi ikliminde; birçok medeniyete kucak açmış, Akdeniz’in kalbi, Hatay’ımızdayız. Bugün zatıâlinizin teşrifleriyle afetzede kardeşlerimizin istikbale güvenle bakacağı, evlatlarını güvenle yetiştireceği yeni konutlarının temellerini umutla, azimle hep birlikte atıyoruz.” ifadelerini kullandı.

Afetin ilk anından itibaren bölgede çalışmalarına devam ettiklerinin altını çizen Bakan Kurum, ""Devletimiz Sayın Cumhurbaşkanımızın liderliğinde milletinin yanındaydı. Birlik ve beraberlik çatısı altında hiçbir gönlü ıssız bırakmadık. Koştuk, durmadık, mücadelemizde yorulmadık, her bir yokuşu milletimizin duasını alarak omuz omuza çıktık! Valilerimizle, belediye başkanlarımızla, STK’larımızla, iş dünyamızla, kanaat önderlerimizle, tüm vatandaşlarımızla el ele verdik, canla başla çalıştık, çalışmaya devam ediyoruz.” dedi.

“Her bir vatandaşımız yuvalarına kavuşana kadar buradayız! Sıcak yuvalarda ocaklar yanana kadar sizin yanınızdayız”

“Aziz milletimiz, afetzede kardeşlerimiz çok iyi bilmelidir: Biz aklımızla, fikrimizle, kalbimizle buradayız.” diyen Bakan Kurum, “Projelerimizle, çalışma arkadaşlarımızla birlikte; yükselen Anadolu’nun şehirlerini ayağa kaldırmak için buradayız. İşte Cumhurbaşkanımız burada! Tarihin, milletimizin ve Sayın Cumhurbaşkanımızın önünde sizlere söz veriyoruz. Allah’ın izniyle biz gönlümüzde taşıdığımız bu sözleri tutana kadar buradayız! Hatay’dayız, İskenderun’dayız… Her bir vatandaşımız yuvalarına kavuşana kadar buradayız! Sıcak yuvalarda ocaklar yanana kadar sizin yanınızdayız. Bu kararlılıkla 15’inci günde başladığımız inşa sürecinde Sayın Cumhurbaşkanımız Recep Tayyip Erdoğan liderliğinde 50 bin sayısına ulaştık. 50 bin konutumuzun sözleşmesini yaptık. Dün itibariyle Kahramanmaraş’ta temellerimizi atmaya başladık. İnşallah 365’inci günde konutlarımızı Hatay’ımıza, İskenderun’umuza teslim edeceğiz.” ifadelerini kullandı.

“Hatay’ımızı yeniden dirilişin şehri yapacağız, şanlı tarihimizin merkez şehri haline getireceğiz, ülkemizin parlayan yıldızı yapacağız”

Birlik ve beraberliğin şehri Hatay’ı 1 yıl içerisinde; kendi değerleriyle, kendi kimliğiyle, binlerce yıllık şehircilik kültürüyle, yüzlerce yıldır akıp gelen sosyal hayatıyla yeniden ayağa kaldıracaklarını vurgulayan Bakan Kurum sözlerini şöyle sonlandırdı:

“Camilerimizi, medreselerimizi, hanlarımızı, hamamlarımızı, köprülerimizi, tüm tarihi ve kültürel değerlerimizi ihya edeceğiz. Yükselen Anadolu’nun kadim şehri Hatay’ımızda yeni bir şehircilik destanı yazacağız. Hatay’ımızı yeniden dirilişin şehri yapacağız, şanlı tarihimizin merkez şehri haline getireceğiz, ülkemizin parlayan yıldızı yapacağız. Allah bizleri; sizlere, Hatay’ımızın güzel insanlarına, canlara, Habibi Neccar’ın torunlarına mahcup etmesin diyor; hepinizi saygıyla, hürmetle, muhabbetle selamlıyorum.”",0,2,0,0,2,3,3,3,1,0,2,2,2,1,0,0,0,0,1,0
tccb_250,TCCB,cumhurbaskanligi,hatay,4_local_campaign,2024-03-19,"Aziz Milletim, AFAD’ımızın Değerli Mensupları, Bizleri ekranları başında takip eden Kahramanmaraş’taki, Hatay’daki, Malatya’daki, Adıyaman’daki, Gaziantep’teki, Elazığ’daki, Osmaniye’deki, Şanlıurfa’daki, Kilis’teki, Adana’daki çok değerli kardeşlerim; hepinizi en kalbi duygularımla, muhabbetle selamlıyorum. Öncelikle başı rahmet, ortası mağfiret, sonu ebedi azaptan kurtuluş olan Ramazan-ı Şerifinizi tebrik ediyorum. Asrın felaketi 6 Şubat depremlerinde kaybettiğimiz 53 bin kardeşimizi bir kez daha rahmetle, hasretle yâd ediyoruz. Rabbim hepsini cenneti ve cemaliyle müşerref eylesin diyorum. Depremin ardından sabırla, metanetle, fedakârlıkla iline, ilçesine, mahallesine, köyüne, sokağına, evine, işin sahip çıkan vatandaşlarımızın her birine şükranlarımı sunuyorum. Geçici olarak gittikleri yerlerden ilk fırsatta dönerek şehirlerine ve ailelerine dört elle sarılan vatandaşlarıma da teşekkür ediyorum. Depremin ardından aylar boyunca bölgede kalarak hem depremzede kardeşlerimize destek olan, hem yardım ve yeniden inşa çalışmalarını koordine eden kamu personelimize de buradan teşekkürlerimi iletiyorum. Afeti takip eden haftalarda ve aylarda dünyanın en başarılı iyileştirme operasyonunu gerçekleştirdik, her afetzedenin yanında olduk, hayatını kaybedenlerin yakınlarına destek verdik, taşınmadan kiraya, enkaz kaldırmadan geçici barınmaya her konuda 115 milyar liralık bir kaynakla 2 milyon kişiye ulaştık. Depremin ardından hayatını kaybedenleri geri getiremeyiz, ama onun dışındaki tüm kayıpları telafi edecek güce, imkana, dirayete sahibiz demiştik. İşte bu sözümüzü tutmak için gece-gündüz çalışıyor, geçici barınmadan kalıcı konutlara tüm dönüşleri hızlı bir şekilde sağlıyoruz. Geçtiğimiz ayın başlarında yapımı tamamlanan 46 bin konut ve köy evinin kurasını çekerek anahtarlarını teslim etmiştik. Bugün de biraz önce başlattığımız kura ile 30 bin 723 vatandaşımızı daha evlerine kavuşturuyoruz. Kahramanmaraş’ta 7 bin 858’i konut ve 445’i köy evi olmak üzere 8 bin 303, Hatay’da 3 bin 304’ü konut ve 310’u köy evi olmak üzere 3 bin 614, Adıyaman’da 5 bin 145’i konut ve 273’ü köy evi olmak üzere 5 bin 418, Gaziantep’te 3 bin 600’ü konut ve 412’si köy evi olmak üzere 4 bin 12, Diyarbakır’da 2 bin 992 konut, Malatya’da 858’i konut ve 842’si köy evi olmak üzere 1700 konut, Osmaniye’de 1586’sı konut ve 10’u köy evi olmak üzere 1596 konut, Şanlıurfa’da 1094’ü konut ve 38’i köy evi olmak üzere 1132 konut, Elazığ’da 838 konut, Adana’da 727 konut, Kilis’te 342’si konut ve 49’u köy evi olmak üzere 391 konut, toplamda 30 bin 723 ailemizi yeni yuvalarının hayırlı, uğurlu, bereketli olmasını diliyorum. Böylece 1,5 ayda 76 bin konut sayısını aşmış bulunuyoruz, 2 ayda 80 bin konutu teslim etme sözümüzü yerine getirmeye çok az kaldı. İnşallah bu sayıyı yılsonuna kadar 200 bine tamamlayacağız. Amacımız, yaklaşık 390 bin konut, 11 bin 500 ahır, 40 bin 500 iş yerinden oluşan 442 bin hak sahibinin hiçbirini mağdur etmeden tamamını yuvalarına ve iş yerlerine kavuşturmaktır. Değerli Kardeşlerim, Tabii asrın felaketinin sebep olduğu sıkıntıların altından kalkmak öyle kolay bir iş değildir. Depremin yol açtığı yıkımların maliyeti 104 milyar doları buluyor. Sadece bu yılın bütçesinde deprem çalışmalarına 1 trilyon liranın üzerinde kaynak ayırdık. Geçtiğimiz yıl da bütçeden aşağı yukarı aynı meblağda harcama yapmıştık. Dikkat ederseniz, bunlar sadece bütçeden yaptığımız harcamaları ifade ediyor, sivil toplum kuruluşlarımızın, özel şirketlerimizin, vatandaşlarımızın, belediyelerimizin katkıları bunun dışındadır. İnşallah önümüzdeki yıldan sonra ülkemizin ve şehirlerimizin üzerindeki deprem yükünü tümüyle kaldırmayı hedefliyoruz. Bu tablo Avrupa’daki pek çok ülkenin nüfusundan ve konut sayısından daha yüksek bir inşa faaliyetini ifade ediyor. Böyle bir yükün altından milli dayanışma, afetle mücadele ve konut inşası alanındaki güçlü birikimimizle ancak biz kalkabilirdik. Millet ve devlet olarak canımızdan bir parça olarak gördüğümüz deprem bölgesinin ve depremzedelerimizin yaralarının bir an önce sarılması için gece-gündüz çalıştık. Biz sadece depremin yıktıklarını yerine koymakla kalmıyoruz, şehirlerimizi, konutları ve iş yerleri yanında caddeleriyle, meydanlarıyla, üretim ve istihdam altyapısıyla yeni baştan tasarlıyoruz. İnsanlarımızı içinde güvenle ve huzurla oturacakları evler ve şehirler yanında kendilerini esenlik içinde hissedecekleri bir geleceğe de kavuşturmanın peşindeyiz. Ülkemizin tamamıyla birlikte deprem bölgemizi de Türkiye yüzyılına hazırlıyoruz. Ülkede ve dünyada ne yaşanırsa yaşansın hiçbir gündemin bizi deprem bölgesiyle ilgili programımızdan uzaklaştırmasına izin vermiyoruz. İşte sizler de gördünüz, depremin hemen ardından geçtiğimiz Mayıs ayında cumhurbaşkanını ve milletvekillerini belirlediğiniz önemli bir seçim yaşadık. Şimdi de yerel yöneticilerimizi belirleyeceğimiz yeni bir seçimin arifesindeyiz. Bölgemizde ardı ardına yaşanan insani krizler ve çatışmalar bitmek yana, sürekli genişliyor. Rusya-Ukrayna savaşıydı, Suriye’de devam eden sorunlardı, Akdeniz çevresindeki gerilimlerdi derken şimdi de Gazze’deki katliamın insani ve vicdani sorumluluğuyla karşı karşıyayız. Hayat pahalılığıyla mücadelenin önceliklerimizin başında yer aldığı ekonomi programımızı zor şartlarda uygulamayı sürdürüyoruz. Seçim sonrası için felaket senaryoları yazarak bu programı sabote etmek için çalışanlar var, onları da yakından takip ediyoruz. Ama bunların hiçbiri deprem bölgemizin ayağa kaldırma çalışmalarımızın önüne geçemiyor. İnşallah bu badireyi de mutlaka geride bırakacağız. Değerli Kardeşlerim, Milyonlarca insanımızın hayatında unutulması mümkün olmayan acılara yol açan deprem felaketi sadece bu bölgemizin değil, ülkemizin bir gerçeği olarak karşımızda durmaktadır. İstanbul’dan İzmir’e, Van’dan Bolu’ya ülkemizin dört bir yanında milyonlarca insanımız tarihin bilinen en tehlikeli fay hatlarına yakın yerlerde yaşıyor. Türkiye 1999 depreminin ardından bu felakete karşı hazırlık için önemli bazı adımlar atmıştır. Hükümetlerimiz döneminde hem inşat kalitesini yükseltmek hem şehirlerimizi dönüştürmek için pek çok projeyi hayata geçirdik. TOKİ’nin öncülüğünde ülkemizin konut stokunun kayda değer bir bölümünü yeniledik. Sadece TOKİ vasıtasıyla 1 milyon 314 bin depreme dayanıklı, kaliteli, ekonomik konutu vatandaşlarımızın emrine sunduk. Özel sektörümüz ve vatandaşlarımız da bu sürece dahil oldu. Aynı şekilde depremde ayakta kalmaları hayati önem taşıyan kamu binalarının büyük kısmını da güçlü bir şekilde tekrar inşa ettik. Katettiğimiz mesafe önemli olmakla birlikte hâlâ dönüştürmemiz gereken pek çok bina var. Nitekim 6 Şubat depreminde yıkılan binaların yüzde 90’nından fazlasının 1999 öncesinde yapılanlar olduğunu ne yazık ki görüyoruz. Yıkıma uğrayan nispeten az sayıdaki yeni binanın ise teknik eksiklikler ve sonradan müdahaleler sebebiyle bu akıbete maruz kaldığı anlaşılıyor. Deprem maalesef bizi beklemiyor, bizim hazırlıklarımızı bitirmemizi hiç beklemiyor dolayısıyla, şehirlerimizi depreme dayanıklı hale getirmek için acele etmeliyiz. Bilhassa İstanbul gibi yoğun nüfusa sahip yerlerde Allah göstermesin böyle bir afetin altından kalkmak gerçekten çok zor olacaktır. Şehirlerimizi yeniden inşa etmek, harcayacağımız kaynak yıkımları telafi etmekten çok daha az maliyetlidir. En önemlisiyse bu şekilde kurtaracağımız canların bedeli olmayacaktır. Devlet ve millet el ele vererek bu tehdide karşı bir an önce gereken dönüşümleri gerçekleştirmek mecburiyetindeyiz. Hükümet olarak yarısı bizden kampanyasıyla bu doğrultuda önemli bir adım attık. Deprem bölgesindeki çalışmalarımızın bitmesiyle diğer şehirlerimizin dönüşümüne daha çok kaynak ayırma imkanına kavuşacağız. Her kim deprem tehdidini küçümseyerek buraya harcanması gereken kaynağı başka yere yönlendiriyorsa bu milletin en büyük düşmanıdır. Zübük siyasetiyle, başka alanlarda insanların gözlerini, boyamak belki mümkün olabilir ama bu anlayışın deprem karşısında zerre kadar önemi yoktur. Bunun için milletimden kendi evinden başlayarak mahallesini, ilçesini, şehrini, ülkesini depreme karşı hazırlayacak olanlara destek vermesini istiyorum. En iyi sizler biliyorsunuz deprem siyaset üstü bir konudur, deprem ihmale gelmeyecek bir konudur. Geçtiğimiz günlerde Çanakkale’de yaşanan ve Marmara bölgemizde de hissedilen şiddetli sarsıntı bu gerçeği bize bir kez daha hatırlatmıştır. İşte bu anlayışla deprem riski ve deprem sonrası yaşayabileceği kayıp oranı en yüksek şehrimiz İstanbul’u Murat Kurum kardeşimizi aday gösterdik. Ülkemizde son 5 yılda yaşanmış tüm afetler sonrasındaki çalışmaları başarıyla yürüten Murat Kurum kardeşimizin İstanbul’u da depreme en iyi şekilde hazırlayacağından asla şüphe duymuyoruz. İnşallah önümüzdeki dönem de hem deprem şehirlerimizi, hem ülkemizin aynı tehditle yüz yüze olan diğer şehirlerini dayanıklı hale getirmek için seferberlik ruhuyla çalışmayı sürdüreceğiz. Rabbim yar ve yardımcımız olsun. Bugünkü kura töreniyle anahtarlarını alacak vatandaşlarımıza konutlarının ve köy evlerinin tekrar hayırlı olmasını diliyorum. Hepinizi sevgiyle, saygıyla selamlıyorum.",1,1,1,1,0,3,3,3,1,0,1,1,2,0,1,0,0,0,1,0
csb_0297,CSB,bakanlık,hatay,3_inter_election,2023-07-19,"BAKAN MEHMET ÖZHASEKİ: ‘YERİNDE DÖNÜŞÜM’E 36 BİN 825 BAŞVURU

Depremzedelerin ‘Yerinde Dönüşüm’ projesine yoğun ilgi gösterdiklerini ifade eden Çevre, Şehircilik ve İklim Değişikliği Bakanı Mehmet Özhaseki, “Pazartesi başvurular başladı 38-40 saat anca geçti, müracaat eden vatandaş sayısı 36 bin 825. Neredeyse saatte bin kişi müracaat ediyor. Demek ki doğru işler yapıyoruz ki vatandaş da hızla müracaat ediyor” dedi. İstanbul’un depreme hazırlığı konusunda bir birim kuracaklarını ve haftaya çalışmalara başlayacaklarını belirten Özhaseki, “Bizim kaybedecek bir saniyemiz bile yok. Ve deprem de siyaset üstü bir durum üzerinden siyaset yapılacak bir durum değil. Geçenlerde Ekrem Bey de geldi. Onunla da konuştuk. İlçe belediye başkanı arkadaşlarımızla da bir araya geldik. Prensipte anlaştık. Haftaya çalışmalara başlıyoruz” ifadesini kullandı.

Çevre, Şehircilik ve İklim Değişikliği Bakanı Mehmet Özhaseki, Medya Ankara Temsilcileriyle Buluşması’nda, 11 ili etkileyen deprem bölgesinde başlatılan ‘Yerinde Dönüşüm’ projesi başta olmak üzere yürütülen çalışmalar hakkında bilgiler verdi.

İller Bankası Macunköy tesislerinde Ankara Temsilcileriyle bir araya gelen Bakan Mehmet Özhaseki, Bakanlık olarak “bin yılın felaketi” sonrası açılan yaraları hızla sarmaya odaklandıklarını ifade etti. Deprem bölgesinin yeniden ayağa kaldırılması için ‘Yerinde Dönüşüm’ projesini hayata geçirdiklerini ifade eden Özhaseki, depremzedelerin projeye büyük ilgi gösterdiklerini söyledi. Bakan Mehmet Özhaseki, sözlerini şöyle sürdürdü:

“ÇALIŞMALARIMIZ BOŞA GİTMEMİŞ”

“Yeni geliştirdiğimiz bir model var. O modelde bir taraftan bir seçenek olarak gözükebilir ama, aslında bir mecburiyet olarak karşımıza çıktı. Biz o bölgedeki vatandaşlarımızla konuştuk, sivil toplum örgütleriyle de bir araya geldik. Gerek Hatay’da, gerek Kahramanmaraş, Adıyaman, Malatya’da ben bir seri toplantılar yaptım. Orada Cumhuriyet Halk Parti’li milletvekili arkadaşları da davet ettim. Belediye başkanlarını da davet ettim, sivil toplum örgütlerini de davet ettim. Biz o bölgelerle ilgili bir takım planlamalar yaptık.

Bizim çalışmalarımız bunlar. Biz bunları, planları çalıştık. Sizler de lütfen eleştirin diye arkadaşlarımıza orada açık beyanda bulunduk. Herkes katıldı. Ve gördüğümüz bir şey vardı, Doğru, planlarımız hususunda çok ciddi bir eleştiri gelmedi. Bolca teşekkür geldi. Bundan da mutluluk duyduk, çalışmalarımız boşa gitmemiş, doğru işler yapmışız demek ki.”

“VATANDAŞ PROJEYİ OLUMLU BULDU”

“Bizim Yerinde Dönüşüm için iki tane zorunluluğumuz var. Bir, vatandaş yerinde kalmak istiyor, evini yeniden yapmak istiyor. İkincisi de o kadar elimizde 850 bin konutluk rezerv alan yok. Bunun için de bir mecburiyet olarak biz yerinde dönüşüm projemizi şekillendirdik. Vatandaşlar da bunu olumlu karşıladılar. Aslında düşündüğümüz şuydu; 100 metrekarelik bir evin şu andaki Anadolu’da yapım maliyeti 1 milyon lira gibi. Metrekaresi 10 bin lira gibi gözüküyor. O zaman biz bunun yarısını verelim, yarısını da kredilendirelim istedik. Evet, yarısını 100 metrekarelik bir ev için hibe olarak veriyoruz, yarısını da kredilendiriyoruz. Bütün kredilerin ödemesi 2 yıl inşaat süresince ödemesiz, sonra 10 yıl ödemeli. Ama sıfır faizle. Sanki vermiş olduğumuz 1 milyon lira vatandaşa tamamı hibe gibi gözüküyor. Eğer yıkılan evi 150 metrekareden fazla ise kredi miktarını 800 bine çıkarıyoruz. Dükkânlar için ise ayrı bir sistem var.”

“VATANDAŞLAR ŞEHİRLERİNE DÖNECEK”

“Bu projenin şehirlere müthiş bir faydası var. Ekonomi canlanacak. Yereldeki mimar ve mühendisler hareketleniyor, istihdam artıyor. İnşaat malzemesi çevredeki esnaftan alınıp yerelden imal ettiriyorlar. Şehrin merkezleri şu anda terkedilmiş gibi ama bir anda şantiyeye dönüşecek. Herkes şehirde canlılık başladığını gördüğü andan itibaren de şehirlerine geri dönecek.”

“4 KIRMIZI ÇİZGİ VE SIFIR TOLERANS”

“Bunları yaparken tabi aklımıza birçok sorular geliyor. Bu şehirler yıkıldı. Neden yerinde yapıyoruz ki gibi. Bu yıkının sebeplerini biz çok araştırdık. Bilim adamlarıyla çalıştık. Çok çalıştık. O bölgelerde 4 kırmızı çizgimiz var. Bunlardan da taviz vermeyeceğiz. Birincisi fay kırıklarının olduğu yerde konut yapmaya izin verilemeyecek. İkinci olarak dere ve sel yataklarının olduğu yerlerde yapılaşmaya müsaade edilmeyecek. Üçüncüsü zemin sıvılaşmasının olduğu zeminlerde de yapı yasağı var. Son olarak ise, mimarlık ve mühendislik işlerinin yapım aşamasında sıfır tolerans uygulanacak.”

“VATANDAŞLAR TÜM SORULARINA OFİSLERDE CEVAP BULABİLECEK”

“Biz 22 noktada Yapım ve Dönüşüm ofisleri açtık. Yapım ve Dönüşüm ofislerinde vatandaşların müracaatları olacak. Bilgilenmek isteyenler gelip bilgi alacaklar. Orada hak sahipliğini belirleme noktasında yetkili arkadaşlarımız olacak, aynı zamanda imar planlarındaki ihtilaflarımız yine dönüşüm ofislerimizde halledilecek. İlgili ilçelerden ve büyükşehir belediyelerinden arkadaşlarımız yer alacak bu ofislerde. Bakanlığımızın nezaretinde yürütülecek olan bu ofislerde, vatandaşın her türlü müracaatına cevap verecek bir yapı kurduk.”

“DEPREMZEDELER İÇİN TİP PROJELER HAZIRLADIK”

“Burada vatandaşlarımız için tip sözleşmeler hazırladık. Yani onlar, müteahhitlerle anlaşacakları zaman bir yanlışlığa düşmemeleri ve zorda kalmamaları için tip sözleşmeler hazırladık ve bu sözleşmelerle yola çıksınlar istiyoruz. Bu arada, mimarlık ve mühendislik ofislerinde bir masraf olur ve yapamam diyenler olursa onlar için arkadaşlarımız TOKİ’den 15 kadar da proje hazırladılar. Bunların mimarlık ve mühendislik hizmetleriyle alakalı, statik hesaplamaları ve çizimleri gibi ne kadar detay varsa hepsini hazır ettik. Bu tip projeleri de alıp kullanabilecekler.”

“YARIM KALIRSA TOKİ TAMAMLAYACAK”

“En önemlisi de burada yapılacak inşaatları ruhsattan iskân sürecine ve vatandaşın oturacağı ana kadar her türlü inşa faaliyetlerini bizler denetleyeceğiz ve takip edeceğiz. Çalışmalar yarım kalırsa, bizim nezaretimizde başlayan ve denetlediğimiz bu işler için TOKİ devreye girecek ve bütün vatandaşların binalarını TOKİ tamamlayacak.”

“MÜRACAATLAR e-DEVLET ÜZERİNDEN YAPILACAK”

“Müracaatları da vatandaşlarımız e-Devlet üzerinden yapabilecekler. ALO 181’den vatandaşlarımız her türlü bilgiyi alabiliyorlar. Gezici tırımız da sokaklarda gezerek her türlü bilgilendirmeyi sağlıyor.”

40 SAAT DOLMADAN 36 BİN 825 BAŞVURU

“Yapım ve Dönüşüm ofislerini 17 Haziran Pazartesi saat 14-15.00 gibi açtık başvuruları, aradan 38-40 saat anca geçti. Şu an müracaat eden vatandaş sayısı 36 bin 825. Neredeyse saatte bin kişi müracaat ediyor. Demek ki doğru işler yapıyoruz ki vatandaşlarımız da hızla müracaat ediyor. Önümüzdeki günlerde başvuruları göreceğiz, inşa faaliyetleri başlayacak ve rezerv alanları da bir daha gözden geçirip ona göre yapacağız. Amacımız bir an önce şehirlerin normale dönmesi ve dışarıda kalan vatandaşlarımızın güvenilir konutlara kavuşmasıdır. Bu yüzden yerinde dönüşüm için vatandaşlarımıza katkıda bulunacağız. Yalnızca bağış ve hibe olarak değil, kredi olarak da destek olacağız. İnşa faaliyetlerindeki projelerin hazırlanmasında, denetlenmesinde, içine yerleşilmesine kadar her safhayı takip ederek yardımcı olacağız. Rezerv alanlarımızdaki konutlarımızı da bitirip inşallah yardımcı olacağız.”

İSTANBUL’DA 1,5 MİLYON YAPI DÖNÜŞTÜRÜLECEK

İstanbul’un dünyada deprem riski taşıyan 10 büyükşehirden biri olduğunu belirten Özhaseki, olası depreme yakalanmadan önce gece gündüz çalışarak şehri depreme hazırlamak gerektiğini vurguladı. “İstanbul'da 5,8 milyon civarında bağımsız birim var. Bunun 1,5 milyonu riskli gözüküyor. Ama 600 bin konut ilk etapta çok daha riskli ve yıkılabilecek bir yapı olarak gözüküyor. Bizim bir an önce 600 bini akabinde ikinci sırada da riskli gözüken 1,5 milyon yapıyı dönüştürmek gibi bir mecburiyetimiz, zorunluluğumuz var. Şu anda 39 ilçede de 188 alanda kentsel dönüşüm yapılıyor.” İfadelerini kullandı.

“HAFTAYA ÇALIŞMALARA BAŞLIYORUZ”

İstanbul’un depreme hazırlanması konusunda bir saniye bile kaybedilecek zamanın bulunmadığının altını çizen Bakan Mehmet Özhaseki, İstanbul Büyükşehir Belediye Başkanı Ekrem İmamoğlu ve ilçe belediye başkanları ile de görüştüklerini ve prensipte anlaştıklarını söyledi. Haftaya İstanbul’da çalışmalara başlayacaklarını belirten Özhaseki, “Bizim kaybedecek bir saniyemiz bile yok. Ve deprem de siyaset üstü bir durum üzerinden siyaset yapılacak bir durum değil. Geçenlerde Ekrem Bey de geldi. Onunla da konuştuk. İlçe belediye başkanı arkadaşlarımızla da bir araya geldik, prensipte anlaştık. Haftaya çalışmalara başlıyoruz. İstanbul için belki özel bir birim kurarak düşündüklerimizi en hızlı bir biçimde bizim yapmamız gerekiyor. Daha önceki kentsel dönüşüm yapılan yerlerde karşımıza çıkan ne kadar sorun varsa onların hepsini biliyoruz. Bunları aşacak şekilde de çok ciddi yasalar ortaya koyarak hızlı bir biçimde bizim İstanbul'u da depreme hazırlamamız gerekiyor.” dedi.",2,2,2,1,0,2,2,2,1,0,3,3,3,1,0,0,0,0,1,0
kmaras_val_217,Kahramanmaraş Valiliği,valilik,kahramanmaras,4_local_campaign,2024-03-18,"18 Mart Çanakkale Zaferi’nin 109. yıl dönümünü ve Şehitleri Anma Günü münasebetiyle düzenlenen törende, Valimiz Mükerrem Ünlüer, Garnizon Komutanı Tuğgeneral Emin Mehmet Terzioğlu, Büyükşehir Belediye Başkanı Hayrettin Güngör ve Türkiye Harp Malulü Gaziler, Şehit, Dul ve Yetimleri Derneği Kahramanmaraş Şubesi Başkanı Mehmet Ali Küpeli, Şehitlik Anıtı’na çelenk sundu.
 
Saygı duruşu ve İstiklal Marşımızın okunmasının ardından şehitlik özel defterini imzalayan Vali Ünlüer, burada yaptığı konuşmada; “Bugün, şanlı tarihimizin önemli dönüm noktalarından biri olan 18 Mart Çanakkale Zaferi’mizin 109. yıl dönümünü büyük bir gurur ve heyecanla kutluyor; Çanakkale Zaferi’nin tüm kahramanlarını bir kez daha rahmet ve minnetle yad ediyoruz.
 
Çanakkale Zaferi, Türk Milletinin sarsılmaz birlik ve beraberliğinin en güçlü nişanesi; tarihten silinmek istenen bir milletin, bütün imkânsızlıklara rağmen vatanını korumak için verdiği milli mücadelenin destanıdır.
 
Milletimiz bu zaferi bize armağan edenleri asla unutmamıştır ve unutmayacaktır. Şehitlerimizin aziz hatıralarını yüreğimizde taşımak ve yaşatmak, onların emaneti olan değerli ailelerine sahip çıkmak onların acılarını, üzüntülerini ve sorunlarını paylaşmak bizlerin üzerine düşen milli bir görev ve görevin ötesinde de bir vefa borcudur.
Çanakkale Zaferi’nin 109. yıl dönümünde bu büyük zaferi milletimize armağan eden, başta Gazi Mustafa Kemal Atatürk ve silah arkadaşları olmak üzere deprem şehitlerimiz, tüm aziz şehitlerimizi ve gazilerimizi rahmet, minnet ve şükranla anıyor, aziz hatıraları önünde saygıyla eğiliyorum.” diye konuştu.
 
Vali Ünlüer, daha sonra ise Milletvekillerimiz, şehit ailelerimiz, gazilerimiz ve protokol mensupları ile birlikte şehitlerimizin kabirlerine karanfil bıraktı.
Şehitlik ziyareti, okunan Kur’an-ı Kerim Tilaveti ve yapılan duaların ardından son buldu. 
 
18 Mart Çanakkale Zaferi’nin 109. yıl dönümünü ve Şehitleri Anma programı, Mehmet Akif Ersoy Kültür Merkezi’nde düzenlenen program ile devam etti.
 
Saygı duruşu ve İstiklal Marşımızın okunması ile başlayan programda, Mehmet Gümüşer Anadolu Lisesi Müdürü Ali Buldum, açılış konuşması yaptı.
 
Personel Üsteğmen Bora Türe’nin günün anlam ve önemini belirten konuşması ile devam eden program, “Çanakkale Geçilmez” gölge tiyatrosu, oratoryo gösterisi ve zeybek oyunu ile sona erdi.",0,0,0,1,0,0,0,3,0,3,0,0,0,1,0,0,0,0,1,0
csb_0154,CSB,bakanlık,kahramanmaras,1_post_quake,2023-04-27,"BAKAN KURUM, ÜSKÜDAR SANAT VE MESLEK EĞİTİMİ KURSLARI SERTİFİKA TÖRENİ'NE KATILDI

Çevre, Şehircilik ve İklim Değişikliği Bakanı Murat Kurum, Bağlarbaşı Kongre Merkezi'nde düzenlenen Üsküdar Sanat ve Meslek Eğitimi Kursları (ÜSMEK) Sertifika Töreni'nde kursiyerlerle bir araya geldi.

Bakan Kurum, törende yaptığı konuşmada, Kahramanmaraş merkezli depremlerin ilk saatlerinden itibaren ilgili kurum ve kuruluşlarla birlikte bölgeye gittiklerini ifade etti.

Her afette olduğu gibi vatandaşların yanına gittiklerini aktaran Kurum, ""Önce acılarını paylaştık. Ardından hızlı bir şekilde arama kurtarma çalışmalarının akabinde vatandaşlarımızın geçici barınma alanını, enkaz kaldırma süreçlerini, milletimizle birlikte el ele vererek yürüttük. Vatandaşlarımıza sözlerimizi tutacağız, onlara yeni yuvalarını yapacağız, teslim edeceğiz."" diye konuştu.

""İstanbul'umuzun 39 ilçesini dönüştürmek istiyoruz""

İstanbul'un, Türkiye'nin istikbali olduğunu dile getiren Bakan Kurum, depremle mücadelenin, terörle mücadele kadar önemli olduğuna dikkati çekti.

Üsküdar Belediyesi ile birlikte vatandaşın can ve mal güvenliğini teminat altına alacak bir dönüşümü başlattıklarını kaydeden Bakan Kurum, şöyle devam etti:

""Bir kısım konutların anahtarlarını teslim ettik. Yine bir kısmına ilişkin de çalışmalarımızı belediyemizle birlikte yürütüyoruz. Üsküdar Kirazlıtepe'de, Ferah Mahallesi'nde, Üsküdar'ın güzelliğine güzellik katacak çalışmanın ilk etabını bitirdik. İstanbul'umuzun 39 ilçesini dönüştürmek istiyoruz. Bu işi siyaset üstü görüp ama ortaya konulması gereken iradeyi de net bir şekilde koymaya çalışıyoruz.""

Bakan Kurum, ÜSMEK'in istihdama ve üretime katkı sağlanan bir kurs olduğunu belirterek, mezuniyet belgelerini alacak kursiyerleri tebrik etti.",0,0,0,1,0,2,2,2,1,0,1,1,1,1,0,0,0,0,1,0
csb_0901,CSB,bakanlık,kahramanmaras,5_post_local,2024-11-30,"‘YENİDEN DAHA GÜÇLÜ ANADOLU’ HIZLA İNŞA EDİLİYOR

Çevre, Şehircilik ve İklim Değişikliği Bakanlığı, deprem bölgesindeki 11 ilde yaraları sarmak için çalışmalarına aralıksız devam ediyor. Bir yanda şehir merkezlerinde yeni yaşam alanları, diğer yanda köy evlerinin inşaatları tamamlanıyor. Yerinde Dönüşüm desteği ile de isteyen vatandaşlar kendi ev ve iş yerlerini yeniden inşa ettirebiliyor. Ağır yıkıma uğrayan şehir merkezleri yine Bakanlığın hazırladığı projelerle yeniden ayağa kaldırılıyor. Asrın felaketinin izleri seferberlik ruhuyla tek tek siliniyor. İl il deprem bölgesindeki konutların teslimatına ilişkin son rakamları paylaşan Bakan Kurum, “2025 yılının sonunda asrın felaketini yaşayan 11 ilimiz artık afetin değil huzurun, umudun ve güvenin adresi olacak. Şehirlerimiz Türkiye Yüzyılı’nın mührünü taşıyacak. 155 bin konutu sahiplerine teslim ettik, yıl sonuna kadar 200 bin, 2025 yılı sonunda 452 bin 983 konutu teslim edeceğiz” dedi.

Çevre, Şehircilik ve İklim Değişikliği Bakanlığı, TOKİ Başkanlığı, Emlak Konut Genel Müdürlüğü, Yapı İşleri Genel Müdürlüğü ve Kentsel Dönüşüm Başkanlığı iş birliğiyle deprem bölgesindeki ev ve iş yerlerini yeniden inşa ediyor. ""Yeniden Daha Güçlü Anadolu 155.000. Konut Anahtar Teslimi ve Kura Çekimi Töreni” Cumhurbaşkanı Recep Tayyip Erdoğan'ın katılımıyla dün Kahramanmaraş’ta gerçekleştirildi.

24 BİN 559 KONUT VE İŞ YERİ DAHA TESLİM EDİLDİ

Törende Adıyaman’da 6 bin 912, Hatay’da 5 bin 900, Kahramanmaraş’ta 3 bin 499, Malatya’da 2 bin 313, Şanlıurfa’da 2 bin 929, Elazığ’da bin 407, Diyarbakır’da 674, Gaziantep’te 257, Adana’da 668 olmak üzere toplam 24 bin 559 konut daha teslim edildi. Yeni tamamlanan konutlarla birlikte teslim edilen konut ve iş yeri sayısı 155 bin 124’e yükseldi. Bakanlık, 2024 yılı sonunda 199 bin 20’si konut, 2 bin 668’i iş yeri olmak üzere 201 bin 688 bağımsız bölümü hak sahiplerine teslim etmek için çalışmalarına aralıksız devam ediyor.

2025 SONUNDA 452 BİN 983 EV VE İŞ YERİ TESLİM EDİLECEK

Deprem bölgesindeki köylerde 2 bin 952, şehirlerdeki 174 ayrı alanda bulunan toplam 1900 şantiyede, 160 bin işçi afet konutlarının inşası için aralıksız çalışıyor. Deprem bölgesindeki 11 ilde 2025 yılı sonunda 416 bin 960’ı konut , 36 bin 23’ü ticari ünite olmak üzere toplam 452 bin 983 konut ve iş yerinin teslimatının tamamlanması hedefleniyor.

“11 İLİMİZ ARTIK AFETİN DEĞİL HUZURUN ADRESİ OLACAK”

Çevre, Şehircilik ve İklim Değişikliği Bakanı Murat Kurum, sosyal medya hesabından deprem bölgesindeki 11 ilde konutların teslimatına ilişkin son rakamları paylaştı. Bakan Kurum, “2025 yılının sonunda asrın felaketini yaşayan 11 ilimiz artık afetin değil huzurun, umudun ve güvenin adresi olacak. Şehirlerimiz Türkiye Yüzyılı’nın mührünü taşıyacak. 155 bin konutu sahiplerine teslim ettik, yıl sonuna kadar 200 bin, 2025 yılı sonunda 452 bin 983 konutu teslim edeceğiz” ifadesini kullandı.

YERİNDE DÖNÜŞÜMLE DE 28 BİN 686 KONUT YENİDEN İNŞA EDİLİYOR

Çevre, Şehircilik ve İklim Değişikliği Bakanlığı, deprem bölgesindeki 11 ildeki inşa desteğinin yanı sıra “Genel Hayata Etkili Afet Bölgesi” ilan edilen 18 il (Kahramanmaraş, Adana, Adıyaman, Diyarbakır, Elazığ, Gaziantep, Hatay, Kilis, Malatya, Osmaniye, Şanlıurfa, Sivas’ın Gürün ilçesi, Bingöl, Kayseri, Mardin, Tunceli, Niğde ve Batman) için de depremzede hak sahiplerine Yerinde Dönüşüm Desteği sağlıyor. ‘Yerinde Dönüşüm’ desteği kapsamında şehirlerde 17 bin 767 konut, köylerde 10 bin 919 köy evi olmak üzere toplam 28 bin 686 konut için Kentsel Dönüşüm Başkanlığı tarafından 15,5 milyar TL destek sağlandı.

YERİNDE DÖNÜŞÜMLE NE KADAR DESTEK SAĞLANIYOR?

Deprem bölgesindeki konutlara 750 bin TL hibe, 750 bin TL kredi ve vatandaşların proje hazırlığı yaparken kullanabilmeleri için 40 bin TL proje desteği sağlanıyor. İş yerlerine ise 400 bin TL hibe, 400 bin TL kredi ve yine 40 bin TL proje desteği veriliyor. Ahırlı konutlar için 750 bin TL hibe, 1 milyon TL kredi ve 40 bin TL proje desteği sağlanıyor. İlk konut ve iş yeri için Yerinde Dönüşüm desteklerinden faydalanan vatandaşlar 2 ve 3. konut/iş yeri için de 40 bin TL proje desteği ve kredi imkanından faydalanabiliyor.

İLLERE GÖRE TESLİM EDİLEN KONUT SAYILARI

Bugüne kadar Adana’da 3 bin 872, Adıyaman’da 24 bin 625, Diyarbakır’da 7 bin 98, Elazığ’da 5 bin 481, Gaziantep’te 20 bin 888, Hatay’da 32 bin 160, Kahramanmaraş’ta 27 bin 398, Kilis’te bin 929, Malatya’da 19 bin 751, Osmaniye’de 5 bin 410, Şanlıurfa’da 6 bin 512 konut/iş yeri teslim edildi.

2024 SONUNDA TESLİM EDİLECEK KONUT VE İŞ YERİ SAYILARI

Yıl sonuna kadar teslim edilecek konut ve iş yeri sayısı Adana’da 6 bin 680, Adıyaman’da 30 bin 53, Diyarbakır’da 7 bin 391, Elazığ’da 7 bin 11, Gaziantep’te 24 bin 191, Hatay’da 44 bin 227, Kahramanmaraş’ta 39 bin 136, Kilis’te 2 bin 852, Malatya’da 27 bin 343, Osmaniye’de 5 bin 632, Şanlıurfa’da 7 bin 172’ye yükselecek.

2025 SONUNDA TESLİM EDİLECEK KONUT VE İŞ YERİ DAĞILIMI

2025 yılı sonunda tüm deprem konutlarının tamamlanması hedefleniyor. 2025 sonunda Adana’da 12 bin 528 konut ve 89 iş yeri, Adıyaman’da 39 bin 772 konut ve 2 bin 397 iş yeri, Diyarbakır’da 17 bin 326 konut ve 251 iş yeri, Elazığ’da 14 bin 264 konut ve 87 iş yeri, Gaziantep’te 29 bin 940 konut ve bin 377 iş yeri, Hatay’da 146 bin 305 konut ve 11 bin 864 iş yeri, Kahramanmaraş’ta 62 bin 775 konut ve 6 bin 132 iş yeri, Kilis’te 3 bine yakın konut ve iş yeri, Malatya’da 66 bin 941 konut ve 12 bin 761 iş yeri, Osmaniye’de 10 bin 884 konut ve 966 iş yeri, Şanlıurfa’da 13 bin 443 konut ve 95 iş yerinin teslim edilmesi hedefleniyor.

Linke tıklayınız;",0,3,0,0,3,2,2,2,1,0,2,2,3,0,1,0,0,0,1,0
kmaras_bld_1160,Kahramanmaraş Belediye,belediye,kahramanmaras,4_local_campaign,2024-02-01,"Büyükşehir Belediyesinin Kültür Yayınları’ndan Yitiksöz, Evelahir ve Müşterek dergilerinin yeni sayıları okurlarla buluştu. Dergilerin aktüel ve geçmiş sayılarına e-dergi formatında Büyükşehir Belediyesinin internet adresinden ulaşılabiliyor.

Şiir ve edebiyatın başkentinde kültür envanterini zenginleştirmek, sanatsal ve entelektüel birikimi artırmak ve kültür sanata derinlik kazandırmak için faaliyetlerini artırarak sürdüren, 2019 yılından itibaren şehir kitaplığına 65 yeni kitap kazandıran ve çalışmalarıyla edebiyat camiasının takdirini kazanan Kahramanmaraş Büyükşehir Belediyesi, Kültür Yayınları’ndan Yitiksöz, Evelahir ve Müşterek dergilerinin yeni sayılarını okurlarla buluşturdu. Edebiyat Kültür ve Sanat Araştırmaları Derneği tarafından yılın dergisi seçilen Yitiksöz’ün yeni sayısında, usta şair ve yazarların kaleme aldığı şiir, makale ve deneme türünde eserler yer alıyor. Türkçe ve Arapça olarak yayımlanan Müşterek Dergisi’nin yeni sayısında, tarihe damga vuran önemli şahsiyetlerin fikir ve düşünce hayatına ilişkin yazılar bulunurken, şehrin kültür sanat dergisi olan Evelahir’in 18. sayısında ise; 6 Şubat depremlerindeki hüzün dolu hikâyeler, şehrin tarihi ve doğal güzellikleri, el sanatları gibi pek çok konu işleniyor. Yitiksöz, Evelahir ve Müşterek dergilerinin yeni sayılarına e-dergi formatında https://kahramanmaras.bel.tr/e-dergi ve https://www.marastaedebiyat.com/belediye-yayinlari internet adreslerinden ücretsiz bir şekilde ulaşılabiliyor.",0,0,0,1,0,0,0,0,1,0,0,0,0,1,0,0,0,0,1,0
kmaras_val_201,Kahramanmaraş Valiliği,valilik,kahramanmaras,4_local_campaign,2024-02-27,"İl İstihdam ve Mesleki Eğitim Kurulu 2024 yılı 1. Olağan toplantısı, Valimiz Mükerrem Ünlüer başkanlığında gerçekleştirildi.
 
Toplantı, İl Milli Eğitim Müdürlüğü yetkilileri tarafından “Mesleki Eğitimde İş Sağlığı ve Güvenliği” ile “İş Yerlerinde İş Sağlığı ve Güvenliği” konulu sunumların yapılmasıyla başladı.
 
Toplantıda; Mesleki ve teknik ortaöğretim kurumlarında öğrenim görmekte olan öğrencilerin özellikle işyerlerinde yaptıkları staj çalışmalarında iş sağlığı ve güvenliğine ilişkin tedbirlerin alınması, iş sağlığı ve güvenliği konusunda farkındalıkların artırılması, kentimizi ve ülkemizi derinden sarsan asrın felaketi depremlerinden sonra kentimizde nitelikli işgücü yetiştirmek, işsizlik oranını azaltmak, kadın, genç ve dezavantajlı grupların istihdama katılımlarını artırmak amacıyla yapılacak örnek çalışmalarda gerekli hassasiyetin gösterilmesi hususları görüşülerek, yapılacak çalışmalara ve kurumlar ile işyerleri arasında koordinasyona ehemmiyet gösterilmesinin önemli olduğu ifade edildi. 
 
İl İstihdam ve Mesleki Eğitim Kurulu Toplantısı, belirlenen gündem maddelerinin görüşülmesi, üyelerin kararlara ilişkin önerilerinin istişare edilmesi ve alınan kararların kurul üyeleri tarafından onaylanması ile sona erdi.",0,0,0,1,0,0,0,0,1,0,3,3,3,1,0,0,0,0,1,0
csb_0309,CSB,bakanlık,adiyaman,3_inter_election,2023-07-26,"ADIYAMANLI DEPREMZEDELERDEN 'YERİNDE DÖNÜŞÜM'E YOĞUN İLGİ

Adıyamanlı depremzedeler, Çevre, Şehircilik ve İklim Değişikliği Bakanlığı tarafından başlatılan ‘Yerinde Dönüşüm’ projesine büyük ilgi gösterdi. Bakan Mehmet Özhaseki, “Depremden en çok etkilenen illerimizden Adıyaman’da da vatandaşlarımız ‘Yerinde Dönüşüm’ projemize yoğun ilgi gösteriyorlar. Adıyaman’da da ev ve iş yerlerini yerinde dönüştürmek isteyen vatandaşlarımızın yanındayız. Ev ve işyerlerini tamamlanıp teslim edilene kadar her aşamada Bakanlık olarak desteğimizi ve denetimlerimizi sürdüreceğiz.” dedi.

Çevre, Şehircilik ve İklim Değişikliği Bakanlığı tarafından deprem bölgesini hızla ayağa kaldırmak için hayata geçirilen ‘Yerinde Dönüşüm’ projesi, afetzede vatandaşlar tarafından büyük ilgi görüyor. Hibe ve kredi desteği sağlayan projeye, deprem bölgesindeki tüm illerde olduğu gibi Adıyamanlı vatandaşlardan da yoğun talep geldi. Bakanlığın denetiminde ev ve iş yerlerini yapmak isteyen afetzedeler, projeyi çok beğendiklerini ve evlerinin yerinde yapılacak olmasından dolayı da mutlu olduklarını dile getirdi.

“BAKANLIK OLARAK DESTEĞİMİZİ VE DENETİMLERİMİZİ SÜRDÜRECEĞİZ”

Çevre, Şehircilik ve İklim Değişikliği Bakanı Mehmet Özhaseki, resmî sosyal medya hesabından yayımladığı paylaşımda, “Depremden en çok etkilenen illerimizden Adıyaman’da da vatandaşlarımız ‘Yerinde Dönüşüm’ projemize yoğun ilgi gösteriyorlar. Adıyaman’da da ev ve iş yerlerini yerinde dönüştürmek isteyen vatandaşlarımızın yanındayız. Yapıları tamamlanıp teslim edilene kadar her aşamada Bakanlık olarak desteğimizi ve denetimlerimizi sürdüreceğiz.” ifadelerini kullandı.

CUMHURBAŞKANI ERDOĞAN’A VE BAKAN ÖZHASEKİ’YE TEŞEKKÜR

‘Yerinde Dönüşüm’ projesiyle hem eski komşularıyla aynı yerde olma hem de sağlam ve güvenilir konutlara kavuşma hayalleri gerçekleşecek olan Adıyamanlılar; projeyi çok beğendiklerini ifade ettiler. Evlerinin yerinde yapılacak olmasından dolayı mutlu olduklarını belirten Adıyamanlı depremzedeler, “Devletimiz harika bir proje yapıyor. Cumhurbaşkanımız ile Çevre, Şehircilik ve İklim Değişikliği Bakanımızı yürekten destekliyor ve teşekkür ediyoruz. Evlerimizi ve iş yerlerimizi yerimizde yaptığımız zaman daha mutlu olacağız, daha iyi olacağız. 500 bin lira hibe ve 500 bin lira kredi veriliyor. Bizim için çok iyi bir destek olacak. Onun için güzel bir proje.” dedi.",0,0,0,1,0,0,0,2,0,2,2,2,2,1,0,0,0,0,1,0
csb_0667,CSB,bakanlık,hatay,5_post_local,2024-05-16,"BAKAN ÖZHASEKİ, HATAY VALİSİ MUSTAFA MASATLI VE BÜYÜKŞEHİR BELEDİYE BAŞKANI MEHMET ÖNTÜRK’Ü KABUL ETTİ BAKAN MEHMET ÖZHASEKİ: “DEPREMZEDE VATANDAŞLARIMIZI GÜVENLİ YUVALARINA KAVUŞTURMAK İÇİN DURMADAN, YORULMADAN ÇALIŞIYORUZ”

Çevre, Şehircilik ve İklim Değişikliği Bakanı Mehmet Özhaseki, Hatay Valisi Mustafa Masatlı ve Büyükşehir Belediye Başkanı Mehmet Öntürk’ü makamında kabul etti. Hatay’ın yeniden inşası kapsamında yapılacak çalışmalar ve bölgeye ilişkin son durumun görüşüldüğü toplantıda Bakan Özhaseki, “Bütün gücümüzle Hatay’ımızı yeniden ayağa kaldırmak, depremzede vatandaşlarımızı güvenli yuvalarına kavuşturmak için durmadan, yorulmadan çalışıyoruz.” dedi.

Çevre, Şehircilik ve İklim Değişikliği Bakanlığı, 6 Şubat 2023 tarihinde yaşanan Kahramanmaraş merkezli depremlerden etkilenen illerin yeniden inşa ve ihyası kapsamında çalışmalarını aralıksız sürdürüyor. Bakan Mehmet Özhaseki, depremde ağır yıkımlar yaşayan Hatay’ın eski canlılığına kavuşabilmesi adına yapılacak çalışmalar ve bölgeye ilişkin son durumu görüşmek üzere, Hatay Valisi Mustafa Masatlı ile Büyükşehir Belediye Başkanı Mehmet Öntürk’ü makamında kabul etti. Bakan Yardımcısı Vedad Gürgen’in de bulunduğu görüşmede; Vali Masatlı ve Belediye Başkanı Öntürk, Hatay’ın yeniden inşası için yürütülen çalışmaların durumu hakkında Bakan Özhaseki’ye bilgi verdi.

“DURMADAN, YORULMADAN ÇALIŞIYORUZ”

Bakan Mehmet Özhaseki, Hatay’ın yeniden inşa ve ihyası için yürütülen projeleri istişare ettiklerini ifade ederek, “Bütün gücümüzle Hatay’ımızı yeniden ayağa kaldırmak, depremzede vatandaşlarımızı güvenli yuvalarına kavuşturmak için durmadan, yorulmadan çalışıyoruz.” dedi.",0,0,0,1,0,0,0,2,0,2,1,1,1,1,0,0,0,0,1,0
kmaras_val_197,Kahramanmaraş Valiliği,valilik,kahramanmaras,4_local_campaign,2024-02-22,"6 Şubat depreminin merkez üssü Kahramanmaraş'ın kalkınması ve istihdam sağlanması için Sayın Cumhurbaşkanımızın talimatları doğrultusunda harekete geçen Savunma Sanayii Başkanlığı, Türk Havacılık ve Uzay Sanayii (TUSAŞ) üretim tesisini Kahramanmaraş'a kazandırdı.
 
Cumhurbaşkanlığı Savunma Sanayii Başkanı Sayın Prof. Dr. Haluk Görgün ve Milli Savunma Bakan Yardımcısı Sayın Şuay Alpay’ın da katılımıyla gerçekleştirilen açılış törenine, Valimiz Mükerrem Ünlüer, önceki dönem Tarım ve Orman Bakanı Sayın Prof. Dr. Vahit Kirişçi, Kahramanmaraş Milletvekilleri Ömer Oruç Bilal Debgici, Tuba Köksal, Mevlüt Kurt, Mehmet Şahin, TUSAŞ Yönetim Kurulu Başkanı Prof. Dr. Rafet Bozdoğan, protokol mensupları, iş insanları ve sektör temsilcileri katıldı.
 
Protokol konuşmaları ile başlayan törende konuşan TUSAŞ Yönetim Kurulu Başkanı Rafet Bozdoğan, Kahramanmaraş merkezli depremlerin ardından, kentin mevcut sanayi altyapısı dikkate alınarak TUSAŞ'ın Kahramanmaraş'a yönlendirildiğini anımsatarak, ""Kahramanmaraş'ta uçak ve havacılık yapısalları parçalarını üretmeye başlayacağız. TUSAŞ olarak depremin ardından kurmuş olduğumuz bu tesisin, bölgemiz adına bir başlangıç olacağını ve ilerleyen günlerde daha da büyüyeceğini kendi ekosistemini yetiştireceğini değerlendirmekteyiz."" diye konuştu.
 
Vali Mükerrem Ünlüer, “6 Şubat asrın felaketi Kahramanmaraş merkezli depremlerin ardından Sayın Cumhurbaşkanımızın talimatları doğrultusunda bilindiği üzere devlet yatırımlarının ve bütçenin büyük çoğunluğu deprem bölgelerine aktarıldı.

Bu bağlamda Cumhurbaşkanlığı Savunma Sanayi Başkanlığımız da çok önemli bir üretim tesisini şehrimize kazandırdı. TUSAŞ Yetkilileri ve Kahramanmaraş Ticaret ve Sanayi Odası Yönetim Kurulu ile yapılan görüşmeler ve anlaşmalar neticesinde TÜRKOĞLU OSB’miz içerisinde Uçak, İHA ve Helikopter parçalarını üretmek üzere önemli bir tesis şehrimizde bugün itibariyle faaliyete başlıyor. TUSAŞ bu tesisi ile hem ekonomik hem de istihdam anlamında ilimize büyük katkı sağlayacağına inanıyoruz. Emeği geçenlere şükranlarımı sunuyorum.” diye konuştu.

Milli Savunma Bakan Yardımcısı Sayın Şuay Alpay ise “Şüphesiz, depremle çok canımız yandı, çok canlar kaybettik. Çok sayıda bina, iş yeri ve tesislerimizi kaybettik. Ama Allah'ın yardımıyla bu aziz millet, devletin bütün kurumlarıyla el ele vererek acıların üstesinden gelmeyi başardı. Bugün geldiğimiz noktada yaşadığımız büyük acılardan sonra büyük müjdelerle yolumuza devam etmek zorundayız. Dün bütün dünyanın yakından takip ettiği gibi 5'inci nesil milli muharip uçağımız Kaan, gök yüzündeydi. Sayın Cumhurbaşkanımızın liderliğiyle Savunma Sanayi Başkanlığımızın koordinasyonu ve öncülüğünde bütün savunma sanayi şirketlerimizin yöneticileri ve çalışanlarının çok üstün gayretiyle sizlerle birlikte gereken hizmeti sunacağız."" dedi.

Savunma sanayiinin ileri teknolojinin ve sanayinin lokomotifi konumunda olduğuna vurgu yapan Savunma Sanayii Başkanı Dr. Haluk Görgün ise ""Bu alanda yapacağımız her çalışma ve ekosistemimizde elde edeceğimiz derinlik, bizi daha da ileriye taşıyacaktır. Türk savunma sanayisinin dışa bağımlılığını bitirme hedefi iyi bir noktaya gelmiş olup, ülkemiz artık teknoloji ithal eden değil, teknoloji ihraç eden bir ülke konumuna doğru emin adımlarla yürümeye devam etmektedir. İleri teknolojiye sahip savunma sanayi ürünlerinin, inovasyon odaklı diğer sektörlere öncülük etmesine katkıda bulunması inancıyla kamu, üniversite ve özel sektör olarak hep birlikte gerçekleştireceğimiz çalışmalar sayesinde daha ileri seviyelere ulaşmak mümkün olacaktır."" diye konuştu.
 
Sayın Görgün, açılışı gerçekleştirilen tesiste, uçak, İHA ve helikopter parçaları üretileceğini belirterek, buradaki tesise ilaveten ikinci ve üçüncü aşamada, havaalanı bitişiğinde daha büyük bir üretim tesisi kurmayı ve bu tesisi ise 4 yıl içinde tamamlamayı hedeflediklerini ifade etti.
 
Konuşmaların ardından protokol mensupları, açılışını yaptıkları üretim tesisinde incelemelerde bulundu.",0,0,0,1,0,3,3,3,1,0,3,3,3,1,0,0,0,0,1,0
csb_0706,CSB,bakanlık,kahramanmaras,5_post_local,2024-06-20,"DEPREMDEN ETKİLENEN İLLERİMİZİ ESKİ CANLILIĞINA KAVUŞTURACAK, TİCARİ HAYATA GÜÇ KATACAK OLAN, ŞEHİRLERİMİZİN KALBİ ŞEHİR MEYDANLARIMIZI DA TARİHÎ VE KÜLTÜREL DOKUSUNA UYGUN OLARAK İNŞA EDİYORUZ

Çevre, Şehircilik ve İklim Değişikliği Bakanlığı; 6 Şubat Kahramanmaraş merkezli depremlerin ardından çalışmalarını aralıksız sürdürüyor. Depremden etkilenen şehirlerde yapılan 76 bin afet konutu ve köy evi, geçtiğimiz şubat ayında hak sahiplerine teslim edilmişti. Cumhurbaşkanı Sayın Recep Tayyip Erdoğan, bu yılın sonuna kadar 200 bin konutun teslim edileceğinin ve 2025 yılının son aylarına doğru da tüm depremzedelerin yeni yuvalarına kavuşacağının müjdesini vermişti.

Çevre, Şehircilik ve İklim Değişikliği Bakanlığı afet konutları ve köy evlerinin yanı sıra depremden en çok etkilenen Hatay, Kahramanmaraş, Malatya ve Adıyaman’da şehir meydanlarının yapımını da sürdürüyor. Yapımı devam eden şehir meydanlarına ilişkin bir açıklama yapan Bakan Mehmet Özhaseki, “Hatay, Kahramanmaraş, Malatya ve Adıyaman’da şehir meydanlarımızı altyapısı ve üstyapısıyla yeniden yapıyoruz. Depremden etkilenen illerimizde sadece konut üretmiyoruz. Şehirlerimizi eski canlılığına kavuşturacak, ticari hayata güç katacak olan, şehirlerimizin kalbi şehir meydanlarımızı da tarihî ve kültürel dokusuna uygun olarak inşa ediyoruz.” dedi.

6 Şubat Kahramanmaraş merkezli depremlerin ardından, depremden etkilenen şehirlerde inşa ve ihya çalışmalarını sürdüren Çevre, Şehircilik ve İklim Değişikliği Bakanlığı; Cumhurbaşkanı Sayın Recep Tayyip Erdoğan’ın talimatları doğrultusunda Hatay, Kahramanmaraş, Malatya ve Adıyaman’ın şehir meydanlarını da altyapısı ve üstyapısıyla yeniden inşa ediyor. Konuya ilişkin bir açıklama yapan Bakan Mehmet Özhaseki, “Hatay, Kahramanmaraş, Malatya ve Adıyaman’da şehir meydanlarımızı altyapısı ve üstyapısıyla yeniden yapıyoruz. Depremden etkilenen illerimizde sadece konut üretmiyoruz. Şehirlerimizi eski canlılığına kavuşturacak, ticari hayata güç katacak olan, şehirlerimizin kalbi şehir meydanlarımızı da tarihî ve kültürel dokusuna uygun olarak inşa ediyoruz.” dedi.

“ŞEHİR MEYDANLARIMIZI ORTAK AKILLA GELECEĞE TAŞIYACAĞIZ”

Bakan Mehmet Özhaseki yazılı açıklamasında, şehirlerin simge mekânı olan şehir meydanlarının yapımını hızla sürdürdüklerini, meydanlara açılan caddeleri de inşa ettiklerini belirtti. Deprem bölgesine yaptıkları ziyaretlerde il koordinasyon toplantıları gerçekleştirdiklerini vurgulayan Bakan Özhaseki; toplantılara katılan il milletvekilleri, valiler, belediye başkanları, bilim insanları, mimar ve mühendislik odaları, sivil toplum kuruluşları, sosyologlar, psikologlar, muhtarlar, vatandaşlar, öğretmenler ve öğrencilerle bir araya geldiklerini belirtti. Bakan Mehmet Özhaseki; gelen talepleri, önerilen fikirleri dinlediklerini ve not aldıklarını vurguladı. Fay hatlarının / fay kırıklarının olduğu yerlerde, sıvılaşmanın olduğu zeminlerde yapılaşmaya izin verilmeyeceğinin, dere yataklarının asla imara açılmayacağının ve mimarlık / mühendislik hizmetlerinde sıfır tolerans uyguladıklarının altını çizen Bakan Özhaseki, Bakanlıkça belirlenen dört kırmızı çizgiyi temel alarak hareket ettiklerini dile getirdi. Bakan Özhaseki, “Şehirlerimize ilişkin söyleyecek sözü olan herkesi dinledik, kimseyi ötekileştirmedik, önerileri not aldık. Böylece şehir meydanlarımızı ortak akılla geleceğe taşıyacağız. İllerimizde ihtiyaç duyulan okul, sağlık ocağı, sosyal donatı alanı gibi yapılarımızın da bir listesini çıkararak harekete geçtik. Yapımlarını aralıksız sürdürdüğümüz şehir meydanlarımız hızla yükseliyor.” dedi.

“YEŞİL VE ÇEVRE DOSTU ŞEHİR MEYDANLARIMIZ BUGÜNDEN YARINA BİR KÖPRÜ OLACAK”

Çevre, Şehircilik ve İklim Değişikliği Bakanı Mehmet Özhaseki; tüm çalışmalarında olduğu gibi şehir meydanlarının yapımında da çevre hassasiyetini merkeze aldıklarını belirtti. Hatay, Kahramanmaraş, Malatya ve Adıyaman’da yaptıkları şehir meydanlarını yatay ve yöresel mimariye uygun olarak, mahalle kültürünün yaşatılacağı, güvenli, çevreci, enerji verimli ve Sıfır Atık uyumlu inşa ettiklerini vurgulayan Bakan Özhaseki; “Yeşil ve çevre dostu olacak şekilde planladığımız şehir meydanlarımız, vatandaşlarımız için hem yeni bir yaşam alanı hem de bugünden yarına bir köprü olacak. Dört şehrimiz de güzel, güvenli, yeşil ve çevre dostu şehir meydanlarına sahip olacak.” dedi.

“ŞEHİR MEYDANLARINDA YIKILAN VEYA ZARAR GÖREN TARİHÎ YAPILARI DA İHYA EDİYORUZ”

Depremden etkilenen şehirlerin inşasıyla birlikte ihya çalışmalarına da hız kesmeden devam ettiklerini söyleyen Bakan Özhaseki, “Yıkılan veya zarar gören tarihî yapıları da ihya ediyoruz. Medeniyetimizin izlerini koruyor, kültür varlığımızı istikbale taşıyoruz.” dedi.",1,1,1,1,0,1,1,1,1,0,2,3,2,0,1,0,0,0,1,0
kmaras_bld_0189,Kahramanmaraş Belediye,belediye,kahramanmaras,1_post_quake,2023-04-19,"Yapımı tamamlanan geçici iş yerlerinin tahsisi için düzenlenen kura çekimine katılan Tarım ve Orman Bakanı Kirişci, “Deprem sonrası şehrimizde çok ciddi adımlar atıldı. Bunun için Büyükşehir Belediye Başkanımıza çok teşekkür ediyorum. Hızla şehrimizi alt ve üstyapısıyla ayağa kaldırmak ve Kahramanmaraş’ı Türkiye’nin örnek şehri yapmak hepimizin boynunun borcu. Bütün paydaşlarımızla bunun için gayret göstereceğiz” dedi.

Şehrin tekrar ayağa kaldırılması ve hayatın normale dönmesi noktasında çalışmalarını kesintisiz sürdüren Kahramanmaraş Büyükşehir Belediyesi, ticaretin canlanması ve esnafların faaliyetlerini sürdürmesi noktasında da şehrin farklı noktalarına geçici çarşılar oluşturmaya devam ediyor. Bu kapsamda kurum ve kuruluşlar ile kardeş belediyelerin de destekleriyle Trabzon Caddesi, Necip Fazıl Mahallesi ve Piazza AVM yanına inşa edilen geçici iş yerlerinin tahsisi için kura çekimi gerçekleştirildi. Büyükşehir Belediyesi Meclis Salonu’nda gerçekleştirilen kura çekiminde Büyükşehir Belediye Başkanı Hayrettin Güngör’ün yanı sıra Tarım ve Orman Bakanı ve 28. Dönem AK Parti Kahramanmaraş Milletvekili Adayı Prof. Dr. Vahit Kirişci, 27. Dönem AK Parti Kahramanmaraş Milletvekili Habibe Öçal, AK Parti İl Başkanı Fırat Görgel, Kahramanmaraş Ticaret ve Sanayi Odası Başkanı Mustafa Buluntu, esnaf odası başkanları ve depremde iş yerleri hasar alan esnaflar da yer aldı. Programda kura çekimiyle toplamda 65 esnaf geçici çarşılarda iş yeri sahibi olmaya hak kazandı.

Bin 821 İş Yeri Tamamlandı

Düzenlenen kura çekimi programında konuşan Büyükşehir Belediye Başkanı Hayrettin Güngör, “Şehrimizin yeniden inşası için el birliğiyle gayret ediyoruz. Bu kapsamda da geçici çarşılar oluşturuyor ve bunları da kura çekimiyle hak sahiplerimize teslim ediyoruz. Şehir genelinde toplamda 2 bin 601 iş yeri planlandı. Bunların da bin 821’i tamamlandı. Hamdolsun hedefimizin yüzde 70’ini yerine getirdik. Büyükşehir Belediyesi olarak bu süreçleri daha sağlıklı ve koordineli şekilde yürütmek için Ticaret ve Sanayi Dönüşüm Ofisi oluşturduk. Bugün de Samsun, Necip Fazıl ve Sigortacılar olmak üzere 3 farklı çarşımızda bulunan toplamda 65 iş yeri için kura çekimi gerçekleştiriyoruz. Kura sonucu geçici iş yerlerimizde hak sahibi olan esnaflarımıza hayırlı, uğurlu olsun” ifadelerini kullandı.

Kahramanmaraş’ı Örnek Şehir Haline Getireceğiz

Programda yaptığı konuşmada Kahramanmaraş’ı Türkiye’nin örnek şehri yapmak için yoğun gayret gösterileceğini belirten Tarım ve Orman Bakanı Vahit Kirişci, “Öncelikle bugün gerçekleştirilecek kura çekimi sonucu iş yerlerine kavuşacak olan kardeşlerime hayırlı ve bol kazançlar diliyorum. Planlanan geçici iş yerlerinin yüzde 70 oranında hayata geçirilmiş olması son derece kıymetli. Geriye kalan kısımlar da kısa süre içerisinde tamamlanacaktır. Ticaretin canlanması ve esnaflarımızın faaliyetlerini sürdürmesi şehrimizin sosyolojisi ve psikolojisi açısından da çok önemli. Deprem sonrası şehrimizde çok ciddi adımlar atıldı ve aksiyonlar alındı. Bunun için Büyükşehir Belediye Başkanımıza çok teşekkür ediyorum. Hızla şehrimizi alt ve üstyapısıyla ayağa kaldırmak ve Kahramanmaraş’ı Türkiye’nin örnek şehri yapmak hepimizin boynunun borcu. Bütün paydaşlarımızla bunun için gayret göstereceğiz” dedi.",0,0,0,1,0,1,1,1,1,0,2,2,2,1,0,0,0,0,1,0
kmaras_val_253,Kahramanmaraş Valiliği,valilik,kahramanmaras,5_post_local,2024-04-29,"Valimiz Mükerrem Ünlüer, Azerbaycan Mahallesi, Ebrar Sitesi ve şehir merkezinde yapımı devam eden Yerinde Dönüşüm çalışmalarını yerinde incelemelerde bulundu.
 
Şehir merkezinde rezerv alanlarında devam eden inşaat alanlarında ve örnek dairelerde incelemelerde bulunan Vali Ünlüer, Çevre, Şehircilik ve İklim Değişikliği İl Müdürü Ahmet Şahin’den ilimizde Yerinde Dönüşüm projesine yapılan başvuru sayısı, yapılacak olan konut ve işyeri sayıları ile çalışmalarda gelinen son durum hakkında bilgiler aldı. 
 
Burada bir değerlendirmede bulunan Vali Ünlüer, “Cumhurbaşkanımız Sayın Recep Tayyip Erdoğan’ın himayeleri ve talimatları doğrultusunda depremin ilk gününden beri Bakanlıklarımız ve ilgili kurumlarımız ile birlikte şehrimizin yeniden ihyası ve inşası için büyük bir hassasiyet ve sorumluluk içerisinde çalışıyoruz. Çok büyük bir afet yaşadık. Merkez üssü Kahramanmaraş olması tabi ki yıkıntının da en büyüğü ile bizleri karşı karşıya bıraktı. Bu büyük afetin yaralarını devlet millet el ele sarmaya çalışıyoruz. 
 
Bugün de Yerinde Dönüşüm çalışmalarını inceledik, yetkili arkadaşlarımızdan çalışmalara ilişkin bilgiler aldık. Yerinde Dönüşüm çalışmaları depremin izlerinin silinmesi açısından hem de vatandaşlarımızın bir an evvel kalıcı konutlarına kavuşmaları açısından çok önemli. Kahramanmaraş’ımızı dirençli haline getirmek istiyoruz. Şehrimiz, geleceğe güvenle ve sağlam temellerle yükselecek. Cumhurbaşkanımızın liderliğinde şehrin yeniden inşası için çalışmaya devam edeceğiz. Sayın Cumhurbaşkanımıza, Bakanlarımıza, Azerbaycan devletine ve hayırseverlerimize şehrimiz adına teşekkür ediyorum.” ifadelerini kullandı.",0,0,0,1,0,1,1,3,0,2,1,1,1,1,0,0,0,0,1,0
kmaras_val_195,Kahramanmaraş Valiliği,valilik,kahramanmaras,4_local_campaign,2024-02-21,"Valimiz Mükerrem Ünlüer, Ferhuş ve Akyar TOKİ Konutlarının anahtar teslimi yapılan vatandaşlarımıza hayırlı olsun ziyaretlerinde bulundu.
 
Büyükşehir Belediye Başkanı Hayretin Güngör, Dulkadiroğlu Kaymakamı Dr. Fatih Çelikkaya, İl Jandarma Komutanı Tuğgeneral Gökhan İnan, İl Emniyet Müdürü Nurettin Gökduman ve AFAD Müdürü Tayfun Temur ile birlikte afet konutlarına ziyarette bulunarak yetkililerden konutların son durumu hakkında bilgiler alan Vali Ünlüer, vatandaşlarımızla da bir süre hasbihal ederek hayırlı olsun dileklerini iletti.
 
Burada bir değerlendirmede bulunan Vali Ünlüer, “6 Şubat depremlerinin yıl dönümünde Cumhurbaşkanımız Sayın Recep Tayyip Erdoğan’ın katılımlarıyla gerçekleştirilen kura töreni sonrası anahtar teslimi yapılan vatandaşlarımıza hayırlı olsun dileklerimizi ilettik.
 
Afetzede vatandaşlarımızın sıcak yuvalarına kavuştuğuna şahit olmak bizleri mutlu ediyor. Devletimizin desteği ile Kahramanmaraş’ta hak sahibi vatandaşlarımızın tamamına anahtarlarını teslim edene kadar gayretle çalışmaya devam edeceğiz. Kıymetli hemşehrilerimize hayırlı uğurlu olsun.” diye konuştu.",0,0,0,1,0,1,1,1,1,0,1,1,1,1,0,0,0,0,1,0
adiyaman_val_036,Adıyaman Valiliği,valilik,adiyaman,3_inter_election,2023-07-21,"Cumhurbaşkanlığı kararnamesiyle atandığı Adıyaman’da geçtiğimiz ay göreve başlayan Vali Dr. Osman Varol, ilçelerin ihtiyaç ve taleplerini yerinde tespiti ile karşılaşılan sorunlara çözüm önerileri getirmek amacıyla ilçe gezilerine Gerger’le devam etti. 
 
İlçe Kaymakamı Ömer Saygılı, Belediye Başkanı Erkan Aksoy ve ilçe yöneticileri tarafından Gerger Hükümet Konağı önünde karşılanan Vali Dr. Osman Varol, karşılama sonrası Kaymakamlık makamına geçerek, 24 Ocak 2020 tarihindeki Elazığ ve 6 Şubat 2023 tarihindeki Kahramanmaraş merkezli depremler sonrası ilçedeki genel durum, hasar tespit çalışmaları, kamu yatırım ve hizmetler ile ihtiyaç ve sorunları hakkında ilçe Kaymakamından brifing aldı. Brifing’te ilçenin sorunları masaya yatırılarak, çözüm önerileri görüşüldü. 
 
Kaymakamlık ziyareti sonrası Vali Varol, sorun ve sıkıntılar ile ihtiyaç ve talepleri dinlemek amacıyla Gerger köy ve mahalle muhtarları ile bir araya geldi.
 
Vali Dr. Osman Varol başkanlığında köy ve mahalle muhtarlarıyla yapılan toplantıya Adıyaman Milletvekilleri İshak Şan, Mustafa Alkayış, Gerger Kaymakamı Ömer Saygılı, İl Özel İdare Genel Sekreteri Sami Işık ve Gerger Belediye Başkanı Erkan Aksoy katıldı.
 
Gerçekleşen toplantıda muhtarların köylerinde karşılaştıkları sorun, talep ve ihtiyaçları dinleyen Vali Varol, köylerin sorun ve ihtiyaçları hakkında muhtarlarla karşılıklı görüş alışverişinde bulunarak, sorunları ve çözüm önerilerini dinledi.
 
Soru cevap şeklinde devam eden toplantıda Vali Dr. Osman Varol, köy ve mahalle muhtarlarının dile getirdiği talepleri tek tek not aldırarak, bu sorunları inceleyeceklerini ve imkânların el verdiği ölçüde sıkıntıları çözüme kavuşturacaklarını ifade etti.
 
Köy ve mahalle muhtarlarıyla yapılan toplantı sonrası Vali Varol, 24 Ocak 2020 tarihinde merkez üssü Elazığ’ın Sivrice ilçesi olan 6.8 şiddetindeki deprem sonrası Gerger ilçe merkezinde yapılan afet konutlarını inceleyerek, inşaat çalışmalarının devam ettiği konutların son durumu hakkında bilgi aldı. 
 
Buradaki incelemelerinin ardından Vali Varol, Gerger esnafını ziyaret etti. İlçe halkının ve esnafının yoğun ilgi ve sevgisiyle karşılanan Vali Varol, ziyaret ettiği esnaf ve vatandaşlarla sohbet ederek hayırlı ve bereketli kazançlar diledi.
Vali Varol, daha sonra karayollarının Gerger’deki yol yapım şantiyesini inceleyerek devam eden çalışmalar hakkında bilgi almasıyla Gerger temaslarını tamamladı.",0,0,0,1,0,0,0,0,1,0,0,0,0,1,0,0,0,0,1,0
tccb_034,TCCB,cumhurbaskanligi,hatay,1_post_quake,2023-03-12,"Sevgili Samandağlılar, Değerli Kardeşlerim, Sizleri en kalbi duygularımla, hasretle, muhabbetle selamlıyorum. Ülke olarak 6 Şubat tarihinde yaşadığımız, daha sonrasında da binlerce sarsıntıyla devam eden depremler için sizlere geçmiş olsun diyorum. Depremde hayatını kaybeden vatandaşlarımıza Allah’tan rahmet, yakınlarına sabır ve başsağlığı diliyorum, şöyle bir de gelin ruhlarına birer Fatiha okuyalım diyorum. Geniş bir alanda etkisi hissedilen bu afetin en çok yakıma ve can kaybına yol açtığı şehrimiz Hatay’dır. Antakya’dan Samandağ’a kadar pek çok ilçemizi derinden sarsan afetin boyutlarını anlatmaya kelimeler kafi gelmiyor. Asrın felaketi olarak tanımlanan bu depremin aynı zamanda zorlu kış şartlarının hüküm sürdüğü günlerde olması, sıkıntılarımızı daha da artırdı. Pisti zarar gören Hatay Havalimanı’nın uçuşa kapanması, yolların hasar görmesi, ilk günlerde haberleşmenin güçlükle yapılabilmesi ilave sorunlar olarak karşımıza çıktı. Buna rağmen devlet ve millet olarak afetin ilk anından itibaren Hatay’a ve tüm deprem bölgesine ulaşmak için canla-başla gayret ettik. Şehirdeki kamu görevlilerimizden çalışabilecek durumda olanlar zaten hemen işlerinin başına koştular. Diğer yerlerden buraya ulaşmak için yola çıkan ekiplerimiz de epeyce bir mücadelenin ardından birer-ikişer Hatay’a geldiler. Yıkılan bina sayısının fazla, arama-kurtarma personeli sayısının sınırlı olması sebebiyle, ekiplerimiz adeta vakitle yarışarak müdahaleleri yürüttü. AFAD’dan madencilerimize, belediyelerimizden sivil toplum kuruluşlarına kadar kendi personelimiz ve uluslararası ekiplerle dünyada eşi benzeri görülmemiş bir arama-kurtarma sayısı olan 35 bin kişiye ulaştık. Bu ekiplerin yarısı Hatay’da da görev yaptı. Diğer destek personelleriyle 271 bin görevli deprem bölgesinde çalıştı. Gönüllüler ve sivil toplum kuruluşları mensuplarıyla yaklaşık yarım milyon insanımız depremzedelerimizin yardımına koştu. Depremde yıkılan her yerleşim yerini 3’er, 5’şer belediyemize adeta zimmetleyerek, onların altyapılarını ve güçlerini burada değerlendirdik. Ülkemizin dört bir yanından ihtiyaç duyulan tüm aracı-gereceği, cihazı da bölgeye getirdik. Ancak, tüm çabalara rağmen ilk günlerde vaktinde yetişemediğimiz yerler oldu. Afet bölgesinin genişliğine ve yıkımın büyüklüğüne rağmen devletin ve milletin imkanlarının tamamının deprem bölgesi için seferber edildiğinden kimse şüphe etmesin. Askerimizi, polisimizi, jandarmamızı, sağlıkçılarımızı, eğitimcilerimizi, ilgili tüm kurumlarımızın personelini, uçağından helikopterine ve gemisine kadar tüm araçlarımızı depremzedelerimiz için harekete geçirdik. Milletimiz, 85 milyon, buradaki kardeşleri için tek yürek oldu. Tüm bunları en iyi deprem bölgesindeki 11 şehirde yaşayan 14 milyon insanımız gayet iyi biliyor. Vefat sayısının 48 bini bulduğu, yaralıların 115 bini aştığı, 50 bin binanın yıkıldığı böyle bir felaket karşısında Türkiye’den daha hızlı refleks verecek bir ülke yoktur. Bunu ülkemize gelen yabancıların bizzat kendileri söylüyor. Üstelik yürütülen arama-kurtarma ve yardım çalışmaları ardı arkası kesilmeyen, bir kısmı da müstakil deprem büyüklüğünde olan sarsıntılar eşliğinde yapıldı. Fedakârca ve kahramanca yapılan bu çalışmalarda yer alan tüm kamu personelini, gönüllüleri, sivil toplum mensuplarını, uluslararası ekipleri şahsım, milletim adına tebrik ediyorum. Çalışmaların düzene girmesiyle birlikte önce arama-kurtarma faaliyetleri, ardından enkaz kaldırma çalışmaları hızlandı. Bu arada kalıcı barınma merkezlerinin, acil gıda ve giyim ihtiyaçlarının temini için gereken mekanizmalar kuruldu ve işler hale getirildi. Milletimizin ülkenin dört bir yanından adeta yağdırdığı yardım malzemeleri belirli bir düzen içinde depremzedelere ulaştırılmaya başlandı. Çadırlardan yurtlara, okullardan otellere diğer bölgelere gideceklere sağlanan kolaylıklardan konteyner kentlere kadar eldeki her imkân değerlendirildi. Artçı sarsıntıların sürmesi, ister istemez evleri sağlam veya az hasarlı vatandaşlarımızı da huzursuz ettiği için bölge dışına epeyce bir gidiş yaşandı. Köyü olanlar köyüne, diğer yerlerde akrabası, eşi-dostu olan onların yanına, talep edenler devletin sağladığı barınma merkezlerine giderek, deprem fırtınasının dinmesini bekledi. Tabii biz bu arada kalıcı konutların inşası için hemen kolları sıvadık. Yer tespiti yapılan, zemin ve etüt çalışmaları biten yerlerde süratle temelleri atıp işe başladık. Orta hasarlıların da dahil edilmesiyle yaklaşık 650 bin konut ihtiyacımızın olduğunu gördük. Acil ihtiyaç olan 244 bin konutun ve 75 bin köy evinin inşasını bir yıl içinde bitirecek bir planlamayla yolumuza devam ediyoruz. Samandağ’da inşa edeceğimiz konut sayısı 17 bin 331’dir. İnsanlarımızın tamamını sağlam, güvenli, huzurlu konutlara kavuşturana kadar inşa ve ihya faaliyetlerini sürdüreceğiz. Geçmişte bu konuda yaşadığımız zorlukların bir daha tekerrür etmemesi için gereken adımları da ilk fırsatta atacağız. Tüm bu çalışmalarda depremde en çok yıkıma ve can kaybına uğrayan Hatay ve ilçeleri önceliklerimizin en başında yer alacaktır. Kardeşlerim, Afetler aynı zamanda milletlerin birliğini, beraberliğini, kardeşliğini, dayanışmasını, kabiliyetini, dirayetini test ettiği sınamalardır. Hamdolsun, Türkiye 6 Şubat depremlerinin sınamasından anlının akıyla çıkmıştır. Her dönemde görülebilecek birkaç küçük hadise, kötü ses, provokasyon girişimi dışında kalplerimizi de, ellerimizi de birleştirerek, yaşadığımız felaketin yaralarını sardık, yönümüzü tekrar ortak geleceğimize döndük. Güçlü bir devletin kıvançta ve tasada ortaklaşabilen bir milletin önemi böyle dönemlerde daha iyi anlaşılıyor. Bunun için ilk asrını geride bıraktığımız Türkiye Cumhuriyeti Devletimizin bize sunduğu güven, huzur ve refah çatısına daha sıkı sahip çıkmalıyız. Yaşadığımız onca felakete ve saldırıya rağmen geleceğimize umutla bakmamız için sayısız sebebimiz var. Buna karşılık bizi farklılıklarımız üzerinden birbirimize düşürmek isteyenler de her zamankinden daha büyük bir hırsla üzerimize geliyor. Milletçe bin yıllık kardeşliğimizden aldığımız güçle bu tuzakların hepsini bozacak dirayete hamdolsun sahibiz. Coğrafyamızda asırlardır oynanan oyunları artık çöpe atma, kendi oyunumuzu yazma, yönetme ve sergileme vakti gelmiştir. Cumhuriyetimizin yeni asrını, hayallerimizin peşinde giderek, kendi vizyonumuzu inşa ederek, kendi programlarımızı uygulayarak, Türkiye yüzyılı haline getirmekte kararlıyız. Evlatlarımıza bırakacağımız en büyük miras işte bu olacaktır. Küresel krizleri fırsata dönüştürme yolunda attığımız adımlardan en küçük bir tavsamaya izin vermeden inşallah bu mücadeleyi sizlerle birlikte zafere ulaştıracağız. Türkiye’nin büyümesi, güçlenmesi, kalkınması, zenginleşmesi, kendi vatandaşlarıyla birlikte bölgesindeki herkesin de yararınadır. Bize dualarıyla destek veren kardeşlerimizin ihtiyaç duydukları her zaman yanlarında olmayı sürdüreceğiz. Bu duygularla Rabbim ülkemizi her türlü kazadan, beladan, afetten, husumetten korusun diyorum. Sizleri bir kez daha sevgiyle, saygıyla selamlıyorum, kalın sağlıcakla. Bu arada az önce bir kardeşimin burada Karaçay Barajı’nın tamamlanmasıyla ilgili bir talebi oldu. Karaçay Barajı’yla ilgili gerekli talimatı da döner dönmez özellikle de Devlet Su İşleri’nden Sorumlu Bakanıma Vahit Beye tekrar vereceğim, inşallah sonu hayrolur. Sağ olun, var olun.",1,1,1,1,0,3,3,3,1,0,2,2,2,1,0,0,0,0,1,0
hatay_bld_0530,Hatay Belediye,belediye,hatay,5_post_local,2024-08-06,"HBB İTFAİYESİ, TATBİKAT VE EĞİTİMLERE DEVAM EDİYOR

Hatay Büyükşehir Belediyesi İtfaiye Dairesi Başkanlığı ekipleri, herhangi bir afet durumunda vatandaşların daha bilinçli hareket etmesi adına eğitim ve tatbikatlar düzenlemeye devam ediyor.

Yangın sırasında insanların can ve mal kaybını önlemek adına her an vatandaşın yanında olan HBB İtfaiyesi, olası afet durumlarında insanların tedbir alması için uygulamalı olarak tatbikatlar gerçekleştiriyor.

Özellikle okul ve derneklerden gelen talepler doğrultusunda vatandaşların bilinçlenmesi amacıyla gerçekleştirilen eğitimler kapsamında, HBB İskenderun İtfaiye ekipleri tarafından Afet Tespiti ve Arama Kurtarma Derneği üyelerine yönelik “Kurumsal Temel Yangın Eğitimi” verildi.

İskenderun İtfaiyesi’nde verilen eğitim sonrasında uygun bir alanda tatbikat gerçekleştiren itfaiye ekipleri, yangına anında yapılması gerekenler ve yangın söndürme cihazlarının kullanımı hakkında tatbikata katılan üyeleri uygulamalı olarak bilgilendirdi.

Geniş araç filosu ve son sistem ekipmanları ile 15 ilçede hizmet veren HBB itfaiyesi, vatandaşların can ve mal kaybının önüne geçmek için her an vatandaşların yanında olduğunu hatırlattı.

Haberin görsellerini aşağıdaki linkten indirebilirsiniz:

https://we.tl/t-FDfORo0P6v",0,0,0,1,0,0,0,0,1,0,3,3,3,1,0,0,0,0,1,0
csb_0918,CSB,bakanlık,hatay,5_post_local,2024-12-13,"BAKAN KURUM: DEMEK Kİ İZMİR’E YAPAY ZEKA DEĞİL, YAPAN ZEKA LAZIMMIŞ

Çevre, Şehircilik ve İklim Değişikliği Bakanı Murat Kurum, TBMM Genel Kurulu’nda, İzmir Körfezi ile ilgili “Rahat olun, bu sefer yanımda bir şişe getirmedim” diyerek, bu kez yapay zeka ile tasarlanmış, Körfez’in 10 yıl sonraki halini resmeden bir görseli milletvekillerine gösterdi. Kurum, “Yapay zekaya 2034 yılında Körfez’in ne durumda olacağını sorduk. Fotoğrafın fikir sahibi yapay zeka, eser sahibi ise İzmir Büyükşehir Belediyesi’dir. Bakın, burada balıkların yaşamlarının son bulduğu, mavinin siyaha döndüğü bir Körfez var. İzmir Körfezi müdahale edilmezse 10 yıl sonra maalesef böyle olacak. Demek ki neymiş; İzmir’e yapay zeka değil, yapan zeka lazımmış” diye konuştu.

Çevre, Şehircilik ve İklim Değişikliği Bakanı Murat Kurum, TBMM Genel Kurulu’nda yaptığı konuşmada, İstanbul Vaniköy’deki kaçak yapılaşmayla ilgili sürecin titizlikle takip edildiğini söyledi. “Gözümüz Boğaz’da” diyen Bakan Kurum, şöyle konuştu: Kamuoyunun da yakından takip ettiği üzere Vaniköy’de inşa edilen kaçak yapılaşmayı il müdürlüğü ekiplerimiz tespit etti. Biz de konuya hemen müdahale ettik. İlgili belediyeye gerekli uyarıları şeffaf bir şekilde yaptık ama maalesef dinlemediler. Biz de bu meseleyi hızlıca çözmek için yıkıma başladık ve tamamladık. Ve buradan çıkan enkazı alıp oraya buraya dökmedik. Hemen geri dönüşüme gönderdik. Bölgeyi önce temizledik, ardından zeytin ağaçlarıyla, servilerle, defnelerle, çamlarla bezedik.

“BOĞAZ’I 7 GÜN 24 SAAT TAKİP EDİYORUZ”

Buradan tekrar söylüyorum, gözümüz Boğaz’da. ‘Yine bir punduna denk getiririm, ufak ufak villamı yaparım ya da yapanlara göz yumarım’ diyenler varsa bundan vazgeçsin. 7 gün 24 saat takip ediyoruz. Boğaz’da bir santim kaçak yapıya bile izin vermeyeceğiz. Tespit ettiğimiz an, hemen yıkacağız. Türkiye’nin inci gerdanlığı olan Boğazımızın kirletilmesine asla müsaade etmeyeceğiz.

“RAHAT OLUN BU SEFER YANIMDA ŞİŞE GETİRMEDİM”

Konuşmasında İzmir Körfezi için de ayrı bir başlık açan Bakan Kurum, “Rahat olun, bu sefer yanımda bir şişe getirmedim” dedi ve bu kez yapay zeka ile tasarlanmış Körfez’in 10 yıl sonraki halini resmeden bir görseli milletvekillerine gösterdi:

Bildiğiniz gibi, İzmir Körfezi’nde yaşanan balık ölümleri, hepimizi kahretti. Bakanlık olarak, hemen bölgede incelememizi tamamladık. İzmir Körfezi Bilim Kurulu’muzu oluşturduk. 15 maddelik acil eylem planımızı açıkladık. Plan Bütçe Komisyonunda, Körfez’den getirdiğimiz suyu gösterdiğimiz anda heyecanlananları gördük. Vekillerimizin ellerinin ayaklarının karıştığına şahit olduk. Ama sakin olun, rahat olun. Bu sefer yanımda bir şişe getirmedim. Bu sefer yanımda bir fotoğraf getirdim. 10 yıl sonrasına, yani 2034 yılına ait bir fotoğraftır. Fotoğraftaki yer ise İzmir Körfezi’dir. Bu fotoğrafın fikir sahibi yapay zeka, eser sahibi ise İzmir Büyükşehir Belediyesi’dir.

“YAPAY ZEKANIN BELİRLEDİĞİ ADAYLARIN YÖNETTİĞİ ŞEHİRLERİ, YAPAY ZEKAYA SORDUK”

Hatırlayacaksınız Sayın Özgür Özel, ‘belediye başkan adaylarımızı yapay zeka ile belirliyoruz’ demişti. Biz de yapay zekanın belirlediği adayların yönettiği şehirleri, doğal olarak yapay zekaya bir soralım istedik. Dünyanın en gelişmiş yapay zeka uygulamalarından birini kullandık. Uygulamaya, İzmir Körfezi’nin halihazırdaki durumunu, oksijen ve amonyak verilerini, çamur seviyesini ve mevcut arıtma kapasitesini yazdık. Eğer İzmir Büyükşehir Belediyesi gerekli önlemleri almazsa, 2034 yılında Körfez’in ne durumda olacağını sorduk.

“DEMEK Kİ NEYMİŞ; İZMİR’E YAPAY ZEKA DEĞİL, YAPAN ZEKA LAZIMMIŞ”

Yapay zeka uygulaması da mevcut durumu göz önünde bulundurarak karşımıza işte böyle bir İzmir Körfezi çıkardı. Şu fotoğraftaki görüntüye bakar mısınız? Bakın burada balıkların yaşamlarının son bulduğu bir Körfez var. Mavinin siyaha döndüğü bir Körfez var. Kokuya ve kirliliğe dayanamayıp İzmir’i terk eden insanlardan kalan köhneleşmiş evler var. İşte, yapay zekayla belirlenen belediye başkanının elindeki İzmir Körfezi, müdahale edilmezse, 10 yıl sonra maalesef böyle olacak. Demek ki neymiş sayın vekillerim; İzmir’e yapay zeka değil, yapan zeka lazımmış. Güzel İzmirimiz merak etmesin dün Haliç’i, bu işbilmez yönetimlerin elinden nasıl terk etmediysek bugün de İzmir’i terk etmeyeceğiz.

“ERGENE İÇİN 47 MİLYAR LİRALIK YATIRIM YAPTIK”

Bakan Kurum konuşmasında Ergene ile ilgili eleştirilere de şu yanıtı verdi:

Biz iktidara gelmeden önce Ergene Havzası sadece bir sempozyum konusuydu. Kirliliğin durdurulmasına dair tek bir adım atılmamıştı. Ama biz geldik, eylem planımızı ortaya koyduk. Belediyelerin, OSB’lerin atık su arıtma tesislerine maddi destek verdik. Dere yataklarının ıslahını yaptık. Ergene Havzası’nda; 30 biyolojik, 14 İleri Biyolojik atık su arıtma tesisi yaptık. Bugün bu tesislerde kentsel atık suyun yüzde 92’sini arıtıyoruz. Ama arıtmayla yetinmiyoruz, tüm tesisleri 7/24 izliyoruz. Sadece 2024 yılında bile, 323 denetim gerçekleştirdik. Tam 39 işletmeye ceza verdik, 1 işletmeyi kapattık. Türkiye’nin en büyük çevre yatırımlarından biri olan Ergene Projesi için tam 47 milyar liralık yatırım yaptık.

“ZANNEDİYORLAR Kİ BU ŞİŞEDEN CİN ÇIKACAK”

Peki biz bu yatırımları yaparken, CHP’li Tekirdağ Belediyesi ne yaptı biliyor musunuz? Biz belediyeyi, atık su arıtma tesislerinden kaynaklanan kirliliğe dair, 6 yılda 31 kez incelemiş, denetlemiş, ceza kesmişiz. Biz 31 kez ‘yapma’ demişiz, ama CHP’li belediye Ergene’yi fosseptik çukuru gibi kullanmaya devam etmiş. Bugün CHP’li vekil İlhami Aygun da Ergene’den Genel Kurul’a bir şişe su getirmiş. Zannediyorlar ki bu şişeden cin çıkacak. Değerli arkadaşlar, mucize beklemeyin, bu şişeden cin çıkmaz. Bu şişeden çıksa çıksa, CHP belediyeciliğinin kiri çıkar, pası çıkar, bozuk sicili çıkar.

DEM’E TEPKİ: ÇEVRECİLİĞİ ELLERİNDE HALİÇ’İN ÇAMURU OLAN ORTAKLARINIZDAN ÖĞRENECEK DEĞİLİZ

Bakan Kurum, DEM Parti Milletvekili Ömer Faruk Hülakü ile ilgili de şunları söyledi: DEM Parti vekili Ömer Faruk Hülakü’yü duyan da kendisinin çevre dostu bir milletvekili olduğunu zanneder. Siz gidin önce PKK’nın yaktığı ormanların hesabını sorun. Madem çevreciydiniz terör örgütü, ülkemizin akciğerlerine kastederken, ormanlarımızı yakarken neden çıkıp tek bir laf etmediniz? O güzelim ormanlar, hayvanlar, bitkiler, köyler yanıp kül olurken neredeydiniz? Biz çevreciliği ne sizden ne de ellerinde Haliç’in çamuru olan ortaklarınızdan öğrenecek değiliz. CHP Milletvekili Sayın Gökhan Zeybek’e şunu demek isterim. Sizinle bizim aramızda siyahla beyaz kadar fark var. Siz Hatay sizi seçmedi diye Hataylıları unuttunuz, Hataylılara sırtınızı döndünüz. Biz şükürler olsun ki Hatay’da, Adıyaman’da, Kahramanmaraş’ta el ele gönül gönüle çalışıyoruz. Sonuna kadar da yanlarında olmaya devam edeceğiz. Siz böyle millete sırtınızı çevirdiğiniz için, 22 yıldır girdiğiniz her seçimde milletten kırmızı kart gördünüz, millet sizin bonservisinizi de lisansınızı da iptal etti. Haberiniz yok. Ama ne siz ne de partiniz hiçbir zaman değişmediniz, değişmeyeceksiniz.

“SIFIR ATIK HAREKETİ’Nİ DAHA DA GÜÇLENDİRECEĞİZ”

Bakanlığın vizyon projelerinden de bahseden Bakan Kurum, 45 ilde 80 tarihi meydanının yenileme çalışmalarının sürdüğünü söyledi. 77 milyon metrekare alanda 521 millet bahçesi projesinin hayata geçirildiğini kaydetti. Emine Erdoğan himayesinde başlatılan Sıfır Atık Hareketi’nin genişletileceğini belirterek şu verileri paylaştı:

Bu sayede 60 milyon ton atığı geri kazandık. 185 milyar lira gibi devasa bir bütçeyi ekonomimize kazandırdık. 500 milyon ağacın kesilmesinin ve 6 milyon ton sera gazı salımının önüne geçtik. Sıfır Atık Hareketi’ni daha da güçlendireceğiz. 7 bölgemizde, Sıfır Atık pilot ilçelerimizi belirleyecek; Depozito Yönetim Sistemimizi 2025 yılı sonuna kadar kuracağız.

İKLİM KANUNU YEŞİL DÖNÜŞÜMÜ HIZLANDIRACAK

Bakan Kurum, “İklim diplomasisi konusunda tarihi adımlar attığımız bu günlerde; yeşil dönüşümü hızlandıracak İklim Kanunu’na duyduğumuz ihtiyacı bir kez daha görüyoruz. İnşallah siz değerli vekillerimizin de katkılarıyla kanunlaşarak yürürlüğe girmesini yürekten temenni ediyoruz” şeklinde konuştu.

Linke tıklayınız;",0,0,0,1,0,3,3,3,1,0,0,0,0,1,0,3,3,3,1,0
csb_0056,CSB,bakanlık,kahramanmaras,1_post_quake,2023-03-06,"""İLK EVİM, İLK İŞ YERİM"" PROJESİ KAPSAMINDA 5 İLDE KURALAR ÇEKİLECEK

Çevre, Şehircilik ve İklim Değişikliği Bakanlığı ve TOKİ eliyle hayata geçirilen ve 6 Şubat Kahramanmaraş merkezli depremler nedeniyle ara verilen Cumhuriyet tarihinin en büyük sosyal konut hamlesi “İlk Evim, İlk İş Yerim” ve “İlk Evim Arsa” projelerinde kura çekimlerine yeniden başlandı. Depremden etkilenen illere öncelik verileceği açıklanarak 8-10 Mart tarihleri arasında 15 bin 400 hak sahibi için müstakil arsa kuralarının noter huzurunda çekileceği belirtildi. “İlk Evim, İlk İş Yerim” projesi kapsamında İzmir, Afyonkarahisar, Edirne, Kırklareli ve Tekirdağ olmak üzere beş ilde 8-14 Mart tarihleri arasında 21 bin 219 konutun kuraları noter huzurunda çekilecek.

Çevre, Şehircilik ve İklim Değişikliği Bakanlığı ve Toplu Konut İdaresi Başkanlığı (TOKİ) eliyle hayata geçirilen ancak 6 Şubat Kahramanmaraş depremleri nedeniyle ertelenen Cumhuriyet tarihinin en büyük sosyal konut hamlesi kapsamında “İlk Evim, İlk İş Yerim” ve “İlk Evim Arsa” kura çekimleri kaldığı yerden devam ediyor.

Cumhurbaşkanı Recep Tayyip Erdoğan’ın 13 Eylül’de açıkladığı ve ilk kuraları 7 Kasım 2022 tarihinde Ardahan ve Şırnak illeriyle başlayan “İlk Evim, İlk İş Yerim” projesinde noter huzurunda gerçekleştirilen kura çekimlerinin ilk 7 etabı 75 ilde tamamlanmıştı. 5 Şubat günü Kütahya’daki kura çekimlerinin ardından 6 Şubat’ta Ankara’da yapılması planlanan “İlk Evim Arsa” kura çekimleri Kahramanmaraş’ta meydana gelen depremler nedeniyle ertelenmişti. Ara verilen kura çekimleri 6 Mart’ta Ankara’da başladı. “İlk Evim, İlk İşyerim” kura çekimlerine 8-14 Mart tarihleri arasında İzmir’den başlayarak beş ilde 21 bin 219 konut için devam edilecek.

“TOKİ’mizle sosyal konutlarımızı yapacak, afet konutlarımızı da hızla tamamlayacağız!”

Bakan Murat Kurum, resmî sosyal medya hesabından dün yaptığı paylaşımla Bakanlığa bağlı TOKİ eliyle bir taraftan afet konutlarının inşasının diğer taraftan da “İlk Evim, İlk İş Yerim” ve “İlk Evim Arsa” kura çekimlerinin devam ettiğini duyurdu. Bakan Kurum, paylaşımında “İlk Evim İlk İş Yerim projemizde arsa kuralarımız Ankara ile yeniden başladı. Çarşamba günü de konut kuralarımıza kaldığımız yerden, İzmir ve Afyon ile devam edeceğiz. TOKİ’mizle sosyal konutlarımızı yapacak, afet konutlarımızı da hızla tamamlayacağız!” dedi.

“ ‘İlk Evim, İlk İş Yerim’ projesi kapsamında beş ilde 8-14 Mart tarihleri arasında 21 bin 219 sosyal konutun kuraları noter huzurunda çekilecek”

Bakanlık açıklamasında “İlk Evim, İlk İş Yerim” projesi kapsamında İzmir, Afyonkarahisar, Edirne, Kırklareli ve Tekirdağ olmak üzere beş ilde 8-14 Mart tarihleri arasında 21 bin 219 konutun kuraları noter huzurunda çekilecek:

8-14 Mart 2023: İzmir 12 bin 400 konut

8-9 Mart 2023: Afyonkarahisar 3 bin 169 konut

11 Mart 2023: Edirne 1.363 konut

12 Mart 2023: Kırklareli 1.189 konut

13-14 Mart 2023: Tekirdağ 3 bin 98 konut

“ ‘İlk Evim Arsa’ kuralarında depremden etkilenen illere öncelik verilerek kuralar 8-10 Mart tarihleri arasında 15 bin 400 hak sahibi için çekilecek”

Bakanlık açıklamasında 1 Şubat 2023 tarihinde başlayan “İlk Evim Arsa” projesinde altyapısı hazır 1 milyon konut arsası kuralarına Kahramanmaraş depremi nedeniyle ara verildiği hatırlatıldı. Kura çekimleri dün Ankara’da yeniden başladı. Kura çekimlerinde depremden etkilenen illere öncelik verildiği belirtilirken depremden etkilenen Osmaniye için 2 Şubat tarihinde kura çekiminin yapılmış olduğu hatırlatıldı.

8-10 Mart tarihleri arasında 15 bin 400 hak sahibi için müstakil arsa kuraları noter huzurunda çekilecek iller şunlar:

8 Mart 2023: Kilis Merkez 275

8 Mart 2023: Hatay Merkez 275

8 Mart 2023: Elazığ Merkez 1.650

8 Mart 2023: Malatya Merkez 550

8 Mart 2023: Adıyaman Merkez 275

8 Mart 2023: Kahramanmaraş Merkez 275

9 Mart 2023: Adana Merkez 2 bin 200

9 Mart 2023: Şanlıurfa Merkez 3 bin 300

10 Mart 2023: Gaziantep Merkez 3 bin 300

10 Mart 2023: Diyarbakır Merkez 3 bin 300",0,3,0,0,3,0,0,0,1,0,2,2,3,0,1,0,0,0,1,0
csb_0891,CSB,bakanlık,adiyaman,5_post_local,2024-11-24,"BAKAN KURUM: EV, YOL YAPILIR AMA İNSAN YETİŞTİRMEK DAHA DEĞERLİ

Çevre, Şehircilik ve İklim Değişikliği Bakanı Murat Kurum, Adıyaman ziyaretinde 6 Şubat depremlerinde evi yıkılan 3 çocuk babası sınıf öğretmeni Şemsettin Güler’i yeni evinde ziyaret etti. Bakan Kurum, meslekte 34 yılını dolduran ve “başöğretmenlik” unvanını alan Güler’in Öğretmenler Günü’nü kutlayarak, “Ev yapılır, yol yapılır, alt yapı yapılır, hastane yapılır ama eğitim vermek, bir insanı yetiştirmek hepsinden daha değerlidir. Allah sizden razı olsun. Tüm öğretmenlerimizin gününü tebrik ediyoruz, iyi ki varsınız” dedi.

Adıyaman’da yaşayan ve yaklaşık 34 yıldır sınıf öğretmenliği yapan Şemsettin Güler’in evi Kahramanmaraş merkezli 6 Şubat depremlerinde yıkıldı. Çok sayıda akrabasını depremde yitiren Şemsettin Güler ve ailesi, bir süre önce Toplu Konut İdaresi (TOKİ) Başkanlığı tarafından Örenli Mahallesi’nde inşa edilen yeni evlerine yerleşti.

“EV, YOL YAPILIR AMA İNSAN YETİŞTİRMEK HEPSİNDEN DAHA DEĞERLİ”

Çevre, Şehircilik ve İklim Değişikliği Bakanı Murat Kurum, Adıyaman programı kapsamında 3 çocuk babası Güler’in yeni evine misafir oldu. Başöğretmen Güler’in Öğretmenler Günü’nü kutlayan Bakan Kurum, “Tüm öğretmenlerimizi seviyoruz. Allah, onları başımızdan eksik etmesin. Sizin nezdinizde, tüm Türkiye'deki, Adıyaman'daki öğretmenlerimizin Öğretmenler Günü’nü tebrik ediyorum. Ev yapılır, yol yapılır, alt yapı yapılır, hastane yapılır ama eğitim vermek, bir insanı yetiştirmek hepsinden daha değerlidir. Allah sizden razı olsun. İyi ki varsınız” ifadelerini kullandı. Bakan Kurum, sohbet sırasında Cumhurbaşkanı Recep Tayyip Erdoğan’ın selamlarını ileterek, bölgedeki çalışmalar hakkında bilgi verdi.

“BİR İNSANIN HAYATINA DOKUNMAK ÇOK FARKLI”

Borsa İstanbul İlkokulu’nda görev yaptığını söyleyen Güler ise sınıf öğretmenliğini çok sevdiğini dile getirdi:

Öğrencilerim bu yıl beşinci sınıfa geçti. Okulumuzda güçlendirme olduğu için biz de başka okula geçtik. Tabi öğrenciler bu arada bizi biraz özledi. Görür görmez hemen kucaklaşmaya çalışıyorlar. İlkokul sınıf öğretmeni olmak çok güzel. Öğretmenlik çok kutsal bir meslek. Bir insanın gelecekle ilgili hayatına küçük bir dokunuşta bulunmak çok farklı bir şey.

“VATANIMIZ GİBİSİ YOK, BURASI CENNET”

Kanada’da yaşayan oğlunu görüntülü arayıp Bakan Kurum ile görüştüren Güler, “Tabi farklı ülkelerde de dostlar, akrabalar, arkadaşlar var ama kendi ülkemiz gibi başka bir ülke yok. Bizim memleketimiz cennet. Kendi vatanımızın, memleketimizin kıymetini bilmek zorundayız” şeklinde konuştu. Sohbetin ardından Güler, kendi yaptığı çiğ köfteyi Bakan Kurum’a ikram etti. Ziyarette Güler ailesi Bakan Kurum’un depremin ilk anından itibaren Adıyaman’da olduğunu ve tekrar Çevre, Şehircilik ve İklim Değişikliği Bakanı olarak atanmasının Adıyaman için bir şans olduğunu ifade etti.

Linke tıklayınız;",0,0,0,1,0,1,1,1,1,0,3,3,3,1,0,0,0,0,1,0
csb_0016,CSB,bakanlık,adiyaman,1_post_quake,2023-02-15,"Bakan Murat Kurum: Depremden etkilenen 10 ilimizde ilk etapta 30 bin konutu şu an projelendirdik, 105 metrekare 3+1 daireler yapacağız

Çevre, Şehircilik ve İklim Değişikliği Bakanı Murat Kurum, Kahramanmaraş merkezli depremlerden etkilenen Gaziantep’in yanı sıra ayrı günlerde Kahramanmaraş, Hatay ve Adıyaman illerine de giderek buralarda havadan ve karadan incelemelerde bulundu. Şehirlerin yeniden inşası için deprem bölgelerinde alan tespit çalışmalarını da yaptıklarını belirten Bakan Kurum, bugün Adıyaman’da yaptığı açıklamada, “10 ilimizde inşaat sürecini başlattık. Hep birlikte yeni yerleşim alanlarını, inşallah şehrin 50 yılını, 100 yılını planlayacak şekliyle bir motivasyonla bu sürece bakıyoruz… İlk etapta 30 bin konutu şu an projelendirdik. Etap etap hasar tespitlerin tamamlanmasına müteakip de vatandaşlarımıza konutlarını teslim ediyor olacağız. 105 metrekare 3+1 daireler yapacağız. Burada şehrin büyüme öngörüsünü dikkate almak suretiyle zemini, fay hattına mesafesini dikkate almak suretiyle yerleşim yerlerini belirliyoruz. Ve burada ayrıntılı jeolojik etütler yapmak suretiyle de burada inşa faaliyetlerine başlayacağız... Cumhurbaşkanımızın da ifade ettiği gibi inşallah bir yıl içerisinde daha önce Elazığ’da, Malatya’da, İzmir’de nasıl teslim ettiysek, bu bölgede de eş zamanlı olarak bütün birimlerimiz şu an bu konuya odaklandı. TOKİ’mizle, tüm birimlerimizle inşa faaliyetlerini yürüteceğiz. Malzeme bağlantılarını dahi bugünden yapıyoruz. Eğer bu konutların demiri, çimentosu, tuğlası, harcı, kiremidi, aklınıza ne geliyorsa bu bağlantıları dahi bugünden yapmak suretiyle vatandaşlarımıza inşallah sözlerimizi tutacağız… ” dedi.

Çevre, Şehircilik ve İklim Değişikliği Bakanı Murat Kurum, “asrın felaketi” olarak nitelendirilen Kahramanmaraş merkezli depremlerin ardından koordinasyonunu yürüttüğü Gaziantep’in yanı sıra Kahramanmaraş, Hatay ve Adıyaman’a da ayrı günlerde yaptığı ziyaretlerinde havadan ve karadan incelemelerde bulunurken yeni şehirlerin inşası için alan tespit çalışmalarını da beraberinde sürdürüyor.

Bakan Kurum, Gaziantep’in İslahiye ve Nurdağı ilçeleri, Hatay’ın Antakya, İskenderun ve Samandağ ilçeleri, Kahramanmaraş’ın Türkoğlu, Pazarcık ve Elbistan ilçeleri, Adıyaman’ın merkez, Besni ve Gölbaşı ilçelerinde bölgelerdeki Valiler, belediye başkanları, milletvekilleri ve sivil toplum örgütü temsilcileriyle bir araya gelerek koordinasyon toplantıları düzenliyor. Bakan Kurum, koordinasyon toplantılarında, depremden etkilenen vatandaşların yaşamlarını bir an önce normale dönmesi için şehrin ihtiyaçlarının belirlenmesi ve giderilmesi noktasında alınan tedbirler hakkında bilgi alıyor.

""Türkiye'de 81 ilden 85 milyon vatandaşın kalbi deprem bölgesi için atıyor""

Bakan Kurum, Adıyaman'daki koordinasyon toplantısının ardından deprem nedeniyle hayatını kaybeden vatandaşlara Allah’tan rahmet, yaralılara acil şifalar diledi.

Depremin 10 ili etkisi altına aldığını ve 13,5 milyon vatandaşı ilgilendirdiğini ifade eden Bakan Murat Kurum, ""Deprem 1000 kilometrekarelik bir alanda meydana geldi. Depremle birlikte yollarımızda hasarlar, heyelanlar, yine altyapılarda hasarlar, binalarımızda göçmeler, enkazlar oluştu. Türkiye'de 81 ilden 85 milyon vatandaşın gönlü, yüreği, kalbi deprem bölgesi için atıyor. Devletimiz tüm imkânlarıyla hem arama-kurtarma süreçlerini, hem barınma süreçlerini, hem de bundan sonraki süreçleri bil fiil yakinen takip etmektedir."" şeklinde konuştu.

""Arama-Kurtarma ekiplerimiz cansiperane şekilde vatandaşlarımızı enkaz altından çıkarmak için çalışmalarını yürüttüler""

Bakan Kurum, Cumhurbaşkanı Recep Tayyip Erdoğan'ın deprem bölgesindeki illerde koordinasyonu sağlaması için bakanları görevlendirdiğini belirterek, ""Bakanlarımız sahada. belediyelerimiz, milletvekillerimizle birlikte bu çalışmayı bil fiil yürütüyoruz. Arama-kurtarma ekiplerimiz cansiperane bir şekilde vatandaşlarımızı enkaz altından çıkarmak için çalışmalarını yürüttüler. Hem ülkemizden, hem de dost ve kardeş ülkelerden gelen tüm arama-kurtarma ekipleriyle, iş makinalarıyla, ekipmanlarla birlikte enkaz altından vatandaşlarımızın kurtarılması için çalışmalar yürüttük."" dedi.

""Geçici barınma alanları, konteyner kentlerinin kurulumunu başlattık""

Bakan Kurum, depremzede vatandaşların beslenme ve geçici barınma ihtiyaçlarını gidermek için çadır kentlerin ve aş evlerinin kurulumunu başlattıklarını hatırlatarak 10 ilde de eş zamanlı çalışmalar yürüttüklerini ifade etti. Bakan Kurum, ""Vatandaşlarımızı çadır kentlerde şuan için misafir ediyoruz. Diğer illerimiz de, 10 ilimize kucak açtılar. Buradan giden misafirlerimizi orada misafir ediyorlar. İnşallah bu süreci tamamlamaya müteakip şimdi geçici barınma alanlarının, konteyner kentlerinin kurulumunu başlattık. İllerimizde etap etap kurulumlarını gerçekleştiriyoruz."" diye konuştu.

""10 ilimizde inşaat sürecini başlattık, şehrin 50 yılını, 100 yılını planlayacak bir motivasyonla bu sürece bakıyoruz""

Bakan Kurum, deprem bölgesinde vatandaşların kalıcı barınma ihtiyacını karşılamak için harekete geçtiklerini ifade ederek, ""10 ilimizde inşaat sürecini başlattık. İnşaat sürecine ilişkin de biz de bakanlığımız tüm ekiplerimizle birlikte il il yeni yapılacak konutların yerlerini, zemin etütlerini, bu bölgeye ilişkin arazi yapısını şehrin dinamikleriyle birlikte de değerlendiriyoruz. Şehrin, özel sektörün de görüşlerini alıyoruz. Vatandaşımızın ihtiyaçlarını, taleplerini alıyoruz. Hep birlikte yeni yerleşim alanlarını, inşallah şehrin 50 yılını, 100 yılını planlayacak şekliyle bir motivasyonla bu sürece bakıyoruz.” dedi.

""İlk etapta 30 bin konutu şu an projelendirdik, 105 metrekare 3+1 daireler yapacağız. ""

Toplu Konut İdaresi Başkanlığı (TOKİ) eliyle mart ayı başında ilk inşaatlara başlanacağını belirten Bakan Kurum, şunları söyledi:
""İlk etapta 30 bin konutu şu an projelendirdik. Etap etap hasar tespitlerin tamamlanmasına müteakip de vatandaşlarımıza konutlarını teslim ediyor olacağız. 105 metrekare 3+1 daireler yapacağız. Burada şehrin büyüme öngörüsünü dikkate almak suretiyle zemini, fay hattına mesafesini dikkate almak suretiyle yerleşim yerlerini belirliyoruz. Burada ayrıntılı jeolojik etütler yapmak suretiyle de burada inşa faaliyetlerine başlayacağız. Sayın Cumhurbaşkanımızın da ifade ettiği gibi inşallah bir yıl içerisinde daha önce Elazığ’da, Malatya’da, İzmir’de nasıl teslim ettiysek, bu bölgede de eş zamanlı olarak bütün birimlerimiz şu an bu konuya odaklandı. Özel sektörümüzle, ekipmanlarımızla, mühendislerimizle, mimarlarımızla, TOKİ’mizle, tüm birimlerimizle inşa faaliyetlerini yürüteceğiz. Malzeme bağlantılarını dahi bugünden yapıyoruz. Eğer bu konutların demiri, çimentosu, tuğlası, harcı, kiremidi, aklınıza ne geliyorsa bu bağlantıları dahi bugünden yapmak suretiyle vatandaşlarımıza inşallah sözlerimizi tutacağız. Ve o zaman, onlarla birlikte bugün nasıl üzülüyorsak, bugün nasıl ağlıyorsak, bugün nasıl onlarla birlikte hüzne boğuluyorsak, o gün de onların mutluluklarına inşallah şahit olacağız.""

“Eşya taşınma sürecinde vatandaşlarımızın, koordinasyonunun bilgisi haricinde eşyalarını taşımaması gerekiyor”

Bakan Kurum, hasar tespit ve eşya taşınması süreci ile ilgili de şu ifadelerini kullandı:

“Hasar tespiti tamamlanan vatandaşlarımıza, az hasarlı veya hasarsız evlerine girebilmeleri, hasarlı veya ağır hasarlı binalara da girmemesi noktasında uyarılarımızı yapıyoruz. Eşya taşınma sürecinde vatandaşlarımız, koordinasyonunun bilgisi haricinde eşyalarını taşımamaları gerektiğini önemle ifade etmek istiyorum. Ağır hasarlı binalar, olası artçı depremlerle birlikte risk içermektedir. Güvenlik birimlerimizin, teknik arkadaşlarımızın incelemesi neticesinde, binadan eşya alınabilir veya alınamaz kararı verilmeden kesinlikle eşya almamalarını ifade etmek istiyorum. Milletimiz müsterih olsun, devletimiz güçlü. Bu bölgede 81 ilden gelen vatandaşlarımızın plakalarını görebiliyorsunuz. El birliği içerisinde depremdeki zararı en kısa zamanda giderecek adımları atacağız. Daha iyisini ve daha güzelini vatandaşlarımıza armağan edeceğiz.”

“Adıyaman’da çalışmalarınızı yürütüyoruz”

Bakan Kurum, Adıyaman'da vatandaşlarım ihtiyaçlarını giderecek çalışmaları da yürüttüklerini sözlerine ekleyerek, ""Hasar tespit çalışmalarına ilişkin süreci de takip ediyoruz. Hasarlı olmayan binalara vatandaşlarımızı alabilmek için çalışmalar yürütüyoruz. Şehrin, hasar gören altyapısıyla ilgili tamiratları da yapıyoruz. Adıyaman Belediyemiz, İller Bankası Genel Müdürlüğümüzle birlikte doğalgazla ilgili de hasar tespiti tamamlanan az hasarlı ve hasarsız binalar, yine buradaki kamu binaları öncelikli olmak üzere hastanelerimiz, okullarımız, kamu binaları öncelikli olmak üzere etap etap doğalgaz verilme sürecini de yürütüyoruz."" dedi.",3,3,3,1,0,2,2,2,1,0,2,2,3,0,1,0,0,0,1,0
hatay_val_166,Hatay Valiliği,valilik,hatay,3_inter_election,2023-07-20,"Deprem bölgesi olan ilimizin ihya ve inşasında YENİ BİR DÖNEM başlıyor. Çevre, Şehircilik ve İklim Değişikliği Bakanlığı, 17 Temmuz’da başlattığı ‘YERİNDE DÖNÜŞÜM’ projesiyle şehrimizi yeniden ayağa kaldırıyor. Yerinde Dönüşüm projesiyle deprem bölgesinde yaraların daha hızlı sarılması için Bakanlığın denetiminde yerinde dönüştürülecek konutlara 500 bin TL hibe, 500 bin TL kredi; işyerlerine ise 250 bin TL hibe, 250 bin TL de kredi desteği verileceğini açıkladı.

Krediler, 2 yılı ödemesiz 10 yıl vade ve sıfır faizle kullandırılacak. Başvurular ‘e-Devlet’ üzerinden yapılacak. Vatandaşlar, Çağrı Merkezi ALO 181’den Yerinde Dönüşüm projesiyle ilgili bilgi alabilecek.

KONUTLARDA 500 BİN İLE 800 BİN LİRA ARASINDA FAİZSİZ KREDİ DESTEĞİ

17 Temmuz’da hayata geçirilen proje ile depremzedelere, konut ve işyerlerini Bakanlığın denetiminde yerinde yapmaları için hibe ve kredi desteği imkanı sunulacak.

Konutlar için 500 bin TL, işyerleri için ise 250 bin TL hibe verilecek. Konut büyüklüklerine göre 500 bin TL ile 800 bin TL arasında ve işyeri büyüklüklerine göre de 250 bin TL ile 500 bin TL arasında da kredi kullanabilecek.

Brüt inşaat alanı 100 metrekareye kadar olan konutlar için açılan kredi tutarı 500 bin TL, 101-150 metrekare konutlar için açılan kredi tutarı 700 bin TL, 151 metrekareden büyük olan konutlar kredi tutarı 800 bin TL olacak.

İşyeri kredileri ise, brüt inşaat alanı 50 metrekare için kredi tutarı 250 bin TL, 51–100 metrekare arası olan işyerleri için kredi tutarı 400 bin TL, 101 metrekareden büyük olan işyerleri için kredi tutarı 500 bin TL olacak. Krediler, 2 yılı ödemesiz, 10 yıl vadeli ve faizsiz olacak.

BAŞVURULAR E-DEVLET ÜZERİNDEN YAPILABİLECEK

Yerinde Dönüşüm projesindeki hibe ve kredi desteğine başvurular e-Devlet üzerinden yapılabilecek. Vatandaşlar, Çağrı Merkezi ALO 181’den Yerinde Dönüşüm projesiyle ilgili detaylı bilgi alabilecek. Ayrıca Çevre, Şehircilik ve İklim Değişikliği Bakanlığına ait iki gezici tır da Yerinde Dönüşüm projesi hakkında bilgilendirme ve tanıtım yapmak amacıyla bölgede hizmet verecek.

HAK SAHİPLERİ NASIL FAYDALANACAK?

Birden fazla dairesi olup da evli çocukları bu dairelerde oturanlar da hak sahibi sayılacak. Binanın tamamına sahip olan vatandaşlar da bir dairesi için hibe alabilecek, diğer daireler için ise 3 daireye kadar kredi kullanabilecek.

Müteahhitler ve arsa sahiplerine destek olmak için Bakanlıkça ‘tip’ sözleşmeler hazırlanacak. İşin gecikmesi ya da tamamlanamaması durumunda uygulanacak yaptırımlar belirlenecek. Vatandaşların hakları sonuna kadar korunacak. İnşaatların aksaması durumunda konutların veya işyerlerinin inşaatını TOKİ tamamlayacak.

TÜM AŞAMALARI BAKANLIĞIN DENETİMİNDE OLACAK

İlimizdeki inşa ve ihya çalışmalarının bütün safhaları Çevre, Şehircilik ve İklim Değişikliği Bakanlığı denetiminde olacak. Yine ilimizde kurulan Yapım ve Dönüşüm Ofisleri aracılığıyla da adım adım takip edilecek.

İLİMİZDE 6 YAPIM VE DÖNÜŞÜM OFİSİ KURULACAK

Yapım ve Dönüşüm Ofisleri, depremden etkilenen ilimizde 17 Temmuz’dan itibaren

Antakya, Defne, İskenderun/Belen, Kırıkhan, Samandağ ve Hassa

olmak üzere 6 noktada hizmet vermeye başlamıştır.

Fay hatlarının, fay kırıklarının üzerinde yapılaşma olmayacak. Sıvılaşmanın olduğu zeminlerde yapılaşmaya izin verilmeyecek. Dere yataklarında imara izin müsaade edilmeyecek. Mimarlık mühendislik hizmetlerinde sıfır tolerans uygulanacak. Yapılacak evler zemin artı 4 katı geçmeyecek.

YERİNDE DÖNÜŞÜM PROJESİNİN FAYDALARI

Yerinde Dönüşüm projesinin birçok faydası var. Maliyet avantajı sağlanacak, şehrin ekonomik hayatı canlanacak, yereldeki 140 kadar alt sektör harekete geçecek, yeni istihdam alanları oluşacak, şehirlere dönüşler hızlanacak, kadim mahalle kültürü canlanacak, yöresel sivil mimari tasarım çeşitliliği artacak ve deprem bölgelerindeki yapım ve dönüşüm dönüş hızlanacak.",2,2,2,1,0,1,1,1,1,0,2,2,3,0,1,0,0,0,1,0
kmaras_bld_0627,Kahramanmaraş Belediye,belediye,kahramanmaras,3_inter_election,2023-08-22,"Akyar’da yapımı devam eden TOKİ Konutlarında incelemelerde bulunan Başkan Güngör, “Şehrimizde toplam 112 bin 414 konut inşa edilecek. Şu ana kadar ihalesi yapılıp başlayan konut sayımız 40 bin 546. Bu sayı her geçen gün artıyor. Yeni Kahramanmaraş’ı inşa ediyoruz. Kahramanmaraş’ımız kısa süre içerisinde sadece ülkemizin değil dünyanın gözde şehirlerinden birisi olacak” dedi.

Kahramanmaraş Büyükşehir Belediye Başkanı Hayrettin Güngör, Dulkadiroğlu ilçesi Akyar’da yapımı devam eden TOKİ Konutlarında incelemelerde bulunarak son duruma ilişkin bilgiler aldı. İncelemeler sonrası şehir genelinde devam eden ve planlanan faaliyetlere ilişkin basın mensuplarına değerlendirmelerde bulunan Başkan Güngör, “6 Şubat depremlerin ardından şehrimizde her alanda çok ciddi çalışmalar yürütülüyor. Çadırdan konteynere hızlı bir geçiş süreci yaşadık. Kalıcı konutlarımız ve iş yerlerimiz hızla yükseliyor. Sayın Cumhurbaşkanımızın belirlediği hedef doğrultusunda hak sahiplerinin 1 yıl içerisinde kalıcı konutlarına kavuşturulması için tüm kurumlarımız yoğun gayret gösteriyor. Depremin ilk saatlerinden itibaren tüm imkân ve kabiliyetiyle yanımızda olan Sayın Cumhurbaşkanımıza, bakanlarımıza, milletvekillerimize, kamu kurum ve kuruluşlarımıza ve emeği geçen herkese teşekkür ediyorum” diye konuştu.

Yeni Kahramanmaraş’ı İnşa Ediyoruz

Kahramanmaraş’a toplam 112 bin 414 kalıcı konut ve köy evi inşa edileceğini vurgulayan Başkan Güngör, “Hak sahipliğine konu olan konut sayısı 82 bin 104, köy evi sayısı ise 30 bin 310. Şehrimizde toplam 112 bin 414 konut inşa edilecek. Şu ana kadar ihalesi yapılıp başlayan konut sayımız ise 40 bin 546. Bu sayı her geçen gün artıyor. Büyükşehir Belediyesi olarak bizler de kalıcı konutların alt ve üstyapı imalatlarında TOKİ’miz ile iş birliği içerisinde çalışıyor, kolaylaştırıcı rol oynuyoruz. Biz yeni Kahramanmaraş’ı inşa ediyoruz. Bunun için de el birliğiyle çok ciddi bir çalışma yürütüyoruz. Kahramanmaraş’ımız kısa süre içerisinde sadece ülkemizin değil dünyanın gözde şehirlerinden birisi olacak” cümlelerini kaydetti.

Yerinde Dönüşüme Yoğun İlgi

Yerinde dönüşüm projesine olan ilgiden de bahseden Güngör, “Onikişubat ve Dulkadiroğlu ilçelerimizi esas aldığımızda Akyar, Karacasu ve Önsen bölgesinde toplamda 15 bin kalıcı konut yapılıyor. Yıkılan ve hak sahipliğine konu olan yapıların büyük bir çoğunluğu yine yerinde yapılacak. Bakanlığımız da bu konuda ciddi bir çalışma yapıyor. Yerinde dönüşüm projesi hayata geçirildi. Kahramanmaraş’ımızda 30 binin üzerinde hemşehrimiz yerinde dönüşümden faydalanmak için müracaat etti. Vatandaşlarımızın yerinde dönüşüme göstermiş olduğu ilgi bizleri de memnun etti” diye konuştu.

Kentsel Tasarım Projesinin Temeli Atıldı

Kentsel tasarım projesinin etaplar halinde hayata geçirildiğini belirten Başkan Hayrettin Güngör, “Çevre, Şehircilik ve İklim Değişikliği Bakanlığımız öncülüğünde şehrimizde mikrobölgeleme çalışmaları devam ediyor. Geçtiğimiz günlerde şehir merkezimizde jeolojik etütleri tamamlanan Azerbaycan Bulvarı, Trabzon Caddesi ve Hükümet Bulvarı’nın bir kısmında kentsel tasarım projemizin ilk etabının temellerini attık. Mikrobölgeleme çalışmaları tamamlanan alanlarda etaplar halinde kentsel tasarım projemizi hayata geçirmeyi sürdüreceğiz. Şehir hafızamızı yaşatmak için Valilik binamız yine Trabzon Caddesi’ndeki mevcut yerine inşa edilecek. Proje çalışmaları başladı. İnşallah ihalesi de kısa süre içerisinde gerçekleştirilerek yeni Valilik binasının inşasına başlanacak” ifadelerini kullandı.",2,2,2,1,0,1,1,1,1,0,2,2,3,0,1,0,0,0,1,0
kmaras_val_012,Kahramanmaraş Valiliği,valilik,kahramanmaras,1_post_quake,2023-04-29,"Cumhurbaşkanımız Sayın Recep Tayyip Erdoğan ve Azerbaycan Cumhurbaşkanı Sayın İlham Aliyev’in İstanbul Teknofest Festival alanından canlı bağlantı ile gerçekleştirilen törende, Azerbeycan Cumhuriyeti tarafından yapımı gerçekleştirilecek olan 24 Derslikli Haydar Aliyev İlkokulu’nun temeli atıldı.
 
İstanbul Atatürk Havalimanı'nda gerçekleştirilen TEKNOFEST Havacılık, Uzay ve Teknoloji Festivali’nde Cumhurbaşkanımız Sayın Erdoğan’ın canlı bağlantı ile teşrif ettiği törene, Tarım ve Orman Bakanı Sayın Vahit Kişirci, Valimiz Ömer Faruk Coşkun, Tarım ve Orman Bakan Yardımcısı Nihat Pakdil, Koordinatör Valilerimiz, AFAD Başkanı Yunus Sezer, Azerbeycan MİDA Başkanı Sadık Sadıkov, TOKİ Başkanı Ömer Bulut ve Büyükşehir Belediye Başkanı Hayrettin Güngör, protokol üyeleri katıldı.
 
Cumhurbaşkanımız Sayın Erdoğan, ""İlham Bey işin başından itibaren Pazarcık merkezli depremde bizleri hiç yalnız bırakmadı. İlk andan itibaren arama kurtarma ekipleri bizimle beraber oldu. İlham gardaşım Kahramanmaraş'a bin kalıcı konut sözü verdi. Bununla birlikte gerek orada okuluyla, camisiyle, yurduyla ve birçok oradaki konseptin içinde yer alan binalarla beraber adete bir Azerbaycan şehri icra etme kararı verdiler. Bugünde bu vesileyle bunun temelini atacağız. Bu projeyi de inşallah kısa zamanda hak sahiplerine Azerbaycan eliyle teslim edeceğiz. Hayırlı olsun."" dedi.
 
Tarım ve Orman Bakanı Sayın Vahit Kirişci, Valimiz Ömer Faruk Coşkun ve protokol üyeleri, yapılan canlı bağlantının ardından butona basılarak Haydar Aliyev İlkokulunun temelini attı.
 
Cumhurbaşkanımız Sayın Erdoğan, Sayın Aliyev'in kendisine okulun bir yıl sürede bitmesi gerektiğini söylediğini belirtmesi üzerine Bakan Sayın Kirişci de okulun belirtilen sürede biteceğini kaydetti.
 
Tarım ve Orman Bakanı Vahit Kirişci, törenin ardından gazetecilere yaptığı açıklamada, Kahramanmaraş merkezli depremlerin ardından acıları paylaşıp, yaraları sarmak adına başta Azerbaycan olmak üzere dost ve kardeş ülkelerden ciddi anlamda yardımların ve çabaların gündeme geldiğini ifade etti.
 
24 derslikli okulun, 3 dersliğinin ana sınıfı, diğerlerinin ise ilkokula ait olacağını ve 7 bin 678 metrekarelik alanda sosyal donatıların da yer alacağını dile getiren Bakan Kirişci, ""Gerek Azerbaycan Bulvarı gerek Haydar Aliyev Bulvarı'nın tam da kesiştiği lokasyonda Azerbaycanlı kardeşlerimizin buranın ihyası ve inşasıyla ilgili teklifleri çok anlamlı ve kıymetli. Burada aklınıza gelebilecek, burayı yeniden ihya ve inşa noktasında bütün donatıları olacak. Şimdi okulun temelini attık. Konaklama adına, kendi yaşam yerleri, alışveriş yerleri, kültürel yerleri, camileri bütün donatılarıyla birlikte 1800 dekarlık alan bu iş için kullanılıyor olacak. Burada 1 yıllık sürede bu inşaatlar tamamlanmış ve vatandaşlarımıza da bu mekânları kullandırıyor olacağız. Azerbaycanlı kardeşlerimize ve bütün dostlarımıza şükranlarımı sunuyorum."" dedi.",0,0,0,1,0,1,1,1,1,0,1,1,1,1,0,0,0,0,1,0
