doc_id,source,source_type,province,period,date,text
kmaras_val_406,Kahramanmaraş Valiliği,valilik,kahramanmaras,5_post_local,2024-10-30,"Valimiz Mükerrem Ünlüer, Kahramanmaraş Sütçü İmam Üniversitesi Sezai Karakoç Konferans Salonu’nda düzenlenen “Yazılışının 950. Yılında Uluslararası Dîvânu Lugâti't-Türk” sempozyumuna katıldı.

“UNESCO Dîvânu Lugâti’t-Türk’ün Yazılışının 950. yıl dönümü UNESCO iş birliğiyle kutlanması” etkinlikleri bağlamında düzenlenen sempozyum, Kültür ve Turizm Bakanlığı, Atatürk Kültür, Dil ve Tarih Yüksek Kurumu, Türk Dil Kurumu (TDK), Kahramanmaraş Sütçü İmam Üniversitesi (KSÜ), Kahramanmaraş Büyükşehir Belediyesi ve UNESCO Türkiye Millî Komisyonu (UTMK) iş birliğiyle gerçekleştirildi.

İlk Türkçe sözlük olarak kabul edilen Dîvânu Lugâti’t-Türk’ün yazılışının 950. yılı dolayısıyla gerçekleştirilen programda, usta kalemler ve alanında uzman isimler edebiyatseverlerle buluştu.

Programın açılış konuşmalarını yapan Kahramanmaraş Milletvekili İrfan Karatutlu, Türk Dil Kurumu Başkanı Prof. Dr. Osman Mert, UNESCO Türkiye Milli Komisyonu Başkanı Prof. Dr. Öcal Oğuz ve KSÜ Rektörü Prof. Dr. Alptekin Yasım; Türk dillerinin en eski sözlüğü konumunda olan Dîvânu Lugâti’t-Türk’ün Türk dilindeki önemine ve programın edebiyat şehri Kahramanmaraş’ta yapılmasının değerine vurgu yaptılar.

Sempozyumun Kahramanmaraş’ta yapılmasından duyduğu memnuniyeti ifade eden Valimiz Mükerrem Ünlüer konuşmasında: “Türk dillerinin en eski sözlüğü olan bu eser ortaya çıkarılışından bu yana 100 yıldan fazla bir süre geçti. O günden bugüne çok mühim, çok yönlü incelemeler, çeviriler hazırlandı, yayımlandı. Bugünkü Türkçenin, bizim Türkçemizin ve bütün öteki Türkçelerin ana söz varlığını oluşturan bu eser aynı zamanda Türk düşünce tarzının, hayat tarzının da örnek cümleler, atasözleri, şiir parçaları arasına serpiştirildiği bir hazinedir.

Kahramanmaraş’ta depreme rağmen eğitimi sürdürmek adına kararlılık sergileyen her iki devlet üniversitemizin de şehrin hızlı toparlanmasında katkısı çok büyük olmuştur. Sadece sosyal hayatı değil kültürel hayatı canlandıran bu sempozyum ve benzeri toplantılar da şehirde bu sürece katkı sağlamaktadır. 

Sempozyuma doğrudan destek veren Türk Dil Kurumunun şehrimizde bulunması, böylesi bir toplantının baş mimarı olması oldukça kıymetli.

Geçmişten günümüze şiirin, şairin ve edebiyatın başkenti olan Kahramanmaraş’ın Unesco adaylığı çerçevesinde de stratejik bir önemi olduğunu gördüğümüz bu toplantının Unesco Türkiye Milli Komisyonu tarafından da manevi olarak desteklenmesini önemsiyoruz. Unesco Yaratıcı Şehirler Ağı’na “Edebiyat Kenti” olarak başvuran Kahramanmaraş adaylığı sürecinde önemli yollar kat etti. Bu sempozyumla şehirde edebiyat, sanat ve kültür alanında devam eden çalışmalara bir yenisi daha ekleniyor.

Bu Sempozyumu Kahramanmaraş’ta düzenleme kararı alan Türk Dil Kurumuna, sempozyumu destekleyen Kahramanmaraş Büyükşehir Belediyesi ve Unesco Türkiye Millî Komisyonuna, son olarak bu toplantıya ev sahipliği yapan Kahramanmaraş Sütçü İmam Üniversitemize teşekkür ediyor; verimli bir program olmasını diliyorum.” dedi.

30-31 Ekim 2024 tarihleri arasında devam edecek olan sempozyumda, Türkologlar katılımcalara Dîvânu Lugâti’t-Türk ve yazarı Kâşgarlı Mahmud hakkında bilimsel değerlendirmelerde bulunacaklar."
kmaras_bld_1432,Kahramanmaraş Belediye,belediye,kahramanmaras,5_post_local,2024-05-23,"Büyükşehir Belediyesi, kent estetiğini sağlamak için kavşak, bulvar ve refüjleri çiçeklerle donatıyor. Rengârenk çiçeklerle kaplanan alanlar vatandaşlara adeta görsel şölen sunuyor.

Yeni Kahramanmaraş’ın imarı ve inşası noktasında tüm alanlarda çalışmalarını hummalı bir şekilde sürdüren Kahramanmaraş Büyükşehir Belediyesi, kent estetiğini sağlamak için de peyzaj ve bitkilendirme uygulamalarına devam ediyor. Park ve Bahçeler Şube Müdürlüğünce yürütülen çalışmalarla kavşak, bulvar ve refüjlerde; begonya, petunya, papatya, sardunya, kadife çiçeği, horozibiği, vapurdumanı, lale, menekşe ve rozet çiçeği gibi pek çok türde çiçek toprakla buluşturuluyor. Rengârenk çiçeklerle kaplanan kavşak, bulvar ve refüjler vatandaşlara adeta görsel şölen sunuyor. Büyükşehir Belediyesinden yapılan açıklamada, kent estetiğinin sağlanması noktasında peyzaj uygulamalarının durmaksızın devam ettiği belirtildi. Vatandaşlar da deprem sonrasında gerçekleştirilen peyzaj çalışmalarından duyduğu memnuniyeti belirtti."
hatay_bld_0291,Hatay Belediye,belediye,hatay,5_post_local,2024-05-08,"BAKAN ÖZHASEKİ: EVLER YÜKSELMEYE BAŞLADI

ÖNTÜRK: TÜM BAKANLARIMIZLA TAM KOORDİNELİ ÇALIŞARAK İLİMİZİ YENİDEN AYAĞA KALDIRIYORUZ

Çevre, Şehircilik ve İklim Değişikliği Bakanı Mehmet Özhaseki, deprem sonrası yeniden imar ve inşa çalışmaları yoğun olarak süren Hatay’da incelemelerde bulundu.

Özhaseki ve beraberindeki heyet, ilk olarak Hatay Büyükşehir Belediye Başkanı Mehmet Öntürk’ü ziyaret etti.

Görüşmede, Hatay’ın geleceğini oluşturacak projelerle ilgili değerlendirmeler yapıldı. Bakan Özhaseki, bölgede evlerin yükselmeye devam ettiğini ifade ederek, daha önce görev yaptığı dönemde kentsel dönüşüm için çok çaba harcadıklarını ancak kentte itirazlar olduğu için dönüşümün gerçekleşemediğini belirterek bundan duyduğu üzüntüyü ifade etti.

Bakan Özhaseki’nin rezerv alan bölgesinde vatandaşlarla yaptığı görüşme, şehirdeki ziyaretler ve Mustafa Kemal Üniversitesi Konferans Salonu’nda düzenlenen Koordinasyon Toplantısı’na eşlik eden Başkan Öntürk de, demografik yapıyı koruyacak şekilde herkesin kendi mahallesinde ikamet etmesini sağlamaya çalışacaklarını vurguladı.

ÖNTÜRK: BÜYÜK BİR HIZLA YAPIMI DEVAM EDEN PROJELERİ YERİNDE İNCELEDİK

Ziyaretler sırasında Bakan Özhaseki ile birlikte Hatay’a gelen gazetecilere açıklamalarda bulunan ve vatandaşların sorularını yanıtlayan Öntürk, “Başta Çevre, Şehircilik ve İklim Değişikliği Bakanlığı’mız olmak üzere ilgili tüm bakanlıklarımızla birlikte tam koordineli şekilde kadim şehrimiz Hatay’ın inşa, imar ve ihyası için çalışmalarımızı sürdürüyoruz. Binlerce yıldır çok sayıda medeniyete ev sahipliği yapmış kentimiz için tüm birimlerimizle gece gündüz demeden çalışmaya, yaşam odaklı kalıcı çözümler üretmeye devam edeceğiz.” dedi.

Şehirle birlikte esnafın da yeniden ayağa kaldırılmasını önemsediklerini belirten Başkan Öntürk, şehrin ekonomik olarak eski günlerine kavuşması noktasında esnafa yönelik çalışmalar için de hassasiyetle çalıştıklarını kaydetti.

Öntürk, insanların inançlarını ve şehrin demografik yapısını koruyacak şekilde herkesin kendi eski mahallesinde ikamet edebilmelerine çalışacaklarını ve herkesin alıştığı kültürü muhafaza ettiği yerde yaşamaya devam etmesini planladıklarını vurguladı.

Hatay’a 14,3 Milyar TL hibe sağlandığına dikkat çeken Öntürk, tüm ilçelerindeki içme suyu ve kanalizasyon sorunlarını çözeceklerini, Turunçlu Arıtma Tesisi ile ilgili kronik sorunlar için de bir çalışma içinde olduklarını kaydetti.

Ayrıca Öntürk, nüfusu yüksek olan bazı köylere çok amaçlı salonlar yapacaklarını ve yeni imar planını da hayata geçireceklerini bildirdi.

Not: Haberin fotoğraflarını aşağıdaki linkten indirebilirsiniz:

https://we.tl/t-7ixQlDhTkF"
csb_0291,CSB,bakanlık,hatay,3_inter_election,2023-07-14,"DEPREM BÖLGESİNDE YENİ DÖNEM BAŞLIYOR

Deprem bölgesinin ihya ve inşasında yeni bir dönem başlıyor. Çevre, Şehircilik ve İklim Değişikliği Bakanlığı, 17 Temmuz’da başlatacağı ‘Yerinde Dönüşüm’ projesiyle 11 şehri yeniden ayağa kaldırıyor. Çevre, Şehircilik ve İklim Değişikliği Bakanı Mehmet Özhaseki, Yerinde Dönüşüm projesiyle Bakanlığın denetiminde yerinde dönüştürülecek konutlara 500 bin TL hibe, 500 bin TL kredi; işyerlerine ise 250 bin TL hibe, 250 bin TL de kredi desteği verileceğini söyledi. Krediler, 2 yılı ödemesiz 10 yıl vade ve sıfır faizle kullandırılacak. Başvurular ‘e-Devlet’ üzerinden yapılacak. Vatandaşlar, Çağrı Merkezi ALO 181’den Yerinde Dönüşüm projesiyle ilgili bilgi alabilecek.

Çevre, Şehircilik ve İklim Değişikliği Bakanı Mehmet Özhaseki, “Yerinde Dönüşüm projesiyle deprem bölgesinde yaralar daha hızlı sarılıyor. Bakanlığımızın denetiminde yerinde dönüştürülecek konutlara 500 bin lira, iş yerlerine 250 bin lira hibe veriyoruz. Konutlarda 500 bin liradan 800 bin liraya, işyerleri de 250 bin liradan 500 bin liraya kadar 2 yıl ödemesiz, 10 yıl vade ile faizsiz kredi desteği sunuyoruz.” dedi.

Deprem bölgesinin ihya ve inşasında yeni bir dönemin başladığını belirten Bakan Mehmet Özhaseki, 17 Temmuz’da başlatacakları ‘Yerinde Dönüşüm’ projesiyle 11 şehrin yeniden ayağa kaldırılacaklarını ifade etti. Bakanlığın denetiminde evini yerinde dönüştürmek isteyen vatandaşların beklentilerini karşılayacak yeni bir projeyi hayata geçireceklerini vurgulayan Bakan Özhaseki, “Bu modelde kendi evini yerinde dönüştürmek isteyen vatandaşlarımıza destek var. Bu projede, konut ve iş yerleri dönüşümü için hibe desteği ve kolay ödemeli krediler var. Yerinde Dönüşüm projesiyle deprem bölgesinde kadim mahalle kültürünü koruyor, meydanları, çarşıları, kadim yapıları, tarihi silüeti ve değerleriyle 11 şehrimizi yeniden ayağa kaldırıyoruz. Yeniden ihya ve inşa çalışmalarında yeni bir dönem başlıyor.” ifadelerini kullandı.

KONUTLARDA 500 BİN İLE 800 BİN LİRA ARASINDA FAİZSİZ KREDİ DESTEĞİ

17 Temmuz’da hayata geçirilecek proje ile depremzedelere, konut ve işyerlerini Bakanlığın denetiminde yerinde yapmaları için hibe ve kredi desteği imkanı sunulacak.

Konutlar için 500 bin TL, işyerleri için ise 250 bin TL hibe verilecek. Konut büyüklüklerine göre 500 bin TL ile 800 bin TL arasında ve işyeri büyüklüklerine göre de 250 bin TL ile 500 bin TL arasında da kredi kullanabilecek.

Brüt inşaat alanı 100 metrekareye kadar olan konutlar için açılan kredi tutarı 500 bin TL, 101-150 metrekare konutlar için açılan kredi tutarı 700 bin TL, 151 metrekareden büyük olan konutlar kredi tutarı 800 bin TL olacak.

İşyeri kredileri ise, brüt inşaat alanı 50 metrekare için kredi tutarı 250 bin TL, 51–100 metrekare arası olan işyerleri için kredi tutarı 400 bin TL, 101 metrekareden büyük olan işyerleri için kredi tutarı 500 bin TL olacak. Krediler, 2 yılı ödemesiz, 10 yıl vadeli ve faizsiz olacak.

BAŞVURULAR E-DEVLET ÜZERİNDEN YAPILABİLECEK

Yerinde Dönüşüm projesindeki hibe ve kredi desteğine başvurular e-Devlet üzerinden yapılabilecek. Vatandaşlar, Çağrı Merkezi ALO 181’den Yerinde Dönüşüm projesiyle ilgili detaylı bilgi alabilecek. Ayrıca Çevre, Şehircilik ve İklim Değişikliği Bakanlığına ait iki gezici tır da Yerinde Dönüşüm projesi hakkında bilgilendirme ve tanıtım yapmak amacıyla bölgede hizmet verecek.

HAK SAHİPLERİ NASIL FAYDALANACAK?

Birden fazla dairesi olup da evli çocukları bu dairelerde oturanlar da hak sahibi sayılacak. Binanın tamamına sahip olan vatandaşlar da bir dairesi için hibe alabilecek, diğer daireler için ise 3 daireye kadar kredi kullanabilecek.

TOKİ’NİN GÜVENCESİNDE OLACAK

Müteahhitler ve arsa sahiplerine destek olmak için Bakanlıkça ‘tip’ sözleşmeler hazırlanacak. İşin gecikmesi ya da tamamlanamaması durumunda uygulanacak yaptırımlar belirlenecek. Vatandaşların hakları sonuna kadar korunacak. İnşaatların aksaması durumunda konutların veya işyerlerinin inşaatını TOKİ tamamlayacak.

TÜM AŞAMALARI BAKANLIĞIN DENETİMİNDE OLACAK

Deprem bölgesinin inşa ve ihya çalışmalarının bütün safhaları Çevre, Şehircilik ve İklim Değişikliği Bakanlığı denetiminde olacak. Yine bölgede kurulan Yapım ve Dönüşüm Ofisleri aracılığıyla da adım adım takip edilecek.

22 YAPIM VE DÖNÜŞÜM OFİSİ KURULACAK

Yapım ve Dönüşüm Ofisleri, depremden etkilenen illerde 17 Temmuz’dan itibaren 22 bölgede hizmet verecek.

Depremden yoğun bir şekilde etkilenen illerde kurulacak bu ofisler;

Kahramanmaraş’ta; Dulkadiroğlu, 12 Şubat, Elbistan, Pazarcık, Türkoğlu ve Afşin’de,

Malatya’da; Yeşilyurt, Akçadağ, Battalgazi ve Doğanşehir’de,

Adıyaman’da; Merkez, Gölbaşı, Besni ve Kâhta’da,

Hatay’da; Antakya, Defne, İskenderun/Belen, Kırıkhan, Samandağ ve Hassa’da,

Gaziantep’te; İslâhiye ve Nurdağı’nda hizmet verecek.

SIFIR TOLERANS UYGULANACAK

Fay hatlarının, fay kırıklarının üzerinde yapılaşma olmayacak. Sıvılaşmanın olduğu zeminlerde yapılaşmaya izin verilmeyecek. Dere yataklarında imara izin müsaade edilmeyecek. Mimarlık mühendislik hizmetlerinde sıfır tolerans uygulanacak. Yapılacak evler zemin artı 4 katı geçmeyecek.

YERİNDE DÖNÜŞÜM PROJESİNİN FAYDALARI

Yerinde Dönüşüm projesinin birçok faydası var. Maliyet avantajı sağlanacak, şehrin ekonomik hayatı canlanacak, yereldeki 140 kadar alt sektör harekete geçecek, yeni istihdam alanları oluşacak, şehirlere dönüşler hızlanacak, kadim mahalle kültürü canlanacak, yöresel sivil mimari tasarım çeşitliliği artacak ve deprem bölgelerindeki yapım ve dönüşüm dönüş hızlanacak."
csb_0917,CSB,bakanlık,hatay,5_post_local,2024-12-13,"EMLAK KONUT, DEPREM BÖLGESİNDE YERLİ ASANSÖR EKA’YI KULLANIYOR

Çevre, Şehircilik ve İklim Değişikliği Bakanlığı’nın iştiraki Emlak Konut Gayrimenkul Yatırım Ortaklığı (EKGYO), deprem bölgesinde çevreci ve sağlam afet konutlarını inşa ederken bu yapılarda yerli ve milli asansör fabrikası Emlak Konut Asansör’ün güvenli asansörlerini de monte ediyor. Hatay’da yeniden inşa edilen 600 Evler Sitesi’nin görüntülerini paylaşan Bakan Kurum, “Birlikte daha güçlü Anadolu daha güçlü Hatay için aralıksız çalışıyoruz.

Sağlam zeminlerde güvenli, dirençli konutlarımız 11 ilde yükseliyor. Hatay’daki 600 Evler Sitesi’nde yeni yuvalarımızın anahtar teslimine bu ay sonu başlayacağız!“ dedi.

Cumhurbaşkanı Recep Tayyip Erdoğan’ın liderliğinde “Milli Teknoloji Hamlesi Vizyonu”na katkı sağlamak için Çevre, Şehircilik ve İklim Değişikliği Bakanlığı’nın himayesinde kurulan Emlak Konut Asansör (EKA), 3 yıldır sektöre katkı sağlıyor. Yerli ve milli aynı zamanda Sıfır Atık uyumlu endüstri 4.0 teknolojisi ile üretilen Emlak Konut asansörleri artık deprem bölgesindeki konutlarda da kullanılıyor.

600 EVLER, EMLAK KONUT TECRÜBESİYLE İNŞA EDİLİYOR

Hatay’da depremde çok sayıda can kaybının yaşandığı 600 Evler Sitesi, Çevre, Şehircilik ve İklim Değişikliği Bakanlığı’na bağlı Emlak Konut tecrübesiyle zemin etütleri yapılarak, yüzlerce fore kazık kullanılarak atılan sağlam temeller üzerinde yeniden inşa ediyor. Bu bloklara yine bakanlığın iştiraki olan Emlak Konut Asansör’ün yerli ve milli teknoloji ile tasarladığı asansörler monte ediliyor.

BAKAN KURUM: ARALIKSIZ ÇALIŞIYORUZ

Bölgenin görüntülerini sosyal medya hesabından paylaşan Çevre, Şehircilik ve İklim Değişikliği Bakanı Murat Kurum, “Birlikte daha güçlü Anadolu daha güçlü Hatay için aralıksız çalışıyoruz. Sağlam zeminlerde güvenli, dirençli konutlarımız 11 ilde yükseliyor. Hatay’daki 600 Evler Sitesi’nde yeni yuvalarımızın anahtar teslimine bu ay sonu başlayacağız” ifadelerini kullandı.

“İLK ADIYAMAN’DA KULLANILDI”

EKA Güneydoğu Anadolu Bölge Müdürü Mahmut Körük ise “Asansörlerimiz yüzde yüz yerli kendi üretimimiz. Adıyaman ile başladık artık deprem bölgesindeki diğer illerimizde de monte ediyoruz. Hem kendi yapımızda hem de dışarıdan beraber çalıştığımız firmalarla birlikte gücümüze güç katıyor, hemen hemen tüm gelen taleplere cevap veriyoruz. Yani aydınlatmasından tutun da çalışma şekli, Ar-Ge’de yapılan tüm hizmetleri, tüm çalışmaları da tamamen enerji tasarrufuna göre kurgulandı” dedi. Körük, asansörlerin de Emlak Konut’un yaptığı konutlar gibi çevreye duyarlı teknoloji ile tasarlandığına dikkat çekti.

“YÜZLERCE FORE KAZIK KULLANDIK”

Emlak Konut İnşaat Mühendisi Bünyamin Aksoy ise Hatay'da depremde çok sayıda can kaybının olduğu 600 Evler Sitesi’ndeki çalışmalar hakkında bilgi verdi: Burası Odabaşı Mahallesi’nde yer alıyor. Biz burada gece gündüz yani aralıksız vardiya usulü çalışarak hem fore kazıklarımızı hem betonarme imalatlarımızı hem de ince imalatlarımıza yaptık, yapıyoruz. Zemini sağlamlaştırmak için yüzlerce fore kazık kullandık. Burada 600 konut yaptık ve şu anda artık yüzde 90 tamamlanma seviyesine ulaştık. Aralık sonu itibarıyla burada anahtar teslimimize başlayacağız.

Aksoy, Emlak Konut’un Hatay’da 33 şantiyede toplam 22 bin konut ve 4 bin iş yerinin inşasının sürdürüldüğünü vurguladı.

Linke tıklayınız;"
tccb_252,TCCB,cumhurbaskanligi,kahramanmaras,4_local_campaign,2024-03-19,"Sevgili Ankaralılar, Mamak’ın Saygıdeğer Güzel İnsanları, Değerli Kardeşlerim, Sizleri en kalbi duygularımla, hürmetle, muhabbetle selamlıyorum. Buradan sizlerin vasıtasıyla tüm Mamak’a, Mamaklı kardeşlerimin her birine selamlarımı gönderiyorum. Mübarek Ramazan-ı Şerifinizi tebrik ediyorum. Rabbim tuttuğunuz oruçları, yaptığınız ibadetleri kabul eylesin. Yardımlaşma ve dayanışmaya her zamankinden daha fazla ihtiyaç duyduğumuz günlerden geçiyoruz. Mamaklı kardeşlerimizin yardımseverlikleriyle, diğerkâmlıklarıyla örnek olmaya devam edeceklerine inanıyorum. Bugün Mamak’ta tamamlanan eser, yatırım ve hizmetlerin toplu açılışını yapmak üzere bir aradayız. Yatırımların açılışına geçmeden önce, Mamak’a olan şükran borcumuzu ödemek istiyorum. Bilindiği gibi 14-28 Mayıs tarihlerinde Türkiye’nin en kritik seçimlerinden birini yaptık, Mamak cumhurbaşkanı seçiminde şahsıma yüzde 49 oy oranıyla destek verdi. Buradan bize destek olan şahsımıza teveccüh gösteren tüm Mamaklı kardeşlerime teşekkür ediyorum. Tabii biz Mamak’tan aslında daha yüksek oy bekliyorduk, demek ki mesajlarımızı Mamak halkına ulaştırma noktasında eksiklerimiz oldu. Şunu burada özellikle ifade etmek isterim: Hangi kökene, meşrebe, fikre, siyasi görüşe mensup olursa olsun her vatandaşımız bizim başımızın tacıdır. Bizim siyaset geleneğimizde beklentiler karşılanmayınca muhalefetin yaptığı gibi suçu, hatayı, kusuru millete atmak yoktur. Biz eksik varsa kendimizde arar, hata varsa yine kendimize bakarız. Muhalefet cenahı ise bırakın kazandıkları bir seçimi, yenildikleri seçim sonrasında bile kendilerini sorgulamaz, hesaba çekmezler, her zaman bir günah keçisi bulup, hiçbir şey olmamış gibi yollarına devam ederler. Mayıs seçimlerinden sonra da yine aynısını yaptılar, suçu vatandaşa ve CHP adayı zata yıkıp kendilerini temize çıkardılar. Ne oldu 6’lı masa, şu anda 6’lı masadan ortada kimse kaldı mı? Hani liderler, Meclise girebildiler mi? Ama biz yine Meclisteyiz. Şimdi gümbür-gümbür 31 Mart’ta yürüyor muyuz? Birlikte miyiz? İnşallah Mamak 31 Mart’ta ben inanıyorum ki destan yazacak. Biz kazanmış olmamıza rağmen bu seçimde aldığımız oyu yeterli görmüyoruz, sandık sonucunu daha fazla insanımıza ulaşmamız gerektiği şeklinde okuyoruz. Önümüzdeki mahalli idareler seçimlerinde inşallah bunu yapacağız. 31 Mart’ta Mamaklı kardeşlerimizle el ele verip eser ve hizmet siyasetini zirveye çıkartacağız. Rabbim şimdiden sizlerden razı olsun diyorum. Ankara bizim, hepimizin, yeniden Ankara. Sevgili Mamaklılar, Çok Değerli Kardeşlerim Mamak 40’tan fazla vilayetin Ankara’ya giriş kapısı olan, Ankara’nın nüfus açısından 4’üncü büyük ilçesidir. Ve şu an itibarıyla resmi rakamları aldım, -aklım fikrim Ankara- ne dediler? 35 bin, şu anda karşımda 35 bin Mamaklı var. “Amasız ve şartsız dün olduğu gibi bugün, yarın ve daima.” Ne diyorlar? “Milliyetçi olup DEM’lemek yok.” Demlemek bizim Rize çayından olur. Mamak’ın eski halini hepimiz hazırlıyoruz, daha önce Mamak deyince akla ilk gecekondular gelirdi, çarpık yapılaşma gelirdi, yokluk ve yoksulluk gelirdi. Biz hem belediye hizmetleri, hem de hükümet yatırımlarıyla ilçemize yakışmayan bu tabloya son verdik. Mamak’ın eski görünümünden kurtulması ve bir daha geriye düşmemesi için her alanda önemli atılımlar gerçekleştirdik, böylece Mamak hizmet ve eser siyasetimizin Ankara’daki sembollerinden biri haline dönüştü. Artık büyüyecek yeri kalmamış ve bunun yol açtığı sorunların altında ezilen kimi ilçelere göre Mamak hâlâ potansiyeli yüksek yerlerin başında geliyor. Her ne kadar biraz geriden gelmiş olsa da Mamak bu yarışta giderek, öne geçen bir ilçemiz haline gelmiştir. Modern binalarıyla, yeşil alanlarıyla, spor tesisleriyle, kültür merkezleriyle ilçemiz göz dolduruyor. Özellikle belediye yatırımlarında ilçemiz Ankara’da bir başarı hikayesi olarak kendinden söz ettiriyor. Bugün bu eser ve hizmet zincirine yeni halkalar ekliyoruz. Mamak Belediyemizin ilçemize kazandırdığı 52 kalem yatırımı resmen sizlerin hizmetine veriyoruz. Bu projeler arasında, havuzlar, millet kıraathaneleri, bahçeler, kapalı pazar yerleri, kütüphaneler, anaokulları, müzeler, gençlik merkezleri buluyor. Belediye yatırımlarıyla birlikte bakanlarımızın yaptığı eserleri de bugün resmen hizmete alıyoruz. Bakanlıklarımız tarafından ilçemize kazandırılan, sağlıkta 256 yataklı Mamak Devlet Hastanesi ve Başak Halk Sağlığı Merkezi’ni, TOKİ tarafından Diriliş ve Dutluk’ta inşa edilen toplam bin konutu, İlçe Emniyet Müdürlüğümüz ile Tuzluçayır ve Kartaltepe Polis Merkezlerini, Zirvekent Jandarma Merkezi’ni, Göç İdaresi Başkanlığına ait çeşitli binaları bugün resmen sizlerin hizmetine sunmuş oluyoruz. Tüm bu eser, hizmet ve projelerin ilçemize hayırlı olmasını diliyorum. Mamak Belediyemizi ve diğer kurumlarımızı gönülden tebrik ediyorum. Bu eserlerin inşasında emeği geçen mühendislerimizi, işçilerimizi, tüm kardeşlerimi kutluyorum. İnşallah 31 Mart’tan sonra sizlerin de güçlü desteğiyle bunlara yenilerini ekleyeceğiz. Ben Mamak’ın tavrının gerçek belediyecilikten yana olacağına yürekten inanıyorum. Şimdi buradan soruyorum, hanım kardeşlerim, hazır mıyız? Gençler, hazır mıyız? Mamak, 31 Mart’ta Türkiye yüzyılı şehirleri için hazır mıyız? 31 Mart’ta Türkiye yüzyılı şehirleri için kararlı mıyız? 31 Mart’ta gerçek belediyeciliği tercih ediyor muyuz? Bunun için seçim gününe kadar, ana kademe, kadın kolları, gençler, kapı-kapı dolaşmaya var mıyız? Mamak’la birlikte Ankara’nın tamamını Cumhur İttifakı’nın renkleriyle boyamaya var mıyız? Allah sizlerden razı olsun. Biliyorsunuz bizde siyaset bir bayrak yarışıdır, bu seçimlerde Mamak da bayrak değişimine gittik. Belediye Başkanı olarak 5 yıldır görev yapan Murat Köse kardeşimizin yerine Asım Balcı kardeşimizi aday gösterdik. Murat kardeşimize ilçemize hizmetleri dolayısıyla teşekkür ediyorum. Kendisiyle olan yol ve dava arkadaşlığımızı inşallah başka alanlarda devam ettireceğiz. Asım Balcı kardeşimin sizlerin de takdiriyle Mamak’ta hizmet bayrağını çok daha yukarılara taşıyacağına inanıyorum. Cumhurbaşkanı olarak her an Asım kardeşimin yanında olacağım, Turgut kardeşimin yanında olacağım, onlarla beraber bu yolculuğa devam edeceğim. Kardeşlerim, Yaklaşık çeyrek asırdır Mamak’ın hizmetkârıyız. Bugüne kadar sadece eser ve hizmet siyaseti yaptık. İlçemize hizmet ederken kimsenin kökenine ve mezhebine bakmadık. “Yaradılanı sevdik Yaradan’dan ötürü” anlayışıyla nerede bir ihtiyaç sahibi varsa elinden tutmanın, nerede bir sorun varsa onu çözmenin gayretinde olduk. Mamak’taki mahallerimizin hepsi siyasi tercihlerinden bağımsız olarak aynı standartta hizmet aldılar. Belediyemizin ve kamu kurumlarının kapısını hiç kimseye kapatmadılar. Şu partiye oy verenler belediyenin kapısından giremez, diyen ırkçı, faşist zihniyetten asla olmadık. Teröre ve şiddete bulaşmadığı, bu millete ihanet etmediği sürece hangi partiye oy verirse versin, herkesi bağrımıza bastık. Ancak 14-28 Mayıs seçimlerinde olduğu gibi 31 Mart öncesinde de siyasi rekabeti siyasi husumete dönüştürmeye çalışanlar var. Tek parti zihniyetinin günümüzdeki temsilcisi olan CHP yönetimi ırkçılık, ayrımcılık ve bölücülükte yine kendi kötü geçmişiyle yarışıyor. Bunlar lafa gelince sağda solda sürekli ahkâm keserler, ama insanlarımızı kökenleri, kılık kıyafetleri üzerinden ayrıştırmadan da duramazlar. Ne yazıyor; Bu şarkı burada… O kadar. Ne yazıyor; “Hızlanma zamanı” Hızlanacağız. Durmak yok, 31 Mart’a kadar 11 gün var ve bakınız biz daha yakın geçmişinde Çorum olaylarını, Maraş olaylarını yaşamış bir milletiz. Biz Sivas olaylarında çok ciddi provokasyonlara maruz kalmış bir ülkeyiz. Son olarak Gezi hadisesinde sokaklarımızın nasıl karıştırıldığını, milletin nasıl birbirine düşürülmek istendiğini hepimiz hatırlıyoruz. Haftalarca sokaklarımızı terörize ettiler, belediyeye ait araçları yaktılar, esnafımızın malına mülküne zarar verdiler. Milletimizin iradesine, geleceğine ve kardeşliğine sahip çıkması sayesinde hamdolsun bu kaos girişiminin önüne geçtik. Hangi inanca, kökene, meşrebe mensup olursa olsun 85 milyonu kimsenin bölemeyeceğini, içimizdeki fitne tüccarlarına açık ve net gösterdik. Bu ülkede benzer senaryoların tekrar yaşanmasına izin veremeyiz. Şimdi şunu çok iyi bilmenizi isterim: Her kim mezhebi kimliği üzerinden siyaset yapıyorsa bu ülkenin iyiliğini istemiyor demektir. Her kim bölgecilik yapıyor, insanları etnik kökenine göre ayırıyorsa bu milletin huzurunu istemiyor demektir. Siyasi partiler olarak elbette yarışacağız, siyasetçiler olarak elbette eleştirilerimizi getireceğiz. Ülkemizin ve milletimizin menfaati adına doğru bulmadığımız hususları elbette açık yüreklilikle ifade edeceğiz. Ama bunları yaparken bizi birbirimize düşürerek aramıza nifak sokmaya çalışanlara karşı daima uyanık olacağız. Kardeşlerim, Sizlerden kardeşliğinize, birlik ve beraberliğinize çok sıkı sarılmanızı istiyorum. Sizlerden AK Parti’nin ve Cumhur İttifakının kardeşlik siyasetine sahip çıkmanızı istiyorum. Mamaklı vatandaşlarımın başlayan ve belli bir aşamaya gelen yatırım hamlelerinin tökezlemesine müsaade etmeyeceğine inanıyorum. Son 5 yılda Ankara’nın nasıl bir hizmetsizlik ve esersizlik girdabına düştüğünü sizler çok iyi biliyorsunuz. Havalimanından ta buralara kadar Allah aşkına yolların asfaltlanması diye bir şey var mı? Nereden nereye geldik. Seçim meydanlarında bol keseden vaat dağıttılar, ama göreve gelince verdikleri sözlerin hiçbirini yerine getirmediler. Kullandıkları yüz milyarlarca liralık devasa bütçelere rağmen ortada örnek gösterebilecekleri hiçbir eserleri, yatırımları yok. Proje diye bahsettikleri işlerin çok daha fazlasını bizim orta çapta bir ilçe belediyemiz bunlardan çok daha iyi zaten yapıyor. Şu anda Ankara’da metro adına yapılan ne varsa hepsi bizim yaptıklarımız. Belediye olarak bunların yaptığı yok. Asfalt dökmemekle, yol-köprü yapmamakla, taş üstüne taş koymamakla övünen bir beceriksiz yönetim var. Elini vicdanına koyan tüm Ankaralı kardeşlerim şu gerçeği kabul edecektir: Ankara bir 5 yıl daha böyle yönetilmeyi kaldıramaz. Ankara bu kadar ihmale, bu kadar yatırımsızlığa tahammül edemez. Ankara’nın yavaşlıktan kurtulması ve bir an önce hızlanması gerekiyor. Trafik başta olmak üzere şehrimizin sorunlarının kördüğüm haline gelmemesi için 31 Mart seçimleri büyük bir fırsattır. Gelin bu fırsatı heba etmeyelim. Gelin Ankara’nın önünde yeni ufuklar açalım, bunun için önümüzdeki 11 günü çok iyi değerlendirmemiz gerekiyor. Kaybedeceklerini anlayanların tahriklerine kapılmadan 11 gün boyunca çok iyi çalışacağız. 31 Mart günü sandık başına gittiğimizde ise ilçede Asım Balcı kardeşime, Büyükşehirde Turgut Altınok kardeşime mührü basacağız. Öyleyse son bir defa daha ahitleşip sizlere veda edelim. Mamak 31 Mart’ta tercihimizi AK Parti ve Cumhur İttifakından yana yapıyor muyuz? Mamak 31 Mart’ta bir kez daha durmak yok, yola devam diyor muyuz? İşte benim inandığım, benim bildiğim Mamak budur. Bugün bizi bir kez daha muhabbetle kucakladığınız için her birinize ayrı ayrı teşekkür ediyorum. Açılışını yaptığımız eser, hizmet ve projelerin Mamaklı kardeşlerimize hayırlı olmasını diliyorum. Bu hizmetleri ilçemize kazandıran belediyemizi ve diğer kamu kurumlarımızı tebrik ediyorum. Asım Balcı kardeşimi sizlere emanet ediyorum. Bu duygularla şimdi ellerimizi kaldıralım, öyle bir haykıralım ki Ankara’nın bir diğer ucu duysun. Hazır mıyız? Tek Millet… Tek Bayrak… Tek Vatan… Tek Devlet… Bir olacağız, iri olacağız, diri olacağız, kardeş olacağız, hep birlikte Türkiye olacağız. Sizleri sevgiyle, saygıyla selamlıyorum. Kalın sağlıcakla."
hatay_bld_0678,Hatay Belediye,belediye,hatay,5_post_local,2024-09-23,"ÖNTÜRK: CHP’Lİ BURSA BÜYÜKŞEHİR BELEDİYESİ SÖZÜNÜ TUTMADI

ÖNTÜRK: TARİHÎ ULU CAMİ’DE ÇALIŞMALAR DURDU

Hatay Büyükşehir Belediyesi (HBB) Başkanı Mehmet Öntürk Antakya’da bulunan Ulu Camii’nin inşası hakkında ATV ve A Habere verdiği röportajında çarpıcı açıklamalarda bulundu.

Başkan Öntürk, “Seçimden önce, Antakya'mızdaki Ulu Cami'nin yapımını Bursa Büyükşehir Belediyesi (BBB) üstlenmişti. Ancak seçimlerden sonra Cumhuriyet Halk Partisine (CHP) geçen belediye maalesef artık bizlere cevap dahi vermiyor. Verilen sözü tutmalarını, Hatay'ımızda bir eseri ayağa kaldırmalarını beklerdik. Hiç sorun değil, onu da biz yaparız!” dedi.

“BURSA BELEDİYESİNİN, İŞİ YÜRÜTMESİ LAZIM”

Ulu Cami ile ilgili olarak Bursa Büyükşehir Belediyesinin el değiştirmesiyle projede bir duraksama olmasına rağmen Habib-i Neccar Camisi’nin de Konya Büyükşehir Belediyesi çalışmalarının devam ettiğini görüyoruz. Onlar da yoksa Hatay’ı unutup yollarına devam mı ettiler?” soruya karşılık ise Öntürk, “Ben bunu partizanca söylemiyorum. Bir söz verildi. Belediyeler devlette kurumsaldır. Diğer tarafta Konya Büyükşehir Belediyesi işini yürütürken Bursa Büyükşehir Belediyesinin de bugün bu işi yürütmesi lazım. Yürütemiyorsa kendimiz yapmak zorundayız. Yaparsa seviniriz. Hatay’da Bursa Belediyesinin bir eseri olur. Bir camimizi ayağa kaldırmış olur. Yapmazsa da kamuoyunun takdirine diyeceğiz. Biz kendimiz yapacağız.” sözleriyle cevap verdi.

""ULU CAMİ İÇİN SON NOKTAYI KOYUYORUZ""

Samandağ’a gerçekleştirdiği ziyaretlerde de konuya değinen Öntürk, 6 Şubat’tan sonra Bursa Büyükşehir Belediyesi ile Ulu Cami için bir kontrat yapıldığını, BBB’nin caminin tadilatını üstlendiğini hatırlatarak bu süreçte herhangi bir ilerleme kaydedilmediğini vurguladı.

Öntürk, ""Ulu Camimiz, tam meydanın en güzel yerinde, hâlâ enkaz halinde. Sayın Valimiz gerekli görüşmeleri yaptı. Eğer başlayacaksanız bilgi verin, dedik. Artık pazartesi itibarıyla son noktayı koyuyoruz. Hatay olarak kendi kendimize yeteriz, hiç problem yok."" dedi.

Not: Haberin video ve fotoğraflarını aşağıdaki linklerden indirebilirsiniz:

Fotoğraf: https://we.tl/t-CFK3glovaL

Video: https://we.tl/t-1dWXo5vORV"
kmaras_bld_0329,Kahramanmaraş Belediye,belediye,kahramanmaras,2_pres_campaign,2023-05-30,"Dulkadiroğlu ilçesinde oluşturulan Melikgazi Belediyesi Yaşam Alanı’nın açılış programına katılan Başkan Güngör, “Melikgazi Belediyemiz ve hayırseverler iş birliğiyle şehrimizde oluşturulan yaşam alanının açılışı için bir araya geldik. Melikgazi Belediye Başkanımız Mustafa Palancıoğlu ve tüm ekibine teşekkür ediyoruz” dedi.

Kahramanmaraş Büyükşehir Belediyesi, kamu kurum ve kuruluşları ve kardeş belediyelerin de destekleriyle şehre yeni geçici barınma merkezleri kazandırmaya devam ediyor. Bu kapsamda; Melikgazi Belediyesi ve hayırsever iş birliğiyle Dulkadiroğlu ilçesinde hayata geçirilen ve 63 aileye ev sahipliği yapacak Melikgazi Belediyesi Yaşam Alanı’nın açılışı gerçekleştirildi. Açılış programında Büyükşehir Belediye Başkanı Hayrettin Güngör’ün yanı sıra; Vali Ömer Faruk Coşkun, KSÜ Rektörü Prof. Dr. Alptekin Yasım, Dulkadiroğlu Kaymakamı Dr. Fatih Çelikkaya, Dulkadiroğlu Belediye Başkanı Necati Okay, Melikgazi Belediye Başkanı Dr. Mustafa Palancıoğlu, Kahramanmaraş İl Müftüsü Mustafa Tekin ve AFAD yetkilileri de yer aldı.

Dayanışma ve Yardımlaşma Örneği

Açılış programında konuşan Başkan Hayrettin Güngör, “Tüm Türkiye olarak 6 Şubat’ta büyük bir afetle karşı karşıya kaldık. Zor zamanlar geçirdik. Bu süreçte devletimizin ve milletimizin büyüklüğüne bir kez daha şahit olduk. Hep birlikte büyük bir dayanışma ve yardımlaşma örneği gösterdik. Başta Sayın Cumhurbaşkanımız olmak üzere tüm bakanlıklarımıza, kurum ve kuruluşlarımıza, kardeş belediyelerimize, STK’larımıza ve gönüllülerimize şükranlarımızı sunuyoruz. Tüm imkân ve kabiliyetiyle yanımızda oldular. Bugün de Melikgazi Belediyemiz ve hayırseverler iş birliğiyle şehrimizde oluşturulan yaşam alanının açılışı için bir araya geldik. Melikgazi Belediye Başkanımız Mustafa Palancıoğlu ve tüm ekibine teşekkür ediyoruz” dedi.

Kalıcı Konutlar Hızla Yükseliyor

Kalıcı konutların da hızla yükselmeye devam ettiğini vurgulayan Güngör, “Şehrimizin yeniden imarı noktasında çalışmalar büyük bir azim ve kararlılıkla sürüyor. Kalıcı konutlar hızla yükseliyor. Tamamlanan köy evlerinin teslimi devam ediyor. Sayın Cumhurbaşkanımızın liderliğinde afet konutlarımız söz verilen sürede tamamlanarak hemşehrilerimize teslim edilecek inşallah” diye konuştu. Protokol konuşmalarının ardından dualar eşliğinde kurdele kesilerek Melikgazi Belediyesi Yaşam Alanı’nın açılışı gerçekleştirildi. Başkan Güngör ve beraberindeki heyet, devamında geçici barınma merkezini ziyaret ederek depremzedelerle bir araya geldi."
kmaras_bld_0150,Kahramanmaraş Belediye,belediye,kahramanmaras,1_post_quake,2023-04-06,"Büyükşehir Belediyesi, deprem sonrası tekrar eğitim öğretimin başladığı Andırın’da öğrencilere yönelik çeşitli etkinlikler düzenledi.

Şehrin ihya ve inşası noktasında çalışmalarını kesintisiz sürdüren Kahramanmaraş Büyükşehir Belediyesi, hayatın normale dönmesi noktasında da yoğun gayret gösteriyor. Afet sonrası çocukların yaşayabileceği travmaları en aza indirmek ve sosyalleşmelerini sağlamak için psiko-sosyal desteklerini ve faaliyetlerini artırarak devam ettiren Büyükşehir, deprem sonrası tekrar eğitim öğretimin başladığı Andırın’da da öğrencilere yönelik çeşitli etkinlikler düzenledi. Mevlâna İdris Millet Konağı’nda gerçekleştirilen kitap okuma ve masal saati etkinliklerine çocuklar büyük bir ilgi gösterirken, çeşitli hediyelerle de miniklerin yüzleri güldürüldü. Büyükşehir Belediyesi’nden yapılan açıklamada, şehir merkezinde ve ilçelerde çocuklara yönelik etkinliklerin artarak devam edeceği belirtildi. Programa katılan öğrenci ve öğretmenler ise anlamlı etkinlik için Büyükşehir Belediye Başkanı Hayrettin Güngör’e teşekkür etti."
hatay_bld_0935,Hatay Belediye,belediye,hatay,5_post_local,2024-12-18,"SENDİKANIN MAĞDURİYETİNİ BAŞKAN ÖNTÜRK GİDERDİ

ÖNTÜRK’ÜN KARARIYLA ÖDEMELER ZAMANINDA VE TAM YAPILDI

Hatay Büyükşehir Belediyesi Başkanı Mehmet Öntürk’ün talimatlarıyla Büyükşehir şirket personellerinin Toplu İş Sözleşmesi’ne (TİS) ilişkin düzenlenen toplantıda Genel Sekreter Hayrettin Güngör açıklamalarda bulundu.

Deprem sonrası acıların yaşandığını ancak bu süreçte hiçbir zaman ümitsiz olmadıklarını söyleyen Güngör, ayrıca Cumhurbaşkanı'nın liderliğinde bugünlere gelindiğini belirtti.

Hatay'ın yeniden imar ve inşası için hep birlikte el birliğiyle çalıştıklarını vurgulayan Güngör, bu süreçte çalışma arkadaşlarının gösterdiği özverili çabaların unutulamayacağını aktardı. Ayrıca Başkan Öntürk adına, tüm personele teşekkürlerini iletti.

“YETKİLİ SENDİKAYA TEKLİFLER YAPILDI”

Toplu İş Sözleşmesi’nin 1 Temmuz 2024’te sona erdiğini hatırlatan Güngör “TİS hukukuna göre, toplu sözleşme görüşmeleri yapıldı. Yetkili sendikayla işveren sıfatıyla belediyemiz ve şirketleri görüşmeler yaptı, teklifler yapıldı ama işverenin teklifinin kabul edilmemesi neticesinde süreç Yüksek Hakem Kuruluna intikal etti. Aralık ayı içinde ""Yüksek Hakem Kurulunun"" kararı sonuçlandı ve 2 yıllık yeni TİS sonuçlanmış oldu.” dedi.

“TEKLİFİMİZİN REDDEDİLMESİ YÜZÜNDEN ÇALIŞANLAR ZARAR GÖRDÜ”

Sendikanın, belediyenin önerisini kabul etmesiyle şu anda daha avantajlı bir sözleşme yapılabileceğini ve tüm ödemelerin zamanında alınmış olacağını belirten Güngör, HBB Başkanı Öntürk’ün, çalışanlarla paylaşılması için kendilerine 3 talimat verdiğini ifade etti.

Genel Sekreter Güngör, Başkan Öntürk’ün talimatlarını “Birincisi yeni TİS'den kaynaklanan tüm alacakları hemen ödeyin. İkincisi öneri ve mevcut durumdan kaynaklanan kayıpları telafi edin. Üçüncüsü yeni TİS dönemi içinde ""tahsil, uzmanlık, meslek sahibi, ustalık, sorumluluk ve zorluk derecesi olan"" işlere ait bir ücret piramidi ve iyileştirme yaparak daha adil bir ücretlendirme yapalım.” şeklinde sıraladı.

“3 KALEMDE TOPLAM 35-40 BİN TL HESAPLARA YATIRILACAK”

Güngör, TİS kaynaklı olarak 5 aylık fark olan 14 bin TL'nin ayrıca yeni TİS'e göre verilmesi gereken 13 bin 900 TL'lik ikramiyenin de bugün hesaplara yatırılacağını söyledi. Bunun yanı sıra, TİS'te yer almayan bir ödeme olduğunu ve bunun da Başkan Öntürk'ün personellere bir hediyesi olduğunu ifade ederek 2024 Temmuz-Aralık ayları için her biri 2 bin TL olmak üzere toplam 10 bin TL'nin de hesaplara yatırılacağını sözlerine ekledi.

“2025’TE MAAŞLAR 40 BİN TL CİVARINDA OLACAK”

Güngör, “Bugün işçi kardeşlerimizin hesabına toplamda 35-40 bin TL para yatmış olacak. 2025 yılı içerisinde bütün arkadaşlarımızın ortalama maaşı 40 bin TL civarında olacak. Hayırlı uğurlu olsun.” dedi.

Güngör, depremin getirdiği ilave maliyetler ve vergi kayıplarına rağmen Büyükşehir çalışanlarını mağdur edilmeyeceğini ve ücretlerin zamanında ödeneceğini ifade etti.

Not: Haberin video ve görsellerini aşağıdaki linklerden indirebilirsiniz:

Video: https://sendgb.com/5riSwMjs63c

Fotoğraf: https://we.tl/t-4kKHG23Z4b"
kmaras_bld_0725,Kahramanmaraş Belediye,belediye,kahramanmaras,3_inter_election,2023-09-22,"Büyükşehir Belediyesi, Necip Fazıl Şehir Hastanesi Şirikçioğlu Toplum Ruh Sağlığı Merkezi danışanlarına yönelik Menzelet Mesire Alanı’nda bir dizi etkinlik gerçekleştirdi. Katılımcılar, programdan duyduğu memnuniyeti belirterek emeği geçen herkese teşekkür etti.

Şehirde yatırımlarını artırarak sürdüren Kahramanmaraş Büyükşehir Belediyesi, sosyal belediyecilik hizmetleri çerçevesinde de vatandaşlara yönelik çeşitli etkinlik ve programlar düzenlemeye devam ediyor. Daima vatandaşların yanında olan Büyükşehir Belediyesi, anlamlı bir program daha gerçekleştirdi. Engelli ve Yaşlı Hizmetleri Şube Müdürlüğü koordinesinde, Necip Fazıl Şehir Hastanesi Şirikçioğlu Toplum ve Ruh Sağlığı Merkezi danışanları ve hastalarına yönelik Menzelet Mesire Alanı’nda bir dizi etkinlik düzenlendi. Danışanların deprem sonrası moral ve motivasyonunu artırmak için düzenlenen programda katılımcılar, çeşitli etkinliklerle doyasıya eğlenirken, doğanın da tadını çıkardı. Renkli anlara sahne olan programdan duyduğu memnuniyeti belirten katılımcılar, Büyükşehir Belediye Başkanı Hayrettin Güngör ve emeği geçen herkese teşekkür etti."
tccb_051,TCCB,cumhurbaskanligi,hatay,1_post_quake,2023-03-31,"Hasret Gidermemize, hasbihal etmemize, kucaklaşmamıza vesile olan herkese teşekkür ediyorum. Bir kelam-ı kibar olarak, “Muhabbetten Muhammed oldu hasıl, Muhammedsiz muhabbetten ne hasıl” der. Dolayısıyla ben bu iftar sofrasını şimdi böyle bir muhabbet sofrası olarak görüyorum ve bugün sizlerle bir kez daha bir arada olmanın bahtiyarlığı içindeyiz. Cumhur İttifakı olarak gerek Devlet Bey, gerek Fatih Bey, tüm heyetimizle birlikte sizlerle bir arada olmak bizlere ayrı bir güç, ayrı bir mutluluk veriyor. Aramızda şehit ailelerimiz var, gazilerimiz var, gazi ailelerimiz var, hep beraber bir arada olmak gerçekten bizlere farklı bir güç katıyor. Her birinize iftar soframızı onurlandırdığınız için şükranlarımı sunuyorum. Ramazan’ın en güzel yanlarından birisi malum; zengin-fakir ayrımı yok, hep bir arada olmak ve zengin-fakir ayrımı olmaksızın bir araya gelmek. İşte bu ayrımların ortadan kalktığı iftar sofrasıdır. Bugün aynı masanın etrafında oturan insanlar olarak sadece iftarımızı ve iftarlıklarımızı paylaşmıyoruz. Aynı zamanda bizler ortak bir kaderi, ortak bir geleceği de paylaşıyoruz. Rabbim dayanışmamızı, yol arkadaşlığımızı daim eylesin diyorum. Diğerleri ne yaparsa yapsın, hangi sahte günlerin peşinde koşarsa koşsun, biz her günümüzü deprem öncelikli meselelerle geçiriyoruz. İçinde bulunduğumuz mübarek günlerin feyzinden ve bereketinden de istifa ederek yaralı gönüllere şifa olmaya çalışıyoruz. Geçen hafta Hatay ve Kahramanmaraş’taydık. Bir hafta önce Adıyaman’ı, ardından da Gaziantep’ti ziyaret ettik ve şimdi de sizlerle bugün hem acınıza, hem Ramazan sevincinize ortak olmak, hem de sizlere yalnız olmadığınızı hissettirmemek için Kilis’teyiz. 11 vilayetimizin 11’ini de inşallah dolaşacağız. Bugün Kilis’te 5’i tamamladık, diğer kalan 6 vilayetimizi de dolaşmak suretiyle bütün depremzede kardeşlerimizle bir arada olacağız. Öncelikle insanlık tarihinin en büyük tabii afetlerinden 6 Şubat depremleri dolayısıyla her birinize tekrar geçmiş olsun dileklerimi iletmek istiyorum. Depremde vefat eden Kilisli kardeşlerimize Allah’tan rahmet, yakınlarına sabır, yaralılarımıza acil şifalar niyaz ediyorum. Deprem, şehrimizde 5 bin 41 bağımsız bölümden oluşan 3 bin 40 binayı yıkık, ağır ve orta hasarlı olarak kullanılamaz hale getirdi. Felaketin 3. günü olan 9 Şubat’ta Kilis’e yaptığımız ziyarette depremin yol açtığı tahribatı bizzat yerinde görmüştük. Devletimizin tüm kurumlarını seferber ederek arama-kurtarmadan acil barınma ihtiyaçlarının giderilmesine, her alanda sizlerin yanında olduk. Bakan arkadaşlarımızı süratle ilimize görevlendirmek suretiyle ilk günden itibaren çalışmaların koordinasyonunu Kilis’te de Ticaret Bakanımla yürüttük. Belediyelerimizin imkânlarını ve personelini bölgeye toplayarak altyapı ve üstyapı sorunlarının çözülmesini temin ettik. AFAD ve Kızılay’la iş birliği içinde belediyelerimiz çalışmalarına kesintisiz devam ediyor. Kardeşlerim; Kilis’te hayat tekrar eski düzenine kavuşuncaya kadar devlet kurumlarımız ve belediyelerimiz sizleri yalnız bırakmayacak, sizlerle daima beraber olacağız. Vakıf ve derneklerimizin de sahada fedakârca koşturduklarını görüyor, Allah hepsinden razı olsun diyorum. İnşallah devlet, millet, sivil toplum sırt sırta vererek yaralarımızı en kısa sürede hep birlikte saracağız. Sadece yıkılanı yapmakla yetinmeyecek, Kilis’i eskisinden çok daha güçlü ve bayındır bir şekilde yeniden ayağa kaldıracağız. Bununla ilgili adımları atmaya zaten başladık. Kilis dahil birçok ilimizde hasar tespit faaliyetlerinden enkaz kaldırmaya tüm çalışmalar hızla yürüyor. Deprem konutlarımızın inşası noktasında zemin etütleri biten yerlerde temelleri atıyoruz. Depremzedelerimizi bir an önce içinde huzurla yaşayacakları, kendilerini emniyette hissedecekleri kalıcı konutlara kavuşturmak istiyoruz. Bu amaçla Kilis’te 1643 afet konutu ve 2 bin 628 köy evi inşa edeceğiz. Şehrimizde yapılacak toplam mesken sayısı 4 bin 271’i buluyor. Bunlardan 649 konutun temelini bugün attık, 486 köy evimizin ihalesini de yaptık. Böylece afet bölgesinde toplam 67 bin 50 konut ve köy evinin yapım süreci başlamış oldu. Kilis’le birlikte depremin vurduğu 11 ilimizde 319 bin konut, toplamda ise 650 bin konut inşa edeceğiz. İnşallah bu konutların 319 binini 1 sene içerisinde bitirip hak sahiplerine teslim edeceğiz. Köy evlerinin bir kısmını belki de bayrama kadar inşallah yetiştirme durumumuz olabilir. Bu konuda Bakanımız çok kararlı işi takip ediyor. Milletimize sözümüzü tutabilmek için deprem bölgesinde ülke tarihimizin en büyük inşa ve ihya seferberliğini başlattık. İş makinelerimiz, kamyonlarımız, kepçelerimiz, beton mikserlerimiz yanı sıra, mühendislerimiz, mimarlarımız, şehircilik uzmanlarımız, ustalarımız, işçilerimiz canla başla çalışıyor. Her geçen gün ve saat enkazlar kaldırılıp inşaatlar başladıkça umutlar da yeniden filizleniyor. Çalışmalarımızı şehirlerin demografisini, sosyolojisini, tarihini, sanatını, kültürünü, sanayisini, mimari yapısını koruyacak bir anlayışla yürütüyoruz. Özellikle bu süreçte yatay mimari ilkemizden asla taviz vermiyoruz, vermeyeceğiz. Konutlarımız zemin artı 3 veya 4 kat olacak, bunu kesinlikle geçmeyecek. Daha önce başlattığımız sosyal konutlarımızın yapımı da aynı şekilde hızla devam ediyor. Kilis’te bugüne kadar 1929 sosyal konut inşa ettik. İlk Evim İlk İşyerim Kampanyası kapsamında Kilis’te 550 konut ve 3 bin konut amaçlı arsayı milletimizin hizmetine sunuyoruz. Her bir depremzede kardeşimizi yuva sahibi yapana kadar inşaatlarımızı hız kesmeden sürdüreceğiz. Geçmişte maruz kaldığı onca haksız eleştiriye rağmen depremden alnının akıyla çıkan TOKİ’miz, inşaat projelerimizin lokomotif kurumu olacaktır. TOKİ’mizin de katkısıyla Kilis’i inşallah hep birlikte her türlü afete karşı daha dirençli hale getireceğiz. Kıymetli Kardeşlerim, Rabbimiz Kur’an-ı Kerim’de bizlere, her zorlukla beraber muhakkak bir kolaylığın olduğunu müjdeliyor. Deprem felaketi sebebiyle yaşadığımız zor günlerin Allah’ın takdiriyle, ülkemiz ve milletimiz için hayra tebdil olacağına inanıyorum. Ümidimiz ve beklentimiz odur ki; Türkiye, bu büyük afetin de üstesinden gelerek hedeflerine doğru ilerlemeye kararlılıkla devam edecektir. Mevlana Hazretleri’nin o veciz ifadelerinde dile getirdiği kadim hakikatin bir kez daha tecelli edeceğinden şüphe duymuyoruz. Ne diyordu Mevlana; “Ümitsizliğin ardında nice ümitler var. Karanlığın ardında nice güneşler var.” Allah’ın izniyle karanlığın ardındaki güneşler çok yakında ülkemizde doğacaktır. Sadece bu topraklardaki bin yıllık mazisinde nice saldırıyı savuşturan, nice yıkımın altından kalkan milletimiz, bu sancılı günleri de geride bırakacaktır. Milletin sıkıntısını ikbal kapısı gören kifayetsizlere aldırmadan, biz tedbire sarılıp takdire teslim olarak afetle mücadelemizi yürüteceğiz. Bu süreçte ülkemizin hızlı karar alan, bunları başarıyla uygulayan dirayetli ve güçlü bir yönetime ihtiyacı bulunuyor. Daha bir masa etrafında toplanmış 7-8 kişiyi idare edemeyenlerin 85 milyon vatandaşıyla tüm Türkiye’yi idare etmesi beklenemez. Hele hele teröristlerle el ele, omuz omuza, kucak kucağa dolaşanların benim ülkeme, Kilis’ime verebileceği hiçbir şey yoktur. Bunları nasıl Cudi’de, nasıl Gabar’da, nasıl Tendürek’te, nasıl Bestler Deresinde gömdüysek, Allah’ın izniyle 14 Mayıs’ta da siz biliyorum ki sandığa gömeceksiniz. Ülkemizin ne fuzuli tartışmalarla boşa harcayacak vakti, ne de birilerinin keyfini bekleyecek sabrı var. Bilhassa depremin yıktığı şehirlerimizin konutuyla, sanayisiyle, tarımıyla, turizmiyle, altyapısı ve üstyapısıyla yeniden ayağa kaldırılması gerekiyor. Türkiye’yi ve deprem bölgesindeki şehirlerimizi sürekli kavga eden, sürekli birbirlerinin kuyusunu kazan, ruhsuz, ufuksuz, vizyonsuz bir kumar masasının kaprislerine terk edemeyiz. Sizlerden 14 Mayıs’ta iradenize ve geleceğinize sahip çıkmanızı özellikle istirham ediyorum. Kilis’in bugüne kadar olduğu gibi 14 Mayıs’ta da Türkiye için, ülkemizin aydınlık yarınları için, huzur, kalkınma ve refahı için yine en doğru kararı vereceğinize yürekten inanıyorum. Son olarak, bugün şehadetinin sekizinci sene-i devriyesi olan Cumhuriyet Savcımız Mehmet Selim Kiraz’ı bir kez daha rahmetle yâd ediyorum. Rabbim, kahraman Savcımızın mekânını Cennet, makamını âli eylesin. Şehit Savcımızı alçakça katleden zihniyetle, bu zihniyetin destekçileriyle ve eli kanlı katilleri meşrulaştırmaya çalışan terör yandaşlarıyla mücadelemizi sonuna kadar sürdüreceğiz. Mevla yar ve yardımcımız olsun diyorum. Rabbim, bizleri bir daha böyle musibetlerle karşı karşıya bırakmasın. Sizleri en kalbi duygularımla, muhabbetle selamlıyor, hepinizi Allah’a emanet ediyorum. Ya Rab, bizleri nasıl Ramazan-ı Şerife kavuşturduysan, aynı şekilde de Kadir Gecesine ve Ramazan Bayramına kavuştur diye niyaz ediyorum. Sağ olun, var olun."
adiyaman_val_052,Adıyaman Valiliği,valilik,adiyaman,5_post_local,2024-04-09,"Derin bir manevi iklimi idrak ettiğimiz Ramazan ayını geride bırakırken yeni umutların güç bulacağı mübarek Ramazan Bayramı’na erişmenin mutluluğunu yaşamaktayız.

Bu vesileyle, Adıyamanlı kardeşlerimin, milletimizin ve tüm İslam aleminin mübarek Ramazan Bayramı’nı en kalbi duygularımla tebrik ediyor, bu mübarek ayda tutulan oruçların, verilen fitrelerin, yapılan ibadet ve duaların Allah katında kabul olmasını diliyorum.

Değerli Adıyamanlı hemşerilerimiz;

Bir milleti kaynaştıran en önemli unsurların başında gelen ve toplumsal yaşamda önemli yeri bulunan Bayramlar, birlik ve beraberlik duygularının yoğunlaştığı, sevinç, neşe ve coşkunun buluştuğu, iyilik ve güzelliklerin harmanlandığı, insanlar arasındaki karşılıklı sevgi ve saygının perçinleştiği, insanların kardeşçe kucaklaştıkları çok özel günlerdir.

Geçtiğimiz yıl olduğu gibi bu yılda Ramazan Bayramı’nı asrın felaketi olarak nitelendirilen ve ilimizi de derinden etkileyen depremin gölgesinde gerçekleştirmenin ve yitirdiğimiz birçok canlarımızla bayramlaşıp kucaklaşamamanın acısıyla buruk bir şekilde idrak ediyoruz.

Bu anlamda yaşadığımız sıkıntılı bu süreci her zorlukta birbirine kenetlenen birlik, beraberlik ve kardeşlik ruhuna sahip Aziz milletimiz ve devletimiz sayesinde dayanışma içerisinde el ele gönül gönüle vererek daha kolay aşacağımıza olan inancımı ifade etmek istiyorum.

Adıyamanlı hemşerilerimiz şundan emin olmalıdır ki, bu kadim şehri tekrar ayağa kaldırmak ve o eski canlı ve hareketli günlerine kavuşturmak için kamu kurum ve kuruluşlarımız, bu kentin tüm dinamikleri ve mesai arkadaşlarımızla birlik gece gündüz demeden yoğun gayret gösteriyoruz. Sayın Cumhurbaşkanımızın riyasetinde ilk kalıcı deprem konutlarımızda teslimata başlayarak vatandaşlarımızı konutlarına yerleştirdik. Devletimizin güçlü desteği ile Adıyaman'da hak sahibi vatandaşlarımızın tamamına anahtarlarını teslim edene kadar da gece gündüz demeden gayretli çalışmalarımıza devam edeceğiz.

Vatandaşlarımızın huzur ve güven içerisinde Ramazan Bayramı’nı idrak etmeleri için de Valiliğimizce gerekli tedbirler alınmıştır. Özellikle seyahate çıkacak vatandaşlarımızın trafik kurallarına riayet etmeleri ve bayram sevincini acıya dönüştürecek her türlü davranıştan uzak durmalarını istirham ediyorum.

Bu düşüncelerle bu zorlu günlerin bir an önce bitmesi ve daha güzel bayramlarda buluşmak temennisiyle bütün Adıyamanlı hemşerilerimin, aziz milletimizin ve tüm İslam aleminin mübarek Ramazan Bayramı’nı en içten duygularımla kutluyor, aziz şehitlerimizi ve bu büyük felakette hayatını kaybeden vatandaşlarımızı saygı ve rahmetle, kahraman gazilerimizi de şükranla anıyor, sevgi ve saygılarımı sunuyorum."
tccb_072,TCCB,cumhurbaskanligi,hatay,1_post_quake,2023-04-15,"Kocaeli’nin Saygıdeğer Güzel İnsanları, Başımızın Tacı Kıymetli Hanımlar, Geleceğimizin Teminatı Sevgili Gençler, Aziz Kardeşlerim, Sizleri en kalbi duygularımla, hürmetle, muhabbetle selamlıyorum. Maşallah, şu muhteşem katılıma bak. Bugün yine adı koca, gönlü yüce, tabiatın ve tarihin şehri Kocaeli’nin tüm güzel insanlarına buradan selamlarımı gönderiyorum. Açılışını yapmak üzere bir araya geldiğimiz elhamdülillah Kocaeli Şehir Hastanemiz ile diğer yatırımlarımızın şehrimize, ülkemize, milletimize hayırlı olmasını diliyorum. Bay bay Kemal, sen hayatında böyle hastane gördün mü? Senin SSK Genel Müdürü olduğun zaman hastanelerimizin hali ortadaydı. Ah ah, rahmetli Savaş Ay hayatta olsaydı da onunla yaptığı programları bir daha görseydik. Neydi o hastanelerimizin hali, neydi o kepazelikler. Hastanelerde hastalarımız rehin alınır veya rehine alınır, oralarda ölürlerdi; hatırlıyorsunuz o günleri değil mi? Kimdi o zaman SSK’nın başında? Bay bay Kemal. Ya bunlara bu vatan teslim edilir mi? Affedersiniz, 5 koyunu güdemeyecek olanlara bu vatan teslim edilebilir mi? Hele hele az önce Önder Beyin ifade ettiği gibi kardeşlerim, Kandil’e bu ülke teslim edilir mi? Terör örgütüne bu ülke teslim edilir mi? İşte dün Diyarbakır’daydık, Diyarbakır’da orada vatandaşlarımızın bize yakarışlarını gördüm. Ne dediler biliyor musunuz? Başkanım, ne olur bizi bunların eline bırakmayın. Ya siz bizi bırakmadıktan sonra biz sizi bırakır mıyız? Biz bunların ne menem olduğunu biliyoruz. Ve Kandil bizim Diyarbakır annelerimizin yavrularını kaçırdı mı? Hatta Diyarbakır’da bu şimdi Edirne’de olan bir Selo var ya, kardeşlerim, 51 Kürt kardeşimizi bunlar öldürdü mü? Hatta bu gençlerin üzerinden arabayla geçtiler, bunları bu şekilde öldürdüler, onlar da Kürt’tü. Ee, hani siz Kürtlere kadr-ü kıymet biçiyordunuz, ne oldu? Kardeşlerim, bunların derdi Kürt filan değil. Bak, açık söylüyorum, onlar ne kadar Kürt ise biz o kadar Türk’üz, böyle bir durumumuz var. Ve biz Türk’üyle, Kürt’üyle, Laz’ıyla, Çerkez’iyle, Gürcü’süyle, Abhazası’yla, Boşnak’ıyla, tüm kardeşlerimizi yaratılanı severiz Yaratan’dan ötürü anlayışıyla seviyoruz. Bizde ayrım yok, bizde bölücülük yok. Kardeşlerim, Bugün Kocaeli Şehir Hastanemiz Allah’a hamdolsun 1218 yatağıyla, deprem izolatörlü modern inşaatıyla, her türlü imkâna sahip birimleriyle gerçekten şu anda bakıyorum iftihar ediyorum. Rabbime hamdolsun bize böyle bir hastaneyi Kocaeli’mize de yapmayı nasip etti. Ben şimdi buradan sesleniyorum ülkemizin parası olanlarına, artık hastalarınızı Cleveland’a göndermeyin, işte Cleveland burada. Doktorsa elhamdülillah doktorlarımız onlardan geri değil. Moderniteyse burada, hasta bakıcısıyla, bütün elemanlarıyla muhteşem bir hastane. İnşallah ülkemizin tüm büyük şehirlerini bunun gibi şehir hastaneleriyle donatıyoruz. Şimdi sırada İzmir var, İzmir’i de inşallah bayram öncesi yetiştirmeye çalışacağız, orayı da açacağız. Bakınız, İstanbul’da Çam Sakura muhteşem bir hastane. 45 günde o kovidin olduğu dönemde biz ne yaptık? Atatürk Havalimanı’na tuttuk Murat Dilmener Hastanesi’ni yaptık, 45 günde. Pakize Öz Hastanesi’ni Anadolu Yakasında yine 45 günde yaptık. Niye? Benim insanıma bu yakışır da onun için. Türkiye’yi sağlık alanında sadece kendi vatandaşlarına hizmet etmekle kalmayıp küresel bir cazibe merkezi haline dönüştürmekte kararlıyız. Bugün dünyanın neresinde yaşarsa yaşasın vatandaşlarımız sağlık hizmetleri için nereyi tercih ediyor? Ülkesini tercih ediyor. Aynı şekilde yabancıların ülkemize olan ilgisi de giderek artıyor. Sağlık alanında kurduğumuz örnek altyapının, yaptığımız sistem reformunun, halen güçlendirmeyi sürdürdüğümüz insan gücünün kıymetini milletimiz gayet iyi biliyor. Buna karşılık muhalefet her gün yeni bir yalan ve iftira ile bu hizmetlere, bu eserlere saldırmayı sürdürüyor. Geçtiğimiz haftalarda Hatay’da inşasına başladığımız hastanenin temelinden bir fotoğraf karesiyle kendi aklınca bizi ters köşe yapmak isteyen bir kendini bilmez vardı. İşte o hastane var ya, inşallah 1,5 ay içinde hizmete girecek. Bakalım dalgasını geçtikleri temelin üzerinde yükselen hastane açıldığında bunu yapanlar çıkıp milletimizden özür dileme onurunu gösterebilecek mi? Biliyorsunuz, CHP Genel Başkanı’nın kariyerinin önemli bir bölümü de şehir hastaneleriyle uğraşmakla geçti. Salgın ve deprem dönemlerinde bu hastanelerin ne kadar hayati öneme sahip olduğunu hep beraber gördük. Türkiye, asrın felaketi 6 Şubat depremlerinin yükünün altından devletinin gücü, kurumlarının kapasitesi, insanlarının fedakârlığı sayesinde ayağa kalktı. Sanıyorlar ki, bu işler kendi kendine oluyor, kendi kendine yürüyor. Türkiye’nin 21 yılda elde ettiği demokrasi ve kalkınma kazanımlarına bakarak esip gürlüyorlar. Halbuki bu ülkede eser bırakmak, hizmet etmek öyle bir babayiğidin harcı değildir, şayet öyle olsaydı bizden önceki onyıllar boyunca Türkiye eser ve hizmet hasreti çekmezdi. Geçtiğimiz 20 yıla sığdırdığımız asırlık yatırımlar daha öncesinden yapılır, bugün Türkiye bambaşka bir yerde olurdu. Fakat eski Türkiye’nin düzeni buna uygun değildi. Arada rahmetli Menderes ve Özal gibi gayret sahibi liderler çıkmış olsa da, düzen ülkemizin geri bırakılması, milletimizin baskı ve zulümle potansiyelinden uzak tutulması üzerine kuruluydu. Biz işte bu köhne düzeni değiştirdik. Milletimizin emanetini yere düşürmemek, mazlumların umutlarını diri tutmak için 21 yıldır her gün işte bu mücadeleyi verdik. Unutmayın, kaderin üstündeki kadere olan imanımızla önümüze çıkan hiçbir engele, kurulan hiçbir tuzağa, maruz kaldığımız hiçbir saldırıya aldırmadan yürüdük. Ne diyor şair: Yürüyeceksin, millet yürüyecek arkandan, sana selam getirdim Ulubatlı Hasan’dan.” Bu inançla gözümüzü hedeflerimizden bir an bile ayırmadık. Hadi bakalım gösterin, Fahrettin Bey. Nasıl buldunuz, iyi mi? Güzel mi? Siz böyle derseniz eyvallah güzeldir. Her güne işte bunları yapmakla başladık, her geceyi bu mücadeleyle bitirdik. İşte bugün yeni bir mücadelenin içindeyiz. bu mücadele; 14 Mayıs’ta Türkiye yüzyılının müjdesini milletimize, dostlarımıza ve tüm insanlığa verme mücadelesidir; hazır mıyız buna? Ana kademe, hazır mıyız? Kadın kolları, hazır mıyız? Gençler, Hazır mıyız? Cumhur İttifakı, hazır mıyız? Eyvallah, siz hazırız derseniz bu iş biter. Attığımız her adımda olduğu gibi Türkiye yüzyılı vizyonumuzun da önüne türlü türlü engeller çıkartmak için çalışıyorlar. Şimdi bir yere gelelim… Ne yaptılar bunlar, bu muhalefet? Yedili bir masa kurdular, kumar masası. Yetmedi, PKK’sından FETÖ’süne tüm terör örgütleriyle anlaştılar. O da yetmedi, emperyalistlerin ve tefecilerin desteğini aldılar. Dikkat ederseniz, bu koalisyonda her şey var, ne ararsan bulunur, derde devadan gayrı. Ama milletin kendisi yok, vizyon zaten yok. Program deseniz bunların aklı o kadarına zaten ermez. Proje diye ortaya koydukları şeylerin de yarısı yalan, yarısı yanlış konular, bir kısmı da bizim zaten yaptığımız işler. Bunların yaptığı bir şey yok. Ne eğitimde, ne sağlıkta, ne adalette, ne emniyette, ne ulaşımda, ne tarımda, ne diplomaside, ne uluslararası münasebetlerde bunların yaptığı bir şey yok, dolayısıyla bunların ülkeye ve millete herhangi bir vaatleri bulunmuyor. Tek yapacakları iş, ortaklarının altlarına birer cumhurbaşkanı yardımcılığı koltuğu çekmek. Mavi boncuk dağıttıkları herkese bakanlık vermek. Kamudan atılan teröristleri yeniden devlete doldurmak. Hazine’yi tam takır edip ülkeyi yeniden işçi, memur ve emekli maaşı ödeyemez hale getirmek, bunları geçmişte bunu yaptılar hatırlayın. Bunları ödeyebilmek için Türkiye’yi tekrar ne yaptılar bunlar? Eski Hazine’nin başındakiyle beraber, işte şu anda bir Sözcüleri var ya, birlikte otelde kapalı kapılar arkasında IMF’le görüştüler. Peki, biz ne yaptık? Şu anda bu masanın etrafında olanlardan bir tanesi benim bir zamanlar Bakanımdı; hatırlıyorsunuz değil mi? Şimdi Davos’ta oturduk, IMF’in başındakiyle konuşuyoruz. Bakın bu gençler, çok önemli. IMF’in başındakiyle konuşuyoruz, o şimdi altılı masanın etrafında olan kişi de o zaman benim Bakanım ah ah ve dedim ki IMF’in başındaki o zata, bak dedim, iki de bir Türkiye’ye adamlar gönderiyorsunuz. Türkiye’yi ben yönetiyorum, siz değil. Siz taksitlerinizi almaya geliyor musunuz? Geliyorsunuz. Taksitinizi alıyor musunuz? Alıyorsunuz. 2013’e kadar devam ettik ve 2013’te yaptığımız bu görüşmeden sonra 2013’te bu ödemeyi bitirdik, IMF’i Türkiye’den def ettik. Ama CHP’ye sorarsan ne diyor? IMF’le oturup konuşmak lazım. Ya o sizin işiniz, işte altılı masa, Rabbim size zaten bu fırsatı vermeyecek de. Ve biz IMF’le değil, biz kendi kendimize yeteriz. Ve 23,5 milyar dolar olan IMF borcunu 2013’te ne yaptık, sıfırladık, bitti. Ve o zaman Merkez Bankamızın rezervi de 27,5 milyar dolardı. Şimdi hamdolsun 100 milyar doların üzerine Merkez Bankası’nın rezervi çıktı ve gümbür-gümbür gidiyoruz. Başbakanlığım dönemimde bir ara 135 milyar doların üzerine de Merkez Bankası’nın rezervi çıkmıştı, şimdi yine onu yakalayacağız hiç endişeniz olmasın. Yaparsa Cumhur İttifakı yapar, hiç endişe etmeyin. Yaptıkları yatırımlar ve sağladıkları istihdamla ülkenin büyümesine katkıda bulunanları bunlar huzursuz ederler. Evet, bay bay Kemal’in cumhurbaşkanlığında yapacakları işte bunlardan ibaret. Şimdi çıkıp buna itiraz edecekler, oysa bunların hepsi de kendilerinin söylediği işler. Ya bu kadar 10-11 tane büyükşehir belediyeniz var, acaba ne yapıyorlar, yaptıkları bir şey var mı? İstanbul’da yaptıkları bir şey var mı? Ankara’da yaptıkları bir şey var mı? İzmir’de yaptıkları bir şey var mı? Yok, yapamazlar; yaparsa Cumhur İttifakı yapar. Şimdi bunlar bir şey yapıyorlar; nedir o? Her ortağa bir cumhurbaşkanı yardımcılığı vereceğiz diye kendileri söylemedi mi? Daha şimdiden her gittiği yerde bakanlık dağıtmaya kendisi başlamadı mı? FETÖ’cülere ve PKK’lılara sizi devlete geri alacağız diye kendileri söz vermedi mi? Düşünebiliyor musunuz, burası bir hukuk devleti, bu hukuk devletinde affederseniz mahkûmları şimdi tekrar içeri alacaklar. Selo’yu çıkaracaklarmış, çocuk katilini çıkaracaklarmış. Kardeşlerim; benim milletim bu çocuk katilini dışarı çıkarma sözü verenlerle beraber olur mu? Bu Selo’yla beraber olur mu? İşte onun için 14 Mayıs’a kaldı 28 gün, durmak yok... Yurt dışından bay bay Kemal 300 milyar dolar getireceğim, diyerek ülkeyi tefecilere kendisi pazarlamıyor mu? Ya sen devlet yönetmek nedir bilmezsin ya, anlamazsın ya. Kim sana bu sözü veriyor? Sen hangi makamdasın da şu anda tefeciler sana böyle bir parayı vereceğinin sözünü veriyor? Dünyada böyle bir şey var mı? Ya biz devlet yönetiyoruz devlet, 20 yıldır elhamdülillah bu devleti yönettik, yönetiyoruz. Peki, sen bakkal dükkânı bile yönetmedin ya. Bu tefeciler 2 gün sonra alacakları için devletin gelirlerine el koyunca, işçi, memur ve emekli maaşlarını kim ödeyecek? Geçmişte öyle olmadı mı, memurların maaşını ödeyemez hale gelmediler mi? Yatırımcılar köşelerine çekildiğinde yeni teknoloji ve üretim tesislerini kim kuracak? Oralarda çalışmak için sabırsızlanan gençlerimize istihdamı kim sağlayacak? Bu listeyi uzatmak mümkün. Ama mesele, 14 Mayıs’ta milletimizin hangi siyaset dilini ve hangi siyasetçi modelini tercih edeceğidir. Bir yanda bizim eser ve hizmet siyasetimiz var, diğer yanda bay bay Kemal’in yalan, iftira ve yıkım siyaseti var. Bir tarafta ilkeler ve mefkûreler birlikteliği olan Cumhur İttifakı var, diğer tarafta tamamen proje mahsulü yedi ortaklı bir kumar masası var. Biz bugüne kadar milletimizin ferasetine, irfanına, dirayetine hep güvendik, hamdolsun hiç de hayal kırıklığına uğramadık, 14 Mayıs’ta da milletimizin en doğrusunu yapacağına yürekten inanıyorum. Şimdi buradan öyle bir ses verin ki, körfezin dört bir yanından duymayan kalmasın; hazır mıyız? Kocaeli, 14 Mayıs’ta çocuklarımızın geleceğini sahip çıkıyor muyuz? Kocaeli, 14 Mayıs’ta 21 yıllık kazanımlarımızı daha da ileri taşıyor muyuz? Kocaeli, 14 Mayıs’ta Türkiye yüzyılının inşası için Bismillah diyor muyuz? Kocaeli, 14 Mayıs’ta Türkiye yüzyılı için doğru adımlarla yola devam diyor muyuz? Rabbim hepinizden razı olsun. Değerli Kardeşlerim, Bugün Şehir Hastanemizle birlikte kurumlarımızın ve belediyelerimizin tamamladığı çok sayıda yatırımın da açılışını yapıyoruz. Eğitimde, sağlıkta, sosyal hizmetlerde şehrimize kazandırdığımız eserlerin resmi açılışını buradan gerçekleştiriyoruz. Kocaeli Büyükşehir Belediyemizin yatırım tutarı 1,7 milyar lirayı geçen 40 farklı projesinin resmi açılışını buradan yapıyoruz. Ayrıca, Kocaeli Belediyemizin halen yapımı süren yaklaşık 4 milyar liralık yatırımı daha var, inşallah onları da en kısa sürede hizmete vereceğiz. Körfez temizliği, Kartepe teleferiği, millet bahçesi, Gebze-Darıca metro hattı, tramvay hattı ve altyapı projelerinden oluşan bu yatırımları yakından takip ediyoruz. Yine bugün Başiskele, Darıca, Derince, Dilovası, Gebze, Gölcük, Kartepe ve Körfez belediyelerimizin yatırımlarını da hizmete açıyoruz. Böylece, Şehir Hastanesi hariç diğer kurumlarımız ve belediyelerimizle birlikte toplamda 2,3 milyar liralık bir yatırımı şehrimize kazandırıyoruz. Tabii Kocaeli’ne kazandırdıklarımız bunlardan ibaret değil. Son 20 yılda şehrimize bugünün rakamlarıyla 150 milyar liranın üzerine yatırım yaptık, 150 milyarın üzerinde. Eğitimde 12 bin 877 adet yeni derslik inşa ettik. Gebze Teknik Üniversitesi’ni faaliyete geçirdik. Gençlik ve sporda, 17 bin 296 kişi kapasiteli yükseköğrenim yurt binaları açtık, 56 spor tesisi inşa ettik. Sosyal yardımlarda ihtiyaç sahibi vatandaşlarımıza 4 milyar lira tutarında kaynak aktardık. Sağlıkta toplamda 2 bin 822 yataklı 20 hastane dahil 89 adet sağlık tesisi kazandırdık, Şehir Hastanemizi de bugün resmen hizmete açıyoruz. Çevre ve şehircilikte, TOKİ kanalıyla Kocaeli’nde sosyal konut, deprem konutu ve kentsel dönüşüm kapsamında toplam 25 bin konut projesini hayata geçirdik. Kentsel dönüşümle 13 bin bağımsız bölümü yeniledik. İlk evim projemizle Kocaeli’ne 5 bin 200 sosyal konut yapacağız. İlk arsa projemizle 1500 konutluk arsa vereceğiz. İlk iş yerim projemizle de 450 sanayi dükkanı inşa edeceğiz. Kocaeli’nde toplam büyüklüğü yaklaşık 4 milyon metrekare olan 14 millet bahçesi projemiz bulunuyor. Bunlardan 6’sını tamlayıp hizmetinize sunduk, 4’ünün yapımı, 4’ünün projelendirme çalışmaları devam ediyor. Ulaştırmada, bakın burası çok önemli, 151 kilometreden devraldığımız bölünmüş yol mesafesini toplamda 374 kilometreye çıkardık. Avrupa’yı Asya ile buluşturan şehrimize İstanbul-İzmir Otoyolunu, Osman Gazi Köprüsünü, Kuzey Marmara Otoyolunu kim yaptı? Yaparsa, evet, Cumhur İttifakı yapar. Kocaeli’ni yüksek hızlı tren hatlarının merkezi haline getirdik. Yapımı devam eden projeler de tamamlandığında Kocaeli ülkemizin dört bir tarafına demir ağlarla bağlanmış olacak. Gebzeli-Halkalı banliyö tren hattını tamamlayarak Gebze’yi Marmaray’la Boğaz’ın altından geçip Halkalı’yla buluşturduk. Gebze-Yavuz Sultan Selim Köprüsü-İstanbul Havalimanı-Halkalı yüksek hızlı tren projemizi de inşallah hayata geçireceğiz. Yapımı devam eden Gebze-Darıcı metro hattını Marmaray’a ve Sabiha Gökçen metro hattına entegre edeceğiz. Şehir Hastanesi tramvay hattını inşallah bu yıl içinde bitirmeyi hedefliyoruz. Tarım ve ormanda Kocaeli’ne 2 baraj, 4 gölet, 3 sulama tesisi, 10 taşkın koruma tesisi, 5 hidroelektrik santrali inşa ettik. 27 bin dekar zirai araziyi sulamaya açtık. Kocaelili çiftçilerimize toplam 650 milyon lira tutarında tarımsal destek verdik. Sanayi ve teknolojide 6 yeni organize sanayi bölgesi, bir endüstri bölgesi, 4 teknopark, 130 araştırma-geliştirme merkezi ve 16 tasarım merkezi kurduk. Enerjide yaklaşık 765 bin doğal gaz abonesi olan ilimiz nüfusunun bugün yüzde 93’ü doğal gazdan ne yapıyor, faydalanıyor; nereden nereye. Görüyorsunuz ne kadar özetlersek özetleyelim hizmetlerimiz anlatmakla bitmiyor. Hatırlarsanız, bundan yaklaşık 8 ay önce Kocaeli’ne geldiğimde sizlere, sandık başına giderken lütfen karşınıza çıkan adaylara şu gözle bakın bir demiştim, bu isimlerden hangisi ülkenin sorunlarını çözebilir diye sormuştum. Bu isimlerden hangisi ülkeyi bölgesel ve küresel mücadelelerden başarıyla çıkartabilir diye sormuştum. Bu isimlerden hangisi evlatlarımıza daha iyi bir Türkiye, daha iyi bir gelecek bırakmamızı… İşte seçimin arifesinde cumhurbaşkanı adayı olarak şu anda karşınızdayım, Cumhur İttifakı’nın milletvekilleri olarak karşınızdayız, şimdi aynı soruları yine soruyorum. Bu soruyu sadece size değil, milletimizin tamamına soruyorum. Kardeşlerim, İşte adaylar, işte başarılar, işte vizyonlar, işte sandık, işte Cumhuriyetimizin yeni asrına adını verdiğimiz Türkiye yüzyılını kime emanet ederseniz? Gözünüzün nuru evlatlarınızın istikbalini kime emanet edersiniz? Hayallerinizi hayata geçirmek için ülkenin yönetimini kime teslim ederseniz? Ülkemizin siyasi, ekonomik, askeri, diplomatik gücüyle dünyada hak ettiği yeri alması için kime güvenirsiniz? Lütfen bu soruların cevabını aklınıza ve vicdanınıza danışarak verin, kararınızı ondan sonra belirleyin. Kardeşlerim, Türkiye yüzyılı vizyonumuzun sadece lafla olmadığını ispatladık. İşte TOGG’u gördünüz değil mi? Beğendiniz mi? TCG Anadolu’yu gördünüz değil mi? Nasıl buldunuz? İHA’ları beğendiniz mi? SİHA’ları beğendiniz mi? Akıncı’yı beğendiniz mi? Kızılelma’yı beğendiniz mi? Gümbür-gümbür gidiyoruz, daha da yapacağız, daha güzellerini yapacağız, çünkü bu millete bunlar yakışır. Onun için bu seçim, Türkiye’ye 21 yıldır eser ve hizmet üretenlerle 21 yıldır laftan başka hiçbir icraatları olmayanların seçimidir. Ülkeyi yönettiğimiz sürece kimi alanlarda belki eksiklerimiz olabilir, hatalarımız olabilir, hepsine de eyvallah. Ama ülkemizin kalkınması, büyümesi, gelişmesi için gece-gündüz çalıştığımızı kimse inkâr edemez. Şimdi hazır mısınız? Öyle bir haykıralım ki ekranları başında bizi izleyenler bunu duysun. Şöyle kaldıralım ellerimizi. Şu muhteşem kalabalığı görünce… Tek millet… Tek bayrak… Tek vatan… Tek devlet… Bir olacağız… İri olacağız… Diri olacağız… Burada olduğu gibi kardeş olacağız… Ve milletimizin güvenliği, huzuru, refahı için canımızı dişimize takarak mücadele ettiğimizi evvel Allah kimse göremezden gelemez. Şimdi Kadir Gecesiyle müşerref oluyoruz; Rabbim Kadir Gecemizi âlemi İslam’ın ve ülkemizin hakkında hayırlara vesile eylesin. (""Amin"" sesleri) Arkasından Ramazan Bayramıyla müşerref oluyoruz; Rabbim Ramazan Bayramını da bayram gibi kutlamayı bizlere nasip etsin.)Ardından 14 Mayıs geliyor, 14 Mayıs’ı da inşallah bayram gibi kutlamayı bizlere nasip etsin. Durmak yok... Durmak yok... Hazır mıyız? Şu muhteşem katılımı görüyorsunuz. Evet, hazırız değil mi? Muhteşem Kocaeli Şehir Hastanesini görüyorsunuz. Rabbim ya Şafi, ya Kafi, ya Muafi ismi şerifleri hürmetine inşallah burayı bir şifa kaynağı olarak tüm insanımızın hizmetinde memur eylesin. Bütün doktor kardeşlerimin Rabbim gayretlerini artırsın. Hemşerilerimizin, sağlık memurlarımızın gayretlerini artırsın. Bu vesileyle, Bismillahirrahmanirrahim diyor kurdeleyi kesiyoruz, makaslar da bugünün hatırasına kurdeleyi kesenlerde kalıyor: ya Allah, Bismillah."
csb_0031,CSB,bakanlık,kahramanmaras,1_post_quake,2023-02-21,"BAKAN KURUM 10 MADDEDE DEPREM BÖLGESİNİN İNŞA VE İHYA SÜRECİNİ PAYLAŞTI

Çevre, Şehircilik ve İklim Değişikliği Bakanı Murat Kurum, deprem bölgelerinde ihya ve inşa sürecinde yol haritalarının netleştiğini belirterek, bu süreçte yürütülecek çalışmaları 10 madde ile paylaştı.

Bakan Kurum, sosyal medya hesabından, Kahramanmaraş merkezli depremlerin ardından bölgedeki inşa ve ihya sürecine ilişkin paylaşımda bulundu.

Bakan Kurum, paylaşımında, ""Afet risk durumu, zemin kalitesi çalışmalarıyla sosyolojik, demografik, kültürel yapıyı koruyarak, il yöneticileri, STK, akademisyenlerle istişare ederek, vatandaşımızı mağdur etmeden yeni yerleşim yerlerimizi belirliyoruz. İhya ve inşa sürecinde yol haritamız netleşiyor."" ifadesini kullandı.

Bakan Kurum'un, ""10 Maddede Deprem Bölgesini Yeniden İhya ve İnşa Süreci, Bilimsel, Hızlı ve Güçlü"" ifadesiyle paylaştığı bilgiye göre, yapılacak çalışmalar şöyle sıralandı:

""- Yerleşime açılacak alanlarda tüm afet risklerinin tespiti yapılacak. Morfolojik, jeolojik, jeofizik, jeoteknik, hidrojeolojik, sismotektonik arazi kullanımı incelenecek.

- Zeminin depreme dayanıklılığını ortaya koyan mikro-bölgeleme ve jeolojik etüt çalışmaları devam edecek.

- Eski yerleşim alanlarının zemin incelemelerine göre, imar kısıtlaması, bina yoğunluğunda azaltım dahil seçenekler değerlendirilecek.

- Sağlam zemin için sıvılaşmanın olmayacağı yerler belirlenecek.

- Fay hatlarına mesafe hesaplanacak.

- Dirençli şehirler için 'ovadan dağlara doğru yerleşim modeli' üzerinde durulacak.

- Radye temel tünel kalıp sistemi tüm yapılarda uygulanacak.

- Şehrin kültürüne, sanatına, doğal ve tarihi dokusuna, sosyolojisine, demografik yapısına uygun şekilde tasarlanacak.

- İki ay içerisinde TOKİ eliyle 200 bin konutun inşasına başlanacak. Konutların hiçbiri zemin artı 3-4 katı geçmeyecek.

- Sürecin her aşamasında üniversiteler, bilim insanları, mühendis, mimar, şehir planlamacıları olacak."""
kmaras_val_067,Kahramanmaraş Valiliği,valilik,kahramanmaras,3_inter_election,2023-08-29,"Valimiz Mükerrem Ünlüer, Büyükşehir Belediye Başkanı Hayrettin Güngör ile birlikte Onikişubat İlçemiz Kurtlar Mahallemizde yapımına başlanılan BAYKAR Toplu Konutları ile Önsen TOKİ Konutları inşaatında incelemelerde bulundu.
 
Depremzede vatandaşlarımızın yerleştirilmesi için devletimizin ve hayırseverlerimizin hızlı reaksiyonu ile Kurtlar Mahallemizde yapımına başlanılan BAYKAR Toplu Konutları ile Önsen Mahallemizde ki TOKİ Konutlarının inşaatında incelemelerde bulunan Vali Ünlüer, yetkililerden inşaatların durumu hakkında bilgiler aldı.
 
Vali Ünlüer, depremzede vatandaşlarımızın biran evvel kalıcı konutlara yerleştirilebilmesi için inşaat çalışmalarına hız verilmesini istedi.
 
Vali Ünlüer, ayrıca vatandaşlarımızla da sohbet ederek taleplerini dinledi."
adiyaman_val_035,Adıyaman Valiliği,valilik,adiyaman,3_inter_election,2023-07-11,"Adıyaman Valisi Dr. Osman Varol, kentte görev yapan yerel ve yaygın basın mensuplarıyla bir araya gelerek deprem sürecini değerlendirdi. 

Deprem sonrası Adıyaman’da yapılan ve bundan sonra yapılacak olan çalışmalara değinerek genel bir değerlendirme yapan Vali Dr. Osman Varol, öncelikli olarak ağır hasarlı yapılardan kurtulup şehrin bir an önce temizlenmesi gerektiğini vurguladı.

Vali Varol, ‘’ Bizim gayemiz çadır kentleri kaldırıp oradaki vatandaşlarımızı statülerine göre konteyner kentlere yerleştirmek, niyetimiz bu ayın sonuna kadar konteyner ve prefabriklere vatandaşlarımızı yerleştirip kalıcı konutların tamamlanmasına kadar barınma sorunlarını çözmektir. Konteyner kentlerin de yaşam kalitesini ve konforunu daha da artırarak vatandaşlarımızın her türlü ihtiyaçlarına cevap verecek şekilde tahsis ediyoruz. Burada bütün konteynerlerimizde mescit, eğitim alanı, kütüphane, çocuk oyun alanı, kadınlar için; atölye, halk eğitim kursları ve spor alanları tesis etmek için arkadaşlarımız planlama yaptı ve çalışmalara başladı.’’ dedi.

Alt yapı ve su sorununa dikkat çeken Vali Varol, ‘’ Var olan sıkıntılar için gerekli tüm çalışmalar devam ediyor, Vartana dediğimiz bölgede bir sondaj çalışması yaptık, yakın zamanda ikinci sondaj çalışması da başlayacaktır. Yine K-1’de arkadaşlarımız, çalışmalarını yaptı orada da bir sondaj vuracağız ve yakın zamanda su sorunu çözeceğiz.’’ dedi.

Toplumda büyük bir rahatsızlığa sebep olan ayrıştırma işlemlerine ve hak sahipliğine ilişkin değerlendirmelerde bulunan Vali Varol, ‘’ Toplumda bu konuyla ilgili ciddi bir rahatsızlık dile getirildi. Vatandaşlarımızın bu haklı itirazlarını yerinde bularak müteahhitlere gerekli talimatlar verilmiş olup, kendilerine ayrıştırmanın şehir dışında yapılması gerektiği bildirilmiştir. Bundan sonraki işlemler için vatandaşlarımızın mağduriyetlerinin giderilmesi için çalışmalarımız sürüyor, biz iki ay içerisinde bu işleri bitirmeyi hedefliyoruz. Öte yandan kalıcı konutlar ilimizde çok hızlı bir şekilde ilerliyor, hak sahipliği işlemleri devam ediyor. Bunu kolaylaştırmak için proaktif çalışıyoruz. AFAD müdürümüz, kaymakamlarımız, köylerde bilgilendirme ekibimiz jandarmalarımızla birlikte gidiyor oradaki vatandaşlarımıza hak sahipliğini anlatıyor ve ne yapmaları gerektiği kendilerine ifade ediliyor’’ dedi. 
‘’Yerinde Dönüşüm’’ projesine ilişkin basın mensuplarına açıklamalarda bulunan Vali Varol, ‘’Sayın Bakanımız açıkladı, Cumhurbaşkanımızda değindi; vatandaşımız çok merak ediyor, geniş kapsamlı anlatım yapılacak tabi ama ben kabaca bahsetmek istiyorum. ‘Yerinde Dönüşüm’ projesi çok güzel bir proje, vatandaşlarımızın istediği ve beklediği bir adımdı. Hak sahiplerinden; evini kendisi yapmak isteyene, her konut beş yüz bin TL hibe verilecek. Bunun dışında 100 metrekareye kadar olan konutlar için beş yüz bin TL’de kredi desteği sağlanacak. 101 ila 150 metrekare için yedi yüz bin TL, 150 metrekarenin üzerindeki konutlar içinde 800 bin TL kredi desteği sağlanacak. Bu kredinin vadesi on yıl olmakla birlikte, kredinin ilk iki yılı ödemesiz şekilde vatandaşlarımıza sunulacak.

Daha sonra Vali Varol, gazetecilerden gelen soruları cevapladıktan sonra basın mensupları, böyle bir toplantıyı düzenlediği için Vali Varol’a teşekkür ederek yeni görevinde başarılar dilediler."
hatay_bld_0037,Hatay Belediye,belediye,hatay,2_pres_campaign,2023-05-24,"Hatay Büyükşehir Belediyesi Çevre Koruma ve Kontrol Dairesi, 6 Şubat depreminden bu yana Hatay’ın 15 ilçesinde çalışmalarına ara vermeden devam ediyor.

Cadde, sokak ve meydan temizliği yapan HBB personeli, Hatay Valiliği, İstanbul Büyükşehir Belediyesi, Mersin Büyükşehir Belediyesi, İzmir Büyükşehir Belediyesi ve diğer ilçe belediyeleri ile koordineli çalışarak bütün ilçelerde temizlik çalışması gerçekleştiriyor.

Çadırkentler ve konteyner kentlerde talebe bağlı olarak yapılan temizlik çalışmalarının yanı sıra Büyükşehir Belediyesi, il genelinde enkaz kaldırma çalışmaları yapıldıktan sonra temizlik çalışmalarını mobil temizlik ekibi ile hizmet veriyor.

7/24 şeklinde devam eden çalışmalar ihtiyaç taleplerine göre dönüşümlü olarak çalışan personelin sağ duyulu davranarak çalışmalarını sürdürdüklerini ifade eden HBB yetkilileri, daha iyi yaşanılabilir bir Hatay için ve şehri en kısa zamanda ayağa kaldırmak amacıyla kısıtlı çalışma koşullarına sahip olunmasına rağmen her türlü hizmeti eksiksiz ve tüm şartları zorlayarak en iyi şekilde yerine getirmek için çalışmalara devam ettiklerini belirtti."
csb_0402,CSB,bakanlık,adiyaman,3_inter_election,2023-10-17,"BAKAN ÖZHASEKİ:”ADIYAMAN’A 82 BİN 203 BAĞIMSIZ BÖLÜM YAPILACAK”

Çevre, Şehircilik ve İklim Değişikliği Bakanı Mehmet Özhaseki, “Adıyaman’a 41 bin 171 afet konutu, 23 bin 640 köy evi, 17 bin 392’si depo-ahır ve iş yeri olmak üzere toplam 82 bin 203 bağımsız bölüm yapılacak.” dedi.

Çevre, Şehircilik ve İklim Değişikliği Bakanlığının 6 Şubat depremlerinden etkilenen şehirlerdeki inşa ve ihya çalışmaları aralıksız devam ediyor. Depremden en çok etkilenen illerden biri olan Adıyaman’da da afet konutları, köy evleri ve iş yerlerinin yapımı sürüyor.

Çevre, Şehircilik ve İklim Değişikliği Bakanı Mehmet Özhaseki, resmî sosyal medya hesabından yaptığı paylaşım ile Adıyaman’da yapılacak konut sayısına ilişkin bilgi verdi. Bakan Özhaseki Adıyaman’da; 41 bin 171 afet konutu, 23 bin 640 köy evi, 17 bin 392’si depo-ahır ve iş yeri olmak üzere toplam 82 bin 203 bağımsız bölümün yapılacağını belirtti.

“41 BİN 292 AFET KONUTU VE KÖY EVİNİN ÖNEMLİ BİR BÖLÜMÜNDE SON AŞAMAYA GELDİK”

Resmî sosyal medya hesabından yaptığı paylaşımda; evlerin yükselmeye başladığını ve Adıyaman’ın ayağa kalktığını vurgulayan Bakan Özhaseki, 6 Şubat Kahramanmaraş merkezli depremlerden etkilenen şehirlerden biri olan Adıyaman’da, depremlerin ardından yapımına başladıkları 41 bin 292 afet konutu ve köy evinin önemli bir bölümünde son aşamaya geldiklerini vurguladı. Bakan Özhaseki, Adıyaman’da yatay ve yöresel mimariye uygun olarak inşa edilmekte olan afet konutları ile köy evlerinin görüntülerine yer veren bir video da paylaştı.

“YERİNDE DÖNÜŞÜM PROJESİNE BAŞVURAN 19 BİN 872 KONUT İLE İLGİLİ ÇALIŞMALARIMIZ DA DEVAM EDİYOR”

Çevre, Şehircilik ve İklim Değişikliği Bakanı Özhaseki; Adıyaman’da yapımı tamamlanacak konutların kasım ayından itibaren teslim edileceğini dile getirdi. Bakan Özhaseki ayrıca, ev ve iş yerlerini yerinde dönüştürmek isteyen vatandaşlar için başlatılan “Yerinde Dönüşüm” projesine Adıyaman’da başvuranların sayısına ilişkin de bilgi verdi. Bakan Özhaseki, yaptığı paylaşımda; “Yerinde Dönüşüm projesine başvurusu yapılan 19 bin 872 konut ile ilgili çalışmalarımız da devam ediyor.” ifadesine yer verdi."
csb_0588,CSB,bakanlık,adiyaman,4_local_campaign,2024-03-25,"ÇEVRE, ŞEHİRCİLİK VE İKLİM DEĞİŞİKLİĞİ BAKANI MEHMET ÖZHASEKİ ADIYAMAN’DA İFTAR PROGRAMINDA KONUŞTU: “ZAMANINDA ‘MALIMIZA ÇÖKÜYORLAR’ DİYENLER, ŞİMDİ ‘GELİN BURAYI DA REZERV ALAN İLAN EDİN KONUT YAPIN’ DEMEYE BAŞLADI”

Çevre, Şehircilik ve İklim Değişikliği Bakanı Mehmet Özhaseki, muhtarlar, STK'lar ve oda temsilcileriyle bir araya geldiği iftar programında, Adıyaman’da 45 bin civarında inşaata başladıklarını belirterek, “İndere ve Atatürk Bulvarı üzerinde yaptıklarımızı görüyorsunuz. Rezerv alan ilan ettiğimizde birileri ‘Malımıza çöküyorlar, tapumuzu alıyorlar’ diye bağırıyorlardı. Şimdi, ‘Gelin burayı da rezerv alan ilan edin, konut yapın’ demeye başladılar.” dedi.

Çevre, Şehircilik ve İklim Değişikliği Bakanı Mehmet Özhaseki, Adıyaman temasları kapsamında Gölbaşı Mitingi, Valilik ziyareti, Seçim Koordinasyon Merkezi ziyaretinin ardından son olarak muhtarlar, STK'lar ve oda temsilcileriyle iftarda bir araya geldi. Burada konuşan Bakan Özhaseki, 6 Şubat 2023’te meydana gelen ve asrın afeti ikiz depremlerde 680 bin ev ve 170 bin iş yerinin yıkıldığını belirterek, maddi zararın ise 104 milyar dolar olduğunu ifade etti.

“ARKADAŞLARIMIZ GECE GÜNDÜZ DEMEDEN AYLARCA ÇALIŞTILAR”

Bu felaketin büyük bir millet olduğumuzu gösterdiğini ve asrın dayanışmasına döndüğünü dile getiren Bakan Özhaseki, “O gece yarısından itibaren Sayın Cumhurbaşkanımız ayaktaydı, yol arkadaşları ayaktaydı. Ben de genel başkan yardımcısıydım. Bütün belediyelerimizi deprem bölgelerine gönderdik. Arkadaşlarımız, gece gündüz demeden aylarca çalıştılar. Çok şükür bizler hizmet veriyoruz. Bu işleri yapmak istiyoruz.” dedi.

“ADIYAMAN’DA ALTYAPIYI BAŞTAN SONA YENİLİYORUZ”

Adıyaman’da yaklaşık 40 bin hak sahibi olduğunu ifade eden Bakan Özhaseki, “Burada 45 bin civarında inşaata başladık. İndere ve Atatürk Bulvarı üzerinde yaptıklarımızı görüyorsunuz. Rezerv alan ilan ettiğimizde birileri, ‘Malımıza çöküyorlar, tapumuzu alıyorlar’ diye bağırıyorlardı. Şimdi her taraftan, ‘Gelin burayı da rezerv alan ilan edin, konut yapın’ demeye başladılar. Yapınca da iyi yapıyoruz.” diye konuştu. TOKİ’nin 22 yılda 1 milyon 340 bin konut yaptığını hatırlatan Bakan Özhaseki, “Bir tanesi de depremde yıkılmadı. Sıva çatlağı bile yoktu. Şimdi de burada Emlak Konutu vasıtasıyla en lüks evleri yapmaya devam ediyoruz. Köylerimizde çelik karkastan evler yapıyoruz. Adıyaman’ımız ve birkaç zarar gören bölgemizin alt yapısını yenilemek için de 6 milyar lira kaynak ayırdık. Altyapıyı baştan sona yeniliyoruz.” şeklinde konuştu.

“BURADAKİ HASARLARI BİR İKİ SENEYE KALMADAN NORMALE DÖNDÜRECEĞİZ”

Bakan Mehmet Özhaseki, 1000 şantiyede 110 bin kişilik orduyla arı gibi çalıştıklarını ifade ederek, “4 bin 333 köyümüzde çelik karkastan evler yapıyoruz. Kardeşlerimizin hepsini evlerine huzurla oturtuncaya kadar biz çalışmaya devam edeceğiz, Adıyaman'dan gitmeyeceğiz. Bütün işler bitinceye, bütün hak sahipleri ‘size hakkımız helal olsun’ deyinceye kadar buradayız. Buradaki hasarları da bir iki seneye kalmadan normale döndüreceğiz, yaraları saracağız. Adıyaman, eskisinden çok daha keyifli bir Adıyaman haline gelecek.” diye konuştu."
kmaras_bld_0967,Kahramanmaraş Belediye,belediye,kahramanmaras,3_inter_election,2023-11-30,"Büyükşehir Belediyesi, Dulkadiroğlu ilçesinde Çiğli Mahallesi’ni Gaziantep Yolu’na bağlayan 2 kilometrelik ana arterde tamamladığı genişletme çalışmalarının ardından sıcak asfalt serimine başladı.

Şehrin ulaşım altyapısını güçlendirmek için yatırımlarını artırarak sürdüren Kahramanmaraş Büyükşehir Belediyesi, Dulkadiroğlu ilçesine bağlı Çiğli Mahallesi’nin de ulaşım standardını iyileştiriyor. Yağışlar ve 6 Şubat depremleri dolayısıyla deforme olan ve ulaşımda konfor ve güvenliği olumsuz etkileyen 2 kilometrelik arter sıcak asfaltla yenileniyor. Mahalleyi Gaziantep Yolu’na bağlayan arterde gerçekleştirilen genişletme çalışmalarının ardından sıcak asfalt uygulamalarına başladı. Fen İşleri Dairesi Başkanlığınca yürütülen çalışmaların kısa süre içerisinde tamamlanmasıyla Çiğli’nin ulaşım standardı üst seviyeye çıkarılacak. Büyükşehir Belediyesinden yapılan açıklamada, ulaşımda konfor ve güvenliğin artırılması noktasında yol yenileme çalışmalarının artarak devam ettiği belirtildi."
hatay_val_265,Hatay Valiliği,valilik,hatay,3_inter_election,2023-10-27,"Valimiz Mustafa MASATLI’nın Başkanlığında 27 Ekim 2023 Cuma günü Hatay Koruma Amaçlı İmar Plan Toplantısı gerçekleştirildi.

Vali Yardımcılarımız, Hatay Büyükşehir Belediye Başkanı Lütfü SAVAŞ, İlçe Kaymakamlarımız, Antakya Belediye Başkanımız İzzettin YILMAZ, Kültür Varlıkları ve Müzeler Genel Müdür Vekili Birol İNCECİKÖZ, Hatay Baro Başkanı Av. Cihat AÇIKALIN, ATSO Başkanı Hikmet ÇİNÇİN ve ilimizde faaliyet gösteren STK temsilcileri ile ilgili kurum yetkililerinin de katılımıyla gerçekleştirilen toplantıda, paydaşların katkıları sonucu ortaya konan ortak akılla oluşturulan Hatay tarihi kent merkezli revizyon ve nazım imar planı ele alınıp değerlendirildi.

Toplantının açılış konuşmasını yapan Valimiz, “Bu topraklar, tarihin en büyük felaketini yaşarken sadece insanımızın değil atalarımızdan bizlere miras kalan tarihi dokumuz, kültürel mirasımızın da ciddi boyutta hasar gördüğünü belirterek; Devletimizin, ilk günden beri başta insanımızın arama kurtarılmasının yanı sıra enkazların kaldırılması, insanımızın barınması dahil hayatının normalleşmesi adına pek çok çalışma ve faaliyet gösterdiğini sözlerine ekledi.

Devletimizi oluşturan her kurumunların da uhdesine aldığı sorumlulukları bulunduğuna dikkat çeken Valimiz, “Merkezi yönetimimizin başta Sayın Cumhurbaşkanımız, Bakanlıklarımız, kurum başkanlıklarımız, Valiliklerimiz, Kaymakamlıklarımız, yerel yönetimler yasada tanımlanan görevleri dahilinde sahada pek çok çalışma yaptı.” diyerek iyileşme sürecinde ilimiz genelinde tarihi ve kültürel mirasımızın da ihya ve inşa çalışmalarının yürütüldüğünü belirtti.

Çevre ve Şehircilik Bakanlığımızın genel anlamdaki imar ve inşa çalışmalarının yanında Kültür ve Turizm Bakanlığımızın da kültürel dokuyla ilgili çok önemli çalışmalarının olduğunu hatırlatan Valimiz, istişare ve ortak aklın önemine vurgu yaparak kurumlarımızın da çalışmalarını yaparken bilim insanları, STK, meslek odaları, yerel yönetimler gibi önemli paydaşlarla istişare yoluna giderek bir ortak akıl oluşturduğunu ifade etti. Kültür ve Turizm Bakanlığımızın da bu nazım imar planı hazırlanırken konu hakkındaki tüm paydaşlarla konu enine boyuna istişare edilerek eylem aşamasına gelinmiş olduğunu kaydetti.

Şehrimiz için önem arz eden bu planın hazırlanmasında emeği geçen, başta Cumhurbaşkanımız Sayın Recep Tayyip ERDOĞAN Beyefendi’ye Kültür ve Turizm Bakanımız Sn. Mehmet ERSOY Bey’e, Kültür Varlıkları ve Müzeler Genel Müdürüne, müdürlük çalışanlarına, yerel yönetimlere, meslek odalarına ve bu işe destek olup değer katan herkese teşekkür eden Valimiz, hazırlanan planın şehrimize hayırlı olması temennilerinde bulundu.

Valimizin konuşmalarının akabinde Kültür Varlıkları ve Müzeler Genel Müdürlüğünce, Antakya’nın koruma amaçlı imar planıyla ilgili yapılması planlanan projelerden ve teknik detaylardan bahsedilen bir sunum gerçekleştirildi.

Sunumun ardından soru-cevaplara geçilerek toplantı sonlandırıldı."
tccb_129,TCCB,cumhurbaskanligi,adiyaman,3_inter_election,2023-07-03,"Aziz Milletim, Değerli Basın Mensupları, Sizleri en kalbi duygularımla, hürmetle, muhabbetle selamlıyorum. Sizlerin vasıtasıyla ekranları başında şu anda bizleri izleyen tüm vatandaşlarıma selam ve sevgilerimi gönderiyorum. Barış, huzur ve esenlik içinde geçirdiğimiz bir Kurban Bayramı sonrasında sizlerle beraber olmaktan duyduğum memnuniyeti özellikle ifade etmek istiyorum. Bu vesileyle, bir kez daha milletimizin ve İslam âleminin Kurban Bayramını canı gönülden tebrik ediyorum. Rabbim bizleri sağlık, huzur ve afiyet içerisinde daha nice bayramlara kavuşturmasını niyaz ediyorum. Kestikleri kurbanla Allah’a yakınlaşması murat eden, bayram günlerini ülkemizde ve dünyada bir yardımlaşma seferberliğine dönüştüren tüm kardeşlerimin ibadetlerinin kabul olmasını diliyorum. Millet olarak 2 milyarlık İslam âlemiyle birlikte Kurban Bayramını ruhuna ve temsil ettiği değerlere mütenasip bir şekilde idrak ettik. Gariplerin, yetim ve öksüzlerin elinden tuttuk. Büyüklerimizi, dost ve akrabalarımızı ziyaret ederek gönüllerini aldık. İhtiyaç sahiplerinin kapısını çalarak bayram sevincini onların da yaşamasını sağladık, kimi zaman bir bayram şekeriyle küçüklerimizin yüzlerinde güller açtırdık. Bu bayram döneminde özellikle depremzede kardeşlerimizi ihmal etmedik. Kabine üyelerimizden milletvekillerimize pek çok arkadaşımız bayramda deprem bölgesindeydi, böylece depremzedelerimizin yalnız olmadıklarını bir kez daha kendilerine hissettirdik. Başta depremde en çok yıkıma uğrayan Hatay, Adıyaman, Maraş olmak üzere 11 vilayetimizin tamamında ihya ve inşa çalışmaları şu anda devam ediyor. Yaptığı binalar 6 Şubat depremlerinden anlının akıyla çıkan TOKİ’miz, bölgenin yeniden ayağa kaldırılması sürecinde öncü rol oynuyor. Bir taraftan yeni deprem konutlarının temelleri atılırken, diğer taraftan inşasına başlanan binalar hızla yükseliyor. Ekim-Kasım ayından itibaren yapımı tamamlanan konutların teslimatına başlıyoruz. Amacımız, ilk bir sene içerisinde 319 bin deprem konutunu teslim etmektir. Bölgede inşa edeceğimiz konut sayısı ise 143 bini köy evi olmak üzere toplam 650 bindir. Şimdiye kadar inşa süreci başlayan konut, köy evi ve ahır sayısı 180 bini buldu. Evleri yıkılan vatandaşlarımızın çok büyük bir bölümünün gelecek bayramı yeni yuvalarında karşılamasını hedefliyoruz. Hep söylediğimiz gibi, giden canlarımızı geri getiremeyiz, ama maddi kayıplarımızı telafi edecek imkâna ve kudrete sahibiz. Tarih boyunca nice badireler atlatmış, nice zorluklara göğüs germiş bir millet olarak Allah’ın izniyle asrın felaketinin de üstesinden geleceğiz. Altyapısı ve üst yapısıyla şehirlerimizi eskiden daha güvenli, daha canlı, daha dayanaklı hale getirene kadar durmadan dinlenmeden çalışacağız. Başkaları ne yaparsa yapsın bizim ana gündem maddemiz deprem bölgesidir, deprem mağdurlarımızın sıkıntılarını çözmektir. Son Adıyaman ziyaretimizde vatandaşlarımızın yolumuzu keserek açtığı o pankartı asla unutmadık ve unutmayacağız. Depremzedelerimizi iyilik etmeden başa kakan namertlere muhtaç eylemeyeceğiz. Sandıkta milletten yediği tokadın acısını afetzedelerden çıkaran faşist zihniyete rağmen, oylarının rengine ve siyasi tercihlerine bakmadan deprem bölgesinde yaşayan tüm vatandaşlarımızı kucaklamaya devam edeceğiz. Aziz Milletim, Her bayramda ulaştırma yatırımlarımızın ne kadar büyük bir hizmet olduğu daha net görülüyor. Daha önce trafikten ve bozuk yollardan dolayı eziyete dönüşen seyahatler, yatırımlarımız sayesinde artık keyifle yapılıyor. Yol medeniyettir şiarıyla başlattığımız ulaştırma hamleleriyle ülkemize çağ atlattık. Otomobille 1,5 saat, feribotla 45 ila 60 dakika süren İzmit Körfezi geçişini Osman Gazi Köprüsüyle 5 dakikaya indirdik. 1915 Çanakkale Köprüsüyle Boğaz geçiş süresini 6 dakikaya düşürdük. Osman Gazi Köprüsü 24 Haziran Cumartesi günü 111 bin 770 araç geçişiyle bir rekora daha imza attı. Açılışından itibaren bugüne Osman Gazi Köprüsü 70 milyon araç geçişiyle zamandan, yakıttan ve çevreden toplam 1,7 milyar dolarlık tasarruf sağladı. 1915 Çanakkale Köprümüzde de önceki yıla göre araç geçiş sayısında yüzde 55 oranında artış yakalandı. Yavuz Sultan Selim Köprüsü günlük ortalama 100 binden fazla araç geçişiyle kamu-özel iş birliğinin en güzel örneklerinden biri oldu. Gezi kalkışmasında durdurulmak istenen bu köprümüz sayesinde Boğaz geçiş trafiği rahat bir nefes aldı. Ankara-Niğde Otoyolu 24 Haziran Cumartesi günü toplam 83 bin 517 araç geçişiyle rekora koşan bir başka projemizdir. Hava yollarımızda da aynı durum söz konusudur. İstanbul Havalimanı’na bayram boyunca günde ortalama 1517 uçak iniş-kalkış yaparken, günde ortalama 238 bin yolcu bu havalimanını kullandı. 25 Haziran’da ise 1593 iniş-kalkış ile tüm zamanların en yüksek rakamına ulaştı. Dünya çapında birinciliklere doymayan İstanbul Havalimanı, Avrupa’nın en yoğun ve en iyi havalimanı seçildi. Antalya Havalimanı’nda da Kurban Bayramı’nın 4’üncü günü 1188 uçak trafiğiyle yine rekor kırdık. Trabzon Havalimanı’nda ise Cuma günü 21 bin 117 yolcu trafiğiyle 12 ülkeye seyahat gerçekleştirildi. CHP Genel Başkanının buraya uçak mı iner dediği, ne gerek var dediği, millet yol mu yiyecek, diyerek çamur attığı diğer tüm ulaştırma projelerimizde benzer başarıları yakalamanın gururunu yaşıyoruz. Takoz siyasetinin nelere nam olabileceğini yıllar geçtikte daha iyi anlıyoruz. 14 Mayıs ve 28 Mayıs seçimlerinde bu zihniyeti sandığa gömen insanımızın 31 Mart 2024 seçimlerinde de bunlara geçit vermeyeceğine inanıyorum. Aziz Milletim, Bayram günleri aynı zamanda diplomasi trafiğimizin arttığı dönemlerdir. Bu bayramda da dünyanın dört bir yanındaki kardeşlerimizle ve dost ülkelerin liderleriyle bayramlaşma imkânı bulduk. Devlet ve hükümet başkanı seviyesinde 21 ülkenin lideriyle telefonda görüşerek, hem tebrikleri kabul ettik, hem de ikili konuları ele aldık. Bu görüşmeler vesilesiyle Rusya-Ukrayna savaşından Sudan’daki kardeş kavgasının sona erdirilmesine kadar küresel güvenliğe dair her mesele Türkiye’nin katkısının daha fazla arandığını ortaya koyuyor. Ülkemiz, krizlerin çözümünde dengeli, adaletli ve güven veren tavrıyla belirleyici rol oynuyor. Ülkemizin öncülüğünde yürütülen barışı inşa çabalarının önemi günden güne daha iyi anlaşılıyor. Tam anlamıyla bir kilitlenme yaşayan Rusya-Ukrayna savaşı bunun en açık ve maalesef en acı örneğidir. İstanbul süreci bu acımasız savaşı sona erdirecek tarihi bir fırsattı. Taraflara onurlu çıkış imkânı sunan bu fırsat değerlendirilebilseydi, bugüne kadar yaşanan yıkım ve gözyaşı olmayacaktı. İstanbul süreciyle başlayan tahıl mutabakatı ve esir takaslarıyla devam eden diplomatik gayretler maalesef savaş lobisi tarafından engellendi, yıpratıldı, bunun bedelini de asker-sivil onbinlerce insan ödedi. Hatta bir dönem Türkiye olarak biz de bu savaş lobisinin hedefi olduk. Ülkemizin izlediği dengeli politikadan rahatsızlık duyanlar, hükümetimize yönelik çok yoğun baskı uyguladılar. Baskı aracı olarak bizler her zaman olduğu gibi muhalefet partilerini kullananlar karşısında dik durduk. Muhalefetin adayının Rusya ile aramızda kriz çıkarmayı amaçlayan asıl ithamları bu senaryonun bir parçasıydı. Sadece Türkiye’nin çıkarlarına değil, Türk demokrasisine de zarar veren bu iddialarla ilgili ortaya tek bir somut delil konulmadı. İddialar yalanlandıktan sonra seçim atmosferinde niçin böyle bir provokasyona girişildiğine dair muhalefet cenahından kamuoyunu tatmin edecek, şüphe bulutlarını dağıtacak hiçbir açıklama da gelmedi. Son 1,5 yılda bunun gibi sayısız örnekle, kışkırtmayla, Türkiye’yi zorda bırakmayı hedefleyen art niyetli teşebbüsle karşı karşıya kaldık. Hükümet olarak bunların hiçbirine kulak asmadık, bölgemizdeki ateşin kıvılcımının Türkiye’ye sıçramasına izin vermedik, savaşa odun taşımak yerine barışın tesisi için gayret sarf ettik. Halen Rusya ve Ukrayna ile aynı anda görüşen, diyalog kanallarını işleten, acil sorunlara çözüm önerileri geliştiren tek ülke biziz. Her iki ülkenin devlet başkanıyla yakın temasımız devam ediyor. Çatışmaları derinleştirme riski taşıyan her olayda inisiyatif alıyoruz. İnşallah bundan sonra da dengeli duruşumuzu muhafaza edeceğiz. Türkiye’nin çevresinde huzuru hakim kılana kadar diplomatik çabalarımızı sürdüreceğiz. Aziz Milletim, İslam dünyası olarak Kurban Bayramı’na ulaşmanın heyecanını yaşarken, İsveç’in Başkenti Stockholm’de mukaddes kitabımız Kur’an-ı Kerim’e yönelik gerçekleştirilen alçakça saldırı hepimizi öfkelendirmiştir. 2 milyar Müslüman’ın hissiyatını hiçe sayan bu sapkınlığın bırakın fikir özgürlüğünü, en temel insani değerlerle bağdaşması mümkün değildir. Bunlar, İslam düşmanlığından beslenen nefret suçlarıdır. Bu nefret suçunun polis korumasında işlenebilmesi çok daha vahimdir. Dünyanın hiçbir medeni ülkesinde insanların kutsallarına yönelik saldırılar düşünce hürriyeti olarak nitelenemez. Nasıl kiliseyi, havrayı veya bir başka inancın mabedini ateşe vermek özgürlük değilse, Kur’an-ı Kerim Mushaf’ı yakma diye bir özgürlük olamaz. Bizim nazarımızda camilerimizi hedef alan eylemler ile kutsal kitabımıza yapılan rezil saldırılar arasında hiçbir fark yoktur. Bu gerçeği aslında nefret suçlarına imza atanlar kadar, buna izin verenler, göz yumanlar da çok iyi biliyor. Söz konusu kendi güvenlikleri olunca hiçbir hak, hukuk, ilke tanımayanlar, sıra Müslümanların kutsallarına gelince birden fikir özgürlüğünü hatırlıyorlar. Bu zihniyetin elinde fikir hürriyeti, İslam düşmanlığı ve yabancı karşıtlığının tüm biçimlerini meşrulaştıran bir araç konumundadır. Stockholm’de Kurban Bayramı’nın ilk günü hem de bir cami önünde gerçekleştirilen menfur eyleme münferit bir hadise gözüyle bakamayız. Bu saldırıları Batı’da habis bir ur misali hızla yayılan İslam ve Müslüman düşmanlığı hastalığının yeni tezahürleri olarak görüyoruz. Batı dünyası, özellikle bu hastalıkla mücadele noktasında hiçbir adım atmıyor. Dört yıl önce Yeni Zelenda’nın Christchurch şehrinde bir camide ibadet eden 51 Müslümanın şehit edildiği terör eyleminden hâlâ ders alınmıyor. Neo-Nazi örgütler çoğu zaman devlet içindeki uzantılarının da desteğiyle palazlanmaya devam ediyor. Aşırı sağcıların işlediği nefret suçlarının kaydı çoğu zaman hiç tutulmuyor. Failler ya yakalanmıyor ya da ön kapısından girdikleri mahkeme salonlarının arka kapısından ellerini kollarını sallayarak çıkıyor. Günümüzde Müslümanlar için inançlarını özgürce yaşamak, dillerini sokakta özgürce konuşmak, dinlerinin emrettiği şekilde giyinmek, çalışmak, sosyal hayatta var olmak giderek zorlaşmaktadır. Irkçı terör saldırıları sadece Müslümanlara değil Musevilere, Afrikalılara, Asya kökenlilere, Romanlara ve göçmenlere de yönelmektedir. Önceki hafta Mora Yarımadası açıklarında batan ve yüzlerce mülteciye mezar olan gemi faciasında buna bir kez daha şahit olduk. İnsanları kurtarmak adına ciddi hiçbir emek harcanmadığı gibi, yüzlerce kişinin ölümü Titanik Gemisini görmeye giden 5 zengin kadar gündem olmadı. Bu mazlumlar da her yıl Akdeniz’in sularında kaybolan binlerce can gibi kısa sürede unutulup gitti. Aziz Milletim, Bunlar asla istisnai hadiseler değildir, beyaz adamın üstünlüğüne dayanan sömürgeci, kibirli ve gayri insanı zihniyetin varlığını halen devam ettirdiğinin işaretidir. Pek çok Batı ülkesinde ayrımcılık toplumsal bir norm haline gelmiştir. Özellikle sömürgeci geçmişiyle bilinen ülkelerde kültürel ırkçılık kurumsal ırkçılığa dönüşmüştür. Fransa’da başlayan, kısa sürede diğer ülkelere yayılan olayların kökünde işte bu zihniyetin inşa ettiği sosyal mimari vardır. Sistematik şekilde baskı gören, kamusal hayatın dışına itilen varoşlarda, gettolarda yaşamaya mahkum edilen göçmenlerin çoğu Müslümanlardır. Şiddet maalesef şiddeti doğurmuş ve bugünkü hadiseleri tetiklemiştir. Tarih boyunca olduğu gibi, bugün de rüzgâr ekenler fırtına biçmektedir. Kamu malına zarar verilmesini, sokakların yakılıp yıkılmasını, mağazaların yağmalanmasını elbette tasvip etmiyoruz. Sokak olayları meşru bir hak arama metodu olamaz, ancak bu sosyal patlamadan otoritelerin de ders çıkarması gerektiği açıktır. Benzer vakalar ülkemizde yaşadığında bizlere hak, hukuk ve demokrasi dersi verenlerin, meydanlarda kamp kurup 24 saat canlı yayın yapanların bugün derin bir sessizliğe bürünmesi ayrıca manidardır. Dışişleri Bakanlığımız, özellikle bugünlerde Fransa’ya gidecek olan veya orada yaşayan vatandaşlarımıza gereken uyarılarda bulundu. Büyükelçiliklerimiz ve konsolosluklarımız her zaman vatandaşlarımızın yanındadır. Biz de ilgili birimlerimizle süreci yakından takip ediyoruz. Endişeyle karşıladığımız son hadiselerin daha fazla kan akmadan, şiddet sarmalı daha fazla büyümeden bir an önce sona ermesini diliyoruz. Bu olayların göçmenlere ve Müslümanlara yönelik yeni bir baskı, yıldırma, sindirme furyasına yol açmasından da kaygı duyuyoruz. Daha çok kısıtlama, daha fazla ötekileştirmeye, adaletsizliğin daha fazla derinleşmesine sebep olacaktır, bu da gelecekte daha vahim olayların fitilini ateşleyecektir. Biz, yüzbinlerce vatandaşımızın yaşadığı hiçbir ülkenin böyle bir girdaba sürüklenmesini istemeyiz. Hele hele ırkçı nefretin insanımızı hedef almasına izin veremeyiz. Türkler, İslam düşmanlığından en çok mağdur olan, en çok bedel ödeyen toplumun kesimlerinden biridir. Solingen’de vahşice katledilen vatandaşlarımızın acısı halen tazedir. Dönerci cinayetleri denilerek üstü kapatılmak istenen katliamlarda yüreği yanan yine bizim insanlarımızdı. Mescitleri, dernekleri, iş yerleri saldırıya uğrayan bizim kardeşlerimizdir. Terör örgütlerinin önü açılırken, polis şiddetine maruz bırakılan bizim sivil toplum kuruluşlarımızdır. Yurt dışında 7 milyon vatandaşı bulunan ülkemiz için, Türk ve Müslüman düşmanlığı dış politika meselesinden öte bir milli güvenlik sorunudur. Fransa’daki olayları tüm boyutlarıyla titizlikle incelerken, Stockholm’deki saldırı sonrasında tepkimizi çok net bir şekilde gösterdik. İslam İş Birliği Teşkilatı da bu konuda hemen harekete geçti. Terör örgütleriyle ve İslam düşmanlığıyla kararlı mücadelenin kırmızı çizgimiz olduğunu açıkça ifade ettik. Teröre destek vererek, teröristlere alan açarak, sokakları, caddeleri, şehrin en merkezi meydanlarını teröristlere tahsis ederek Türkiye’nin dostluğunun kazanılmayacağını artık herkesin kabullenmesi gerekiyor. Muhataplarımız bu gerçeği ne kadar kısa sürede içselleştirirse, süreç o derece sağlıklı işleyecektir. Ülkemizin duruşu, beklentileri, bizlere verilen taahhütler bellidir. Biz, geçen sene neyi savunuyorsak, bugün de aynı ilkeleri savunuyoruz. Oyalama taktikleriyle vakit kaybetmek yerine, verilen sözlerin tutulmasının daha akılcı, daha faydalı ve devlet ciddiyetine yakışır bir yöntem olacağına inanıyoruz. Basın yayın organları üzerinden yürütülen kirli oyunların neyi amaçladığını çok iyi görüyoruz, ama bu tarz bel altı vuruşlarla mesafe alacaklarını düşünenlerin ne bizi, ne Türkiye’yi, ne de Türk milletini tanımadıkları aşikârdır. Buradan kendilerine ince eleyip sık dokumalarını, ev ödevlerini daha iyi yapmalarını tavsiye ediyorum. Bizim tehdit siyasetine de, tahrik siyasetine de, aba altından sopa gösterme kurnazlığına da teslim olmayacağımızı tüm dünya bilir, bilmelidir. Biz, birilerinden ülkelerinin isimlerini değiştirmesini değil, sadece altına imza attıkları hususlara sadık kalmalarını istiyoruz. Binlerce vatandaşımızın canına kasteden bölücü örgüt mensuplarını ve FETÖ’cü alçakları himaye etmemelerini bekliyoruz. Türkiye olarak bunlar sağlanana kadar geri adım atmayacağımızın bilinmesini istiyoruz. Aziz Milletim, Uluslararası alanda ülkemize verilen sözlerin takipçisi olurken, milletimize meydanlarda verdiğimiz sözleri de asla ihmal etmiyoruz. Bir önceki Kabine Toplantılarımızda çiftçilerimizden gençlerimize, toplumumuzun çeşitli kesimlerine yönelik müjdelerimizi paylaştık. Ardından 2023 yılının ikinci yarısında brüt asgari ücret tutarını 13 bin 414 liraya, net asgari ücret tutarını ise 11 bin 402 liraya yükselttik. Böylece asgari ücrete yüzde 34 gibi enflasyonun üzerinde refah payını da içeren bir zam yapmış olduk. Son 21 yıldır kararlılıkla sürdürdüğümüz halkımızı enflasyona ezdirmeme prensibimize bugün de sahip çıkıyoruz. Özellikle toplumumuzun kırılgan kesimlerini hayat pahalılığının etkilerinden korumaya çalışıyoruz. Fahiş kira artışlarına karşı geçen sene devreye aldığımız üst sınır uygulaması, bu tedbirlerden biriydi. Konut kira sözleşmelerinde artırım oranını yüzde 25 ile sınırlandırmıştık. Temmuz ayında yenilenecek konut kira sözleşmeleri için de aynı sınır uygulanmaya devam edecektir. Sıfır ve ikinci el araç fiyatlarında oluşan balonu da yakından takip ediyoruz. Ekonomik şartlardan ziyade tamahkârlıktan ve açgözlülüklerden kaynaklanan bu meselenin üstüne gideceğiz. Ticaret Bakanlığımız denetimlerini daha da sıklaştıracak. Stokçuluk ve fırsatçılık yapanlara asla müsaade edilmeyecek. Milletin canını yakanlardan hukuk ve serbest piyasa kuralları içinde muhakkak hesap soracağız. Yeni ekonomi kadromuz enflasyonla mücadele yanında uluslararası doğrudan yatırımları artırma çalışmalarına hız verdi. Seçim belirsizliğinin ortadan kalkmasıyla birlikte dost ve kardeşlerimiz başta olmak üzere uluslararası yatırımcıların ülkemize yönelik ilgisi yükseldi. Son 21 yılda yaklaşık 255 milyar dolar doğrudan yatırım çeken Türkiye’nin salgın sonrasında yıldızının daha da parladığını görüyoruz. Rekabetçi, yenilikçi, girişimci dostu bir iş ve yatırım ortamıyla bu ilgiyi ve pozitif havayı ekonomimiz için fırsata çevirmekte kararlıyız. 11-12 Temmuz’da Vilnius’ta gerçekleştirilecek NATO Lider Zirvesi’ni müteakiben yurt dışı ziyaret ve kabul trafiğimizi yoğunlaştıracağız. Yatırım, istihdam, üretim, ihracat ve cari fazla yoluyla ülkemizi büyütme hedefimize sıkı sıkıya bağlıyız. Dokuz günlük bayram tatiline rağmen dış ticaret rakamlarında güzel haberler gelmeye devam ediyor. Yılsonu hedefimiz olan 265 milyar dolara ulaşacağımız kanaatindeyim. Ekonomi politikalarımızın odağında 85 milyonun her bir ferdinin aşını, işini, huzurunu ve refahını büyütmek vardır. 21 yıllık kazanımlarımızdan aldığımız güçle Türkiye ekonomisini istikrar, güven, sürdürülebilirlik sütunları üzerinde yükselteceğiz. Salgından bölgemizdeki savaşlara, depremden seçime kadar son yıllarda çok ciddi sınamalarla karşılaştık. Suriye krizinin olumsuz etkilerini en fazla hisseden ülkelerden biriyiz. Sadece depremin ekonomimize maliyeti 104 milyar doları buluyor. Seçim gündeminin iş dünyamızın tüm kesimlerini yorduğunu biliyoruz, ama 28 Mayıs gecesi itibariyle en zor dönemi geride bıraktığımıza da inanıyoruz. 31 Mart 2024 mahalli idareler seçimlerini de suhuletle atlattıktan sonra, Türkiye yüzyılı menziline artık koşar adımlarla gideceğiz. Bugünkü Kabine Toplantımızda bu maratonda bizlerin gücüne güç katacak çok önemli kararlar aldık. Yaz mevsimiyle birlikte artan yangın tehdidine karşı yeşil vatanımız olan ormanlarımızı korumaya büyük önem veriyoruz. Geçmiş tecrübelerin ışığında yangınlara müdahale kapasitemizi bu sene daha da güçlendirdik. Yangılara müdahale süremizi 10 dakikaya kadar düşürdük. Orman Teşkilatımız, 89 hava aracı, çeşitli özelliklerde 4 bin 799 araçtan oluşan kara filosu ve 22 bin orman kahramanı işçisiyle göreve her zaman hazırdır. Milletimizin de desteğiyle bu yaz dönemini ciğerlerimiz yanmadan atlatalım istiyoruz. Bir kez daha tüm vatandaşlarımızı yeşil vatanımıza sahip çıkmaya davet ediyorum. Kur korumalı mevduat uygulamasını devam ettiriyoruz, bu mevduat için sağladığımız vergi istisnasının süresini uzatıyoruz, tasarruf sahiplerine olumsuzluk oluşturmayacak şekilde süreci yürütüyoruz. Memur maaşlarına yapılacak zam miktarıyla ilgili süreci başlatıyoruz. 5 Temmuz Çarşamba günü 6 aylık enflasyon oranlarımız netleşmiş olacaktır. Enflasyon oranlarının belli olmasıyla birlikte biz de memur ve emeklilerimize verdiğimiz sözleri yerine getireceğiz. Tatile girmeden evvel Meclis onayı gerektiren tüm hususları Parlamento’muzun takdirine sunacağız. Devlet olarak, ihtiyaç sahibi vatandaşlarımızın her daim yanındayız. 2002 yılında başlattığımız Türkiye Aile Destek Programı’ndan şimdiye kadar 3,7 milyon kardeşimiz istifade ediyor. Program kapsamında şimdiye kadar ailelerimize toplam 35 milyar liralık destek ödemesinde bulunduk. Türkiye Aile Destek Programını bu sene de devam ettirme kararı aldık. Aldığımız kararların milletimize tekrar hayırlı olmasını diliyorum. Veda etmeden önce, Avrupa oyunlarındaki başarılarıyla bizlere ikinci bayramı yaşatan tüm sporcularımızı tebrik ediyorum. Farklı kategorilerde 38 madalya kazanan sporcularımız, özellikle kadın sporcularımız bizleri gerçekten gururlandırmışlardır. Avrupa Altın Ligi Şampiyonu olan Türkiye A Milli Erkek Voleybol Takımımızı tekrar kutluyorum. Balkan Matematik Olimpiyatlarında Türkiye’ye 3 altın ve 3 gümüş madalya getiren gençlerimizin tek tek gözlerinden öpüyorum. Rabbim yolumuzu, bahtımızı açık etsin diyor, sizleri bir kere daha saygıyla, sevgiyle selamlıyorum. Kalın sağlıcakla."
hatay_bld_0201,Hatay Belediye,belediye,hatay,4_local_campaign,2024-02-05,"HBB, 6 ŞUBAT DEPREMİ’NİN YILDÖNÜMÜNDE ANMA TÖRENİ DÜZENLEDİ

ANMA TÖRENİNDE GÖZYAŞLARI SEL OLDU

Hatay Büyükşehir Belediyesi tarafından düzenlenen 6 Şubat Depremi’nin yıldönümü töreninde deprem şehitleri, farklı semavi dinlerin temsilcilerinin aynı sahnede okuduğu ortak dualarla anıldı.

HBB Expo Yerleşkesi Amfi Tiyatroda deprem şehitlerini anmak ve hatıralarını yaşatmak için düzenlenen anma töreni saygı duruşu ve İstiklal Marşı’nın okunmasıyla başladı.

Kur’an-ı Kerim tilaveti ve farklı dinlerin kanaat önderlerinin kutsal kitaplardan dualar okuduğu törende HBB tasavvuf müziği korosu da ilahiler seslendirdi.

Törene HBB başkanı Doç. Dr. Lütfü Savaş, Avusturya Büyükelçisi Gabriele Juen, SP Hatay Milletvekili Necmettin Çalışkan, kanaat önderleri, farklı din, inanç temsilcileri, sivil toplum örgütleri ve vatandaşlar da katıldı.

Törende protokol üyeleri tarafından yapılan konuşmalarda tüm şehitlerimize Allah’tan rahmet dilenirken kardeşlik, dayanışma, hoşgörü, beraberlik ve gelecekte de birlikte yaşama mesajları verildi.

CENUDUOĞLU: ANTAKYA’YI YENİDEN AYAĞA KALDIRACAĞIZ

Musevi cemaati önderi Azur Cenuduoğlu yaptığı konuşmada “Biz eskiden Alevi’siyle, Sünni’siyle Yahudi’siyle ve Hristiyan’ıyla hep beraber kardeş gibi yaşadık. Antakya çok büyük bir felaket yaşadı. Antakya’yı yeniden ayağa kaldıracağız. Hep birlikte yine bir arada yaşayacağız.” dedi.

DONDU: YAŞASIN ANTAKYA’MIZ

Katolik Kilisesi Pederi Francis Dondu, “Depremden önce, deprem anında ve sonrasında da hepimiz hep birlikteydik. Ve o trajediden bir sene sonra yine biz, birlikteyiz. El ele tutuşup Antakya’yı yeniden birlikte inşa edeceğiz. Yaşasın Antakya’mız, yaşasın Türkiye’miz!” dedi

DOĞUM: BİZ, HEP BİRLİKTE BİZİZ

Ortodoks Kilisesi Pederi Dimitri Doğum da “6 Şubat’ta hepimize yazık oldu. Aynı sokaklarda, aynı çarşıda, aynı ibadethanelerde, cenazelerde veya düğünlerde yan yana, omuz omuza, kol kola olduk. Nasıl hep biz kardeşlikle övündüğü isek bugüne kadar, aynı şekilde yine övünüyoruz. Çünkü biz, hep birlikte biziz.” dedi.

ÇEKMECE: KARDEŞÇE YAŞAMAYA DEVAM EDECEĞİZ

Alevi cemaati önderi Süleyman Çekmece ise “Bugün dünden daha fazla birbirimize ihtiyacımız var. Bu şehrin tekrar ayağa kalkması için ilk başta birbirimize mutlaka sevgi ve saygı olması gerekir. Biz yüzyıllardır bu coğrafyada kardeş yaşadık ve ileride inşallah, kardeşçe yaşayacağız. Şehrimizi tekrar bu inançla, bu muhabbetle tekrar ayağa kaldıracağız.” diye konuştu.

ESATOĞLU: GİTTİĞİMİZ İLLERE BEDENİMİZ SIĞDI AMA RUHUMUZ SIĞMADI

Sünni cemaat lideri Musa Esatoğlu konuşmasında “6 Şubat denilince, tüylerimiz ürperiyor ismi bile akla kötü geliyor. Depremden sonra can havliyle farklı illere gittik. Gittiğimiz illere bedenimiz sığdı ama ruhumuz sığmadı. Antakya’ya geldik. Gördüğümüz manzara iç açıcı olmasa da Antakya’da kendimizi tekrar bulduk. Şunu sadece tavsiye ederim. Karşılaştığımız kişiyle sanki son kez karşılaşıyormuş gibi yaşarsak gerçekten birbirimizin kıymetini o zaman anlarız. Allah birliğimizi daim etsin.” ifadelerine yer verdi.

ÇALIŞKAN: KALBİMİZDEKİ İZİ ASLA SİLİNMEDİ

Saadet Partisi Hatay Milletvekili Necmettin Çalışkan “Bugün 6 Şubat Depremi’ni adeta yeniden yaşıyoruz. Üzülerek belirtelim ki bir yıldan beri aslında yüzeysel olarak enkazların kaldırılmasıyla depremin izi silinmiş gibi görünse de kalbimizdeki izi asla silinmedi. Halen yaralarımız ilk günkü tazeliğini koruyor. Böyle bir günde elbette, birlik beraberlik içerisinde olduğu tarih boyu Antakya’nın bir medeniyet şehri olarak dünyaya örnek olarak gösterdiği barış, huzur ve kardeşlik içerisinde yaşamanın ne kadar önemli olduğunu bir kez daha anladık.” dedi.

SAVAŞ: İNSANLARIMIZIN HAYATA TUTUNMASI İÇİN HEP BİRLİKTE ÇABA SARF ETTİK

HBB Başkanı Doç. Dr. Lütfü Savaş “Depremde sadece Hatay’da 24 bine yakın insanımızı kaybettik. O vefat edip ama defnedilmesi unutulan insanlarımız vardı. Çünkü o gün hepimiz öldük. Bir kısmımız toprağa altına verildi. Diğerleri tekrardan hayata tutunmak için birbirleriyle el ele omuz omuza hayatta kalma ve tekrar bu şehri yeşertmek için mücadeleye başladı. O günlerde Hatay halkı birbirine kenetlendi. O günden bugüne kadar Hatay’ı tekrardan ayağa kaldırmayı, insanlarımızın hayata tutunması için hep birlikte çaba sarf ettik. Bir dahaki depremlerde ne evlerimiz ve ne iş yerlerimiz yıkılsın ne de insanlarımızı kaybedelim. Depremde hayatını kaybeden bütün kardeşlerimize Allah’tan rahmet diliyorum. Hepimizin başı sağ olsun.” şeklinde konuştu.

Hayatını kaybeden 166 HBB personelinin fotoğraflarının yayınlandığı anma töreni, duygulu anlar yaşanmasına ve gözyaşlarının sel olmasına sahne oldu.

Not: Haberin video ve fotoğraflarını aşağıdaki linklerden indirebilirsiniz:

Video: https://we.tl/t-10kbE73EFT

Fotoğraf: https://we.tl/t-LM24wwRmOR"
tccb_220,TCCB,cumhurbaskanligi,adiyaman,4_local_campaign,2024-02-08,"Sevgili Sincikliler, Değerli Kardeşlerim, Sizleri en kalbi duygularımla, hasretle, muhabbetle selamlıyorum. Sözlerime başlarken, 6 Şubat depremlerinde Sincik’te şehit verdiğimiz 85 kardeşimize Allah’tan rahmet diliyorum. Bu depremde ilçemizde 225 bina yakıldı, 188 binanın da acilen yıkılması gerekiyordu. Kaybettiğimiz canları geri getiremeyiz, ama onun dışındaki tüm kayıpları telafi edecek imkana sahibiz. İnşallah ilçemizdeki hak sahiplerine konutlarını ve köy evlerini en kısa sürede teslim etmeye başlayacağız. Rabbim ülkemizi, milletimizi, şehrimizi her türlü afetten, kazadan beladan korusun diyorum. Deprem gününden beri buradaki şehirlerimizi yalnız bırakmıyor, her fırsatta geliyoruz. Asrın felaketinin yıl dönümü vesilesiyle Hatay, Gaziantep, Kahramanmaraş, Şanlıurfa’nın ardından Adıyaman’ımızla da vatandaşlarımızla buluştuk, bu defa programımıza Kahta ve Sincik’i de dahil ettik, çünkü bizim Sincik’e vefa borcumuz var. Sincik her seçimde rekor oy oranlarıyla bizim yanımızda yer almış bir ilçemizdir. Geçtiğimiz Mayıs ayındaki seçimlerde de yüzde 95’i bulan bir oy oranıyla yine yanımızda yer aldınız. Hatırlarsanız, 2015 yılında da teşekkür için ilçemize gelmiş, sizlerle hasbihal etmiştik. Bugün de önce Adıyaman’da deprem konutlarımızın kura çekimi ve anahtar teslimi törenine katıldık, ardından ilçe adaylarımızın tanıtımı vesilesiyle teşkilatımızla buluştuk. Sincik’ten önce de yine bir sözümüzü yerine getirmek üzere Kahta ilçemizi ziyaret ettik, şimdi de sizlerle bir aradayız. Hamdolsun, Adıyaman’da baştan sona dolu dolu bir gün geçirdik. Tarihin, kültürün, medeniyetin, sanayinin, tarımın, hepsinden önemlisi güzel insanların şehri Adıyaman’ı adeta acıyaman’a çeviren depremin izlerini birer birer siliyoruz. Sadece bununla kalmıyor, şehrimizin önüne daha güzel, daha müreffeh, daha aydınlık bir geleceğin kapılarını açıyoruz. Kardeşlerim, Dünyada 6 Şubat depremleri gibi bir felakete maruz kalıp da bu kadar çabuk toparlanabilecek pek az ülke vardır. Tabi bunu söylerken şu gerçeği de unutmuyoruz: Yaşadığımız yıkım ağır, ülkemizin geçtiği yollar çetin, mücadelemiz büyüktür. Bu yolda en büyük gücümüz, sizlerle aramızdaki şu gördüğünüz birliktir, beraberliktir, kardeşliktir. İstiklal şairimiz Akif ne diyor: “Girmeden tefrika bir millete düşman giremez. Toplu vurdukça yürekler onu top bile sindiremez. İşte bugün burada, Sincik’te toplu vuran yüreklerin muhabbetine şahit oluyoruz. Sincik’te şu güzel manzaranın tüm Türkiye’ye örnek olacağına inanıyorum. Ekranları başında şu anda bizi izleyen milletime diyorum ki, Kahta’ya bakın, Sincik’e bakın, şu birlik, beraberlik, beraberlik inşallah ülkemizin daim birliği beraberliği olsun. Bilhassa da her meseleyi, her hadiseyi, her gelişmeyi milletimizi birbirine düşürmenin, ülkemizi tökezletmenin, devletimizi zayıflatmanın bahanesi haline getirmek isteyenler şu manzaraya baksınlar. Ülkemizin nüfus ve toprak büyüklüğü bakımından en mütevazı ilçelerinden Sincik’in söylediği haysiyetli duruştan alacakları çok ders var. Kendi ülkesinin felaketinden, kendi milletinin sıkıntılarından medet umacak seviyeye düşünleri üzüntüyle takip ediyoruz. Daha kötüsü, beklediğini bulamayınca dönük kendi ülkesine ve halkına husumet besleyecek, hakaret edecek, iftira atacak kadar alçalanlar var onlara da yazıklar olsun. Deprem gibi ortak bir acı karşısında bile kendi küçük hesaplarından vazgeçemeyenleri mahşeri vicdana havale ediyoruz. Biz Türkiye yüzyılı vizyonumuzla her alanda olduğu gibi mahalli idarelerde de ülkemizi hak ettiği yere çıkarmanın mücadelesini vermeyi sürdürüyoruz. Kimin ne dediğine değil, Adıyaman’ın neye ihtiyacı olduğuna, Sincikli kardeşlerimiz için ne yapabileceğimize bakıyoruz. Tarih boyunca nice toplumların yükselişine, nice medeniyetlerin yayılışına şahitlik eden bu toprakları Allah’ın izniyle ebedi vatanımız olarak tescilledik. Hiç kimsenin bu kutlu ahdi bozmasına izin vermeyiz. Kendimizden öte nesiller boyu bu toprakların havasını soluyacak, suyunu içecek, ekmeğini yiyecek evlatlarımız için bu davayı zaferle taçlandırmaya mecburuz. Kardeşlerim, Mesele sen-ben meselesi, şu parti-bu parti meselesi değildir. Mesele millet olarak inancıyla, kültürüyle, medeniyetiyle, hayalleriyle, hedefleriyle birlikte topyekun başlattığımız şu kıyamı başarıya ulaştırma meselesidir. İşte bunun için ne diyoruz? Türkiye yüzyılı diyoruz. İşte bunun için Cumhuriyetimizi ikinci asrında her alanda dünyanın yıldızı haline getirmenin mücadelesini veriyoruz. Sincik’e duyduğumuz derin muhabbetin sebebi de işte bu mücadelede samimiyetle ve bila kayd-u şart hep yanımızda yer almasıdır. Rabbim hepinizden razı olsun. Yaşadığınız büyük deprem felaketi sebebiyle bir kez daha sizlere geçmiş olsun dileklerimi sunuyorum. Kayıplarımızı rahmetle yâd ediyorum. Abdulkadir Bey’i yanıma alayım, Abdulkadir Uraloğlu, Ulaştırma Bakanı. Değerli Kardeşlerim, İllice beldemiz depremden en çok etkilenin yer. Şu anda Çevre Şehircilik Bakanım oraya gitti, yârinde orayı görerek eksiklerimiz neler ona süratle müdahale edelim istedi. İkincisi, Sincik-Malatya Karayolu projelendirildi en kısa zamanda inşallah burayı da yapacağız. Bakanım burada kendisine talimatı verdim. Ayrıca Sincik-Kahta arası yol gerçekten çok çok virajlı bu geldiğimiz yol. Evet, yani uzakta değil Bakan burada hem Sincik-Kahta yolu hem de Malatya inşallah bunların adımını süratle atıyoruz, atacağız beni yalancı çıkarmayın. Şimdi hazır mısınız? Öyle bir seslenelim ki evet buradan bütün çevre duysun. Tek Millet… Tek Bayrak… Tek Vatan… Tek Devlet… Bir olacağız, iri olacağız, diri olacağız, kardeş olacağız, hep beraber 31 tüm sandıkları patlatacağız. İnşallah 31 Mart gecesi sandıklardan bu müjdeyi bekliyoruz. Kalın sağlıcakla."
kmaras_bld_0070,Kahramanmaraş Belediye,belediye,kahramanmaras,1_post_quake,2023-03-10,"Büyükşehir Belediyesi, Egemenlik Mahallesi’ne inşa edilen geçici esnaf çarşısında altyapı imalatlarını tamamladı. Toplamda 50 iş yerini içerisinde barındıran çarşıda kurulumun tamamlanmasının ardından ticari faaliyetler başlayacak.

Depremzedelerin ihtiyaçlarının eksiksiz olarak karşılanması ve mağduriyet yaşamamaları noktasında çalışmalarını aralıksız sürdüren Kahramanmaraş Büyükşehir Belediyesi, şehirde ticari hayatın canlandırılması ve esnafların faaliyetlerine başlaması noktasında da yoğun gayret gösteriyor. Bu kapsamda ülkenin dört bir yanından yardıma gelen belediyelerin de katkılarıyla şehirde geçici esnaf çarşılarının kurulumları devam ediyor. Dulkadiroğlu ilçesi Egemenlik Mahallesi’ne inşa edilen prefabrik çarşıda da altyapı ve zemin uygulamaları tamamlandı. Toplamda 5 bin 100 metrekare alanda konumlanan çarşıda iş yerlerinin kurulumuna da başlandı. 50 iş yerini içerisinde barındıran çarşının hizmete hazır hale getirilmesinin ardından bölgede ticari faaliyetler başlayacak.

Esnaflarımız Ticari Faaliyetlerini Sürdürebilecek

Egemenlik Mahallesi’ne inşa edilen prefabrik çarşının ticari hayatın canlanması noktasında büyük önem arz ettiğini belirten Kahramanmaraş Büyükşehir Belediye Başkanı Hayrettin Güngör, “Şehrimizin ihyası ve inşası noktasında çalışmalarımızı yoğun bir şekilde sürdürüyoruz. Ticari hayatın tekrar canlandırılması ve esnaflarımızın faaliyetlerine başlaması noktasında da geçici esnaf çarşılarımızın kurulumu devam ediyor. Bakanlığımız, kamu kurum ve kuruluşlarımız ve yerel yönetimlerimizle birlikte şehrimize toplamda 23 adet konteyner ve prefabrik çarşı inşa ediyoruz. Toplamda bin 75 iş yerini içerisinde barındıran bu çarşılarımızda esnaflarımız faaliyetlerini sürdürme imkânı bulacak. Egemenlik Mahallesi’ne inşa edilen ve 50 iş yerini içerisinde barındıran prefabrik çarşıda da altyapı imalatları tamamlandı. İnşallah kısa süre içerisinde prefabrik iş yerlerimizin montajının da bitmesiyle esnaflarımız burada ticari faaliyetlerine başlayacak” dedi."
csb_0114,CSB,bakanlık,kahramanmaras,1_post_quake,2023-04-07,"“İLK İŞ YERİM” KURALARININ ÜÇÜNCÜ ETABI 7 NİSAN’DA 5 İL VE İLÇELERİNDE TOPLAM 1621 HAK SAHİBİ İÇİN ÇEKİLECEK

Çevre, Şehircilik ve İklim Değişikliği Bakanlığı, bir yandan afet bölgelerindeki geçici ve kalıcı konut çalışmalarını aralıksız sürdürürken diğer taraftan da Cumhuriyet tarihinin en büyük sosyal konut projesi “İlk İş Yerim” ve “İlk Evim Arsa” için kuralarına devam ediyor. “İlk İş Yerim” projesi üçüncü etap kura çekimleri 7 ila 28 Nisan tarihleri arasında yapılacak. Bu kapsamda 7 Nisan’da 5 il ve ilçelerinde toplam 1.621 hak sahibi için kuralar çekilecek. 10- 28 Nisan tarihleri arasında ise içerisinde 6 Şubat depreminden etkilenen bazı afet kentlerinin de bulunduğu toplam 55 ildeki 39 bin 380 hak sahibi için kuralar noter huzurunda çekilecek.

Çevre, Şehircilik ve İklim Değişikliği Bakanlığı Toplu Konut İdaresi Başkanlığı (TOKİ) eliyle hayata geçirilen cumhuriyet tarihinin en büyük sosyal konut hamlesi “İlk İş Yerim” ve “İlk Evim Arsa” projeleri kapsamında kura çekimleri devam ediyor.

Cumhurbaşkanı Recep Tayyip Erdoğan’ın 13 Eylül 2022 tarihinde açıkladığı ve ilk kuraları 7 Kasım 2022 tarihinde Ardahan ve Şırnak illeriyle başlayan “İlk Evim, İlk İş Yerim” projesinde noter huzurunda gerçekleştirilen kura çekimlerine Kahramanmaraş depremleri sebebiyle ara verilmiş, süreç 6 Mart itibarıyla Ankara ile beraber tekrar başlamıştı. 11 ilde devam eden afet konutlarının inşaları ile eş zamanlı yürütülen kura sürecinde yeni etap başladı. “İlk İş Yerim” projesi üçüncü etap kura çekimleri için 7-28 Nisan tarihleri açıklanırken, “İlk Evim Arsa” kapsamındaki kuralar 10-28 Nisan tarihleri arasında, toplam 39 bin 380 hak sahibi için çekilecek.

“Üçüncüsü çekilecek ‘İlk İş Yerim’ kuraları, 7 Nisan’da 5 ilde ve ilçede toplam 1. 621 hak sahibi için çekilecek”

“İlk İş Yerim” kuralarının üçüncü etabı, 7 Nisan 2023 tarihinde 5 il ve 5 ilçede başlayacak. 1. 621 hak sahibi için gerçekleştirilecek kura çekimi, şu illeri kapsayacak:

07 Nisan 2023: Adana/Sarıçam (379 asil-hak sahibi)

07 Nisan 2023: Eskişehir/Odunpazarı (304 asil-hak sahibi)

07 Nisan 2023: Erzurum/Yakutiye (218 asil-hak sahibi)

07 Nisan 2023: Kayseri/Melikgazi (214 asil-hak sahibi)

07 Nisan 2023: Malatya/Battalgazi (506 asil-hak sahibi)

“ ‘İlk Evim Arsa’ kuraları, 10-28 Nisan tarihleri arasında 55 ilde 39 bin 380 hak sahibi için çekilecek”

Bakanlık açıklamasında, 10 ila 28 Nisan tarihleri arasında çekileceği belirtilen “İlk Evim Arsa” kuraları, 55 ilden toplam 39 bin 380 hak sahibi için çekilecek. Noter huzurunda çekilecek kuralar için yer ve tarih bilgileri ise şöyle:

10 Nisan 2023: Hatay 2340
10 Nisan 2023: Kahramanmaraş 910
10 Nisan 2023: Gaziantep 470
10 Nisan 2023: Malatya 50
10 Nisan 2023: Adana 450
10 Nisan 2023: Adıyaman 610
11 Nisan 2023: Şanlıurfa 2000
11 Nisan 2023: Osmaniye 400
11 Nisan 2023: Ankara 1530
12 Nisan 2023: Amasya 400
12 Nisan 2023: Artvin 185
12 Nisan 2023: Aydın 575
12 Nisan 2023: Bitlis 205
12 Nisan 2023: Bolu 140
12 Nisan 2023: Burdur 325
12 Nisan 2023: Çankırı 40
12 Nisan 2023: Denizli 20
12 Nisan 2023: Giresun 380
12 Nisan 2023: Gümüşhane 150
13 Nisan 2023: Mersin 1000
13 Nisan 2023: Kastamonu 225
13 Nisan 2023: Konya 1000
14 Nisan 2023: Mardin 870
14 Nisan 2023: Muğla 1700
14 Nisan 2023: Muş 50
14 Nisan 2023: Siirt 20
14 Nisan 2023: Sinop 200
14 Nisan 2023: Sivas 380
14 Nisan 2023: Tokat 530

14 Nisan 2023: Tunceli 30
14 Nisan 2023: Van 180
14 Nisan 2023: Yozgat 540
17 Nisan 2023: Zonguldak 370
17 Nisan 2023: Aksaray 120
17 Nisan 2023: Batman 170
17 Nisan 2023: Şırnak 640
17 Nisan 2023: Karabük 430
17 Nisan 2023: Afyonkarahisar 370
18 Nisan 2023: Bartın 50
18 Nisan 2023: Samsun 1160
19 Nisan 2023: Antalya 2190
19 Nisan 2023: Manisa 1335
19 Nisan 2023: Ordu 300
25 Nisan 2023: İzmir 4900
26 Nisan 2023: Bilecik 410
26 Nisan 2023: Bursa 1300
26 Nisan 2023: Balıkesir 1520
26 Nisan 2023: Çanakkale 565
27 Nisan 2023: Edirne 360
27 Nisan 2023: Kırklareli 720
27 Nisan 2023: Sakarya 1340
27 Nisan 2023: Tekirdağ 1340
27 Nisan 2023: Yalova 200
27 Nisan 2023: Düzce 185
28 Nisan 2023: Kocaeli 1500"
kmaras_bld_2179,Kahramanmaraş Belediye,belediye,kahramanmaras,5_post_local,2024-11-30,"Cumhurbaşkanı Recep Tayyip Erdoğan'ın teşrifleriyle Merkez Spor Kompleksi'nde ""155 Bininci Konut Kura Çekimi ve Anahtar Teslim Töreni"" gerçekleştirildi. Kahramanmaraş'ta 3 bin 499, deprem bölgesinde ise toplam 24 bin 559 konutun kurası çekilerek hak sahiplerine teslim edildi. Törende konuşan Cumhurbaşkanı Recep Tayyip Erdoğan, bin yataklı şehir hastanesinin 2025 yılının Ocak ayında yapım ihalesinin gerçekleştirileceği ve şehre 17 bin 500 seyirci kapasiteli stadyumu içerisinde barındıran yaşayan bir spor kompleksi kazandırılacağını müjdeledi.

Cumhurbaşkanı Recep Tayyip Erdoğan'ın teşrifleriyle Merkez Spor Kompleksi'nde gerçekleştirilen ""155 Bininci Konut Kura Çekimi ve Anahtar Teslim Töreni"" büyük bir coşkuya sahne oldu. Binlerce vatandaşın katılımıyla gerçekleştirilen törende, tamamlanan Kahramanmaraş'ta 3 bin 499, deprem bölgesinde ise toplam 24 bin 559 konutun kurası çekilerek hak sahiplerine teslim edildi. Cumhurbaşkanı Recep Tayyip Erdoğan'dan önce kürsüye gelerek Kahramanmaraşlılara seslenen İçişleri Bakanı Ali Yerlikaya, Çevre, Şehircilik ve İklim Değişikliği Bakanı Murat Kurum, Aile ve Sosyal Hizmetler Bakanı Mahinur Özdemir Göktaş ile Gençlik ve Spor Bakanı Osman Aşkın Bak, bakanlık alanında gerçekleştirilen yatırımlara ilişkin katılımcılara bilgiler aktardı.

""Kahramanmaraş'ımızda Toplam 27 Binden Fazla Konut Teslim Edildi""

Gerçekleştirilen törende konuşan Büyükşehir Belediye Başkanı Fırat Görgel, ""Bugün şehrimiz için tarihi bir ana daha hep birlikte şahitlik ediyoruz. 155 Bininci Konut Kura Çekimi ve Anahtar Teslim Töreni'ni Cumhurbaşkanımız Sayın Recep Tayyip Erdoğan'ın teşrifleriyle şehrimizde gerçekleştiriyoruz. Bugün itibariyle Kahramanmaraş'ımızda 27 binden fazla konut hak sahiplerine teslim etmiş olacağız. Bir taraftan konutlarımız yapılıyor, bir taraftan sağlık komplekslerimiz tamamlanıyor, bir taraftan yeni eğitim yuvalarımız inşa ediliyor, bir taraftan da şehrimize yeni spor tesisleri kazandırılıyor. Kahramanmaraş'ımız bu yatırımlarla birkaç sene içerisinde yeni bir çehreye bürünecek. Yeni Kahramanmaraş'ın imar ve inşası noktasında gayret gösteren Cumhurbaşkanımız Sayın Recep Tayyip Erdoğan başta olmak üzere tüm bakanlarımıza şükranlarımı sunuyorum. Bugün çekilecek kura neticesinde kalıcı konutlarına kavuşacak hemşehrilerimize ded şimdiden hayırlı olsun diyorum"" cümlelerini kaydetti.

Erdoğan: ""Elimizi Bir An Olsun Deprem Bölgesinden Çekmedik""

Cumhurbaşkanı Recep Tayyip Erdoğan, ""Asrın felaketi olarak nitelendirilen Kahramanmaraş merkezli 6 Şubat 2023'deki depremlerinin yaralarını hızla sarmak için gece gündüz demeden çalışıyoruz. 'Dağlar ne kadar yüksek ise yol onun üstünden geçer' inancıyla şehrimizi eskisinden daha güzel, daha dayanıklı ve modern hâle getirmenin gayretindeyiz. Yıkımın büyüklüğü karşısında asla yılgınlığa kapılmadan asrın inşasını başlattık. O günden bugüne dek bir an olsun elimizi deprem bölgesinden çekmedik"" diye konuştu.

2024 Sonuna Kadar Kahramnmaraş'ta 39 Binin Üzerinde Hak Sahibi Konutuna Kavuşacak

Cumhurbaşkanı Erdoğan konuşmalarının devamında, ""Kahramanmaraş'ımızda 155 bininci yuvamızın anahtarlarını teslim etmenin heyecanını ve sevincini yaşıyoruz. 3 bin 499'u Kahramanmaraş'ta olmak üzere deprem bölgemizde toplamda 24 bin 559 yuvamızı daha hak sahibi kardeşlerimize teslim edeceğiz. Bugünkülerle birlikte Kahramanmaraş'ta il ve ilçelerde 22 bin 228 konut ile 5 bin 170 köy evinin kurasını çekmiş olacağız. 2024 sonuna kadar 39 bin 136'sı Maraş'ta olmak üzere 11 ilimizde toplam 201 bin 688 bağımsız bölüm afetzede kardeşlerimize teslim edilecek. Gelecek yıl Kahramanmaraş'ta 63 bin 300 konut ve 5 bin 846 iş yeri olmak üzere 68 bin 876 konut ve iş yeri hak sahiplerine teslim edilecek"" dedi.

Sağlık Tesisleri Bir Bir Tamamlanıyor

Kahramanmaraş'ta yapımı devam eden sağlık tesislerinin son durumuna ilişkin de bilgiler aktaran Cumhurbaşkanı Recep Tayyip Erdoğan, ""Nurhak'ta 56 yataklı Acil Durum Hastanesi tamamlandı. Türkoğlu ilçesindeki 120 yataklı Acil Durum Hastanesini Aralık ayı içinde tamamlanacak. 400 yataklı Acil Durum Hastanesi Projesi kapsamında yapılan Kahramanmaraş Devlet Hastanesini de Ocak ayı içinde hizmete açmayı hedefliyoruz. Necip Fazıl Şehir Hastanesinin yanında yapımı süren 600 yataklı yeni hastaneyi de 2025'in ikinci yarısında bitireceğiz. Kahramanmaraş'ımıza kazandıracağımız bin yataklı, 250 bin metrekare kapalı alana sahip şehir hastanemizin proje çalışmalarını tamamladık, 2025 Ocak ayı itibarıyla yapım ihalesi sürecini başlatacağız"" ifadelerini kaydetti.

17 Bin 500 Seyirci Kapasiteli Stadyum Müjdesi

Yaptığı konuşmada Kahramanmaraş'a 17 bin 500 seyirci kapasiteli stadyum müjdesi veren Erdoğan, ""Gençlik ve Spor Bakanlığı'mız, Çevre Bakanlığı'mız ve Büyükşehir Belediyemizin ortaklığıyla muhteşem bir yatırımı şehrimize kazandırıyoruz. Kahramanmaraş'ımıza 17 bin 500 seyirci kapasiteli stadyumumuzun merkezinde olduğu bir spor kompleksi inşa edeceğiz. TOKİ'mizle, 121 bin 500 metrekarelik arazi üzerindeki projemizde, olimpik yüzme havuzundan kafeteryalara, kamp merkezinden uluslararası spor salonlarına kadar her şey olacak. Spor kompleksimizle şehrimizde hem uluslararası organizasyonlara ev sahipliği yapacağız hem de nice yıldızları yetiştireceğiz. Spor tesisimiz, gençlerimiz başta olmak üzere Maraş halkına şimdiden hayırlı, uğurlu olsun"" diye konuştu."
hatay_bld_0478,Hatay Belediye,belediye,hatay,5_post_local,2024-07-17,"BAŞKAN ÖNTÜRK İLÇE BELEDİYE BAŞKANLARI İLE BİR ARAYA GELDİ

“SÖZ VERDİK BAŞLIYORUZ, HATAY’I GELECEĞE TAŞIYORUZ”

Hatay Büyükşehir Belediye Başkanı Mehmet Öntürk, ilçe belediye başkanlarıyla bir araya gelerek Hatay genelinde hayata geçirilecek proje ve çalışmalarla ilgili bir toplantı yaptı.

HBB Kisecik Yerleşkesi’nde gerçekleşen toplantıda ilçelerin ihtiyaçları doğrultusunda yapılan plan ve projeler istişare edildi.

Koordineli bir şekilde bölge gözetmeksizin eşit ve birlikte çalışma vurgusu yapılan toplantıda Başkan Öntürk, önemli açıklamalarda bulundu.

“SÖZ VERDİĞİMİZ HİÇBİR PROJEYİ UNUTMADIK”

Toplantıda yaptığı konuşmada Başkan Öntürk, seçim süresince Hataylılara verdiği sözleri hayata geçirmek için hazırlandıklarının altını çizerek “Şimdi hazırız! Hatay’ın her köşesinde ne yapacağımızı çok iyi biliyoruz. Çünkü biz Hatay’da tüm ilçe belediyelerimizle birlikte takım ruhuyla çalışıyoruz.” dedi.

Konuşmasının devamında birlik ve beraberlik vurgusunda bulunan Öntürk; HBB’nin elinin değmediği tek bir metrekare yer kalmayacağını, bunu ilçe belediyelerle beraber başaracaklarını, biz yaptık oldu mantığıyla hareket etmeyeceklerini dile getirdi. Başkan Öntürk, söz verdikleri hiçbir projeyi unutmadıklarını ve proje ekiplerinin çalışmalarını tamamlamak üzere olduğunu sözlerine ekledi.

ÖNTÜRK: HATAY’I YAPBOZ TAHTASINA ÇEVİREN ANLAYIŞ SONA ERMİŞTİR

Hatay’ı bir bütün olarak ele aldıklarını ve kurumlarla koordineli bir şekilde çalışarak tam olarak ihtiyacı karşılayacak çalışmaları yapacaklarını belirten Başkan Öntürk “Bir işi bir kez yapacağız ve tam yapacağız. Yapmış olmak için yapmayacağız. Hatay’ı yapboz tahtasına çeviren anlayış sona ermiştir.” ifadelerini kullandı.

Bir yandan şehrin tüm altyapı ve konut çalışmalarını devam ettirirken bir yandan da prestij projelerin hayata geçmesini sağlayacaklarının altını çizen Öntürk, hayata dokunan projelerle vatandaşların yaşam kalitesini yükselteceklerinin altını çizdi.

“VERDİĞİM SÖZLERİN ARKASINDAYIM”

İlçe belediye başkanlarının acil taleplerini alarak aksaklıklara hızlı müdahale ettiklerini vurgulayan Öntürk, ilk bir yıllık acil eylem planı ve sonraki 4 yıllık yatırım planlamalarının son şeklini ilçe belediye başkanları ile verdiklerini ifade etti.

İlçelerde yapılacak çalışmalarda ilçe belediyeleriyle uyumlu bir şekilde ve onların taleplerini de gözeterek yapacaklarını belirten Başkan Öntürk, “Ben, Mehmet Öntürk olarak verdiğim sözlerin arkasındayım ve bunun yansımalarını yakın zamanda görecekseniz. Söz verdik başlıyoruz. Hatay’ı geleceğe taşıyoruz.” diyerek açıklamasına son verdi.

Not: Haberin görsellerini aşağıdaki linkten indirebilirsiniz:

https://we.tl/t-6G5J7AvOiy"
hatay_bld_0888,Hatay Belediye,belediye,hatay,5_post_local,2024-12-03,"ESNAF DA YOLCULAR DA MEMNUN

ANTAKYA ŞEHİRLER ARASI YOLCU TERMİNALİ REVİZE EDİLDİ

Hatay Büyükşehir Belediyesi (HBB), vatandaşların konforlu ve kaliteli hizmet alabilmesi adına Antakya Şehirler Arası Otobüs Terminali’nde tadilat çalışmaları gerçekleştirdi.

HBB Ulaşım Dairesi Başkanlığı, Antakya Şehirler Arası Otobüs Terminali’ne seyahat etmek üzere gelen vatandaşların daha iyi hizmet alması ve terminal içerisinde faaliyette bulunan esnafların kaliteli hizmet üretebilmesi adına tesisin mevcut durumunu iyileştirmek için yürüttüğü tadilat çalışmalarını tamamladı.

6 Şubat 2023’te meydana gelen deprem felaketinden hafif hasarla kurtulan terminalde oluşan bazı aksaklıklar yapılan çalışmalarla giderildi.

Yapılan çalışmalar kapsamında tesis içerisinde bulunan otomasyon kapı sistemleri, x ray cihazı, salon aydınlatmaları ve bina izolasyonu yenilenirken çevre duvarı, büfeler, bebek bakım odası ve tuvaletlerde gerekli tadilatlar yapıldı. Ayrıca terminal içerisinde bulunan kırık camlar da değiştirildi.

Kısa süre içerisinde tamamlanan çalışmalar sonrası yolcular da terminal esnafı da memnuniyetlerini dile getirerek Başkan Mehmet Öntürk ve Büyükşehir ekiplerine teşekkür etti.

Yetkililer, il genelinde vatandaşların konforlu ve kaliteli hizmet alabilmesi için şehirler arası yolcu terminallerinde çalışmaların devam edeceğini kaydetti.

Haberin görsellerini aşağıdaki linkten indirebilirsiniz.

https://we.tl/t-KRK5VE0XEs

https://we.tl/t-wDy77gPIKT"
csb_0171,CSB,bakanlık,hatay,2_pres_campaign,2023-05-01,"BAKAN KURUM, KARTAL'DA VATANDAŞLARLA BİR ARAYA GELDİ

Çevre, Şehircilik ve İklim Değişikliği Bakanı Murat Kurum, “İstiyoruz ki batıda, Ankara’da, İstanbul’da olan tüm imkânlar, Doğu Anadolu’muzda ve Güney Doğu’muzda da olsun. 21 yılda Sayın Cumhurbaşkanımız liderliğinde doğu ve güneydoğuya tam 200 milyar liralık yatırım yaptık.” dedi. Kartal Orhantepe’de yüzlerce konutu yükseltirken, yeni dönüşümler için de düğmeye bastıklarını vurgulayan Bakan Kurum, “Vatandaşlarımızın talepleri doğrultusunda Kartal’da dönüşmek isteyen tüm kardeşlerimizle el ele vereceğiz, ‘Yarısı Bizden’ diyeceğiz. Sözümüz söz. Kartal’da tek bir mülkiyet problemi bırakmayacağız. Tapusuna kavuşmayan tek bir Kartallı kalmayacak. Kartal’da hiç kimse riskli evlerde yaşamayacak. Hepimiz yeni yuvalarımıza kavuşacağız. Kartal’ımız ve bütün mahallelerimiz için koşturacağız, eser siyasetinden vazgeçmeyeceğiz. Ayrıca, bugün itibariyle İstanbul’da 73 bin bina ve 410 bin bağımsız bölüm için başvuru yapıldı. Kartal’ımızda Yarısı Bizden için yapılan başvuru sayısı şu an itibariyle 4 bin binaya ulaştı. Bu yaklaşık 20 bin bağımsız bölüm ediyor, yani 80 bin Kartallı kardeşim demek.” diye konuştu.

Çevre, Şehircilik ve İklim Değişikliği Bakanı Murat Kurum, “İstiyoruz ki batıda, Ankara’da, İstanbul’da olan tüm imkânlar, Doğu Anadolu’muzda ve Güney Doğu’muzda da olsun; Bu anlayışla çalışıyoruz. 21 yılda Sayın Cumhurbaşkanımız liderliğinde doğu ve güneydoğuya tam 200 milyar liralık yatırım yaptık.” dedi.

Kartal’da Doğu Anadolu ve Güney Doğu Anadolu’lu vatandaşlarla kahvaltı organizasyonunda bir araya gelen Bakan Kurum burada yaptığı konuşmasında, Kartal’ı ihya etme projelerine devam ettiklerini vurguladı. Bakan Kurum, “Kartal Orhantepe’de yüzlerce konutumuzu yükseltirken, yeni dönüşümlerimizi de başlatıyoruz. Yunus mahallemizde dönüşümü başlatıyor, Çavuşoğlu Sanayi Sitesi’ni yeni yerine taşıyor, yıllardır vatandaşımızın beklediği Kordon ve sahil boyundaki riskli alanda harıl harıl çalışıyoruz. Planlarımızı onayladık. Vatandaşlarımızın talepleri doğrultusunda Kartal’da dönüşmek isteyen tüm kardeşlerimizle el ele vereceğiz, ‘Yarısı Bizden’ diyeceğiz.” diye konuştu. Bakan Kurum, Kartal’daki mülkiyet problemi üzerine de değerlendirmede bulunarak, “Sözümüz söz. Kartal’da tek bir mülkiyet problemi bırakmayacağız. Tapusuna kavuşmayan tek bir Kartallı kalmayacak. Kartal’da hiç kimse riskli evlerde de yaşamayacak. Hepimiz yeni yuvalarımıza kavuşacağız. Kartal’ımız ve bütün mahallelerimiz için koşturacağız, eser siyasetinden vazgeçmeyeceğiz.” şeklinde konuştu.

“Bugün itibariyle İstanbul’umuzda 410 bin bağımsız bölüm için 73 bin kardeşimiz ‘Yarısı Bizden’ kampanyasına başvuru yaptı”

Yoğun ilgi gören “Yarısı Bizden” kampanyasına bugün itibariyle İstanbul’da 73 bin bina ve 410 bin bağımsız bölüm için başvuru yapıldığını söyleyen Bakan Kurum, “Kartal’ımızda başvuru sayısı şu an itibariyle 4 bin binaya ulaştı. Bu yaklaşık 20 bin bağımsız bölüm ediyor, yani 80 bin Kartallı kardeşim demek.” dedi.

Evine aş ve çocuklarına gelecek götürmek için ter döken tüm emekçilerin 1 Mayıs’ın İşçi ve Emekçi Bayramı’nı da kutlayan Bakan Kurum, “Devletimiz ilk andan itibaren milletimizin yanında oldu. Seferberlik anlayışıyla el ele verdik, tek yürek olduk. Hamdolsun bugün sahada 11 ilimizde 25 bin konutumuzun inşaatı için mimarlarımız, mühendislerimiz, işçi, emekçi kardeşlerimiz harıl harıl çalışıyor. Bugün 1 Mayıs, emekçilerimizin, işçilerimizin bayramı. Ben buradan afet konutlarımız için, vatandaşımız, milletimiz için koşturan, gecesini gündüzüne katan tüm emekçilerimize çok teşekkür ediyorum. Allah hepsinden razı olsun, hepsinin bayramlarını tebrik ediyorum.” dedi.

“İstanbul demek Kars demektir, Ağrı demektir, Muş demektir, Bitlis demektir, Mardin demektir, Siirt demektir”

Bakan Kurum, Cumhurbaşkanı ile birlikte ilk konutlarını afetten 80 gün sonra 2,5 ayda teslim ettiklerini belirterek, “Bu nedir biliyor musunuz? Bu Diyarbakır Sur’u ihya eden liderimizin vizyonudur. Bu, Mardin Nusaybin’i baştan aşağı yenileyen genel başkanımızın gücüdür. Kars’ı, Ağrı’yı, Siirt’i, Bitlis’i dev eserlerle süsleyen, 21 yılda ülkemize çağ atlatan, ülkemizi küresel güç yapan Sayın Cumhurbaşkanımızın cesaretidir, iradesidir, vizyonudur, gücüdür. İstanbul’a bakınca güçlü bir devletin izlerini, çeşit çeşit renklerin bir arada yaşadığı güçlü bir milleti görürüz. Çünkü İstanbul demek Kars demektir, Ağrı demektir, Muş demektir, Bitlis demektir, Mardin demektir, Siirt demektir. Kars’ın kaz yemeği İstanbul’un döneriyle lezzet yarışındadır. Ağrı Dağı, Yeditepe’ye kutlu selamlar gönderir. Bitlis’teki Ulu Camii Süleymaniye kadar kadimdir. Mardin Kalesi Topkapı Surları ile beraber tarihe meydan okur. Siirt’in fıstığı en güzel tadı İstanbul’da yenilen baklavada verir.” diye konuştu.

“Bugün itibariyle İstanbul’umuzda 410 bin bağımsız bölüm için 73 bin kardeşimiz Yarısı Bizden’e başvuru yaptı”

“81 ilin 81 kardeşi” anlayışıyla, herkesin ve eserlerin İstanbul’u için gayret gösterdiklerini ifade eden Bakan Kurum, “Bugün emin olun İstanbul’un 39 ilçesi, 963 mahallesinde 7 tepenin tamamında varız. Her noktasında eser kazandırıyor, her sokağına hizmet götürüyoruz. Buna Kartal, İstanbul şahittir ve o anlayışla çalışmalarımızı yürütüyoruz. Büyük İstanbul dönüşümü için ‘Yarısı Bizden’ diyoruz. İstanbul’daki 1,5 milyon konutluk riskli yapıları dönüştüreceğiz. Rezerv alanlarımızı belirledik ve bir kısmını yerinde, bir kısmını da rezerv alanlarda yapmak suretiyle yavrularımızı istikbale hep birlikte taşıyacağız. Bugün itibariyle İstanbul’umuzda 410 bin bağımsız bölüm için şimdiden başvuru yapıldı. 73 bin kardeşimiz, binamız bu çerçevede başvuru yaptı. Kartal’ımızda da başvuru sayısı şu an itibariyle 4 bin binaya ulaştı. Bu yaklaşık 20 bin bağımsız bölüm ediyor, yani 80 bin Kartallı kardeşim demek. Her bağımsız bölümde 4 kişinin yaşadığını hesap edersek, tüm İstanbul’da 1 milyon 600 bin kardeşimizin yeni yuvası için adım attığını görmüş oluruz. İnşallah hep birlikte sizlerle birlikte bir ay içerisinde başvurularımızı alacak, evlerimizi TOKİ ile yerinde, gönüllü, hızlı ve süratle yapacağız. Bunu Kartal’daki genç kardeşlerimizle, kadınlarımızla birlikte yapacağız. Nasıl Orhantepe’yi dönüştürdüysek, nasıl vatandaşlarımızla el ele verdiysek, aynı anlayışla bu çalışmalarımızı yapacağız.” ifadelerine yer verdi.

“İstiyoruz ki batıda, Ankara’da, İstanbul’da olan tüm imkânlar, Doğu Anadolu’muzda ve Güney Doğu’muzda da olsun; Bu anlayışla çalışıyoruz. 21 yılda Sayın Cumhurbaşkanımız liderliğinde doğu ve güneydoğuya tam 200 milyar liralık yatırım yaptık”

Bakan Kurum, başta Diyarbakır Sur olmak üzere bölgenin her bir karışını yenilediklerini belirttiği açıklamasını şöyle sürdürdü:
“Diyarbakır’da sosyal konuttan altyapıya, parklarımızdan yüzlerce eserlerimize kadar yeni eserlerimizi vatandaşlarımızla birlikte inşa ettik. Siirt’e binlerce yeni eser kazandırıp şehrimizi geleceğe güvenle taşıyoruz. Medeniyetimizin beşiği Mardin’imizde kentin kültürel dokusuna uygun olacak şekliyle yapılarımızı koruyoruz, ihya ediyoruz. Kars’ta ve Ağrı’mızda da millet bahçesinden kentsel dönüşüm çalışmalarına kadar çok önemli hizmetler yaptık. Muş’un meydanını yapıyoruz. İstiyoruz ki batıda, Ankara’da, İstanbul’da olan tüm imkânlar, Doğu Anadolu’muzda ve Güney Doğu’muzda da olsun; Bu anlayışla çalışıyoruz. Özellikle Ağrı’da yaptığımız entegre hayvancılık tesisleriyle hem vatandaşlarımıza katkı sağlıyor, hem de şehrimizin kalkınmasını gerçekleştirmiş oluyoruz. Bitlis’in türkülere konu olmuş deresinin üzerindeki binalarımızı kaldırdık ve camilerimiz, minarelerimiz ortaya çıktı. Selçuklu mirası eserleriyle yeni Bitlis’i hep birlikte inşa ediyoruz. Projemiz bitme aşamasına geldi. Bu ay veya önümüzdeki ay tamamen hizmete açılacak. Saydığım şehirlerimize 21 yılda Sayın Cumhurbaşkanımız liderliğinde tam 200 milyar liralık yatırım yaptık. Mardin, Bitlis, Diyarbakır, Kars, Muş, Siirt, Ağrı her zaman ak davamızın, Cumhur İttifakı’mızın, Sayın Cumhurbaşkanımızın yanında olmuştur. Biz de onların yanında olmaya devam edeceğiz. Onlara hizmet götürmeye devam edeceğiz.”

“Sözümüz söz. Kartal’da tek bir mülkiyet problemi bırakmayacağız. Tapusuna kavuşmayan tek bir Kartallı kalmayacak”

Güzel Kartal için ihya çalışmalarının devam ettiğini belirten Bakan Kurum, “Kartal’da bir yandan Orhantepe’de yüzlerce konutumuzu yükseltirken, vatandaşlarımızla el ele dönüşümü yaparken, yeni dönüşümlerimizi başlatıyoruz. Yunus mahallemizde dönüşümü başlatıyoruz. Bir yandan Çavuşoğlu Sanayi Sitesi’ni yeni yerine taşırken, öte yandan yıllardır vatandaşımızın beklediği Kordon ve sahil boyundaki riskli alanda harıl harıl çalışıyoruz. Planlarımızı onayladık. Vatandaşlarımızın talepleri doğrultusunda Kartal’da dönüşmek isteyen tüm kardeşlerimizle el ele vereceğiz, ‘Yarısı Bizden’ diyeceğiz. Kartal’ımızı inşallah tüm mahalleleriyle birlikte dönüştüreceğiz. Bir yandan Uğur Mumcu’da sağlıksız yapı bırakmıyoruz ancak Yenimahalle ve Cevizli’de, Yakacık ve Hürriyet’te mülkiyet problemlerimiz var. Mülkiyet problemlerini çözerek tapularını vatandaşlarımıza teslim ediyoruz. Bizim milletimizle 21 yıldır yaptığımız gibi el ele vererek aynı anlayışla bu çalışmalarımızı yapacağız. Sözümüz söz. Kartal’da tek bir mülkiyet problemi bırakmayacağız. Tapusuna kavuşmayan tek bir Kartallı kalmayacak.” şeklinde konuştu.

“Kartal’da hiç kimse riskli evlerde yaşamayacak. Hepimiz yeni yuvalarımıza kavuşacağız”

“Söz namustur” anlayışıyla ülke yönettiklerinin altını çizen Bakan Kurum, vatandaşa hizmet götürme konusunda bahanelere sığınmadıklarını vurgulayarak, şöyle konuştu:

“Biz, verdiğimiz sözü tutarız. Kartal’da hiç kimse riskli evlerde yaşamayacak. Hepimiz yeni yuvalarımıza kavuşacağız. Biz AK Parti’yiz. Biz sevdalısı olduğumuz bu millete borcumuzu ödemek için 81 ilimizde çalışıyoruz. Bizi arayanlar nerede bulur biliyor musunuz? Burada Yeşilyurt Apartmanı çökmüştür, o apartmanın enkazında bulur. Bizi arayan Adıyaman’ın, Gaziantep’in yollarında bulur. Bizi arayan Kahramanmaraş’ın, Hatay’ın yollarında bulur. İstanbul’un sokaklarında, Kartal’da bulur… Bizi arayan İzmir’de deprem olmuştur orada bulur. Bizi arayan Antalya’da, Muğla’daki yangın bölgelerinde; Karadeniz’de sel bölgelerinde bulur. Bizi arayan; Kastamonu’da, Bartın’da, Sinop’ta, Antalya ve Muğla’da evlerimizi yaparken bulur. Bizi ararsanız baretlerini takmış, çizmelerini giymiş olarak; milletimizin yuvalarını inşa ederken bulursunuz… Bizi, Kartal’da müjdeler verirken, Kartal’ın dönüşümünü yaparken bulursunuz. Bizi arayanlar; ‘Bu ülkeye diz çöktüremeyeceksiniz, vatanımızı asla bölemeyeceksiniz, devletimizi yıkamayacaksınız’ diyen liderimiz, Cumhurbaşkanımız, Recep Tayyip Erdoğan’ın yanında, dizinin dibinde bulur!”

“Kartal’ımız ve bütün mahallelerimiz için koşturacağız, eser siyasetinden vazgeçmeyeceğiz”

Vecihi Hürkuş’ların, Nuri Killigil’lerin icatlarının önüne türlü engeller koyanların tarafında olmadıklarını, Türkiye’nin savunma sanayisini dünya ile yarışır seviyeye getirdiklerini dile getiren Bakan Kurum, “Bir yanda; şehirlerimizi çarpık kentleşmeye terk eden; tek bir konut bile dönüştürmeyen; deprem, sel, yangın bölgelerine 1-2 saat uğramaktan başka bir şey yapmayanlar, depremin üstünden siyaset yapanlar var. Diğer tarafta da tam 650 bin konut için inşaatları 15 günde başlatanlar var.” dedi.

Bakan Kurum, inşa ve ihya çalışmalarında vites yükseltecekleri Kartal’da, Doğu Anadolu ve Güney Doğu Anadolu’lu vatandaşlardan da 14 Mayıs seçimleri için “sandıkları patlatma” sözü aldı. Bakan Kurum, sözlerini şöyle sonlandırdı:

“Biz de Kartal’ımız ve bütün mahallelerimiz için koşturacağız, eser siyasetinden vazgeçmeyeceğiz.”"
hatay_bld_0102,Hatay Belediye,belediye,hatay,3_inter_election,2023-10-19,"Hatay Büyükşehir Başkanvekili Adnan Özkaya, 19 Ekim Muhtarlar Günü vesilesiyle merkez ve ilçe mahalle muhtarlarını ağırladı.

Hatay Muhtarlar Derneği Başkanı Mahmut Gülcü ve merkez ilçe muhtarlar dernekleri başkanları öncülüğünde gerçekleşen görüşmede 6 Şubat Depremi sonrası yapılan çalışmalar hakkında görüş alışverişinde bulunuldu.

Hatay halkı olarak depremden dolayı çok ciddi yaralar aldıklarını aktaran HBB Başkanvekili Özkaya, muhtarların toplumun aynası olduğunu, her türlü sorunları imtina etmeden ilgili birimlere iletebileceklerini dile getirdi.

“3 BİRİMİMİZ, SAHADA YOĞUN BİR ŞEKİLDE ÇALIŞMALARINI YÜRÜTÜYOR”

Deprem sonrası muhtarların iş yükünün çok fazla arttığına dikkat çeken Özkaya “19 Ekim Muhtarlar Günü adına atılmış bir tarihtir ama muhtarlarımız, 365 gün boyunca çalışan demokrasimizin önemli temsilcilerindendir. Vatandaş ve bürokrasi arasında iletişim köprüsü kuran muhtarlarımız, hem bireysel hem de toplumsal sorunları ilgili mercilere ileten önemli kişilerdir. Deprem sonrası çok hızlı bir şekilde şehrimizi toparlamaya çalışıyoruz. Özellikle depremden ağır etkilenen bölgelerimizde HATSU, Fen İşleri ve Park Bahçe gibi önemli 3 birimiz, sahada yoğun bir şekilde çalışmalarını koordineli ve hızlı bir şekilde yürütüyor. Ayrıca tüm kurum ve kuruluşlarımızla konuşarak, anlaşarak ve uzlaşarak zor günleri aşacağız. Çok fazla zorluk yaşamamıza rağmen bu iş bizim işimiz demeden vatandaşlarımızın her sorununa yardımcı olmaya çalışıyoruz.” dedi.

Şehirde yıkım ekiplerinin altyapıya zararlar verdiğini hatırlatan Özkaya, belediye olarak bir yerdeki hasarı onarmalarına rağmen başka yerlere de zararlar verildiğini, zabıtaların Valilik bilgisinde denetleme çalışmaları yaptıklarını ancak yıkım firmalarının duyarsız ve umursamaz tavırlarıyla karşı karşıya kaldıklarını kaydetti.

Buruk bir Muhtarlar Günü geçirdiklerini aktaran Hatay Muhtarlar Derneği Başkanı Mahmut Gülcü, deprem sonrası mahallelerini tanımada güçlük çektiklerini, her şeye rağmen her yerde mahalle hizmetleri vermeye gayret ettiklerini bildirerek ev sahipliğinden dolayı HBB’ye teşekkürlerini ileti.

Mahalle muhtarlarının sorun, talep ve görüş önerilerini not alan Özkaya, el birliği içinde tüm mahallelerin sorunlarının çözüleceğini belirtti."
csb_0543,CSB,bakanlık,kahramanmaras,4_local_campaign,2024-02-19,"BAKAN MEHMET ÖZHASEKİ, DEPREM ÜZERİNDEN SİYASET YAPAN MUHALEFETE SESLENDİ: “İNSANLARIN ACILARI ÜZERİNDEN SİYASET YAPMAYIN”

Çevre, Şehircilik ve İklim Değişikliği Bakanı Mehmet Özhaseki, depremden etkilenen 11 ilde hummalı şekilde faaliyetlerin sürdüğünü belirterek, “Emin olun, hepimiz ekip olarak gece, gündüz çalışıyoruz. Bundan hiç kimsenin endişesi olmasın. Ama üzücü de işler oluyor. Düşünün, deprem olmuş. Bizim anlı şanlı muhalefetteki partilerimizin genel başkan yardımcıları konuşuyorlar. ‘Hükümet bunun altında kalır.’ diyorlar. Allah sizin iyiliğinizi versin. Millet can derdinde, siz hesap peşindesiniz. Lütfen hiç değilse insanların acıları üzerinden, deprem üzerinden siyaset yapmayın.” dedi.

6 Şubat 2023 tarihinde gerçekleşen Kahramanmaraş merkezli depremlerin ardından yapımı kısa sürede tamamlanan ilk 41 bin konut ve 5 bin köy evi, hak sahiplerine teslim edilmeye devam ediyor. Bugün Osmaniye’de Çevre, Şehircilik ve İklim Değişikliği Bakanı Mehmet Özhaseki’nin katılımıyla gerçekleştirilen ‘Deprem Konutları Kura ve Anahtar Teslim Töreni’nde, 1976 kalıcı konut vatandaşlara teslim edildi.

“EVLERİMİZİ DAĞITMAYA BAŞLADIK”

Törende konuşan Bakan Özhaseki, 6 Şubat depremlerinin bin yıl boyunca başımıza gelen en büyük felaket olduğunu, Allah böyle bir acıyı bir daha yaşatmaması için dua ettiğini söyledi. Geçen bir sene içerisinde Bakanlık olarak hiç durmadan çalıştıklarını vurgulayan Bakan Özhaseki, “Evlerimizi dağıtmaya başladık. Hak sahibi olan kardeşlerimiz evlerine kavuşunca onların yüzündeki mutluluk dünyaya değer. Şimdi bazı kardeşlerimiz kura çekiminde evlerinin çıktığını görecekler. Çıkmayan kardeşlerim lütfen üzülmesinler. Onların evlerini de en kısa sürede teslim etmeye çalışıyoruz. En geç 1-1,5 yıla tamamıyla bütün hak sahiplerimizin evlerini teslim etmiş oluruz. Şunu bilin; sizler huzurla, güvenle, o güzel evlerinizde oturup, dönüp bizlere ‘Allah sizlerden razı olsun’ deyinceye kadar buradayız. ‘Hakkımız helal olsun’ deyinceye kadar gitmeyeceğiz. Hiç endişeniz olmasın.” diye konuştu.

“EVLERİMİZİ DEPREME UYGUN YAPMAK ZORUNDAYIZ”

Binaları deprem gerçeğini bilerek yaptıklarını belirten Bakan Mehmet Özhaseki, “Evlerimizi, iş yerlerimizi, küçücük bir kulübe bile yapıyorsak bunu depreme uygun yapmak zorundayız.” ifadelerini kullandı.

“ONLARI BU MİLLETİN VİCDANINA BIRAKIYORUZ”

Depremin olduğu dönem AK Parti'de Genel Başkan Yardımcısı olduğunu hatırlatan Bakan Özhaseki, depremin ilk anından itibaren herkesin seferber olduğunu söyledi. Böyle bir milletin üyesi olmaktan dolayı gururlu olduğunu belirten Bakan Özhaseki, “Bir de o dönemde milyonlarca nüfusa hitap eden bazı illerimizin büyükşehir belediye başkanları, özel uçaklarla geldiler. 20-30 tane sosyal medyacıyla, kamerayla birlikte oralarda resimler verdiler. Selfieler çekindiler. Deprem turisti olarak bırakıp gittiler. Onları da bu milletin vicdanına havale ediyoruz. Biz üzerimize düşeni yapıyoruz. Onlar da tiynetinin gerektirdiğini yapıyor.” diye konuştu.

“9 ŞİDDETİNDE BİLE DEPREM OLSA YIKILMAYACK KONUTLAR VAR”

Depremin ardından son 1 yılda Bakanlık olarak neler yaptıklarını da anlatan Bakan Özhaseki, “Bizler Bakanlık olarak en uygun zeminlerde yerler tespit edip inşaatlara başladık. şu anda deprem bölgesindeki rezerv alanlarda 207 bin bağımsız bölümün yapımı devam ediyor. Şehir merkezlerinde 50 bin konutun, köylerde ise 50 bin çelik köy evinin de yapımına başlanmış durumda. 5 tona yakın çelik, aralarında taş yünü, dışında betopan, içinde alçıpanlarını koyarak; sağlam, 9 şiddetinde bile deprem olsa yıkılmayacak konutlar yapıyoruz. Toplamda 307 bin konutumuzun inşası hızla devam ediyor. Şimdi 46 bin konutu teslim ediyoruz. Önümüzdeki bir ay içerisinde bu sayı 75 bine çıkacak. Yani yine burada da kura çekmeye devam edeceğiz. Ondan sonra da sene sonuna kadar her ay bitirdiğimiz teslim aşamasına gelen 15- 20 bin civarında konutumuzu da yine sizlere teslim etmeye devam edeceğiz.” dedi.

“İSTASYON CADDEMİZİ AYAĞA KALDIRACAĞIZ”

Bakan Mehmet Özhaseki, bir taraftan şehirlerin merkezlerine başladıklarını kaydederek, “Şimdi gelirken İstasyon Caddesi'ne girdik. Orada yıkılan alanları gördük. Allah izin verirse İstasyon Caddesi’nde ne kadar bina yıkılmışsa hepsine 2-3 ay içinde başlayıp, bir sene sonra da bitirip sizlere teslim edeceğiz. İstasyon Caddemizi ayağa kaldıracağız.” şeklinde konuştu.

“AMA ÜZÜCÜ İŞLER DE OLUYOR”

Her tarafta hummalı şekilde faaliyetlerin sürdüğünü vurgulayan Bakan Özhaseki, şunları söyledi:

“60 milyar lira kadar bir kaynak temin ettik, onun 4 milyar lirasını da Osmaniye'miz için ayırdık. Osmaniye'nin baştan sona su şebekelerini, kanallarını, arıtma tesisini yenileyerek işimizi bitirmiş olacağız. Emin olun, hepimiz ekip olarak gece, gündüz çalışıyoruz. Bundan hiç kimsenin endişesi olmasın. Ama üzücü de işler oluyor. Düşünün şimdi deprem olmuş. Bizim anlı şanlı muhalefetteki partilerimizin genel başkan yardımcıları konuşuyorlar. ‘Hükümet bunun altında kalır.’ diyorlar. Televizyonlarda da çıktı. Allah sizin iyiliğinizi versin. Millet can derdinde, siz hesap peşindesiniz. Nasıl bir insanlıktır bu böyle? Lütfen hiç değilse insanların acıları üzerinden, deprem üzerinden siyaset yapmayın.”

Konuşmaların ardından Bakan Mehmet Özhaseki, törene katılan protokol üyeleri ile birlikte hak sahiplerine evlerinin anahtarını teslim etti.

ESNAF VE VATANDAŞLARLA BİR ARAYA GELDİ

Bakan Mehmet Özhaseki, törenin ardından Osmaniye'de depremlerden etkilenen esnaf ve vatandaşlarla bir araya geldi. Bakan Özhaseki, depremin ardından esnaf için yapılan Cebelibereket Konteyner Çarşı'ya ziyarette bulundu. Esnafla sohbet edip taleplerini dinleyen Bakan Özhaseki, ikram edilen yöresel yiyecekleri tattı. Bakan Mehmet Özhaseki, afette hasar gördüğü için TOKİ tarafından ""Yerinde Dönüşüm Projesi"" yürütülecek Adnan Menderes Mahallesi'ndeki Metin Tamer ve Sefa Evler sitelerini inceledi, sonra projeden yaralanacak bina sakinleriyle görüştü."
hatay_bld_0026,Hatay Belediye,belediye,hatay,2_pres_campaign,2023-05-10,"Hatay Büyükşehir Belediyesi (HBB) ve Arçelik, kentte istihdam imkânı sağlamak üzere örnek bir iş birliği gerçekleştirdi. Hatay Büyükşehir Belediyesi, Arçelik’in depremden etkilenen vatandaşlara iş imkânı sağlamak üzere Hatay’da açtığı yeni çağrı merkezinin ofisini, bir buçuk yıllığına tahsis etti. Tamamı çadırkent ve konteyner kente ikamet eden çağrı merkezi çalışanlarının %90’nı kadınlardan oluşuyor.

Protokol İmza töreninde konuşan Hatay Büyükşehir Belediye Başkanı Lütfü Savaş, deprem bölgesinin yeniden yapılanması için iş birliklerinin önemini vurgulayarak: “Şehrimizi yeniden inşa etmek için canla başla çalışmaya devam ediyoruz. İnsanlarımızın burada yaşamaya devam edebilmesi için yeni evlere, okullara ve en çok da yeni iş imkanlarına ihtiyacı var. Hatay’da yeni bir çağrı merkezi açarak, çadır kentlerde yaşayan hemşerilerimizi istihdam eden Arçelik’in başka yatırımlara da ilham vermesi en büyük dileğimiz” dedi.

Arçelik Türkiye Genel Müdürü Can Dinçer ise şunları söyledi: “Bölgede istihdam sağlayarak diğer şirketlere ilham verip, örnek olmaya çalışıyoruz. Ofis alanını sağlayarak bu çağrı merkezini hayata geçirmemizde destek olan Hatay Büyükşehir Belediyesi’ne teşekkür ediyorum. Önümüzdeki dönemde de istihdamda depremden etkilenen illeri önceliklendirmeye devam edeceğiz. Hatay’ın Ulu Önder Mustafa Kemal Atatürk için de özel bir önemi vardı. ‘Hatay benim şahsi davamdır’ demişti. Burada yaşamın sürmesi hepimizin şahsi meselesi olmalı” dedi.

Deprem felaketinin ardından, şehrin yeniden ayağa kalkması için çalışmalarını sürdüren Hatay Büyükşehir Belediyesi (HBB), ilde iş imkanlarının artırılmasına destek vermek üzere yeni bir iş birliğine imza attı. Arçelik’in depremden etkilenen vatandaşlara iş imkanı sağlamak üzere kurduğu yeni çağrı merkezi HBB tarafından bir buçuk yıllığına tahsis edilen belediyeye ait ofiste faaliyete başladı.

Arçelik’in tüm Türkiye’deki müşterilerine hizmet verecek olan çağrı merkezinde, Hatay’da kurulu çadır kent ve konteyner kentlerde yaşayan 50 kişi istihdam edilecek.

“Yatırımların Devam Etmesini İstiyoruz”

Hatay Büyükşehir Belediye Başkanı Lütfü Savaş, protokol imza töreninde yaptığı konuşmada, iş dünyasına yeni iş imkanları yaratmak üzere yatırım çağrısı yaparak şunları söyledi: “Depremin üzerinden bugün tam 93 gün geçti. Acımız çok taze. Şehrimizi yeniden inşa ederek, ayağa kaldırmak

için tüm gücümüzle çalışıyoruz. Ancak böyle büyük bir felaketin yol açtığı yıkım ancak el ele vererek onarabiliriz. İnsanlarımızın burada yaşamaya devam edebilmesi için yeni evlere, okullara ve en çok da yeni iş imkanlarına ihtiyacı var. Bütün iş insanlarımızı, şirketlerimizi Hatay’a yatırım yapmaya davet ediyorum. Belediye olarak elimizden gelen her türlü desteği vermeye hazırız.”

Savaş sözlerini şöyle sürdürdü: “Yaralarımızı sarmaya başladık, birçok şirket, marka ve sivil toplum kurumu ilimize önemli destekler sağladı. Koç Topluluğu da Hatay'a önemli destekler verdi. Arçelik’in yeni çağrı merkezinde 50 gencimize istihdam sağlayarak ilimizde hizmet vermeye başlamasından dolayı mutluyuz. Bu iş birliğinin yeni yatırımlara ilham vermesi en büyük dileğimiz. Koç Topluluğu ve Arçelik'e çok teşekkür ediyorum, hayırlı olsun.”

“Arçelik Deprem Bölgesinde Hayatın Yeniden Kurulması İçin Desteklerini Sürdürecek”

Arçelik Genel Müdürü Can Dinçer ise konuşmasında, bölgede istihdam yaratılmasının önemine dikkat çekti. Dinçer, “Depremden etkilenen vatandaşlarımızın doğup büyüdüğü şehirlerde yaşamlarını sürdürülebilmeleri için iş imkanları sağlanması kritik önem taşıyor. Bölgede istihdam sağlayarak diğer şirketlere ilham verip, örnek olmaya çalışıyoruz. Ofis alanını sağlayarak bu çağrı merkezini hayata geçirmemizde destek olan Hatay Büyükşehir Belediyesi’ne teşekkür ediyorum” dedi.

Önümüzdeki dönemde de istihdamda depremden etkilenen illeri önceliklendirmeye devam edeceklerini vurgulayan Dinçer sözlerini şöyle sürdürdü: “Hepimizin bildiği üzere Hatay’ın Ulu Önder Mustafa Kemal Atatürk için de özel bir önemi vardı. ‘Hatay benim şahsi davamdır’ demişti. Burada yaşamın sürmesi hepimizin şahsi meselesi olmalı. Depremi haber aldığımız andan itibaren bayilerimiz, servislerimiz, saha teşkilatlarımızla birlikte Hatay ve afetten etkilenen diğer illerimizdeki vatandaşlarımız için elimizden gelen desteği sağlamak için çalışıyoruz. Yemek ve hijyen tırlarımız bölgede 13 noktada hizmete devam ediyor.”

Arçelik’in hijyen TIR’ları Hatay’da Expo Fuar Alanı ve Kırıkhan Stadyumu çadır kenti ile Haraparası’nda hizmet vermeye devam ediyor."
kmaras_val_277,Kahramanmaraş Valiliği,valilik,kahramanmaras,5_post_local,2024-05-25,"Diyanet İşleri Başkanlığı, Kahramanmaraş Valiliğimiz, Büyükşehir Belediyesi, Gençleri Evlendirme ve Mehir Vakfı, Mehir Aile Derneği, Türkiye Diyanet Vakfı Kahramanmaraş ve Konya Şubeleri iş birliğinde ""Kahramanmaraş'ta Yuvalar Kuruyoruz Toplu Düğün ve Çeyiz Yardımı"" projesi kapsamında düzenlenen programda 100 çift dünya evine girdi.
 
Merkez Spor Kompleksi’nde düzenlenen nikâh ve düğün törenine, Diyanet İşleri Başkanı Sayın Prof. Dr. Ali Erbaş, Valimiz Mükerrem Ünlüer, 66. Hükümet Tarım ve Orman Bakanı Prof. Dr. Vahit Kirişci, Milletvekillerimiz Ömer Oruç Bilal Debgici, Mehmet Şahin, Tuba Köksal ve Mevlüt Kurt, Büyükşehir Belediye Başkanı Fırat Görgel, Kahramanmaraş İl Müftüsü Abdurrahman Kotan, Konya İl Müftüsü Prof. Dr. Ali Öge, Mehir Vakfı Mütevelli Heyeti Başkan Vekili Prof. Dr. Saffet Köse, Mehir Aile Derneği Başkanı Abdurrahman Tekin, İl Protokolü, STK temsilcileri, aileler ile çok sayıda vatandaşımız katıldı.
 
İlimizin her ilçesinden, Türkiye Diyanet Vakfı’mızın ihtiyaç sahipliği kriterlerine göre belirlenerek tespit edilen 100 çiftimizin nikâhlarının kıyıldığı tören, Kur’an-ı Kerim Tilaveti ile başladı. Kur’an-ı Kerim tilavetinden sonra protokol konuşmalarına geçildi.
 
Törende konuşan Vali Ünlüer, “İlimiz merkezli 6 Şubat depremlerinde çok acılar yaşadık. Mutlu hayat süren ailelerimizi maalesef kaybettik. Kimi anne babasını kimi evladını, evlatlarını kaybetti. Acıları hiçbir zaman bitmeyecek ancak yaralarımızı da sarmak zorundayız. 
 
Bugün de 100 çiftimizin mutlu günlerine şahitlik etmenin heyecanı içindeyiz. 
 
Aile toplumun en temel taşıdır. Sizler güzel bir aile kurarak iyi nesillerin yetişmesine vesile olacaksınız hem dinimizin yaşanması hem de toplumumuzun devamı için önemli bir rol üstleneceksiniz. Bizler de büyükleriniz olarak sizlere elimizden geldiğince destek olacağız ve aile toplumunun korunması adına üzerimize düşeni yapacağız."" diye konuştu.
 
Diyanet İşleri Başkanı Sayın Prof. Dr. Ali Erbaş, ise “Çok güzel ve hayırlı bir merasimde bir aradayız. 100 çiftimizin hayatının en önemli anlarından birisi olan nikâh ve düğün merasimlerine şahitlik ediyoruz. Bu organizasyonda emeği geçen ve genç çiftlerimize destek olan tüm kurumlarımıza ve sivil toplum kuruluşlarımıza teşekkür ediyorum. Evliliğin ilacı sabırdır, tahammüldür. Gençlerimiz; sevgiyi, saygıyı ve sadakati sabırla, tahammülle sürdürürse selamete ulaşır, huzura kavuşur inşallah. Gençlerimiz bizim göz aydınlığımız. Bugün dünya evine giren tüm çiftlerimizi tebrik ediyor, ömür boyu mutluluklar diliyorum. Hayırlı, uğurlu olsun” diye konuştu.
 
Açılış konuşmalarının ardından nikâh töreni ve takı merasimine geçildi.
 
Diyanet İşleri Başkanı Sayın Prof. Dr. Ali Erbaş, Valimiz Mükerrem Ünlüer ve protokol üyeleri, genç çiftlerin mutlu anlarına şahitlik ederek tüm çiftlere iki cihan saadeti diledi.
 
Tören ilahi dinletisini ve dualarla sona erdi."
csb_0035,CSB,bakanlık,adiyaman,1_post_quake,2023-02-23,"BAKAN KURUM: “520 BİN BAĞIMSIZ BÖLÜMDEN OLUŞAN 164 BİN 321 BİNA YIKIK, ACİL YIKILACAK VE AĞIR HASARLI”

Çevre, Şehircilik ve İklim Değişikliği Bakanı Murat Kurum, Kahramanmaraş merkezli depremlerin ardından yürütülen hasar tespit çalışmalarına ilişkin, ""Toplam 4 milyon 511 bin bağımsız bölümden oluşan 1 milyon 250 bin bina, 11 ilimizde eş zamanlı incelenmiştir. 520 bin bağımsız bölümden oluşan 164 bin 321 binamız yıkık, acil yıkılacak ve ağır hasarlı olarak tespit edildi."" dedi.

Çevre, Şehircilik ve İklim Değişikliği Bakanı Murat Kurum, Adıyaman Afet Koordinasyon Merkezi'nde, İçişleri Bakanı Süleyman Soylu ve Ulaştırma ve Altyapı Bakanı Adil Karaismailoğlu ile değerlendirme toplantısı gerçekleştirdi.

Toplantının ardından açıklamalarda bulunan Bakan Kurum, depremden etkilenen 11 ilde ekiplerin vatandaşla el ele, tüm Türkiye tek yürek olarak seferberlik şuuruyla çalıştıklarını söyledi.

Bu süreçte tüm arama kurtarma ekiplerinin, AFAD'ın, Kızılay'ın, jandarmanın, askerin, emniyet birimlerinin, belediye personellerinin ve gönüllü gelen 85 milyon büyük Türkiye ailesinden tüm vatandaşlarla Adıyaman, ilçeleri ve köyleri için çalışmalarını sürdürdüklerini vurgulayan Bakan Kurum, şöyle konuştu:

""İnşallah son ana kadar Cumhurbaşkanımızın liderliğinde bu çalışmaları, azim ve kararlılıkla yapacağız. Biz depremin ilk anından itibaren Gaziantep'teydik ve oradaki çalışmalarla diğer illerimizin de ihya ve inşaat sürecini koordine ettik. İllerimize tek tek ziyaretlerde bulunduk. Hem arama kurtarma süreçlerini hem insani yardımları hem de tüm illerimizdeki hasar tespit çalışmalarını ekiplerimizle yürüttük. Dün Kilis'imizdeydik, orada yapılan çalışmaları yerinde inceledik. Geleceğe ve yeni Kilis'e dair çalışmaları istişare ettik. Gittiğimiz her bölgede de hasar tespit çalışmalarını takip ettik.""

Bakan Kurum, inşa edilecek yeni konutların süreçlerine ilişkin çalışmaları hızlı şekilde yürüttüklerini belirtti.

Bakan Kurum, Adıyamanlı vatandaşlarla, milletvekilleriyle el ele vererek, bu şehri görmüş olduğu afetten kurtarabilecek çalışmaları seferberlik anlayışıyla yaptıklarını, yapmaya da devam ettiklerini vurguladı.

Bakanların ve buradaki ekiplerin, Adıyaman'ın altyapısı başta olmak üzere kültürel ve sosyal dokusunu, şehrin tüm ihtiyaçlarını giderecek anlayışla çalışmalar yürüttüğüne dikkati çeken Bakan Kurum, şunları kaydetti:

""Bu çerçevede, biz de tüm ekibimizle hasar tespit çalışmalarını yürütüyoruz ve inşallah kesinleşmesine müteakip de kalıcı konutları vatandaşlarımıza söz verdiğimiz gibi 1 yıl içerisinde yapacağız. 11 ilimizde hasar tespit çalışmalarına ilişkin bilgi verecek olursak, toplam 4 milyon 511 bin bağımsız bölümden oluşan 1 milyon 250 bin bina, 11 ilimizde eş zamanlı incelenmiştir. 520 bin bağımsız bölümden oluşan 164 bin 321 binamız yıkık, acil yıkılacak ve ağır hasarlı olarak tespit edildi. Adıyaman da depremden en çok etkilenen illerimizin başında geliyor ve bu kapsamda da Adıyaman'ın hasar tespit durumuna baktığımızda 20 bin 987 binada 56 bin 685 bağımsız bölümün yıkık, acil yıkılacak ve ağır hasarlı olduğunun tespitini yaptık.""

Bakan Kurum, ""asrın felaketi"" olarak nitelendirilen depremlerden 11 ilde 14 milyon vatandaşın etkilendiğini aktardı.

Devletin tüm imkânlarıyla vatandaşın yanında olduğunun altını çizen Bakan Kurum, ""Cumhurbaşkanımızın, Ankara'da Afet Koordinasyon Merkezi'nde koordine ettiği, verilmesi gereken tüm destekleri, çalışmaları bizzat yakinen takip ettiği bir süreci biz de bakanlarımızla, ekiplerimizle ve valilerimizle sahada takip ediyoruz. İnşallah, 85 milyon büyük Türkiye ailesi tek yürek ve beraber olacağız, bu zor günleri hep birlikte atlatacağız."" değerlendirmesinde bulundu.

Bakan Kurum, Elazığ'da, Malatya'da, İzmir'de, Kastamonu'da, Rize'de, Bartın'da ve Sinop'ta yaşanan afetlerde olduğu gibi vatandaşların dualarını almak için gayret göstereceklerini dile getirdi.

Devletin bunu yapabilecek güce, kudrete ve imkâna sahip olduğuna değinen Bakan Kurum, şöyle devam etti:

""Biz bu noktada gerek malzeme tedariğiyle alakalı, gerek buradaki en sağlam zeminde en doğru alanda şehrin ve çocuklarımızın geleceğini, şehrin kültürel dokusunu hesaba katacak şekliyle planlamalarımızı yapıyoruz. TOKİ'miz eliyle yapmış olduğumuz 1 milyon 180 bin konutumuz dimdik ayaktadır. Adıyaman'da, Gaziantep'te, Hatay ve Kahramanmaraş'ta ayaktadır. Aynı anlayışla yeni konutlarımızı yapacağız ve yöresel mimariye uygun bir şekilde konutlarımızı, yerleşim yerlerimizin inşasını gerçekleştireceğiz. Yine aynı kararlılıkla nasıl 3,3 milyon konutun dönüşümünü yaptıysak, burada da depremlerden hasar görmüş tüm alanlara ilişkin belediyelerimizle hasar tespit durumuna göre inşallah konutlarımızın, yerleşim alanlarımızın gerek az gerek orta hasardaki çalışmalarını da eş zamanlı yürütüyor olacağız.""

Bakan Kurum, ""Şu anda Cumhuriyet tarihimizin en büyük afet konut yapım seferberliği başlamıştır. 2 gün öncesinde yapımlarımızın sözleşme süreçlerini başlattık ve bu dönüşümle birlikte şehirlerimizin yüzyılını da planlayacak ve afetlere karşı dirençli şehirlerin inşasını gerçekleştirecek anlayışla yapıyoruz. Bu projelerin içinde çevre düzenlemesi, okuluyla, parkıyla, Adıyamanlı kardeşlerimizin ne ihtiyacı varsa bu anlayışla ülkemizin en iyi mimarları ve tasarımcılarıyla birlikte bu süreci yürütüyoruz."" ifadesini kullandı.

Bakan Kurum, konut çalışmalarının şehirlerin içinde ve dışında belirlenen alanlarda eş zamanlı yürütüldüğünü, binaların 3-4 katı geçmeyecek şekilde, kültürel dokuya uygun hayata geçirileceğini belirtti.

Bakan Kurum, yapılacak konutlara ilişkin mikro bölgeleme etüt çalışmalarının, jeofizik ve jeoloji mühendisleriyle bilim insanlarının görüş, fikir ve önerileri doğrultusunda yürütüldüğünü söyledi.

İnşasına başlanacak konutlarla ilgili gerekli sözleşmelerin imza altına alınmaya başlandığını aktaran Bakan Kurum, şöyle konuştu:

""Buna göre en doğru yer seçimine şehrin ileri gelenleriyle karar vermeye gayret gösteriyoruz. Bu kapsamda biliyorsunuz, iki gün önce Adıyaman, Gaziantep ve Kilis'te toplamda 1797 konutumuzun sözleşmelerini imzaladık ve inşaat sürecine başladık. Dün Adana'da 590, Gaziantep'te 600, Hatay'da 364, Kahramanmaraş'ta 1019, Şanlıurfa'da 534 olmak üzere 3 bin 107 yeni yuvamızın sözleşmesini imzaladık. Bugün, Gaziantep ilçelerinde 400, Hatay'da 1317, Malatya'da 599 konut olmak üzere 2 bin 316 konut ve 36 dükkânın sözleşmelerini imzalıyoruz. Depremin ardından 18'inci gün itibarıyla baktığımızda, son üç günde 7 bin 222 konut ve 36 dükkânın sözleşmelerini gerçekleştirerek Cumhuriyet tarihinin en büyük afet konut yapım inşaat sürecini hızlı bir şekilde yürütmeye gayret gösteriyoruz.""

Adıyaman'da da hummalı bir çalışmanın ortaya konulduğunu dile getiren Bakan Kurum, zemin etütlerinin başladığı bu ilde 27 Şubat Pazartesi ilk konutların sözleşmelerinin tamamlanmasıyla merkez ve köylerde inşaat sürecinin başlayacağını açıkladı.

Cumhurbaşkanı Recep Tayyip Erdoğan'ın talimatıyla AFAD koordinasyonunda Adıyaman'da geçici barınma ihtiyaçlarının karşılanması amacıyla TOKİ ve Emlak Konut tarafından 3 bin bağımsız bölümden oluşan konteyner kentin yapımı için prefabrik, çelik konstrüksiyon ve yığma malzeme ile çalışmaların başladığını anlatan Bakan Kurum, bunların 15 gün içinde Adıyamanlılara teslim edileceğini ifade etti.

70 bin köy evi yapılacak

Köy halkının yaşamlarını sürdürebilmesi ve köylerin kalkındırılmasıyla ilgili de hassas bir çalışma sürecinin yürütüldüğünü vurgulayan Bakan Kurum, ""Köylerimizi ayağa kaldırmak için ilk etapta Osmaniye'de 1361, Adana'da 701, Diyarbakır'da 2 bin 927, Elazığ'da 386, Hatay'da 14 bin 141, Kahramanmaraş'ta 12 bin 135, Malatya'da 17 bin 990, Şanlıurfa'da 2 bin 54, Gaziantep'te 9 bin 130, Kilis'te 1002, Adıyaman'da da 10 bin köy konutumuzu şehrin ihtiyaçlarına, kültürel dokusuna uygun bir şekilde 70 bin köy evimizi parkıyla, bahçesiyle hak sahibi kardeşlerimize teslim edeceğiz."" dedi.

Bakan Kurum, 270 bin konutun inşasına eş zamanlı başlanacağını dile getirerek, konuşmasını şöyle tamamladı:

""Sayın Cumhurbaşkanı'mızın milletimize vermiş olduğu, bir yıl içerisinde vatandaşlarımızı güvenli ve sağlam konutlara yerleştirme sözümüzü tutma anlayışını kararlı şekilde yürüteceğiz. Tabii inşa sürecini yürütürken eski yerleşim yerlerine ilişkin de çok önemli kararları alıyoruz. Burada da ayrıntılı jeolojik etütler yapıyoruz. Bütüncül bir anlayışla Adıyaman'ımızın binlerce yıllık tarihi dokusuna, kültürel ve bölgenin demografik yapısına uygun şekilde çalışmalarımızı tamamlayarak şehrimizi en güvenli, en sağlıklı yerlere inşa ederek inşallah Adıyamanlı kardeşlerimize teslim edeceğiz. Şehrin kuzeyinde Karadağ bölgesinde master plan hazırlıyoruz ve gerçekten yeni Adıyaman diyeceğimiz inşa sürecinde sağlam ve güvenli alanlara yerleştireceğiz. Doğusunda Beşpınar bölgesine konutlarımızı yerleştireceğiz ve eş zamanlı şehrin kuzeyinde, doğusunda, batısında, OSB'deki çalışan vatandaşlarımızın erişebileceği, şehrin tüm bileşenlerinin bu noktada hizmet alacağı şekilde çalışmalarımızı yürütüyoruz."""
csb_0525,CSB,bakanlık,hatay,4_local_campaign,2024-02-03,"BAKAN MEHMET ÖZHASEKİ HATAY'DA DEPREMZEDELERE SESLENDİ: “SİZLER EVİNİZE OTURUNCAYA KADAR BURALARDA OLACAĞIZ”

Çevre, Şehircilik ve İklim Değişikliği Bakanı Mehmet Özhaseki, Hatay’ın küllerinden yeniden doğduğunu ifade ederek, “Devletin bütün imkanlarını seferber ediyoruz. Hiç endişeniz olmasın. Elimizden geleni yapıyoruz. Sizler evinizde oturuncaya kadar bize rahat olmayacak. Sizler içinde oturup evlerinizde bize dua edip, ‘İşiniz rast gelsin, hakkımız helal olsun' deyinceye kadar buralarda olacağız. Bundan endişeniz olmasın.” dedi.

6 Şubat Kahramanmaraş merkezli depremlerinin ardından, ilk etapta inşa edilen afet konutlarının teslimi başladı. Yapımı kısa sürede tamamlanan 41 bin kalıcı konut ve 5 bin köy evi olmak üzere toplamda 46 bin bağımsız birimin tesliminde ilk kura çekim ve anahtar teslim töreni, Cumhurbaşkanı Recep Tayyip Erdoğan'ın katılımıyla bugün Hatay'da gerçekleştirildi. Hatay’da TOKİ ve Yapı İşleri eliyle yapılan 7 bin 275 konut ve köy evleri hak sahiplerine teslim edildi. Yeni evlerine kavuşan Hataylı depremzedeler, büyük sevinç yaşadı.

“HER VATANDAŞIN HAKKINI VERİNCEYE KADAR BURADAYIZ”

Hatay’da kalıcı konutların kura çekimi ve anahtar teslimi, Cumhurbaşkanı Recep Tayyip Erdoğan’ın teşrifleriyle, Çevre, Şehircilik ve İklim Değişikliği Bakanı Mehmet Özhaseki, İçişleri Bakanı Ali Yerlikaya ve hak sahiplerinin katılımıyla Mustafa Kemal Üniversitesi Kapalı Spor Salonu’nda düzenlenen törenle gerçekleştirildi. Törende konuşan Bakan Mehmet Özhaseki, Hatay'ın küllerinden yeniden doğduğunu söyledi. Hatay’ın 85 milyonun olduğunu ifade ederek hem İçişleri Bakanlığı hem de Çevre Şehircilik ve İklim değişikliği Bakanlığı olarak her vatandaşın hakkını verinceye kadar deprem bölgesinden gitmeyeceklerini belirten Bakan Özhaseki, “Evlerinize oturup ‘Allah sizden razı olsun’ deyinceye kadar buradan gitmeyeceğimizi unutmayın kardeşlerim.” diye konuştu.

“50 BİN ÇELİKTEN KÖY EVLERİMİZİ YAPMAYA BAŞLADIK”

Depremin hemen ardından bölgede çalışmaya başladıklarını kaydeden Bakan Özhaseki, “Deprem bölgelerinde 200 binden fazla konutu yapmak için inşaatlara başladık. Şu anda 50 bin kadar da çelikten köy evlerimizi yapmaya başladık. Şehir merkezlerinde 50 binden fazla yeniden yer tespit ederek zemin etütlerini doğru bir şekilde yapıp, sonra da üstündeki mühendislik hesaplarını en sıkı bir şekilde denetleyerek, depremlere dirençli evlerimizi yapma cihetiyle 300 bin sayısını aşıyoruz.” şeklinde konuştu.

“2 AY İÇERİSİNDE 75 BİN SAYISINA ULAŞACAĞIZ”

Bakan Mehmet Özhaseki, bugün konutların kura töreninde olduklarını hatırlatarak, “2 ay içerisinde 75 bin sayısına ulaşacağız. Mayıs ayından itibaren her ay 15, 20 bin konutu hazır hale getirip sene sonuna kadar birçok kardeşimizin evlerini de kendilerine teslim edeceğiz. Vatandaşlarımız güvenli evlerinde oturdukça, sizler ‘Allah razı olsun’ diye dua ettikçe bizler şevkle yeniden koşmaya devam edeceğiz.” dedi.

“MÜHENDİSLİK HESAPLARINI EN DOĞRU BİÇİMDE YAPIYORUZ”

Hatay’daki sürdürülen çalışmaları anlatan Bakan Özhaseki, şunları söyledi:

“Uzun Çarşıyı ayağa kaldırıyoruz. İnşaatlara başladık. Kurtuluş Caddesine, Atatürk Bulvarı'na, Aksaray Mahallesi'ne başladık. Etrafta bulabildiğimiz her yerin önce zemin etüdünü yapıyoruz, sonra mühendislik hesaplarını en doğru biçimde yapıyoruz. Sonra da inşaatları 1 sene içerisinde teslim etmek üzere Türkiye'nin en güçlü müteahhitlerini çağırıp onlardan taahhüt alıp, sözleşme imzalayıp işe başlatıyoruz. Sizler de takip ediyorsunuz, görüyorsunuz, şahitsiniz. Allah izin verirse çok kısa süre içerisinde gerek Hatay'ımızda gerek Kahramanmaraş'ta Adıyaman'da, Malatya'da bütün depremzede kardeşlerimizin evlerini bu şekilde teslim edeceğiz.”

“HATAY GELECEĞE TAŞINSIN DİYE KARAR ALDIK”

Şehir merkezlerini de inşa ettiklerini kaydeden Bakan Özhaseki, binlerce binayı yaptıklarını ifade etti. Bakan Özhaseki, “Bunu yapmamızın sebebi de ‘Madem böyle bir felaketle karşılaştık, madem böyle bir büyük yıkım var, biz buralarda doğru bir planlamayla Hatay'ın kendine has özgün mimarisini uygulayarak şehirlerimizin meydanlarını ve ona açılan caddeleri de yapalım, doğru bir planlamayla Hatay geleceğe taşınsın’ diye bir karar aldık.” dedi.

“KÖYLERDE ÇELİK EVLER YAPMAYA DEVAM EDİYORUZ”

Köylerde çelik evler yapmaya devam ettiklerini vurgulayan Bakan Özhaseki, “9 şiddetinde deprem olsa da o köylerde yaptığımız çelik evler inşallah zarar görmeyecek. Bir taraftan yerinde dönüştürmek isteyen kardeşlerimize kolaylık olsun diye hepinizin de bildiği gibi 1,5 milyon liralık bir paket hazırlayarak sizlere de arz ettik. Şu anda binlerce kardeşimiz de kendi evini yapma cihetiyle müracaatlarını yaptılar ve devam ediyorlar.” şeklinde konuştu.

“DEVLETİN NE KADAR İMKANI VARSA SEFERBER EDİYORUZ”

Devletin bütün imkanlarını seferber ettiklerini ifade eden Bakan Özhaseki “Hiç endişeniz olmasın. Elimizden geleni yapıyoruz. Sizler evinizde oturuncaya kadar bize rahat olmayacak. Sizler içinde oturup evlerinizde bize dua edip, ‘İşiniz rast gelsin, hakkımız helal olsun’ deyinceye kadar buralarda olacağız. Bundan endişeniz olmasın.” dedi.

“DEVLET KİMSENİN MALINA ÇÖKMEZ”

Hatay'da 2016-2017 yılında, Emek-Aksaray Mahallesi'nde yapmak istedikleri kentsel dönüşüm çalışmasının, terör uzantısı gurupların vatandaşları tahrik etmesiyle engellendiğini hatırlatan Bakan Özhaseki, “Sizlerden bir tek ricam var. Bazı yerleri rezerv alan ilan ettiğimizde, vatandaşı gelip tahrik edip, ‘sizin malınıza çöküyorlar. Buna itiraz edin. Mahkemelere gidin’ diyen sonra da orada iş yapmamızı engellemeye çalışan gruplar var. Ne olur bunları dinlemeyin. Devlet kimsenin malına çökmez. Devlet kimsenin evini elinden almaz. Devlet alıp da ne yapacak? Bizim yasal olarak o bölgelerde iş yapabilmemizin tek yolu rezerv alan ilan etmek, sonra da gelip evler yapmak, o alanda kimin hakkı varsa bunu kendisine teslim etmek. Amacımız bu. Bundan hiç endişeniz olmasın.” ifadelerini kullandı.

Konuşmaların ardından, kura sonucu dairelerine kavuşan depremzedelere anahtarları, Cumhurbaşkanı Recep Tayyip Erdoğan ve Çevre Şehircilik ve İklim Değişikliği Bakanı Mehmet Özhaseki tarafından ‘hayırlı olsun’ dilekleriyle teslim edildi."
tccb_197,TCCB,cumhurbaskanligi,kahramanmaras,3_inter_election,2023-12-23,"Sevgili İstanbullular, Bakanlığımızın Kıymetli Mensupları, Aziz Kardeşlerim, Sizleri en kalbi duygularımla, hürmetle, muhabbetle selamlıyorum. Sözlerimin hemen başında, dün Irak’ın kuzeyinde bölücü hainler tarafından gerçekleştirilen saldırılarda şehit olan kahraman askerlerimize Allah’tan rahmet, ailelerine, yakınlarına ve milletimize başsağlığı diliyorum. Yaralı Mehmetçiklerimize Mevla’dan acil şifalar temenni ediyorum. Şehitlerimizin ruhu şad, mekânları Cennet, makamları âli olsun. Mehmetçiklerimizin kanı yerde kalmamış, bölücü alçaklardan döktükleri kanın hesabı misliyle sorulmuştur ve sorulmaktadır. Pençe Hareketi bölgesiyle Suriye’nin kuzeyinde şimdiye kadar 12 terörist etkisiz hale getirilmiştir. Terörü kaynağında kurutmak, bu stratejimizi uygulamayı son terörist de bertaraf edilene kadar kararlılıkla sürdüreceğiz. Türkiye ne pahasına olursa olsun, Irak’ın veya Suriye’nin kuzeyinde bir terör yapılanmasına müsaade etmeyecektir. Emperyalistlere taşeronluk yapan kiralık katil sürüleriyle mücadelemizden kesinlikle geri adım atmayacağız. Hem eli kanlı caniler, hem de bölücü örgüte destek verenler, bölgemizin geleceğinde teröre yer olmadığını er ya da geç anlayacaklardır. Sınırlarımız içinde ve dışında teröristlere nefes aldırmayan tüm güvenlik güçlerimize Yüce Allah’tan muvaffakiyetler niyaz ediyorum. Rabbim, kahraman askerlerimizi muzaffer eylesin diyorum. Kıymetli Misafirler, Yüzyılın Dönüşümü İstanbul Programı münasebetiyle sizlerle birlikte olmaktan memnuniyet duyuyorum. Bu anlamlı buluşmaya vesile olan Çevre Bakanlığımıza, Sayın Bakan ve ekibine, ilgili tüm kurumlarımıza teşekkür ediyorum. Bugün İstanbul’umuzu depreme hazırlama noktasında tarihi nitelikte adımları eşzamanlı olarak atmanın gururunu yaşıyoruz. Hatırlarsanız, Nisan ayında şehrimizin en acil ihtiyaçlarından olan kentsel dönüşümle ilgili özgün bir projeyi kamuoyumuzla paylaşmıştık. Kentsel dönüşümde “Yarısı Bizden” adını verdiğimiz kampanyamızda İstanbullu kardeşlerimiz çok yoğun teveccüh gösterdi. Kampanyaya bugüne kadar 1 milyon 233 bin bağımsız bölüm için başvuru yapıldı. Yarısı Bizden kampanyası ile toplamda 350 bin konutun dönüşümünü gerçekleştirmeyi hedefliyoruz. Kampanyamız kapsamında her bağımsız bölüm için toplamda 1,5 milyon liralık destek vereceğiz. Bunun 100 bin lirası kira desteği olmak üzere, 800 bin lirası hibe, 700 bin lirası çok uygun şartlarda kredi şeklinde verilecektir. Kredilerin ödenmesi, evler tamamlandıktan sonra başlayacaklar ve ilk yılı faizsiz olarak tahsil edilecektir. Kalan yıllarda kredi maliyet oranı, TEFE’nin yarısı kadar olacak. Vatandaşımız, alacağı bu 1,5 milyon liralık destekle inşallah evini yapacak, yeni yuvasında güvenli, huzurlu, mutlu bir şekilde oturacaktır. Kampanyamıza başvurup yüzde 100 anlaşmaya varan bağımsız bölüm sayısı 71 bini aştı. Yine başvuru yapıp yüzde 50 ve üzerinde mutabakat oluşan bağımsız bölüm sayısı ise, 158 bine ulaştı. Bu insanlarımız da aralarındaki pürüzleri giderip anlaşma sağlayabilirse, kampanyadan faydalanma imkânına kavuşacaklardır. Birazdan Marmara Kentsel Dönüşüm Hizmet Ofisi’ne canlı bağlanarak, 100 binadaki 500 insanımızla ilk sözleşmelerini imzalayacağız. Böylelikle toplamda 350 bin konutu dönüştürmeyi amaçlayan Yarısı Bizden Kampanyası’nı bismillah diyerek fiilen başlatmış olacağız. Kampanyamızın İstanbul’umuza ve İstanbullu kardeşlerimize şimdiden hayırlı, uğurlu olmasını diliyorum. Bugün atacağımız bir diğer kritik adım, İstanbul Kentsel Dönüşüm Yıkım Programı’nın başlatılmasıdır. Şehrimizdeki kentsel dönüşüm çalışmaları kapsamında toplam 17 yapıda yer alan 261 bağımsız bölümün yıkımını gerçekleştireceğiz. Bugün ayrıca, Bağcılar’da 371, Gaziosmanpaşa’da 1.096, Tuzla’da 3 farklı noktada 1.570 olmak üzere toplam 3 bin 37 konutun temellerini atıyoruz. Dolayısıyla bugünkü programımızda imza, yıkım ve yapım dâhil tüm aşamalarıyla İstanbul’da Yüzyılın Dönüşümü Projemize start veriyoruz. Bu projelerde emeği geçen tüm bakanlarımızı ve ilgili kurumlarımızı canı gönülden tebrik ediyorum. Buradan özellikle yüzde 50 oranlarında anlaşma sağlamış vatandaşlarımı, henüz evet dememiş komşularını da ikna etmek suretiyle bir an evvel Yarısı Bizden kampanyasında yer almaya davet ediyorum. Aziz Kardeşlerim, 6 Şubat’ta yaşadığımız Kahramanmaraş merkezli şiddetli sarsıntılar, millet olarak bize deprem gerçeğini tekrar hatırlatmıştır. 50 binden fazla canımızı toprağa verdiğimiz 11 ilimizdeki 14 milyon insanımızı doğrudan etkileyen böylesine büyük bir afetten sonra, artık hiçbir şeyin eskisi gibi olması düşünülemez. Devlet ve vatandaş olarak deprem konusunu önceliklerimizin en başına almamız gerekiyor. Nitekim yakın zamanda Marmara Bölgemizde meydana gelen depremler, çalışmalarımızı daha da hızlandırmamız gerektiğini gösteriyor. Burada bir hususa özellikle dikkatlerinizi çekmek isterim; depreme karşı hazırlık yapmak bizim için tercihten öte zorunluluktur, çünkü coğrafi olarak biz depremle burun buruna yaşayan bir ülkeyiz. Ülkemiz topraklarının yüzde 66’sı, nüfusumuzun ise yüzde 71’i deprem açısından riskli alanlarda yer alıyor. Son bir asırda 6 ve üzeri büyüklükte 230’dan fazla depreme maruz kaldık. Bu depremlerde 130 bini aşkın kardeşimiz vefat etti, sadece insani açıdan değil, ekonomik açıdan da çok ağır bedeller ödedik. 17 Ağustos Marmara depreminin ekonomimiz üzerindeki menfi etkilerini yıllarca hissettik. Son olarak 6 Şubat depremlerinin Türk ekonomisine maliyeti, 104 milyar dolardan fazladır. Her deprem sonrasında madden ve manen toparlanmak için yıllarımızı harcadık. Bunlar depremin mali yüküdür, toprak altında yitirdiklerimizin kalbimizde açtığı yaralar ise muhtemelen hiç kapanmayacaktır. Yarım kalan umutlar, enkaza dönen evlerin hafızalarda bıraktığı tortular, özellikle depremzedelerimizin yüreğini yakmaya devam edecek. Hal böyleyken, hiçbirimizin depremi hafife alma, deprem gerçeğine gözlerini kapama gibi bir lüksü olamaz. Bu topraklarda yaşamaya devam edeceksek ki biz buna inanıyoruz, böyle deprem riskini bir an olsun aklımızdan çıkaramayız. Bunu unutmak demek, Allah korusun, 17 Ağustos ve 6 Şubat benzeri felaketlerle yeniden karşılaşmak demektir. Değerli Kardeşlerim, Teşhisi doğru koymak, tedavinin yarısıdır. Sorunla yüzleşmek, kabullenmek, çözümün ilk adımıdır. Dolayısıyla depremle mücadeleyi önce zihinlerde başlatmamız gerekiyor. “Deprem değil, çürük, sağlıksız, dayanıksız bina öldürür” ilkesini tamamen özümsemeden hiçbir yere varamayız. Tartışmasız bir şekilde Türkiye’nin birincil meselesi, yapı stokunun süratle yenilenmesidir. Bu sebeple başta İstanbul olmak üzere, 81 vilayetimize yapacağımız en büyük iyiliğin kentsel dönüşümü hamleleri olduğuna inanıyoruz. Aynı şekilde bu çabaları dinamitleyenler de, ülkeye ve millete ihanet ediyor demektir. Bunu sadece biz değil, esas rakamlar söylüyor Bakınız burada sizlere ve ekranları başında bizleri izleyen vatandaşlarıma fikir vermesi için bazı istatistikleri paylaşmak arzusundayım. Türkiye genelinde 31 milyon konut ve 5 milyon ticari alandan oluşan 36 milyon bağımsız bölüm bulunuyor. Bunların 6 milyonu şu anda risk altında, 2 milyonunun ise acilen dönüşmesi lazım. Bu gerçeklerin ışığında göreve geldiğimiz andan itibaren bu meseleye özel önem ve öncelik verdik. 2012 yılında tarihimizde ilk defa Kentsel Dönüşüm Yasası’nı çıkardık. Toplam 2 milyon 200 bin bağımsız bölümün dönüşümünü tamamladık. Kentsel dönüşüm çalışmaları için 480 milyar liralık kaynak harcadık. 400 bin bağımsız bölümün dönüşümü halen devam ediyor. TOKİ Başkanlığımız vasıtasıyla 1 milyon 300 binden fazla konut ürettik, milyonlarca vatandaşımızı gecekondu denilen sağlıksız yapılardan kurtararak modern, güvenilir, dayanıklı yuvalarına kavuşturduk. Yalnızca kentsel dönüşüm ve sosyal konut projeleriyle 13 milyonu aşkın insanımızın hayatına dokunduk. Bilhassa, 6 Şubat depremlerinde TOKİ’nin depreme karşı mücadelede ne kadar hayati, ne kadar kritik bir rol oynadığı ortaya çıkmıştır. Yıllardır CHP zihniyetinin acımasızca eleştirdiği TOKİ binalarımız, tekniği ve inşaatıyla deprem imtihanını alnının akıyla vermiştir. TOKİ’miz tarafından yapılan binalarda hamdolsun hiçbir sıkıntı, hiçbir can kaybı yaşanmadı. Muhalefete ve medyadaki kalemşörlerine rağmen, TOKİ’mize böyle bir misyon yükleyerek milyonlarca konut ürettiğimiz için bugün hamdediyoruz. İnşallah bundan sonra da TOKİ’nin lokomotifliğinde Türkiye’nin konut stokunu yenilemeye devam edeceğiz. Kıymetli Misafirler, Kentsel dönüşüm ihtiyacının hat safhada olduğu illerimizin başında hiç şüphesiz İstanbul vardır. İstanbul’da 6 milyon konut ve 1,5 milyon ticari alandan oluşan toplam 7,5 milyon bağımsız bölüm yer alıyor. Bunların 600 bini süratle dönüştürülmek zorunda. Şehrimizde 2012 yılından itibaren 800 bin bağımsız bölümün dönüşümünü gerçekleştirdik. 170 bin 941 bağımsız bölümün dönüşümü ise devam etmektedir. İstanbul genelinde yürütülen kentsel dönüşüm çalışmaları için toplamda 128 milyar lira tutarında kaynak kullandık. Hedefimiz, 5 yıl içerisinde İstanbul’da 600 bini acilen olmak üzere, toplam 1,5 milyon riskli bağımsız bölümü dönüştürmektir. Bu amaçla, alanında uzman isimlerin görüşünü de alarak kapsamlı bir yol haritası hazırladık. Bu yol haritasının ana başlıklarından birini, mevzuatta yapılması gereken düzenlemeler teşkil ediyordu. Kısa süre önce yürürlüğe giren Kentsel Dönüşüm Kanunu ile hızlı dönüşüm için gereken hukuki zemini oluşturduk. Yasayla ilgili muhalefetin gündeme getirdiği iddialar, tamamen safsatadır, tamamen bühtandan ibarettir. CHP ve aynı zihniyete sahip çevreler, her zaman olduğu gibi iş yapmanın değil, yine takoz koymanın, hizmeti engellemenin peşindeler. Çünkü kanunla ne vatandaşın evine el konulması, ne insanımızın mülkiyet hakkının ihlal edilmesi gibi bir durum kesinlikle söz konusu değildir. Düzenlemenin yegâne amacı, keyfi sebeplerle tıkanan kentsel dönüşüm sürecini çabuklaştırmak, bu meseleye süratle çözüm bulmaktır. Buradan bir kez daha vatandaşlarımızı, muhalefetin ve marjinal örgütlerin yalanlarına itibar etmemeye çağırıyorum. Ülkenin ve milletin hayrına olan her işe saldırmaktan başka hiçbir vasıfları olmayan bu çapsızların, kentsel dönüşüm meselesini rantsal dönüşüm yalanıyla sabote etmesine kesinlikle izin veremeyiz. Kendileri lüks binalarda yaşarken, benim İstanbullu kardeşime dayanıksız, çürük, çirkin yapıları reva görenlere eyvallah edemeyiz. Onlar istemese de, İstanbul’la birlikte diğer şehirlerimizin kentsel dönüşüm sürecini başarıyla tamamlayacağız. Yol haritamızın bir diğer başlığı, şehrimizdeki rezerv alanlardır. İstanbul’da belirlenen rezerv alanlara 400 bin konut inşa ederek dönüşüm çalışmalarını hızlandıracağız. Bugün ilk sözleşmelerini imzaladığımız Yarısı Bizden kampanyasıyla, 350 bin konutun dönüşümün sağlayacağız. Bunlara ilaveten, ilimiz genelinde 100 bin sosyal konut inşa edeceğiz. Kentsel dönüşüm seferberliğimiz sayesinde elbette vatandaşlarımızın da desteğiyle inşallah şehrimizin çehresini tamamen değiştireceğiz. Zihninde soru işaretleri, kalbinde tereddüt olan her bir kardeşimizi güvenli, modern, estetik ve yaşanabilir evlere mutlaka kavuşturacağız. Aziz Kardeşlerim, Anadolu’nun manevi mimarı Yunus Emre’nin çok ibretlik iki mısra var. Derviş Yunus diyor ki; “Ol imaret eylemez, sen viran olmayınca.” Yani sen viran olmazsan, sen çabalamazsan, sen koşturmazsan ortaya ne imar çıkar, ne imaret çıkar, ne de eser çıkar. Asıl mesele, dert sahibi olmak. Bir dava, ideal, ülkü peşinde koşmaktır. Bir derdi olmayan, bir meselesi, bir davası olmayanların çözüm peşinde, eser peşinde, hizmet ve yatırım peşinde koşması zaten beklenemez. Bizi parti, ittifak ve Hükümet olarak rakiplerimizden ayıran temel vasfımız, ülkeye ve millete hizmet aşkıyla viran olmamızdır. Hangi görüşten, kökenden, gelir grubundan olursa olsun, milletimizin derdi bizim derdimiz, bizim meselemizdir. Kardeşlerim, Sadece bize oy verenlerin değil, 85 milyonun tamamının sorumluluğunu yüreğimizde hissediyoruz. Aziz milletimizin teveccühüyle geldiğimiz tüm makamları siyasi sıçrama tahtası olarak değil, ülkemize hizmet etme vasıtası olarak gördük. 40 yılı aşan siyasi hayatımızın hiçbir safhasında şov peşinde koşmadık, millete karşı görevlerimizi en güzel şekilde ifa etmeye çalıştık. İnsanımızın da bizim bu gayretlerimizi görmüş olması, işte bizi 20 yıldır bu makamda tutmasını sağlamıştır. Benim milletim bizim çabalarımızı takdir etti, samimiyetimize inandı, bize ve Hükümetimize güvendi, itimat etti. Bu güvenin bir neticesi olarak son 21 yılda girdiğimiz 17 seçimin hepsinde milletimiz bizden desteğini, duasını asla esirgemedi. Şimdi ne kaldı? Şurada 3,5 ay kaldı, 3,5 ay gece-gündüz, mütevazı olarak kapı-kapı dolaşmak suretiyle ana kademe, Kadın Kolları, Gençlik Kolları olarak yol yürümeye var mıyız? Yeniden İstanbul diyor muyuz? Maşallah. Milletimizin tüm kesimleriyle aramızda kurulan bu gönül bağını siyasetteki en büyük sermayemiz olarak görüyoruz. Önümüzdeki dönemde karşılıklı güvene dayanan bu ilişkiyi inşallah daha da güçlendireceğiz. Başkaları gibi meydanlarda bol keseden atıp tutup, göreve gelince bunları unutanlardan, verdiği sözlerin üzerine beton dökenlerden olmayacağız. Yerel yönetimle merkezi hükümet arasındaki vizyon, ufuk, ideal ve inanç birlikteliğinin önemini hepimiz çok iyi biliyoruz. Vatandaşa hizmet etmek yerine farklı hayallere kapılan, fırsat buldukça belediyeye uğrayan, zihni ve kalbi sürekli başka yerlerde olan idarecilerin şehirlerini çok kısa sürede nasıl geriye götürdüklerini 2019 yılında el değiştiren belediyelerde çok acı bir şekilde hep beraber tecrübe ettik. Özellikle Fatih’in emaneti bu güzel şehrin son 5 yılının temel atmama törenleriyle, engelleniyoruz yalanlarıyla nasıl heba edildiğinin, nasıl boşa harcandığının hepimiz şahidiyiz. Bunun için 31 Mart seçimleri çok önemli, İstanbul’un hizmet ve eser hasretinin dinmesi için 31 Mart, kritik bir eşik. İnşallah, 31 Mart’ta İstanbul’un fetret devrini kapatacak, irtifa kaybına son verecek, hak ettiği hizmetlerle yeniden buluşmasını sağlayacağız. İstanbul’a kendini vakfedecek, İstanbul’dan başka hiçbir şeyi gözü görmeyecek, İstanbul’u payidar etmekten başka bir hedefi olmayacak, İstanbul’u emanet bilip ona layıkıyla sahip çıkacak, tüm kalbiyle bu şehri sevecek, bu şehrin insanlarını kucaklayacak, hasılı; Fatih’in yadigârı olan aziz İstanbul’la şehreminliği yapmayı en büyük şeref payesi bilecek adayımızı yakında açıklayacağız. Evet, ardından da yeniden İstanbul hedefiyle inşallah hep beraber yola revan olacağız. Hiçbir insanımızı ötekileştirmeden, kimseye hor, hoyrat davranmadan, kimseyi ayırmadan, ayrımcılık yapmadan milletimizin tüm fertlerini birleştirmek, bütünleştirmek, kardeşlik hukukunu yüceltmek için sabırla, tevazuuyla ve kararlılıkla 31 Mart akşamına kadar çalışacağız. Rabbim yolumuzu, bahtımızı açık etsin diyorum. Depremlerde kaybettiğimiz canlarımızı rahmetle yâd ediyorum. Yüzyılın Dönüşümü İstanbul Programının tekrar hayırlı olmasını diliyorum. Şehirlerimizin yeniden inşasına ve özellikle kentsel dönüşüm projelerimize destek veren, verecek olan herkese şükranlarımı sunuyorum. Sizleri sevgiyle, saygıyla selamlıyorum. Kalın sağlıcakla."
hatay_bld_0057,Hatay Belediye,belediye,hatay,3_inter_election,2023-08-03,"Hatay Büyükşehir Belediyesi, İskenderun ilçesinde 6 Şubat Depremi'nde zarar gören ve kullanılmaz hâle gelen içme suyu hatlarında bakım, onarım ve yenileme çalışmaları yaparak vatandaşların temiz suya kavuşması için çalışmalarına aralıksız devam ediyor.

Hatay Büyükşehir bünyesinde hizmet veren HATSU ekipleri, İskenderun’da oldukça dik ve kayalık bir bölgede bulunan Değirmendere su isale hattını çok zorlu coğrafî şartlar altında onardı.

“EN KISA ZAMANDA TEMİZ İÇME SUYUNA KAVUŞACAĞIZ”

Değirmendere su isale hattı onarım çalışmalarında sona gelindiğini ifade eden HATSU yetkilileri, “Patlamış çelik su borularının büyük bölümü değişti. Depolara kısa zamanda suyumuz ulaşacak. Karayılan, Azganlık, Sarıseki, Denizciler, Bekbele, Akarca ve Kavaklıoluk Mahallerinin su sorununu ortadan kaldırmış olacağız. En kısa zamanda insanlarımız temiz içme suyuna kavuşacak” bilgisini verdi.

“ZORLU COĞRAFİ ŞARTLAR ALTINDA ÖZVERİYLE ÇALIŞIYORUZ”

Yığıntılar ve çöküntüler altında kalan şebekenin çok zarar gördüğünü dile getiren HATSU yetkilileri, “Çalışma yaptığımız alan dik yamaçların ve sarp kayalıkların olduğu çok tehlikeli ve riskli bir yer. Bölgenin dağlık ve engebeli olması ekiplerin erişimini ve çalışmalarını zorlaştırdı. Birçok yerde zorlu coğrafi şartlar altında özveriyle çalışıyoruz. Mal ve can kaybına sebep olmamak için çok dikkatli hareket ediyoruz. Kimse zarar görmesin diye iğneyle kuyu kazar gibi çalışıyoruz.” dedi.

GECE GÜNDÜZ DEMEDEN SAHADAKİ ÇALIŞMALARIMIZI TAMAMLAMAYA GAYRET EDİYORUZ

Deprem felaketi nedeniyle İskenderun Değirmendere bölgesinde su isale hattının büyük hasarlar aldığını hatırlatan HATSU yetkilileri “Gece gündüz demeden sahadaki çalışmalarımızı tamamlamaya gayret ediyoruz. 7 mahallemize su iletimini sağlayan yaklaşık 9 bin metre uzunluğundaki 500’lük çelik ve 225’lik polietilen borularında onarım çalışmalarının 8 bin 850 metrelik bölümü tamamen bitti. 150 metrelik bir kısım kaldı, birkaç günde bu bölge de bitecek, hemşehrilerimize hayırlı olsun” diye konuştu."
tccb_015,TCCB,cumhurbaskanligi,kahramanmaras,1_post_quake,2023-02-10,"Öncelikle tüm Malatya’ya, Malatyalı kardeşlerime geçmiş olsun dileklerimi ifade etmek istiyorum. Milletçe tarihimizin en büyük doğal afetlerinden birini yaşadık. Pazartesi günü ülkemiz sabah 04:17 7.7, 9 saat sonra da 7.6 şiddetinde bir depremle sarsıldı. Kahramanmaraş merkezli bu depremler maalesef 10 ilimizde çok ciddi yıkıma ve can kaybına neden oldu. Depremin vurduğu illerimizden biri de Malatya’ydı. Dün ve önceki gün Kahramanmaraş, Hatay, Adana, Gaziantep, Osmaniye ve Kilis’i ziyaret ederek maruz kaldığımız afetin büyüklüğünü bizzat yerinde tespit etme fırsatı buldum. Bugün de önce Adıyaman’daydım, Adıyaman’dan sonra şimdi de Malatya’da sizlerle bir aradayım. Milletçe yüreklerimizde yanan ateşi tarif edecek kelime bulamıyorum. Kayıplarımızın sayısı arttıkça maalesef üzüntümüz de katlanarak artıyor. Son tespitlerimize göre, hayatını kaybeden vatandaşlarımızın sayısı ülke genelinde 19 bin 388’e, yaralı kurtarılanların sayısı 77 bin 711’e ulaştı. Ülkemizin dört bir yanından deprem bölgesine gelen sivil toplum kuruluşlarımız ve gönüllülerimiz sahada aktif olarak çalışmaya devam ediyorlar. Ordumuz, polisimiz, jandarmamız gerek güvenlikle ilgili bir zafiyet olmaması, gerekse yardım faaliyetlerinin etkin bir şekilde yürütülmesi için olağanüstü gayret sarf ediyorlar. Şu an 10 ilimizde yurt dışından gelen ekiplerle birlikte toplam 141 bini aşkın personel bilfiil görev yapıyor. AFAD ve diğer kurumlarımız depremzedelerimizin barınma ihtiyaçlarının süratle karşılanması için çadır, konteyner, prefabrik yapıların kurulumunu gerçekleştiriyor. Kurumlarımız ve hayırseverler seyyar mutfak ve aşevleri aracılığıyla depremzedeler için yardım ekiplerimize sıcak yemek sağlıyor. Kendi yerlerinde kendi imkânlarıyla günlük 20 bin kişilik, 50 bin kişilik, 100 bin kişilik sıcak yemek hazırlayıp ekmek yapıp şehirlerine ve çevredeki yerleşimlere dağıtan kişiler, kurumlar, sivil inisiyatifler olduğunu biliyoruz. Kamu kurumlarımız, belediyelerimiz ülkemizin dört bir köşesinden yüzlerce yemek ve ekmek üretim aracını bölgeye gönderdi. Hiçbir ayrım gözetmeden burada canla-başla çalışan herkesten Allah razı olsun. Devletimiz personeliyle, kurumlarıyla, aracı-gereceğiyle, hâsılı tüm imkânlarıyla vatandaşının yanındadır. Tüm bu çalışmalar için öncelikle 100 milyar liralık bir kaynak tahsis ettik. AFAD acil yardım ödeneğinden oturduğu binalar yakılmış, ağır veya orta hasar görmüş vatandaşlarımıza hane başına 15 bin lira taşınma yardımı yapmaya başlıyoruz. Yine bu hanelerdeki vatandaşlarımızdan konteyner kentler dışında barınacaklara ev sahibi olanlar için aylık 5 bin lira, kiracı olanlar için aylık 2 bin lira kira yardımı yapacağız. AFAD’ın yardım kampanyasına Meclisimizden iş dünyamıza kadar geniş bir katılım olduğunu biliyoruz. Uluslararası camiadan da hem üzüntü beyanları, hem yardım teklifleri almaya devam ediyoruz. Amacımız, en kısa sürede acıları dindirmek ve insanımızın mağduriyetini gidermektir. Enkaz kaldırma çalışmalarının ardından inşallah yeniden inşa çalışmalarına başlayacağız. Çevre ve Şehircilik Bakanıma talimatı verdim, TOKİ aynı şekilde gerekli talimatı aldı ve süratle 10 ilimizde bir taraftan enkaz kaldırma çalışmalarını yapacak, diğer taraftan rezerv alanlarda da inşaatlarımızın yapımına başlayacağız. Sizlerden de bu konuda bir yıl müsaade istiyorum, bir yıl içerisinde Allah’ın izniyle bu işi bitireceğiz. Hiçbir insanımızı çaresiz, sahipsiz bırakmayacağız. Deprem bölgesindeki vatandaşlarımızdan devletlerine güvenmelerini istiyorum. Bazı istismar şebekelerine sakın kulak vermeyin. Bu süreç istismar süreci değildir. Bugün, birlik olma günüdür, dayanışma gündür, tek yürek olarak vatandaşlarımızla el ele verme günüdür. Özellikle sosyal medya platformları vasıtasıyla yalan-yanlış haberlerle sizleri galeyana getirmek isteyen provokatörlere kesinlikle prim vermeyin. Milletimizin acısı üzerinden ister ticari, ister siyasi, ister başka amaçla istismar peşinde koşanların hepsini de mahşeri vicdan kaydediyor. İşte olağanüstü hal yasasını çıkardık mı? Çıkardık. Niye çıkardık? Bunu istismar etmesinler diye. Bazı yerlerde soygunlar oldu, marketler soyuldu. Düşünün, bu millet harama hiçbir zaman tevessül etmez. Ve o marketlerin sahiplerine müracaat etseler onlar zaten marketlerinde ne var ne yok hepsini seferber eder. Şu anda binlerce tır deprem bölgesine geliyor mu? Geliyor. Giyecek, yiyecek, her şey geliyor. Niye? Bu millet vefakâr, bu millet cefakâr, bu millet hiçbir zaman mağdura, mazluma el uzatmadan yapamaz, bizim mayamızda bu var. Her şeyden önce Müslümanız ve biz bir ekmeği paylaşmasını da gayet iyi biliriz. Ve her zorluğun sonunda bir kolaylığın, her karanlığın sonunda bir aydınlığın, her gözyaşının sonunda bir ferahlığın olduğunu çok iyi biliyoruz. İçinden geçtiğimiz bu sancılı dönemin de üstesinden hiç endişe etmeyin hep beraber geleceğiz. Ülkemizin daha önce yaşadığı felaketlerdeki yaraları nasıl hızla sardıysak, inşallah burada da aynısını yapacak, hiç kimseyi aç, açıkta bırakmayacağız. Rabbim bizleri bir daha böyle ağır imtihanlarla yüz yüze bırakmasın diyorum. İlk günden itibaren deprem bölgesinde fedakârca çalışan tüm ekiplerimize, gönüllülerimize, sivil toplum kuruluşlarımızın her birine teşekkür ediyorum. Bütün bu vilayetlerimizde bakan arkadaşlarım görevli, işi koordine ediyorlar, AFAD aynı şekilde koordinasyonunu sürdürüyor ve bütün parti teşkilatımın tüm elemanları aynı şekilde bu çalışmalarını sürdürüyor. Bir kez daha Malatyalı kardeşlerime geçmiş olsun dileklerimi ifade ediyorum; Allah yar, yardımcımız olsun."
tccb_073,TCCB,cumhurbaskanligi,hatay,1_post_quake,2023-04-15,"Başı rahmet, ortası mağfiret, sonu ebedi azaptan kurtuluş olan mübarek Ramazan-ı Şerifinizi tebrik ediyorum. Sizlerle her bir araya gelişimizde aramızdaki gönül bağının daha da güçlendiğini hissediyorum. Milletimizin sofrasına her oturduğumuzda muhabbetimizi güçlendiriyor, ebedi ve ezeli kardeşliğimizi yeniliyoruz. Bu güzel Ramazan akşamında, bu güzel iftar sofrasında kalplerimizi buluşturan herkese teşekkür ediyorum. Güzel bir kelam-ı kibardır; muhabbetten Muhammed oldu hasıl, Muhammed’siz muhabbetten ne hasıl. Böyle bir sofra, işte böyle bir muhabbet sofrasıdır. Ramazan’ın sizlerle birlikte tüm milletimize, tüm insanlığa bereket, huzur ve esenlik getirmesini diliyorum. Rabbim bizleri bu mübarek günlerin kadr-u kıymetini bilenlerden eylesin. Rabbim 11 ayın sultanı Ramazan-ı Şerifi mağfiretimize, kurtuluşumuza, arınmamıza vesile kılsın. Sizlerin şahsında tüm Kocaeli’nin Pazartesi gecesi kavuşacağımız bin aydan daha hayırlı olan Leyle-i Kadri’ni ve bayramını şimdiden tebrik ediyorum. Bu sene Ramazan’ı özellikle depremzedelerimizle beraber idrak etmeye itina gösteriyoruz. Ankara’da ve İstanbul’da afet mağduru kardeşlerimizle farklı vesilelerle bir araya geldik. Depremde destan yazan arama-kurtarma ekiplerimizi ve belediyelerimizin temsilcilerini Cumhurbaşkanlığı Külliyemizde ağırladık. Gençlik ve Spor Bakanlığı yurtlarımızda kalan kardeşlerimizle iftarlarımızı açtık. Daha önce birkaç kez gittiğimiz depremzede illerimizi Ramazan’ından beri tekrar tekrar ziyaret ettik. Perşembe günü Malatya’da, dün Diyarbakır’daydık, deprem konutlarımızın temellerini süratle atıyoruz. Yarın da inşallah Şanlıurfa’da olacağız. Dün inşa itibarıyla inşa süreci başlayan konut ve köy evi sayısı 100 bini buldu. Allah nasip ederse Şanlıurfa’yla birlikte bu rakam çok daha büyüyecek. Bayramda da depremzedelerimizi yalnız bırakmayacağız, inşası tamamlanan köy evlerinin bazılarını teslimatını yapacağız. Hatay hariç tüm illerimizde enkaz kaldırma çalışmalarını bayrama kadar bitiriyoruz. Enkazlar kalkıp yeni inşaatlar yükseldikçe deprem bölgesinde umutların güçlendiğine şahit oluyoruz. Afette evi yıkılan, yakınını kaybeden, kurulu düzeni bozulan kardeşlerimiz bu çalışmaları gördükçe hayata yeniden başlama cesareti buluyor. Resmi kurumlardan belediyelerimize kadar devletimizin tüm birimleri, mülki idare amirlerimizden sağlıkçılarımıza, polislerimize, mimarlarımıza kadar tüm kamu personeli, gönüllüsünden hayırseverlerine kadar tüm sivil toplum, velhasıl devletimiz ve milletimiz tüm imkanlarıyla tam kadro sahadadır, 7/24 esasına göre çalışmaktadır. Bölge dışında kalan diğer illerimiz deprem mağduru vilayetlerimize düzenli yardım gönderiyor. Kocaeli Valiliğimiz bugüne kadar toplam 1500 tır dolusu yardım malzemesi bölgeye sevk etti. Kahramanmaraş’ta ilimiz adına prefabrik ve konteyner çarşıların kurulumuna başlandı. Kocaeli Büyükşehir Belediyemiz arama-kurtarma ekiplerinden itfaiye ve iş makinelerine elindeki tüm imkânları bölgeye yığdı. Hatay’ın Defne ilçesinde yıllık 250 bin kişiye hizmet verecek 54 yataklı Kocaeli Hastanesi’nin kurulumunu 20 günde tamamladı. Deprem bölgesindeki çalışmaları hızlandırmak, bu amaçla 7 ilimizle 250 belediyemizi kardeş ilan ettik. Bu kapsamda Kocaeli Büyükşehir Belediyesini de Hatay’la kardeş yaptık. Kocaeli Büyükşehir, ilçe belediyelerimizle iş birliği halinde Hatay’da günlük 25 bin kişilik sıcak yemek dağıtımı yapıyor. Bunun yanında, konteyner kent ve prefabrik yapıların kurulumunu yürütüyor. Tahrip olan altyapının onarılmasına kadar çok geniş bir alanda belediyelerimiz hizmetlerini başarıyla devam ettiriyor. Reklam ve şov yapmak yerine iş ve hizmet peşinde koşan herkesten, tüm kurumlarımızdan, belediyelerimizden Allah razı olsun diyorum. İnşallah yaraları tamamen sarıncaya, depremin izlerini tamamen silinceye kadar sahada olmayı sürdüreceğiz. Şehirlerimizi tekrar eski ihtişamına, kayıplarımızı geri getiremesek de vatandaşlarımızı tekrar eski düzenine kavuşturuncaya dek durmayacağız, dinlenmeyeceğiz, depremzedelerimize sahip çıkacağız. Kardeşlerim, Malumunuz ülkemiz 14 Mayıs tarihinde yapılacak seçimlerin atmosferine girmiş durumdadır. Sandığın önümüze gelmesine bir aydan daha az bir zaman kaldı. Seçimler yaklaştıkça birileri yine ikbal derdine düştü, tüm tuşlara aynı anda basmaya başladı. Terör örgütünün uzantılarıyla iş birliğinden sapkın yapılarla sütre gerisinde yürütülen pazarlıklara kadar her türlü yolu deniyorlar. Bizimle eser ve hizmet siyasetinde yarışmak yerine, abuk sabuk vaatlerle günü kurtarmaya çalışıyorlar. Onca yıldır yönettikleri belediyelerde yapmadıkları, önce söz verip sonra üzerine beton döktükleri ne kadar iş varsa ısıtıp-ısıtıp yeniden gündeme getiriyorlar. Bakınız, deprem felaketinin üzerinden 2 aydan fazla zaman geçti, ilk günlerde ortalığı ayağa kaldıranlardan şimdiye kadar insanımızın derdine derman olacak hiçbir teklif gelmedi. Neden? Çünkü bunların millete umut olacak hiçbir projeleri yok. Mazilerinde ülkeye kazandırdıkları hiçbir yatırımları yok. Göğüslerini gererek örnek gösterebilecekleri hiçbir eserleri yok. Ülkenin ve milletin geleceğine dair hiçbir ufukları, hiçbir hayalleri yok. Gençlerimize umut aşılayacak emek ürünü hiçbir vizyonları yok. Türkiye’nin sorunlarını çözebilecek kapasiteleri ve çapları yok. İşte biz bugün bakın Kocaeli’nde dev bir şehir hastanesinin açılışını yaptık, muhteşem bir şehir hastanesinin açılışını yaptık ve inşallah şurada birkaç hafta sonra İzmir’de de yine dev bir şehir hastanesinin açılışını yapacağız; durmak yok, yola devam. Zira bu hastaneler eğer kovid döneminde olmasaydı bizim halimiz ne olurdu? Seçim yenilgileri dışında siyasi hayatlarında anlatabilecekleri bir hikayeleri yok. Peki, bu yoklar ve yokluklar ittifakında ne var? Bolca anlaşmazlık var, çekişme var, Bizans oyunu var, yapılanı yıkma sözü var, Türkiye’yi eski günlerine geri döndürme taahhüdü var. Bir sene boyunca onlarca toplantı, yüzlerce temas yaptılar, ama adaylarını bile kavgasız belirleyemediler. Aynı masanın etrafına oturmuş yedi kişi daha birbirlerini idare edemiyor, lafa gelince 85 milyonluk Türkiye’yi yönetmekten bahsediyorlar. Birilerine makam, mevki dağıtmak dışında ortada anlaştıkları hiçbir konu yok, fakat ağızlarını her açtıklarında uzlaşmadan, uzlaşarak, anlaşarak ülkenin meselelerini çözmekten dem vuruyorlar. Bak şimdi her partinin genel başkanına ne dağıtıyorlar? Birer cumhurbaşkanı yardımcılığı dağıtıyorlar. Ya bunlar devlet yönetmek nedir haberleri yok; böyle devleti yönetmek olur mu? Al sana bir cumhurbaşkanlığı yardımcılığı, al sana bir tane cumhurbaşkanlığı yardımcılığı; ya böyle devlet yönetilir mi? Ondan sonra da, utanmadan, sıkılmadan israftan bahsediyorlar; israfın ta kendisi bu. Bunların tek derdi var; nedir o? Kandil’den aldıkları talimatı yerine getirmek. Bunların tek derdi var, terör örgütleriyle el ele, omuz omuza kardeşçe yürümek. Ya bunlar değil mi Diyarbakır annelerinin yavrularını dağa kaçıranlar? Bunlar değil mi Diyarbakır’da 51 Kürt vatandaşımızı katledenler. O Selo denilen adam Kürt mü zannediyorsunuz? Hayır, o Zaza, Kürt değil, ama onunla övünüyor. Değerli Kardeşlerim, İmralı’daki çocuk katili bunların şimdi vaat ettikleri değil mi? Ne diyorlar? Onu da çıkaracağız, onu da çıkaracağız, şunu da çıkaracağız, bunu da çıkaracağız. Ya benim vatansever milletim bu terörist örgütün Parlamentodaki temsilcilerine yürü der mi, bunların önünü açar mı? Öyleyse çok çalışacağız, öyleyse durmayacağız ve Allah’ın izniyle 14 Mayıs’ta bunları sandığa gömeceğiz. Bunlar benim milletimin tüm bu yaşananları görmediğini zannediyor, oysa bu millet koalisyon dönemlerinin ne demek olduğunu çok iyi bilir. Ve o dönemlerde bu ülke nelerin bedelini ödedi, bunu çok iyi bilir. Bu millet siyasi istikrarsızlığın nasıl ağır faturalar ödettiğini çok iyi bilir. Benim Kocaelili vatandaşım terör örgütlerini teslim olmanın, terör örgütleriyle kol kola girmenin neye mal olacağını çok iyi bilir. Bildiği için de bu tür göz boyamalara asla prim vermez. Vermeyiz değil mi? Vatandaşın aklını, basiretini, ferasetini hafife alanlar şimdiye kadar hep kaybetmiştir, inşallah yine kaybedeceklerdir. Düşünün, şu Kocaeli’nde devletin malını, mülkünü götüren, devletin malı, mülkü üzerinden her şeyi hiç eden, bu adam şu anda tekrar benim Kocaelili kardeşlerimin karşısına milletvekili adayı olarak çıkarılıyor, ama bunun bedelini inşallah ağır ödeyecekler. Hangi siyasi görüşe mensup olursa olsun, milletimizin hiçbir ferdi ne kendi, ne de evlatlarının istikbalini böyle bir yapıya emanet etmeyecektir. Bunlar eski günleri bilmeyen gençlerimizi kandırabileceklerini düşünüyorlar. Gençler; Osman Gazi Köprüsü’nün hesabını bunlara sormanız lazım. İnanın bunlar böyle Osman Gazi Köprüsü filan bırak, bunlar bir tahta köprü bile yapamazlar. Biz Yavuz Sultan Selim Köprüsü yaptık, bunlar bir tahta köprü yapamazlar. Bir Marmaray’ı yaptık, bunlara rağmen yaptık. Biz Avrasya Tünelini yaptık, bunlara rağmen yaptık. Gençler, Biz Fatih’in torunuyuz. Fatih karadan yürüttü kadırgaları. Dedik ki, ecdadımız Fatih madem karadan yürüttü, biz de denizin altından Marmaray’ı yürüteceğiz; yürüttük mü? Yürüttük. Dedik ki o da yetmez, bir de Avrasya Tüneli yapalım, bir de Avrasya Tünelini yaptık. 7 saat 15 dakikada İstanbul-İzmir gidiliyordu ah benim kardeşlerim ah. Biz ne yaptık? Bunu 3 saat 15 dakikaya indirdik. Şimdi İstanbul-İzmir 3 saat 15 dakika. İş bilenin, kılıç kuşananındır, onlar laf üretir, biz iş üretiriz iş. Şimdi ben tabii gençlere özellikle şunu hatırlatmak istiyorum: Bugünün gençleri ellerinin altındaki teknolojinin imkânları sayesinde geçmişi de, bugünü de, onların ciğerini de kendilerinden çok daha iyi biliyor. İnşallah sandıkta bu masaya en büyük tokadı gençlerimiz indirecek. Bu gençler var ya bu gençler bu tokadı öyle indirecek ki, seçimden sonra masanın etrafında kimse kalmayacak. Gençler; bunlar ne olacak biliyor musunuz? Siyasi mevta olacak, siyasi mevta, ama tabi çalışmamız lazım. 14 Mayıs’ta sandıkta bir kez daha aklıselimin galip geleceğine inanıyoruz. Bu inançla, yedili koalisyon ne yaparsa yapsın biz işimize bakıyoruz, asıl gündemimize odaklanıyoruz. Seçim sürecinin depremzedelerimizin sıkıntılarını geri plana itmesine asla müsaade etmiyoruz. Bir taraftan afet mağdurlarını çadırlardan konteyner ve prefabrik kentlere taşırken, diğer taraftan hizmet ve eser siyasetimize vites yükseltiyoruz. Emeklilikte yaşı bekleyen kardeşlerimizin taleplerini karşılayarak, en düşük emekli maaşını ne yaptık? 7 bin 500 liraya çıkardık, bayram ikramiyelerini 2 bin liraya yükselttik. Kadro bekleyen sözleşmeli personeli kadroya alarak, öğretmenlerimize ve sağlıkçılarımıza yeni atama müjdesi vererek, hayat pahalılığıyla mücadelemizi kararlılıkla sürdürerek, her kesimden insanımızın refahını artırmaya çalışıyoruz. Tam 60 yıldır hasretle beklenen yerli ve milli otomobilimiz TOGG’u nihayet yollara çıkardık. Dünyanın ilk SİHA gemisi olan TCG Anadolu’yu donanmamıza teslim ettik. Şimdi TCG Anadolu Sirkeci’de inşallah orada demir atacak ve milletimiz TCG Anadolu’yu orada gezecek. Kendi alanlarında dünyanın en ileri ürünleri olan yeni insansız hava araçlarımız uçmak için gün sayıyor. Ülkemizin dört bir yanında büyüyen organize sanayilerimize yer arıyoruz. Biz Cumhur İttifakı ile yedili koalisyon arasındaki gündem ve zihniyet farkını böylece ortaya koyuyoruz. İşte bugün sizlere şehir hastanemizle birlikte pek çok eseri kazandırmanın gururunu yaşadık. Toplam 2 bin 218 yatak kapasiteli şehir hastanemiz başta olmak üzere, tüm bu yatırımlarımızın Kocaeli’ne ve siz kardeşlerime hayırlı olmasını diliyorum. Bu eserlerin altında imzası olan herkesi tebrik ediyorum. Depremzedelerimizi bağrına basan Kocaeli halkına ülkem ve milletim adına bir kez daha teşekkür ediyorum. Rabbim birliğimizi, dirliğimiz, beraberliğimiz daim eylesin diyorum. Soframızı teşrifleriniz için sizlere teşekkür ediyorum. Yeniden buluşmak dileğiyle sizleri Allah’a emanet ediyorum, kalın sağlıcakla."
hatay_bld_0206,Hatay Belediye,belediye,hatay,4_local_campaign,2024-02-09,"5 MAHALLEDE 6 BİN 200 METRELİK YENİ SULAMA HATLARI HİZMETE GİRDİ

YENİ SULAMA HATLARI KIRIKHANLI ÇİFTÇİLERİN HİZMETİNDE

Hatay Büyükşehir Belediyesi (HBB), 6 Şubat depremlerinin ardından Kırıkhan ilçesine bağlı 5 mahallede tarımsal sulama altyapısını güçlendirmek amacıyla yeni sulama hatları oluşturdu.

HBB Park Bahçe ve Yeşil Alanlar Daire Başkanlığı Tarımsal Hizmetler Şube Müdürlüğü tarafından yürütülen çalışmalar kapsamında, depremin etkilediği ve su akışının sağlıklı olmadığı bölgelerde 6 bin 200 metrelik yeni tarımsal sulama boruları döşendi.

İlçeye bağlı Kaletepe Mahallesi'nde bin metrelik, Saylak ve Celiller Mahallelerinde 3 bin metrelik, Bektaşlı Mahallesi'nde bin 200 metrelik ve Karamağara Mahallesi'nde ise bin metrelik yeni sulama hatları oluşturularak çiftçilerin verimli tarım yapmaları için gereken altyapı sağlanmış oldu.

Deprem nedeniyle zarar gören ve su akışının sağlıklı bir şekilde yapılamadığı mevcut hatların yerine yeni hatlarla yenileme yapıldığını ileten HBB yetkilileri, bölgedeki tarımsal üretimi desteklemek ve depremin yarattığı olumsuz etkileri en aza indirmek için çalışmaların devam edeceğini söyledi.

Not: Haberin fotoğraflarını aşağıdaki linkten indirebilirsiniz:

Fotoğraf: https://we.tl/t-SyZ8U89OPs"
tccb_140,TCCB,cumhurbaskanligi,adiyaman,3_inter_election,2023-08-07,"Aziz Milletim, Değerli Basın Mensupları, Sizleri en kalbi duygularımla, hürmetle, muhabbetle selamlıyorum. Sizlerin vasıtasıyla ekranları başında bizleri takip eden her bir vatandaşıma selam ve sevgilerimi gönderiyorum. Küresel ekonomide ve bölgemizde yaşanan çeşitli sıkıntılara rağmen, Türkiye hedeflerine doğru emin adımlarla ilerliyor. Sözlerimin hemen başında Kocaeli Derince Limanı mevkiinde Toprak Mahsulleri Ofisi silosunda meydana gelen patlamada yaralanan kardeşlerimize Allah’tan acil şifalar diliyorum. Kocaelili vatandaşlarıma bu vesileyle geçmiş olsun dileklerimi iletiyorum. Önümüze çıkan engellere aldırmadan, zorluklar karşısında pes etmeden ülkemiz için eser ve hizmet üretmeyi sürdürüyoruz. 21 yılı iktidarda olmak üzere 40 yılı aşan siyasi hayatımızda mensubu olmaktan i1ftihar ettiğimiz milletimize hizmetten başka hiçbir gaye gütmedik. İki günü birbirine eşit olan ziyandadır, inancıyla hep daha fazla çalıştık, daha fazla koşturduk. Menzile kilitlenmiş ok misali gözümüzü ufuktan bir an olsun ayırmadık. İçinde bulunduğumuz şartlar ne olursa olsun zaman bizden yanadır, zaman Türkiye’den ve Türk milletinden yanadır diyerek yolumuza devam ediyoruz. Ülkemizin önünde açılan tarihi fırsat penceresini değerlendirmekte kararlıyız. Türkiye, asırlar sonra ilk defa küresel sistemin en üst ligine yükselme imkânı elde etmiştir. Cumhuriyetimizin ikinci asrının dünyada Türkiye yüzyılı olmasının önünde hiçbir mani görmüyoruz. Hükümet olarak bu kutlu yürüyüşe liderlik edecek iradeye, vizyona, tecrübeye, hazırlığa, enerjiye sahibiz. Millet olarak bu hayali gerçeğe dönüştürecek güce, kapasiteye, imkâna, inanca da sahibiz. Devlet olarak bu hedefi gerçekleştirecek altyapıya ve potansiyele fazlasıyla sahibiz, yeter ki birliğimize, beraberliğimize, kardeşliğimize sıkı sıkıya sarılalım. Geçmişteki tüm kayıplarımızın gerisinde tefrika, tüm kazançlarımızın altında birlik, beraberlik olduğunun bilincindeyiz. Nitekim ülke ve millet olarak ne zaman atağa kalksak, hemen milli birliğimize, toprak bütünlüğümüze, bin yıllık kardeşliğimize kastedildiğini görüyoruz. Son 10 yıldır aynı oyununun, aynı kirli tuzakların sayısız örneğini hep beraber yaşadık. Gezi olaylarından 15 Temmuz ihanetine kadar nice saldırıyı akamete uğrattık. Hamdolsun, milletimiz geçmişten çıkardığı dersler sayesinde adım adım Türkiye yüzyılının temellerini atmış, duvarlarını yükseltmiş, çatısını çatmıştır. Her ne kadar birileri aynı senaryoları farklı kılıflarla sürekli ve ısrarlı bir şekilde yeniden sahnelemeye çalışsa da artık kimse bu oyuna gelmiyor. Bunun son örneklerinden biri, ülkemizin en önemli elektrik üretim tesislerinden olan Kemerköy termik santralinin yeni kömür üretim sahasıyla ilgili çalışmaları engellenme gayretleridir. Güney Ege’de kullanılan elektriğin neredeyse 3’te 2’sini üreten bu santral, ülkemiz ekonomisine yıllık 1 milyar dolar civarında katkı salıyor. Özelleştirme sonrası verimi yüzde 50’den fazla artan termik santral, ülkemiz için önemli bir milli değer konumundadır. Santralin mevcut kömür kaynağı tükenme noktasına geldiği için yeni kömür havzalarıyla üretime devam etmesi gerekiyordu. Bilindiği gibi, kömür santralleri bilhassa Rusya-Ukrayna savaşının ardından başlayan krizle birlikte Avrupa ülkelerinin tekrar en önemli enerji kaynağı haline geldi. Almanya ve Fransa başta olmak üzere hiçbir yerde elektrik üretimi için kömür üretimi artışı sorun teşkil etmezken, ülkemizde yürütülen kampanyaları ağaç sevgisi ve çevre hassasiyetiyle izah edemeyeceğimiz bir gerektir. Kendilerine destek vermeye giden muhalefet temsilcilerine bile en ağır hakaretleri etmekten çekinmeyen eylemci profili, amacın üzüm yemek değil bağcı dövmek olduğunu ortaya koymaktadır. Kömür çıkartılacak alanda kesilecek ağaçların katbekat fazlası üzeri kapatılan sahalara ve diğer alanlara dikilerek ülkemizin orman varlığı artışına katkı sağladığı ilgili kurumlar tarafından defalarca açıklanmıştır. Son 21 yılda Türkiye, toplamda 6 milyar 572 milyon fidanı toprakla buluşturarak, bu alanda kırılması zor bir rekora imza atmıştır. 2023 sonu için hedefimiz, 30 milyon fidan daha dikerek bu rakamı 7 milyara yükseltmektir. Tek gayesi ülkenin ve milletin kalkınmasına, büyümesine, gelişmesine takoz koymak olanların tüm bu hakikatlerle ilgilenmediğini çok iyi biliyoruz. Biz, çevreci görünümlü marjinallere aldırmıyor, sadece işimize bakıyoruz. Ülkemizin kalkınma kervanını yürütmeye odaklanırken, maşaları ve sahiplerini ise kendi kinleriyle baş başa bırakıyoruz. Buradan Ana Muhalefet Partisi’nin başına sesleniyorum; Muğla Belediyesi onların yönetiminde, onların yönetiminde Muğla Belediyesi varken buradan soruyorum, acaba bugüne kadar ne kadar zeytin ağacı diktiniz, zeytin fidanı diktiniz veya bunun dışında kızılağaç diktiniz, ne kadar ağaç diktiniz, çıkın bir de bunların rakamını açıklayın. Bir tane ağaç diktik, diyemezler. Ama biz AK Parti iktidarı olarak geldiğimizden bu yana milyonlar değil milyarları aşan ağaç dikimleri yaptık, zeytin ağaçlarını, fidanlarını diktik. Yurt içindeki mankurtlar ve yurt dışındaki azılı düşmanlarımız tarafından ülkemiz aleyhinde yürütülen yalan ve iftira kampanyalarının gerisindeki sinsi strateji her gün biraz daha çöküyor. Buna rağmen aynı karanlık stratejinin tezahürü taktiklerin bitip tükenmeyeceği anlaşılıyor. Muhalefet görünümlü operasyon aygıtlarının medyada, sosyal medyada, kendilerini rahat hissettikleri kimi kamusal alanlarda sergiledikleri provokatif söz ve davranışların çoğu bu gayeye matuftur. Değerli Dostlar, Özellikle buradan bir kez daha sesleniyorum, başaramadınız, başaramayacaksınız. Geçici veya dönemsel sıkıntıların yol açtığı parçalı bulutlu havalara güvenerek fitne yelkenlerini şişirmek isteyenler, her zaman olduğu gibi yine hüsrana uğrayacaklardır. Hiçbir emek sarf etmeden, hiçbir çözüm üretmeden, hiçbir program ortaya koymadan sadece insanlarımızın dertleri ve umutlarını istismar ederek hayallere dalanlar, kâbusla uyanmaya mahkûmdur. Son 2 aydır yaşadığımız her gün karşılaştığımız her olay milletimizin verilmiş sadakası olduğunu ortaya koyuyor. Seçimlerin üzerinden 72 gün geçmesine rağmen muhalefet cenahı sandıkta tecelli eden iradeyi halen kabullenmiyor. İşte görüyorsunuz her gün bir aday daha çıkıyor bir aday daha çıkıyor, ya bitmeyecek sizin adaylarınız, siz aday çıkarmaya devam edin, bu millet kimi nereye oturtacağını gayet iyi biliyor. Kavganın, skandalın, kapalı kapılar ardında ittifak ortaklarından bile habersiz yapılan kirli pazarlıkların ardı arkası hiç kesilmiyor. Vergi uzmanı oldukları için, matematiği çok iyi bildikleri için 38-39 tane milletvekilliğini görüyorsunuz işte o yavrucuklara veriyorlar, dağıtıyorlar, ondan sonra da eyvah, yalnız kaldık diyorlar. Halil İbrahim Sofrası, diyerek aylarca millete pazarladıkları masada seçimden beri çeşitli ayak oyunlarıyla birbirlerini yemekle meşguller. Türkiye’nin en büyük talihsizliği, maalesef iş bilmez, vizyonsuz, ufuksuz ve basiret yoksunu bir muhalefet zihniyetine sahip olmasıdır. Biz, bugünkü sorunları çözecek, yarınlarımızı daha güçlü hale getirecek programlar, projeler, çalışmalar peşinde koşarken, kendi bireysel hırsları için adeta birbirlerini gırtlaklayanların bencilliği asla unutulmayacaktır. Cumhurbaşkanıyla, Kabinesiyle, siyasi ve bürokratik kadrolarıyla ülkenin hizmetinde bir ekip olarak tarihe bir kez daha hep beraber yazdığımız yeni başarı destanlarıyla geçeceğiz. İnşallah ileride bu günleri Türkiye yüzyılına giden yolda aştığımız nice tümsekten biri olarak hatırlayacağız. Bunca yıldır nasıl verdiğimiz her sözü tuttuysak, bu sözümüzün gereğini yerine getireceğimizden de kimsenin şüphesi olmasın. Aziz Milletim, Bunları söylerken elbette tüm dünya ile birlikte olumsuz etkilerine bizim de maruz kaldığımız ekonomik zorlukları göz ardı etmiyoruz. Sokakta, pazarda, çarşıda ve hayatın diğer alanlarında yaşanan sıkıntıları, dillendirilen serzenişleri, gönüllerde serpilen beklentileri çok yakından takip ediyoruz. Biz, başkaları gibi şikâyetleri karşısında millete parmak sallayanlardan, insanlara ayar verenlerden, bireylere hakaret edenlerden asla olmadık, inşallah hiçbir zaman da böyle olmayacağız. Hep söylediğimiz gibi, milletimizin taltifinin de, tenkidinin de başımızın üzerinde yeri vardır. Bizim görevimiz, milletimizin sesine kulak tıkamak değildir, görevimiz insanımızın eleştirdiği hususları en aza indirip onun övgüsüne mazhar olacak eser ve hizmetlerin sayısını çoğaltmaktır. Bunun için hep Türkiye’nin muazzam potansiyelini doğru ve etkin politikalarla hayata geçirmenin yollarını aradık. Son 21 yılda bu hassasiyetimizden asla taviz vermedik. Ülkemize tarihinin en büyük kalkınma hamlesini ve demokrasi atılımlarını yaşattık. Yatırıma, istihdama, üretime öncelik vererek Türkiye’yi geliştirdik, güçlendirdik. Artık her yıl ortalama yüzde 5,5 büyüterek milli gelirini 238 milyar dolardan 1 trilyon dolar sınırına getirdiğimiz, ihracatını 35 milyar dolardan 254 milyar dolara, istihdamını 19 milyon kişiden 32 milyon kişiye çıkardığımız bir Türkiye var. Bütün bunları 66 milyondan 86 milyona çıkan nüfusa rağmen gerçekleştirdik. Daha vesayetten teröre, darbeden siyasi, sosyal ve ekonomik tuzaklara kadar karşılaştığımız nice badireleri saymıyorum bile. Üstelik bu dönemde sadece önceki yılların birikimi olan temel kalkınma ve demokrasi eksiklerini gidermekle de kalmadık. Yeni gelen 20 milyon ilave nüfusla birlikte vatandaşlarımızın tamamına eğitimden sağlığa, güvenlikten adalete, ulaşımdan enerjiye, tarımdan sanayiye, konuttan çevreye her alanda refahlarını yükseltecek bir altyapı kurduk. Okul öncesinden üniversiteye her aşamada eğitimi tüm evlatlarımız için erişilebilir kıldık. Sağlıkta dünyada eşi benzeri olmayan bir hizmet sistemi oluşturduk. Terörden asayişe her alanda güvenliği tesis ettik. Adaleti hem vesayetin, hem FETÖ gibi terör örgütlerinin tasallutundan kurtarıp Türk milleti adına çalışan bir kurum haline getirdik. Ulaşımda şehirlerimizi bölünmüş yollar, otoyollar, demir yolu ağlarıyla birbirine bağlarken, araç başına düşen kişi sayısını 14’ten 6’ya indirerek bu yolların verimli bir şekilde kullanılabilmesini sağladık. Yaklaşık 11 milyon yeni konut inşa edilmesini sağlayarak, hem vatandaşlarımızı ev sahibi hem de depreme hazırlık yaptık. Hepimizi yasa boğan 6 Şubat depremlerinin izlerini silmek için 680 bin yeni konut inşa etmek üzere kolları sıvarken, ülke genelinde depreme hazırlık amacıyla 6,5 milyon konutu daha dönüştürmeyi hedefliyoruz. Bunun 1,5 milyonunu İstanbul’da ve en kısa sürede yapmamız ise ertelenemez bir mecburiyet halini almıştır. Deprem bölgesinin yeniden imarını hızlandıracak yerinde dönüşüm projemiz milletimiz tarafından memnuniyetle karşılanmıştır, kısa sürede projemize yapılan başvuru 160 bini aşmıştır. İnşallah 15 Ağustos tarihine kadar çadırlarda ve tesislerde kalan afetzedelerimizin tamamını konteynerlere taşımış olacağız. Enerjiden tarım ve sanayiye her alanda ülkemize kazandırdığımız eser ve hizmetlerin örneklerini saatlerce saymak mümkündür. Bütün bunları iktidarlarımız döneminde ürettiğimiz 15 trilyon dolarlık milli gelirin 3,7 milyar dolarını yatırıma ayırarak gerçekleştirdik. Sadece bunlarla da kalmadık, bugün çok tartışılan enflasyon konusunda en büyük başarı bizim dönemimize aittir. Mesela son 21 yılın enflasyon ortalaması yüzde 15’in altındadır. Bu ortalama rakamın 1970’lerde yüzde 34, 1980’lerde yüzde 44, 1990’larda yüzde 74 seviyelerinde olduğunu unutmamalıyız. Yani biz Türkiye’nin sadece güncel değil, çok eskilerden beri gelen kronik bir sorunuyla mücadele ediyoruz. Bu mücadelede enflasyonu yüzde 6’lara kadar düşüren de yine biz olduk. İç ve dış pek çok arzi meselenin üst üste gelmesiyle yükselen enflasyonu Allah’ın izniyle yeniden tek haneli rakamlara yine biz indireceğiz. Dikkat edilirse, bu süreçte asla ödün vermediğimiz iki husus vardır; bunlardan biri istihdamdır, diğeri büyümedir. Girdiğimiz tüm imtihanların üstesinden bu iki lokomotifin istimini asla kesmememiz sayesinde geldiğimize inanıyoruz. Türkiye yüzyılını da işte bu anlayış üzerinde inşa ediyoruz. Aziz Milletim, Bugün sizlerle hasbihal etmek istiyorum. Buradan işçisinden memuruna, emeklisinden esnafına ve çiftçisine kadar sabit ve dar gelirli her bir vatandaşımıza sesleniyorum. Sanayicisinden KOBİ’sine, ihracatçısından teknoloji geliştiren girişimcisine kadar ülkesinin kalkınması için emek veren herkese sesleniyorum. Öğrencisinden ev hanıma bu milletin omurgasını oluşturan tüm kardeşlerime sesleniyorum. İnsanlar gibi devletlerin de hayatlarında dalgalanmalar, inişler-çıkışlar, darlıklar-bolluklar olabilir. Hem içeride ardı ardına yaşadığımız badirelerin, hem bölgesel ve küresel krizlerin, hem de kendi sosyal bünyemize has birtakım sorunların yol açtığı sıkıntıların hepsi de gelip geçicidir. Türkiye’nin gücü de, imkânları da, potansiyeli de geçmişle mukayese edilemeyecek derecede büyüktür. Ayaklarımızın altındaki çakıl taşlarının bizim dikkatimizi önümüzdeki deryadan uzaklaştırmasına izin vermemeliyiz. Bu kritik dönem de hep birlikte yapmamız gereken şey, ülkenin milli çıkarlarını, milletin ortak menfaatlerini, evlatlarımızın geleceğini küçük beklenti ve endişelerin önüne koymaktır. Emin olun, bunu başardığımızda önümüzde kimse duramaz. Deprem yaralarını sarmak için 104 milyar dolara mı ihtiyacımız var? Şayet bu dediğim şekilde hareket edersek kısa sürede hem o şehirleri ayağa kaldırır, hem de o parayı yeniden milli ekonomimize kazandırırız. Deprem tehdidi altındaki şehirlerimizi yeniden inşa etmemiz mi gerekiyor? Şayet omuz omuza verir yükü paylaşırsak bu sorundan da kurtuluruz. Çalışanlarımızın ve emeklilerimizin refah kayıplarını gidermek için ilave kaynağa mı ihtiyacımız var? Şayet ortak geleceğimize birlikte sahip çıkarsak umduğunuzdan bile daha kısa sürede tüm bu sabit gelirli vatandaşlarımızı eskisinden çok daha yüksek alım gücüne kavuşmuş oluruz. Kurumlarımızın çalışmalarında, şehirlerimizin altyapılarında sistemin işleyişinde hala eksikler mi var? Şayet tıpkı iki elin parmakları gibi kenetlenirsek hayal ettiğimizden daha erken bir vakitte hepsini de tamamladığımızı görürüz. Milletimiz, bu başarı hikâyesini sadece son 1 asırda bile defalarca yazdı; Çanakkale’de yazdı, Kût'ül-Amâre’de yazdı, Milli Mücadelede yazdı, Demokrat Parti’yi iktidara getirerek yazdı, her darbenin ardından milli iradeye sahip çıkarak yazdı, Kıbrıs’taki soydaşlarını zulme terk etmeyerek yazdı, istiklaline kasteden terör örgütlerinin başını ezerek yazdı, Gabar’da yazdı, Tendürek’te yazdı, Bestler Deresi’nde yazdı ve bütün bu destanları yazarken terör örgütlerinin inlerinde işini bitirdi. Son 21 yılda verdiğimiz her mücadelede yanımızda yer alarak yazdı. Şimdi de milletimiz bu başarı hikâyesini, ülkemizin siyasi kazanımlarını ekonomik hedeflerimizle taçlandıracağımız kritik bir dönemde yine bizi destekleyerek yazıyor. Şair ne diyor: “Gün doğar, gün batar Burası Anadolu’dur Zaman yorulur, gönül yorulmaz.” Evet, zaman yorulsa da bizim ülkemize ve milletimize olan hizmet aşkımızın yandığı gönlümüz asla yorulmaz. Bizim ülkemize kazandıracak çok eserimiz, milletimize yapacak çok hizmetimiz var. Bunu bir hamaset olarak değil tüm kalbimizle inandığımız bir hakikat olarak ifade ediyoruz. Daha kendine, başında bulunduğu yapıya, her seferinde umutlarını gömdüğü kesimlere bir hayrı dokunmayanların bu gönül sedasını, bu hizmet aşkını, bu adanmışlık duygusunu anlaması mümkün değildir. Bunların kulakları Batılı efendilerinin fısıltıları dışında her söze, gözleri ikbal hırsı dışında her şeye kapalıdır. İşte bu sebeple biz hep sözümüzü milletimize söylüyor, derdimizi insanımıza döküyoruz. Milletimizle birlikte yaşadığımız ve yazdığımız her başarı hikâyesinden sonra olduğu gibi, Bismillah diyerek çıktığımız her yeni yolculuk öncesi de bu muhasebeyi yapmayı boynumuzun borcu olarak görüyoruz. Her bir vatandaşımıza bugüne kadar gösterdiği sabrı, vefası, fedakârlığı için şahsım, milletim adına şükranlarımı sunuyorum. İnşallah bu tarihi dönemeci de başarıyla tamamladıktan sonra Türkiye yüzyılının basamaklarını beraberce çıkmaya devam edeceğiz. Aziz Milletim, Türkiye’nin hedeflerinin ve potansiyelinin büyüklüğünden bahsederken bunları demagoji olsun diye söylemiyoruz. Katıldığımız programlarda ve ziyaret ettiğimiz illerimizde ülkemizin gerçeklerine bizzat şahit oluyoruz. Siyaseti Ankara’da koltuk kavgası vermek olarak görenler bunu anlamasa da, savunmadan turizme, tarımdan enerjiye, güvenlikten adalete kadar her alanda Türkiye destan yazmaktadır. Geride bıraktığımız 2 haftalık süreçte iştirak ettiğimiz etkinliklerde bu hakikati tekrar görme fırsatı bulduk. Son Kabine Toplantımızın ertesi günü, eğitimlerini başarıyla tamamlayan toplam 1102 adli yargı hakimi ve Cumhuriyet savcısı ile idari yargı hakiminin kura heyecanına ortak olduk. Kura töreninde hem ülkemizin adalet hizmetlerinde aldığı mesafeyi bir kez daha hatırladık, hem de önümüzdeki döneme dair hedeflerimizi kamuoyuna ilan ettik. Meclisimizin açılmasıyla birlikte başta başörtüsü ve ailenin korunması düzenlemesi olmak üzere milletimize verdiğimiz sözleri yerine getireceğiz. Cumhuriyetimizin 100. Yılında Türk demokrasisini darbe anayasasından kurtararak sivil ve özgürlükçü bir anayasayla buluşturmak istiyoruz. Cumhur İttifakı’ndaki ortaklarımızla istişare içinde bununla ilgili hamlemizi önümüzdeki dönemde yapacağız. Aynı gün Filistin Devlet Başkanı Mahmud Abbas’ı Ankara’da misafir ettik. Filistin davasına ve Filistin halkının mücadelesine verdiğimiz güçlü desteği bu vesileyle bir kez daha yeniledik. Filistin Devlet Başkanı Mahmud Abbas’la, Hamas Siyasi Büro Başkanı İsmail Heniyye’nin ülkemizin ev sahipliğinde bir araya gelmesi bu ziyarete farklı bir boyut katmıştır. Filistinli kardeşlerimizin aralarındaki ihtilafları gidererek güç birliği yapmasından duyacağımız memnuniyeti her iki dostumuza açıkça ifade ettim. Ertesi gün, polis meslek yüksekokullarından mezun olan 497’si kadın, 1592’si erkek, toplam 2 bin 89 polis memurumuzun yemin töreni için Gölbaşı’ndaydık. Emniyet Teşkilatımızın tüm kademelerinde 17-25 Aralık girişimlerinden itibaren almaya başladığımız, 15 Temmuz ihaneti sonrasında hız verdiğimiz tedbirlerin de ne kadar isabetli olduğunu bu törende bir kez daha gördük. İster yargı, ister güvenlik, isterse mülki idare olsun, FETÖ’cü unsurlardan arındırdığımız her kurumumuzun hizmet standardı yükseliyor. Devletimiz 40 yıl boyunca kılcallarına kadar sızan FETÖ virüsünden temizlendikçe, vatandaşına karşı sorumluluklarını daha iyi yerine getiriyor. FETÖ ve diğer terör örgütleriyle mücadelemizi kararlılıkla sürdürerek inşallah bu kazanımı çok daha ileriye taşıyacağız. Gardımızı düşürmeden, rehavete kapılmadan, yaşadığımız acıları unutmadan mücadeleyi sürdürmek, şehitlerimize karşı vefa borcumuzdur. Bugüne kadar şehitlerimizin ruhunu muazzep edecek hiçbir şey yapmadık, inşallah bundan sonra da şehitlerimizin emanetlerine leke bulaştırmayacağız. Türkiye’nin yıldızının parladığı alanların başında savunma sanayi gelmektedir. Bu sene 16. düzenlenen Uluslararası Savunma Sanayi Fuarı IDEF’23’te Türk savunma sektörünün ulaştığı gurur verici seviyeyi görme fırsatı bulduk. Yerli-yabancı, toplam 1461 firmanın temsil edildiği fuar boyunca imzalanan sözleşmelerin proje hacmi 56,5 milyar liradır. İmzalanan anlaşma sayısı itibariyle IDEF’23, kendi rekorunu kırmıştır. Son derece başarılı geçen IDEF’23’ün de katkısıyla inşallah sene sonunda 6 milyar dolarlık savunma ihracatı hedefimizi yakalayacağımıza inanıyorum. 28 Temmuz Cuma Muharrem ayının 10. günü olması hasebiyle aynı zamanda Aşure Günüydü. İslam tarihinde pek çok önemli hadise ve mucizenin vuku bulduğu Aşure Günü, Kerbela faciasından dolayı yüreklerimizin yandığı bir hüzün günüdür. Pendik’teki Ali Baba Sultan Cemevi’ni ziyaret ederek Muharrem orucunu ehlibeyt sevdalısı canlarımızla birlikte açtık. Alevi-Sünni, Kürt-Türk diyerek aramıza nifak tohumları ekmeye çalışanlara Allah’ın izniyle fırsat vermeyeceğimizi böylece bir kez daha gösterdik. Bölgesel gelişmeler bağlamında kritik bir dönemde yaptığımız Yüksek Askeri Şûra Toplantımız ordumuzun gücüne güç katmıştır. Şûrada aldığımız kararların ülkemiz, milletimiz ve Türk Silahlı Kuvvetlerimiz için hayırlara vesile olmasını diliyorum. Türkiye’ye fedakârca hizmet etmiş tüm komutalarımıza teşekkür ediyor, yeni görev tevdi ettiklerimize Mevla’dan muvaffakiyetler niyaz ediyorum. Aziz Milletim, Geçen hafta açıklanan iki önemli veri ülkemizin doğru yolda olduğunu teyit eder niteliktedir. Temmuz ayı ihracat rakamları bu alanda yakaladığımız ivmenin hamdolsun artarak sürdüğünü gösteriyor. İhracatımız Temmuz’da yüzde 8,4 artışla 20 milyar 93 milyon dolar oldu. Bu rakamla tarihimizin en yüksek Temmuz ayı ihracat değerine ulaştık. 2023’ün ilk 7 ayındaki ihracatımız ise, 143 milyar 435 milyon dolara yükseldi. Temmuz ayı itibariyle son 12 aylık ihracatımız yüzde 2,1 artış ile 253 milyar 380 milyon doları buldu. Bir diğer sevindirici gelişme; orta yüksek ve yüksek teknolojili ürün ihracatının imalat içindeki payının artmasıdır. 2022 yılında yüzde 37 olan bu oran, yılın ilk 7 ayında yüzde 41’e çıkmıştır. Türkiye için çalışan, üreten, istihdam oluşturan, Türk ürünlerini dünyanın dört bir tarafına ulaştıran ihracatçılarımızı canıgönülden tebrik ediyorum. İhracat gibi turizm sektörümüzden de gerçekten müjdeli haberler alıyoruz. Bu yılın ilk 6 ayında Türkiye’ye gelen turist sayısı yüzde 17,5 artışla 22 milyon 945 bin olarak gerçekleşti. Aynı dönemde turizm gelirimiz ise, yüzde 27 artışla 21,7 milyar dolara ulaştı. Gecelik ortalama harcama ise 67 dolardan yaklaşık 100 dolara yükseldi. Temmuz ayının da turizmcilerimiz açısından güzel geçtiğinizi görüyoruz. Biliyorsunuz turizmde 2023 hedefimizi 60 milyon ziyaretçi, 56 milyar dolar gelir olarak belirlemiştik. 6 ay önce yaşadığımız deprem felaketine ve seçim sürecine rağmen hedefimizi koruyoruz. İnşallah yılsonunda hedefimizi tutturacağımıza inanıyorum. İhracat ve turizmle birlikte sporda da ülkemizin başarı grafiği giderek yükseliyor. Sporcularımız sadece 2023 senesi içinde katıldıkları müsabakalarda toplam 3 bin 883 madalya kazanarak yüzümüzü ağarttı. Filenin Efelerinin başarısından sonra, genç haltercilerimiz geçen hafta düzenlenen Avrupa Şampiyonasında kürsüyü kimseye bırakmadı. Dün ise millet olarak hepimizin göğsünü kabartan bir başka zafere tanıklık ettik; Mete Gazoz, Dünya Okçuluk Şampiyonası’nda altın madalya kazanarak bizlere gerçekten büyük bir gurur yaşattı. Bu önemli başarı, ata sporumuz okçulukta geldiği yer itibariyle gerçekten her türlü takdire şayandır. Farklı branşlarda İstiklal Marşı’mızı tüm dünyaya dinleten genç yeteneklerimizin hepsini buradan şahsım, milletim adına tekrar tebrik ediyor, her birinin tek tek alınlarından öpüyorum. 2024 Paris Olimpiyat Oyunları, Türk sporunun yüzyılın başarısını sergileyeceği bir inşallah arena olarak tarihe geçecektir. Kazandığımız her bir madalyayı bu zaferin bir müjdesi olarak görüyorum. İstikbalimizin teminatı olan gençlerimize yatırım yapmayı, onları başta spor, turizm ve eğitim olmak üzere her alanda desteklemeyi sürdüreceğiz. Seçim beyannamemizde gençlerimize verdiğimiz tüm sözlerin arkasındayız, inşallah bunları adım-adım hayata geçireceğiz. Bugünkü toplantımızda geniş bir yelpazede gündemimizdeki konuları ele aldık. Cumhurbaşkanı Yardımcımız Hükümetimiz için bir yol haritası mahiyetinde olan Orta Vadeli Programla ilgili tafsilatlı bilgi sundu. Orta Vadeli Programımız iş dünyamızla başta olmak üzere sendikalarla, odalarımız ve sivil toplum temsilcileriyle yakın diyalog halinde hazırlıyoruz. Eylül ayında kamuoyuyla paylaşacağımız Orta Vadeli Programın 85 milyonun tamamına rehberlik edeceğine inanıyoruz. Bugüne kadar rızkını topraktan kazanan tüm vatandaşlarımızın yanında olduk, yanında olmayı sürdürüyoruz. Yaz döneminde açıkladığımız çeşitli alım fiyatları üreticilerimiz tarafından memnuniyetle karşılandı. Bugünkü toplantımızda 16 ilimizde yaklaşık 500 bin çiftçimizin geçim kaynağı olan fındık alım fiyatlarını değerlendirdik. Fındığın ihracatımıza yıllık katkısı 2 milyar doları buluyor. Geçen sene rekoltemiz hamdolsun oldukça iyi geldi. Bu sene 725 bin tonluk bir rekolte bekliyoruz. Fındık piyasasında fiyat istikrarını sağlamak ve üreticilerimizi korumak üzere Toprak Mahsulleri Ofisi’ni yeniden görevlendirdik. Ofisimizin uygulayacağı alım fiyatları yüzde 50 sağlam iç fındık esasına göre şu şekildedir: Giresun kalite için kilogram başına 84 lira, Levant kalite için kilogram başına 82 lira 50 kuruş olarak belirlenmiştir. Ayrıca, alımlarda her bir randıman için kilogram başına ilave 1 lira 65 kuruştan başlamak üzere prim verilecektir. Tarım ve Orman Bakanlığımız üreticilerimize ayrıca kilogram başına yaklaşık 2 lira 70 kuruş destekleme ödemesi yapacaktır. Yaklaşan yeni fındık hasat sezonu ile kabuklu fındık alım fiyatlarının üreticilerimize hayırlı olmasını diliyorum. Bu düşüncelerle toplantımızın ve aldığımız kararların hayırlara vesile olmasını temenni ediyor, sizleri bir kez daha saygıyla, sevgiyle selamlıyorum. Kalın sağlıcakla."
csb_0025,CSB,bakanlık,hatay,1_post_quake,2023-02-18,"İSKENDERUN'DA İPTAL EDİLEN KENTSEL DÖNÜŞÜM HAKKINDA AÇIKLAMA

Çevre, Şehircilik ve İklim Değişikliği Bakanlığınca yapılan açıklamada, ""Bakanlar Kurulu'nun 'riskli alan kararının' iptal edilmesi üzerine kentsel dönüşüm süreci tıkanmış, sürecin önünü açmak için, bilimsel ve teknik raporlar da dikkate alınarak alan bazlı kentsel dönüşüm yerine parsel bazlı dönüşüm sürecinin başlatılmasına karar verilmiştir"" ifadelerine yer verildi.

Çevre, Şehircilik ve İklim Değişikliği Bakanlığı, 2013'te Hatay'ın İskenderun ilçesindeki bazı yerleşim yerlerinin ""riskli alan"" ilan edildiğini ancak Danıştay'a yapılan itiraz sonucu bu kararın iki kez iptal edildiğini bildirdi.

Bakanlıktan yapılan açıklamada bir gazetede, ""Deprem bölgesi riskli değilmiş"" başlığıyla yayımlanan yalan, asılsız ve mesnetsiz bir haber nedeniyle kamuoyunun doğru bilgilendirilmesi için açıklama yapma gereği duyulduğu belirtildi.

Açıklamada, yüzde 65'i ruhsatsız yapılardan oluşması nedeniyle Hatay'ın İskenderun ilçesindeki Meydan, Esentepe, Cumhuriyet, Numune, Pınarbaşı ve Modernevler mahallerinin Bakanlar Kurulu kararıyla 2013'te riskli alan ilan edildiği aktarıldı.

Depreme hazırlık amacıyla yapılan kentsel dönüşüm çalışmalarına bazı kesimlerin itirazı sonucu bu kararın mahkemeye taşındığı aktarılan açıklamada, itiraz üzerine ""riskli alan kararının"" Danıştay tarafından iptal edildiği bildirildi.

Açıklamada, bunun üzerine alandaki ruhsatsız yapıların herhangi bir can ve mal kaybına yol açmaması için Bakanlar Kurulu kararıyla bu alanların yeniden riskli alan ilan edildiği anlatılarak, şu ifadelere yer verildi:

""İkinci kez yargıya taşınan bu kararın mahkeme tarafından tekrar iptal edilmesi üzerine kentsel dönüşüm süreci tıkanmış, sürecin önünü açmak için, bilimsel ve teknik raporlar da dikkate alınarak alan bazlı kentsel dönüşüm yerine parsel bazlı dönüşüm sürecinin başlatılmasına karar verilmiştir. Nitekim Hatay'da TOKİ eliyle yürüttüğümüz kentsel dönüşüm çalışmaları kapsamında vatandaşlarımızın yüzde 80'i ile anlaşarak 460 konutun ihalesine başlanmış olup, süreç devam etmektedir. Çevre, Şehircilik ve İklim Değişikliği Bakanlığı olarak asrın felaketini yaşadığımız böylesi bir dönemde vatandaşlarımızın acılarını istismar edenlerle, her türlü tezviratla, mesnetsiz iddia ve siyasi manipülasyonla mücadele etmeyi kararlılıkla sürdüreceğiz. Depremden etkilenen 11 ilimizi en kısa sürede ayağa kaldıracak, yeni yerleşim yerlerimize yeni yuvalarımızı kuracak, güvenli ve sağlıklı konutlar inşa etmeye devam edeceğiz."""
csb_0577,CSB,bakanlık,hatay,4_local_campaign,2024-03-17,"BAKAN MEHMET ÖZHASEKİ, ‘VAATLERİNİ UNUTAN’ MUHALEFET BELEDİYE BAŞKANLARINI ELEŞTİRDİ: “KİMSE GEÇMİŞE AİT HESAP VERMİYOR, ‘NE YAPTIN?’ DİYE SORULDUĞUNDA ‘HATIRLAMIYORUM’ DİYOR”

Çevre, Şehircilik ve İklim Değişikliği Bakanı Mehmet Özhaseki, anlayamadığı bir belediyecilik anlayışı geliştiğini vurgulayarak, “Kimse geçmişe ait hesap vermiyor. Hele hele İstanbul’da. ‘Ne yaptın?’ diye sorulduğu zaman ‘hatırlamıyorum, bilmiyorum ki, öyle mi demişim?’ diyor.” dedi.

Bakan Mehmet Özhaseki, İstanbul’da düzenlenen “Topağacı Kentsel Dönüşüm Projesi Temel Atma Töreni”ne katıldı. Burada yaptığı konuşmada, İstanbul’un deprem şehri olduğunu ifade eden Bakan Özhaseki, “Bir an önce tedbir almamız lazım. Evlerimizi dayanıklı hale getirmemiz lazım.” dedi. Bakan Özhaseki, dün İstanbul’da 14 ilçede toplam 5.126 bağımsız bölümün kentsel dönüşüm kapsamında yıkım ve temel atma törenini gerçekleştirdiklerini hatırlatarak, “Bugün de Ümraniye'de 174 binanın yıkılarak, yerine 1174 konut ve ticari alanın yapılacağı Topağacı Kentsel Dönüşüm Projesi'nin temelini atıyoruz.” dedi.

“CUMHUR İTTİFAKI DIŞINDA DÖNÜŞÜM YAPAN YOK”

Kentsel dönüşüm için uğraşan belediyelerin hepsinin Cumhur İttifakı belediyeleri olduğunu vurgulayan Bakan Özhaseki, “Bir tane içinde farklı belediye yoktu. Niye Cumhur İttifakı dışında bir tane yapanınız yok? Ancak, öğrenmişler ‘Kentsel dönüşüme değil, rantsal dönüşüme karşıyız’ diye tekrar ediyorlar. Ben de diyorum ki, ‘Gelin kentsel dönüşüm yapalım.’ Daha kendini ortaya koyan CHP’li belediye başkanı görmedim. Sadece bol bol konuşuyorlar. 2016 yılında Hatay Antakya’da kentsel dönüşüm yapacaktık, vatandaş istiyor ama şimdiki CHP’li belediye başkanı, ekibi, oradaki mimarlar odası protestocuları örgütlemişler, ‘istemiyoruz’ diyorlar. Bize engel oldular, yaptırmadılar. 6 Şubat’ta o mahalle yerle bir oldu. Ne yazık ki CHP’nin böyle adeti var; bir taraftan yapanı istemez, bir taraftan yapana mani olmaya çalışır. Bir taraftan da davalar açar. Hadi sen yap. Yapmazlar. Öyle bir huyu da yok.” şeklinde konuştu.

“BAKANLIK OLARAK ELİMİZDEN GELENİ YAPMAYA HAZIRIZ”

Bakan Mehmet Özhaseki, kentsel dönüşüm yapmak isteyenlere Bakanlık olarak destek vermeye hazır olduklarının altını çizerek, “Bakanlığımızın bütün imkanlarını seferber edeceğiz. Endişeniz olmasın. TOKİ de Emlak Konut da burada olacak. Uygun yerlerde müteahhit kardeşlerim de zaten yapacaklar.” dedi.

“ELİNİZİ VİCDANINIZA KOYUN VE İYİ DÜŞÜNÜN”

Yerel seçimlerin yaklaştığını belirten Bakan Özhaseki, vatandaşlara çağrıda bulundu. Bakan Mehmet Özhaseki, “Seçim arifesindeyiz. Tabi ki tercih sizin, ancak, elinizi vicdanınıza koyun. Sizin için çalışana, buralara gelip kentsel dönüşüm yapanlara mı oy verecekseniz? Yoksa, nefsi meseleler peşinde koşanlara, hiçbir şey yapmayacaklara mı oy vereceksiniz? Lütfen iyi düşünün.” diye konuştu.

“MURAT KARDEŞİM İNŞALLAH İSTANBUL'UN MURADI OLACAK”

Bakan Mehmet Özhaseki, 5 dönem üst üste seçimlere girdiği hatırlatarak, şunları söyledi:

“Vatandaş ben seçimlere gittiğimde şunu sorardı; ‘Sana kocaman bir bütçe verdik, yetki verdik, mührü de verdik. Ne yaptın?’ Ben de yaptıklarımı anlatırdım. Sonra da gelecekle ilgili düşündüklerimi anlatırdım ve insanlar güvenirdi, devam ederdik. Şimdi muhalefet tarafından anlayamadığım bir belediyecilik gelişti. Kimse geçmişe ait hesap vermiyor. Hele hele İstanbul’da. ‘Ne yaptın?’ diye sorulduğu zaman ‘hatırlamıyorum’ diyor. ‘Bilmiyorum ki’ diyor. ‘Öyle mi demişim?’ diyor. Onlar ne yaparsa yapsınlar. Senelerce çalışmasına şahit olduğum Murat kardeşim, inşallah İstanbul'un muradı olacak. Çalışkanlığına, bu işleri bildiğine şahidiz. Ve hakkıyla yapacağına da eminim.”

“VATANDAŞIMIZIN CAN GÜVENLİĞİ İÇİN SÜRECE MÜDAHİL OLDUK""

Öte yandan Bakan Mehmet Özhaseki, Fikirtepe Kentsel Dönüşüm Projesi için alana gelen ve kendisiyle dertlerini paylaşan vatandaşları da dinledi. Uzun süredir evlerini beklediklerini dile getiren vatandaşlara seslenen Bakan Özhaseki, “Seçimler bittikten sonra beraber bir araya oturalım, Fikirtepe'nin bütün sorununu çözecek gibi konuşalım. Aslında sizinle müteahhitler arasında bir meseleydi. Ama biz devlet olarak mağduriyeti gördüğümüz için gece gündüz çözmeye uğraştık. Bu iş seçim işi değil. Oy işi değil. Allah rızası için biz devletiz, sorumluluğumuz var. Elimden geleni yapmaya çalışıyorum. İl müdürlüğümüze sizi davet edeceğim, orada görüşeceğim. Kimsenin endişesi olmasın. Biz devlet olarak her daim vatandaşımızın yanında olduk; vatandaşımızı kimseye ezdirmedik. Sorunları çözdük, çözmeye devam edeceğiz.” diyerek sorunu çözeceğinin sözünü verdi."
adiyaman_val_024,Adıyaman Valiliği,valilik,adiyaman,3_inter_election,2023-06-28,"Adıyaman Valisi Dr. Osman Varol, asrın felaketini yaşadığımız deprem sonrası ticari faaliyetlerini sürdüren esnafları ziyaret etti.

 Ziyarette Vali Varol’a; Vali Yardımcısı Muhammet Tugay, İl Emniyet Müdürü İbrahim Ergüder ve İl Jandarma Komutanı Albay Ferdi Erbakıcı eşlik etti.

Depremin yaralarını sarmak ve afetin izlerini silmek için göreve başlar başlamaz şehir merkezindeki esnafları ziyaret eden Vali Dr. Osman Varol, esnafların Kurban Bayramı’nı tebrik ederek hayırlı işler, bol ve bereketli kazançlar temennisinde bulundu. Çocuklara da oyuncak hediye etti.

Yaşanan deprem felaketi sonrasında kentin tekrardan kalkınması ve hayatın normal temposuna dönmesi için sorunların tespiti ve çözümü noktasında esnaf ve vatandaşlarla bir araya gelen Valimiz Sayın Dr. Osman Varol, esnaflardan gelen öneri ve talepleri dinledi. İş yerleri yıkılan ve ağır hasar alan esnafların ticari hayatlarını sürdürebilmeleri için kurulan konteyner çarşıları da ziyaret eden Vali Dr. Osman Varol, esnafları tek tek ziyaret ederek hasbihal etti."
hatay_bld_0094,Hatay Belediye,belediye,hatay,3_inter_election,2023-09-23,"Hatay Büyükşehir Belediyesi, depremde faaliyet binası yıkılan Hatay Muharip Gaziler Derneğine yeni dernek binası için yer tahsis etti.

Derneğin Eski Antakya Sokaklarında uzun yıllar boyunca çalışmalarını yürüttüğü binası depremde zarar görerek kullanılamaz hale gelmişti.

Derneğin yeni binası, HBB ve Koreliler Derneği çatısı altında faaliyet gösteren Türkiye Kore Gazileri Anma Topluluğu işbirliğiyle Antakya Atatürk Parkı içerisinde bulunan alanda yeniden inşa edilecek.

YUMUK: KARDEŞLİK SADECE KAN BAĞIYLA OLMUYOR

Büyükşehir Belediyesi tarafından yapılan yer tahsisi tesliminde konuşan Türkiye Muharip Gaziler Derneği Genel Başkanı Beyazıt Yumuk, “1950’de başlayan Türk-Kore kardeşliğinin 6 Şubat’ta yaşanan deprem sonrası da devam ettiğini belirterek, “Kardeşlik sadece kan bağıyla olmuyor, geçmişte kader birliği yaptığımız, Koreli kardeşlerimiz bugün, 1950-1953 yılları arasında Kore halkının bağımsızlık mücadelelerinde yanlarında olan kahramanlara bir ahde vefa göstererek gazilerimizin ihtiyaçlarını karşılamak üzere bizim yanımızdalar. Kore’de verdiğimiz 890 şehit ve 21 bin 212 gazimizin fedakarlıklarına karşı göstermiş oldukları vefadan dolayı kendilerine teşekkür ediyoruz.” dedi.

Yumuk, konuşmasının devamında başta HBB Başkanı Lütfü Savaş’a ve Türkiye Kore Gazileri Anma Topluluğu başkan ve üyelerine teşekkür etti.

Türkiye Kore Gazileri Anma Topluluğu Genel Sekreteri Osman Sooyong OH ise depremden sonra bölgenin halini gördüklerinde, 1950 yılında yaşanan Kore Bağımsızlık Savaşı’ndaki bölgenin durumuna benzettiklerini bu yüzden çok üzüldüklerini söyledi.

OH, “1950 yılında Kore’ye gelen kardeşlerimiz nasıl canlarını feda ettiyse biz de aynı şekilde deprem sonrası Türk halkına yardım etmek zorunda olduğumuzu hissettik. Türk devleti ve Kore gazilerimizle birlikte yürümeye devam edeceğiz.

KORELİLERDEN BÜYÜK VEFA ÖRNEĞİ

Türkiye’de yaşayan Korelilerin 2009 yılında kurdukları Koreliler Derneği, depremde evleri yıkılmış Kore gazilerine, evlerini yeniden inşa ederek veya hasar görmüş evlerin onarımlarını yaparak yardım eli uzattı.

Türkiye Kore Gazileri Anma Topluluğu tarafından geliştirilen “Depremzede Kore Gazilerine Destek Projesi” kapsamında Kore Gazileri için yapılan konutların açılış töreni Bahçeköy Mahallesi’nde düzenlenen törenle gerçekleşti.

Törende Rahmetli Kore Gazisi Salim Alkan’ın depremde yıkılan evinin yerine yeniden inşa edilen prefabrik konut Alkan’ın eşi Meryem Alkan’a teslim edildi.

Teslim töreninin ardından HBB Sağlık ve Sosyal Hizmetler Daire Başkanı Ahmet Kilisli projede emeği geçenlere fincan takımı hediye etti.

Proje kapsamında Rahmetli Kore Gazisi Ali Çekmen’in eşinin yaşadığı evin depremde hasar gören kısmı yeniden inşa edilerek teslim edildi. Kore Gazisi İzzettin Alkan’ın depremde yıkılan evinin yeniden inşa süreci devam ediyor. Hatay Muharip Gaziler Derneği binasını inşa süreci ise önümüzdeki ay başlayacak.

Törene HBB Sağlık ve Sosyal Hizmetler Daire Başkanı Ahmet Kilisli, Türkiye Kore Gazileri Anma Topluluğu Başkanı Kyubaek Cho, Koreliler Dernek Başkanı Younghoon Kim, Türkiye Muharip Gaziler Derneği Genel Başkanı Beyazıt Yumuk, Muharip Gaziler Derneği Hatay İl Başkanı Ramzi Bakır, Kore gazileri ve yakınları katıldı.

Not: Haberin fotoğraf ve videosunu aşağıdaki linklerden indirebilirsiniz:

https://we.tl/t-UsIwecRwkT

https://we.tl/t-x3XXEzUApZ"
csb_0944,CSB,bakanlık,hatay,5_post_local,2024-12-28,"BAKAN KURUM, HATAY’DA TÜM PARTİLERİN TEMSİLCİLERİNİN KATILDIĞI KOORDİNASYON TOPLANTISINDA SON DURUMU DEĞERLENDİRDİ

Çevre, Şehircilik ve İklim Değişikliği Bakanı Murat Kurum, 2 günlük Hatay ziyareti kapsamında Vali Mustafa Masatlı, Belediye Başkanı Mehmet Öntürk, AK Parti, CHP, MHP, BBP ve TİP’li ilçe belediye başkanlarının da katıldığı geniş kapsamlı il koordinasyon toplantısında konuştu. Bakan Kurum, 15 Ocak itibarıyla deprem bölgesindeki 11 ilde tüm deprem konutları ve iş yerlerinin ihalelerinin tamamlanacağını açıkladı.

Çevre, Şehircilik ve İklim Değişikliği Bakanı Murat Kurum, yeniden göreve başladığı 2 Temmuz’dan itibaren 5’inci kez depremin yıktığı Hatay’ı ziyaret etti. Bakan Kurum, AFAD Koordinasyon Merkezi’nde Hatay Valisi Mustafa Masatlı, Belediye Başkanı Mehmet Öntürk, AK Parti, CHP, MHP, BBP ve TİP’li ilçe belediye başkanlarının da katıldığı geniş kapsamlı il koordinasyon toplantısında konuştu. Hatay’ın yeniden inşa ve ihyası için parti ayrımı gözetmeksizin çalışmaların sürdüğünü söyleyen Bakan Kurum, “Amacımız, gayemiz bir an önce köy konutuyla, ilçesiyle, beldesiyle, peyzaj düzenlemesiyle Hatay'ımızı eskisinden daha iyi hale getirebilmek, bunun mücadelesini veriyoruz. Hep birlikte Hatay'ın çocuklarının, evlatlarının huzur, güven içerisinde yaşayacağı yeni yerlerin inşasını gerçekleştiriyoruz. Söz verdiğimiz gibi 2025 yılı sonu itibarıyla Hatay'da, 11 ilde 'evine girmeyen tek bir depremzede kardeşimiz kalmayacak' anlayışıyla çalışmalarımızı yürütüyoruz"" dedi.

15 OCAK’TA TÜM İHALELER TAMAMLANACAK

15 Ocak itibarıyla deprem bölgesindeki 11 ildeki tüm deprem konutları ve iş yerlerinin ihalelerinin tamamlanacağını açıkladı: Şu ana kadar Hatay'ın hem ilçelerinde hem merkezde ihalesi yapılan konut sayısı 136 bine ulaşmıştır. 15 Ocak itibarıyla inşallah hem Hatay'da hem diğer illerimizde ihalesi yapılmayan, başlanmamış hiçbir iş kalmayacak. 15 Ocak'ta Hatay’daki 158 bin hak sahibi için de saha çalışmaları yüzde 100 başlamış olacak.

“HATAY'IN RUHUNA, ŞANINA YARAŞIR PROJELERİ GERÇEKLEŞTİRİYORUZ”

“Hatay'ın ruhuna, Hatay'ın şanına yaraşır bir şekilde hep birlikte bu projelerimizi gerçekleştiriyoruz” diyen Bakan Kurum konuşmasını şöyle tamamladı: Arzumuz, bu birlikteliğin yüz yıllarca sürmesidir ve 6 Şubat’ta başlatmış olduğumuz o ilişkinin, o sıcaklığın, o samimiyetin inşallah işin sonuna kadar aynı anlayış ve aynı motivasyonla sürmesidir. Gerçekten gurur duyacağımız bir devletimiz var.

AK PARTİ VE CHP’Lİ MİLLETVEKİLLERİ DE KATILDI

Toplantıya belediye başkanlarının yanı sıra AK Parti milletvekilleri Adem Yeşildal, Abdulkadir Özel, Hüseyin Yayman, Kemal Karahan, CHP Hatay Milletvekili Servet Mullaoğlu, ilçe kaymakamları ile ilgili kurumların müdürleri de katıldı.

Linke tıklayınız;"
kmaras_bld_0718,Kahramanmaraş Belediye,belediye,kahramanmaras,3_inter_election,2023-09-21,"Büyükşehir Belediye Başkanı Hayrettin Güngör, bir dizi ziyarette bulunmak üzere şehre gelen Osmaniye Valisi Dr. Erdinç Yılmaz ve Osmaniye Cumhuriyet Başsavcısı Uygur Kaan Arısoy'u misafir etti.

Kahramanmaraş Büyükşehir Belediye Başkanı Hayrettin Güngör, bir dizi ziyarette bulunmak üzere şehre gelen Osmaniye Valisi Dr. Erdinç Yılmaz ve Osmaniye Cumhuriyet Başsavcısı Uygur Kaan Arısoy'u makamında ağırladı. Kahramanmaraş Valisi Mükerrem Ünlüer’in de yer aldığı ziyarette; deprem sonrası şehirlerin kalkınması noktasında gerçekleştirilen faaliyetler, kalıcı konut ve iş yerleri gibi pek çok konuya ilişkin istişarelerde bulunuldu. Nazik ziyaretleri için Vali Erdinç Yılmaz ve Başsavcı Uygur Kaan Arısoy’a teşekkür eden Başkan Hayrettin Güngör, “Osmaniye Valimiz Sayın Erdinç Yılmaz ve Osmaniye Cumhuriyet Başsavcımız Sayın Uygur Kaan Arısoy’u Valimiz Sayın Mükerrem Ünlüer ile misafir ettik. Deprem sonrası şehirlerimizin tekrar ayağa kaldırılması noktasında yürütülen ve planlanan faaliyetleri değerlendirdik. Nazik ziyaretleri için Sayın Valimize ve Başsavcımıza teşekkür ediyoruz” dedi. Osmaniye Valisi Dr. Erdinç Yılmaz ve Osmaniye Cumhuriyet Başsavcısı Uygur Kaan Arısoy da misafirperverlikleri için Büyükşehir Belediye Başkanı Hayrettin Güngör’e teşekkür etti."
csb_0223,CSB,bakanlık,adiyaman,2_pres_campaign,2023-05-19,"BAKAN KURUM: GEÇİCİ BARINMA ALANLARIYLA EŞ ZAMANLI GEÇİCİ İŞ YERLERİNİ DE HAYATA GEÇİRDİK

Çevre, Şehircilik ve İklim Değişikliği Bakanı Murat Kurum, resmî sosyal medya hesabından yaptığı paylaşımda 6 Şubat’ta Kahramanmaraş’ta meydana gelen depremlerden etkilenen Adıyaman’da, esnafın yeniden ekonomik hayata dahil olabilmesi için Emlak Konut eliyle geçici iş yerlerinin hak sahiplerine teslim edildiğini anlatan bir video paylaştı. Bakan Kurum, paylaşımında, “Deprem bölgesinin normalleşmesi için esnafımızın ayağa kalkması şarttı. Geçici barınma alanlarıyla eş zamanlı geçici iş yerlerini de hayata geçirdik. Adıyaman’ımızda Emlak Konut Genel Müdürlüğümüzün yaptığı geçici iş yerleriyle ticari hayatı canlandırıyoruz.” ifadelerine yer verdi.

Çevre, Şehircilik ve İklim Değişikliği Bakanı Murat Kurum, “Deprem bölgesinin normalleşmesi için esnafımızın ayağa kalkması şarttı, geçici barınma alanlarıyla eş zamanlı geçici iş yerlerini de hayata geçirdik.” dedi.

Çevre, Şehircilik ve İklim Değişikliği Bakanlığı, 6 Şubat Kahramanmaraş merkezli depremler sonrası, 11 ilde kalıcı konutların inşa sürecini yürütürken bir yandan da hayatın normalleşmesi ve devamlılığı için geçici barınma ve iş yeri zarar gören esnaf için geçici iş yerlerinin de yapımını sürdürüyor.

Bakan Kurum, resmi sosyal medya hesabından Adıyaman’da Emlak Konut eliyle yapılan 38 adet geçici iş yerinin hak sahiplerine teslim edildiğini anlatan bir video yayımladı. Bakan Kurum, paylaşımında, “Deprem bölgesinin normalleşmesi için esnafımızın ayağa kalkması şarttı. Geçici barınma alanlarıyla eş zamanlı geçici iş yerlerini de hayata geçirdik. Adıyaman’ımızda Emlak Konut Genel Müdürlüğümüzün yaptığı geçici iş yerleriyle ticari hayatı canlandırıyoruz.” dedi.

“Adıyaman’da 2 ayrı alanda toplam 38 adet geçici iş yeri hak sahiplerine teslim edildi”

Bakanlık, Adıyaman ili afet bölgesinde hayatın normalleşmesi adına tüm adımları attı. 2 ayrı alanda 38 adet geçici iş yeri hak sahiplerine teslim edildi. 1. alanda toplam 10 adet dükkan yer aldı. Her bir geçici iş yerinin inşaat alanı 25 metrekare olarak ayarlandı. Toplam inşaat alanı ise 300 metrekare olarak belirlendi. Alanda kadın ve erkek tuvaleti ve mescitte yer aldı.

2. alanda ise 28 adet geçici iş yeri hak sahiplerine teslim edildi. Burada da her bir dükkanın inşaat alanı 25 metrekare olarak ayarlandı. Toplam inşaat alanı ise 750 metrekare olarak belirlendi. Yine bu alanda da bir kadın erkek tuvaleti bulunuyor.

“Bu kadar kısa sürede olması bizi sevindirdi, devletimiz sağ olsun, hep destek oldu, hep yanımızda oldu, her konuda destek verdiler”

İş yerlerine kavuşarak, normal yaşamlarına devam etmeye çalışan depremzedeler, devlete teşekkür ederek, “Devletimize Allah zeval vermesin. Bize burayı tahsis etti verdi, herhangi bir ücret almadan. Her şeyimiz var. Eski dükkândan burası daha iyi. Biz bu kadar büyük beklemiyorduk. Gayet de bütün eşyalarımız burada sığdı. Hızlı bir şekilde bize verdiler. Dükkân kullanışlı güzel yani biz memnunuz. Biz böyle bir şey beklemiyorduk. Bizim için mucize oldu yani. Bekliyorduk, hani yapar diyorduk. Ama bu kadar kısa sürede olması bizi sevindirdi. Devletimiz sağ olsun. Hep destek oldu, hep yanımızda oldu. Her konuda destek verdiler. Desteklerinden dolayı teşekkür ediyorum. Allah devletimize zeval vermesin.” ifadelerine yer verdi."
tccb_198,TCCB,cumhurbaskanligi,hatay,3_inter_election,2023-12-25,"Aziz Milletim, Sevgili İstanbullular, Ulaştırma Bakanlığımızın Kıymetli Mensupları, Çok Değerli Misafirler, Sizleri en kalbi duygularımla, saygıyla, muhabbetle selamlıyorum. Sabiha Gökçen Havalimanımızın yeni pistinin açılışını sizlerle birlikte gerçekleştirmekten büyük bir memnuniyet duyuyorum. Bu önemli eserin İstanbul’umuzun yanı sıra tüm bölgemize, tüm Türkiye’ye, 85 milyonun her bir ferdine hayırlı olmasını diliyorum. Sabiha Gökçen Uluslararası Havalimanı, 1987 yılında rahmetli Turgut Özal’ın ortaya koyduğu vizyon doğrultusunda hayata geçirilmişti. Burası, ileri teknoloji, endüstri parkı ve hava limanı, kısa adıyla AYTEP Projesinin ilk adımı olarak tasarlanmıştı. Projenin amacı, başta savunma ve havacılık sanayi olmak üzere ileri teknoloji alanında güçlü bir yenilikçilik altyapısının oluşturulmasıydı. Sabiha Gökçen Havalimanı, 2001 yılında hizmete girmesinden itibaren sadece İstanbul’un değil, tüm bölgenin adeta uçuş merkezi haline geldi. Bugün havalimanımız Anadolu Yakası’yla birlikte çevre illere de hizmet veriyor. Sabiha Gökçen Havalimanı, Türkiye genelindeki iş ve turizm piyasalarının gelişimi açısından çok derece kritik roller üstleniyor. Zaman içerisinde havalimanının artan hava ve yolcu trafiğini karşılamakta zorlandığını görüyoruz. Bunun üzerine ilk etapta 2009 yılında yap-işlet-devret modeliyle yeni terminal binasını devreye aldık. Diğer taraftan, 2010 yılında AYTEP Projesini bir diğer unsuru olan İstanbul teknoloji geliştirme bölgesinin kuruluşu gerçekleştirildi. Teknopark İstanbul bugün ülkemizin en önemli teknoloji merkezlerinden biri olarak faaliyetlerini başarıyla sürdürüyor. Değerli Arkadaşlar, Sabiha Gökçen Uluslararası Havalimanı’nın kullanım oranı ve yolcu trafiği sürekli yükseliyor. Havalimanımız 2021 yılında iç ve dış hatlarda yaklaşık 181 bin uçuş trafiğiyle 25 milyon yolcuyu ağırladı. 2022 yılında bu sayı 31 milyon yolcuya ulaştı. 2023 yılının ilk 11 ayında 208 bin uçuş trafiğiyle yolcu sayısı geçen yılın aynı dönemine göre yüzde 21’lik artışla 34 milyona yükseldi. Bugün Sabiha Gökçen, İstanbul Havalimanı ve Antalya Havalimanı’ndan sonra yolcu trafiğinin en çok olduğu 3’üncü havalimanıdır. Sene sonunda havalimanımızdan seyahat eden yolcu sayısının 37 milyonu aşacağını öngörüyoruz. Sektördeki büyüme ve havalimanının gelişim planları çerçevesinde ihtiyaç duyulan 2. pistin inşası için 2012 yılında karar aldık, ardından çalışmalara başlayarak toplam 970 milyon doları bulan yatırım tutarıyla 2. pisti ve mütemmim işlerini tamamladık. Havalimanımızın trafik kapasitesini 2’ye katlayacak pistimizin uzunluğu 3540 metredir. Ayrıca, 3520 metre, 3000 metre ve 2400 metre uzunluğunda 3 adet paralel taksi yolu vardır. Toplam 62 uçak kapasiteli 650 bin metrekarelik orta apronu ve 40 uçak kapasiteli 300 bin metrekarelik kargo apronuyla havalimanımız rakiplerine göre çok ileri özelliklere sahiptir. Pistin TEM Otoyoluyla D-100 bağlantı yolu üzerinden geçebilmesi için 1520 metre uzunluğunda ve çift tüplü TEM bağlantı tünelini inşa ettik. Kim çevrelerin ısıtıp-ısıtıp daha olmayan yere tünel yaptılar diye yalan yanlış paylaşımlarda bulunduğu tünel, işte bu TEM bağlantı tünelidir. Havalimanımızda tüm bu altyapıyla birlikte hava trafik kontrolü kulesi, teknik blok, gümrük, itfaiye ve garaj binası gibi 19 bin metrekare kapalı alana sahip tüm üst yapı tesislerini de en son teknolojiyle yeniledik. Değerli Kardeşlerim, Hava trafiği açısından maksimum kapasiteyi sağlamak için yeni pistimizi iniş, eski pisti ise kalkış amacıyla kullanacağız, böylece havalimanımızın hava trafik kapasitesini 2 katına çıkaracağız. Sabiha Gökçen Uluslararası Havalimanı, yeni pistin de devreye girmesiyle yıllık 85 milyondan fazla yolcuyu ağırlayacak kapasiteye erişecektir. Bu güzel eserin inşasında emeği geçen Ulaştırma ve Altyapı Bakanlığımıza, Savunma Sanayi Başkanlığımıza, yüklenici firmalara, mimarlarımıza, mühendislerimize, tüm işçi kardeşlerimize sonsuz teşekkür ediyorum. Bu vesileyle şu an bulunduğumuz bölgede havalimanı kurulması fikrine öncülük eden siyaset ve hizmet adamı 8. Cumhurbaşkanımız Turgut Özal’ı rahmetle yâd ediyorum. Rabbim Türkiye için hayal kuran, Türkiye için çalışan, ülkenin ve milletin istikbali uğrunda gayret gösteren herkesten razı olsun diyorum. Değerli Dostlar, Sabiha Gökçen Havalimanı’nın hikâyesi, aynı zamanda Türkiye’ye dair 2 tasavvurun, 2 farklı yaklaşımın, bir birine zıt 2 anlayışın da hikâyesidir. Buranın inşasıyla ilgili ilk çalışmayı başlan rahmetli Özal, siyasi hayatı boyunca haksız, insafsız ve vizyonsuz eleştirilerin muhatabı olmuştur. Türkiye’nin çeyrek asırlık, yarım asırlık hedefleri doğrultusunda attığı her stratejik adımda merhum Özal belli çevreler tarafından hedef alınmış, ülkenin kaynaklarının israf etmekle suçlanmıştır. Ne gerek var eleştirisi, rahmetli Özal’ın medya, akademi ve siyaset camiasında en çok maruz kaldığı sorulardan biriydi. Bu soruyu soranların niyeti, projelerin verimliliğini sorgulamak değildi, bilakis yapılan hizmeti millete lüks gördükleri için bunu ifade ediyorlar. Ortaya hiçbir eser koyamayanlar, ülkesi ve milleti için samimiyetle çalışan, proje geliştiren vizyoner devlet adamlarına sürekli engel çıkardılar. 2002 yılında ülkeyi yönetme sorumluluğunu üstlendiğimizde benzer ithamlara maruz kaldık, benzer sabotaj girişimleriyle, hiçbir temel olmayan eleştirilerle karşılaştık. Merhum Özal’ın projelerini akim bırakmak için hangi söylemlere, hangi yalanlara başvurulduysa, aynısını katbekat fazlasıyla bize de yaptılar. Parayı betona gömüyorlar dediler, yola, köprüye, tünele, baraja, hastaneye ne gerek var dediler. Yolla karın mı doyar diyerek kendilerini komik duruma düşürdüler. Hatta öyle zamanlar oldu ki, uçak inmeyen yere havalimanı inşa ettiler, bu iftirayı atacak kadar muvazeneyi kaybettiler. Arşive baktığınızda, başta havalimanlarımız olmak üzere her devasa eserde bu çapsızlığın, bu ufuksuzluğun izlerini muhakkak görürsünüz. Türkiye’de muhalefetin tarihi sadece seçim hezimetlerinin, sadece seçim skandallarının değil, aynı zamanda icraat düşmanlığının da tarihidir. Değerli Kardeşlerim, Yapılan işe takoz koymak, milletin hayrına olan her projeye çamur atmak, CHP ve siyasi akrabalarının milli sporudur. Değerli arkadaşlar; tarih bizi haklı, onları ise haksız çıkarmıştır. Dile getirdikleri eleştirilerin tamamen safsatadan, tamamen kötü niyetli bir temenniden ibaret olduğu zamanla anlaşılmıştır. Bunun en somut örneği de şu anda 2. Pistini açtığımız Sabiha Gökçen Uluslararası Havalimanı’dır. CHP’nin sabık Genel Başkanının uçak bile inmiyor, Tuz Gölü’ne alabalık tesisi yapmaya benzettiği havalimanımız, bu sene sonunda 37 milyon yolcu ağırlayacak, 2030 yılında ise bu rakam 63 milyona yaklaşacak. Engellemek için Gezi olayları dahil sokak terörüne başvurdukları İstanbul Havalimanı Avrupa ve dünyanın en iyi havalimanları arasında gösteriliyor. Bu havalimanımız daha geçen hafta beş ödül birden aldı. Aynı durum çamur attıkları diğer yatırımlarımız için de geçerlidir. Marmaray, Avrasya Tüneli, Yavuz Sultan Selim Köprüsü, Kuzey Marmara Otoyolu olmasaydı bugün İstanbul trafiği çok daha kötü durumda olurdu. Şayet Türkiye’yi duble yollar, oto yollar, demir yollarıyla donatmasaydık ne ihracatımız 255 milyar dolara çıkardı, ne turist sayımız 50 milyonu aşardı. Bu karşılaştırmaları uzatmak pekala mümkün. Yani CHP zihniyetinin gereksiz dediği, ne gerek var dediği, israf dediği, ne kadar yatırım varsa hepsi misyonunu fazlasıyla yerine getirmiş, hatta bir müddet sonra yetersiz kalmaya başlamıştır. Türkiye 70 yılda pek çok şey değişmiş, ama bunların halka yönelik mütekebbir tavırlarında hiçbir düzelme olmamıştır. Biz son 21 yılda ne yaptıysak, neyi başardıysak CHP ve koro üyelerinin istemezükçü nakaratlarına rağmen başardık. Özellikle havacılık alanında büyük bir dönüşüm gerçekleştirdik. Aktif havalimanı sayımızı 26’dan 57’ye, terminal kapasitemizi 55 milyon yolcudan, 337 milyon 450 bin yolcuya çıkarttık. Dış hatlarda 50 ülkede 60 noktaya uçuş gerçekleştiriyorken, uçuş ağımıza 283 yeni nokta daha ekleyerek, 130 ülkede 343 noktaya elhamdülillah yükselttik. Göreve geldiğimizde 489 olan toplam hava aracı sayımızı yüzde 270 artışla 1813’e ulaştırdık. Dünyada ulaşamadığımız hiçbir nokta kalmayacak hedefiyle Türkiye’yi dünyanın en geniş uçuş ağına sahip ülkelerinden birine dönüştürdük. Daha bunun gibi burada saymaya kalksak saatler alacak sayısız havacılık atılımını 2002’den itibaren alnımızın akıyla hayata geçirdik. Kıymetli Dostlar, Havacılık sektörümüzü ve hava ulaşımı altyapımızı daha da güçlendirmek için projelerimize yenilerini ekliyoruz. Çukurova Bölgesel, Yozgat ve Bayburt-Gümüşhane Havalimanlarının inşaat çalışmaları hızla devam ediyor. Hem Adanalı hem de Mersinli kardeşlerimizin hasretle beklediği Çukurova Havalimanını önümüzdeki ay açmayı hedefliyoruz. Altyapı çalışmaları biten Yozgat ve Bayburt-Gümüşhane Havalimanlarının üstyapı işlerini de tamamlayarak 2025 yılı içerisinde açılışlarını yapacağız. Artan yolcu ve yük sayıları sebebiyle gündeme aldığımız Trabzon Yeni Havalimanı proje çalışmaları ise devam ediyor. Antalya Havalimanının kapasite artırımına yönelik yatırım çalışmalarımız da hızla sürüyor. Antalya Havalimanımızın 35 milyon yolcu olan mevcut kapasitesini yıllık 80 milyon yolcuya çıkarıyoruz. 2022 yılı Aralık ayında Esenboğa Havalimanımızın ilave yatırım ve 25 yıllık işletmesini kapsayan kamu-özel işbirliği ihalemizi gerçekleştirdik. Esenboğa’ya devletimizin kasasından bir kuruş harcamadan yaklaşık 300 milyon euroluk yatırım yapıyoruz. Bu yatırımlar tamamlandığında havalimanımızın kapasitesi yıllık 30 milyon yolcuya yükselecek ve havalimanımız üçüncü pistine kavuşacaktır. 6 Şubat depremlerinde hasar gören Hatay Havalimanı, pat sahaları onarımı ve gelişimi işine ait ihaleyi de kısa süre önce gerçekleştirdik. Yapım çalışmalarına 21 Kasım günü itibariyle başlandı. Havalimanımızın zemin taşıma gücünün arttırılmasını sağlayacak ayrıca 14 kilometre uzunluğunda çevre güvenlik duvarıyla havalimanın bulunduğu alanı sel taşkınlarına karşı koruyacağız. Milletimize sürekli karamsarlık zerk eden felaket tellallarına aldırmadan hedeflerimiz doğrultusunda ilerlemeyi sürdüreceğiz. Cumhuriyetimizin ikinci asrını Türkiye yüzyılıyla taçlandırıncaya kadar inşallah durmadan, dinlenmeden çalışacağız. Çünkü biz tüm kalbimizle şuna inanıyoruz: Tarihe mührünü, günü kurtarma peşinde koşanlar değil, geleceği görerek uzun vadeli plan yapanlar vurabilir. İş yerine, laf üretenlerden ülkeye ve millete hayır gelmez. Son 21 yılı iktidarda olmak üzere 40 yıllık siyasi mücadelemizin amacı emanetini taşıdığımız aziz milletimize layıkıyla hizmet edebilmektir. Kefenimizi giyerek çıktığımız bu zorlu yolculukta Haktan ve halktan başka hiçbir güç tanımıyoruz. Bugüne kadar diklenmedik, ama her zaman dik durduk. Baskılara, tehditlere, emperyalist güçlerin ülkemizle ilgili yazdığı karanlık senaryolara asla eyvallah etmedik. Darbecisinden vandalına, teröristinden beşinci kol elemanına kadar milletin muazzez iradesine saldıranların heveslerini kursaklarında bıraktık. İçinde bulunduğumuz kritik dönemde de aynısını yapacağız. Gözlerimizi hedeflerimizden bir an olsun ayırmayacağız. Ne Kandil ve Suriye’deki terör baronlarının, ne de bu hainlerin yularını ellerinde tutanların bizi yolumuzdan alıkoymasına müsaade etmeyeceğiz. Burada sizlerin vasıtasıyla bir gerçeği tekrar ifade etmek istiyorum; terörle ülke siyasetinin şekillendirildiği eski Türkiye, artık geride kalmıştır. Terör saldırılarıyla milletimizi bölme planlarının raf ömrü tükenmiştir. Türk’ü, Kürt’ü, Arap’ı, Alevi’si ve Sünni’siyle 85 milyonun kardeşliğine kast edilmesine, aramıza nifak sokulmasına kesinlikle izin vermeyiz. Her kim kalleşlerin eylemlerini kendine siper ederek birliğimize, dirliğimize, beraberliğimize saldırıyorsa, terörün amaçlarına hizmet ediyor demektir. Bu konuda bilhassa gençlerimizin çok dikkatli olmalarını, sureti haktan görünerek ters manyel yapan provokatörlere asla itibar etmemelerini bekliyoruz. Terörle bizi yıldıracaklarını özellikle bu vehme kapılanlara ise şu ikazı yapmakta fayda görüyorum: Son 21 yılda her şeyi denediniz, her yola başvurdunuz, fakat bizim kutlu yolculuğumuza set çekemediniz. Değerli Kardeşlerim, Türkiye yüzyılının inşasına da Allah’ın izniyle engel olamayacaksınız. Son 21 yılda defalarca hüsrana uğradınız, inşallah yine kaybedeceksiniz. Bir kez daha rezil ve zelil olmaktan kurtulamayacaksınız. Oyunlarınızı biliyoruz, emellerinizi biliyoruz, kim olduğunuzu çok iyi biliyoruz. Şunu hiçbir zaman unutmayın: Ömrümüz yettiği sürece, nefesimiz yettiği sürece aziz milletimizin desteği bizimle olduğu müddetçe sizinle mücadele etmeyi sürdüreceğiz. Terörle yol yürüyenlere, terör örgütlerini maşa olarak kullananlara, iradesini Kandil’deki alçaklara teslim edenlere, 3-5 oy alacağız diye bölücü hainlere kapı kulu olanlara meydanı asla bırakmayacağız. Teröriste terörist dememek için 40 takla atan, 40 farklı kılığa giren siyasi bukalemunların maskelerini indirmekte kararlıyız. Bu akşam gençlerimizle bir araya geldiğimizde tüm bu konuları çok daha ayrıntılı, çok daha açık yüreklilikle konuşma fırsatı bulacağız. Rabbim yolumuzu, bahtımızı açık etsin diyorum. Vatanımızın bekası, devletimizin bütünlüğü, milletimizin istiklal ve istikbali için can veren kahraman askerlerimizi rahmetle yad ediyorum. Yaralı askerlerimize Mevla’dan acil acil şifalar diliyorum. Hudutlarımız içerisinde ve sınır ötesinde kahramanca görev yapan tüm Mehmetçiklerimize ülkem ve milletim adına şükranlarımı sunuyorum. Şehitlerimizin ailelerine, yakınlarına ve silah arkadaşlarına buradan tekrar başsağlığı dileklerimi iletiyorum. Bu düşüncelerle açılış gururunu yaşadığımız Sabiha Gökçen Havalimanı ikinci pistinin şehrimize, bölgemize hayırlı olmasını diliyorum. Bu güzel eserin ülkemize kazandırılmasına emeği geçen Bakanlığımızı, kurumlarımızı, yüklenici firmaları mühendisinden işçisine, herkesi canı gönülden tekrar tebrik ediyorum. Sizleri sevgiyle, saygıyla selamlıyorum."
tccb_115,TCCB,cumhurbaskanligi,hatay,2_pres_campaign,2023-05-24,"Sizleri en kalbi duygularımla, hürmetle, muhabbetle selamlıyorum. Bugün burada Ankara’mızın rengi, zenginliği olan, Ankara’yı Ankara yapan sizlerle birlikte olmaktan memnuniyet duyuyorum. Ankara, milli mücadelenin merkezi olarak Büyük Millet Meclisi’ne ev sahipliği yapmış bir şehrimizdir. Cumhuriyetimizin başkenti olduktan sonra da bu şehir Anadolu’nun ve dünyanın cazibe merkezi olmayı sürdürdü. Ankara’nın 15 Temmuz gecesi gösterdiği kahramanlık ise nesillerden nesillere aktarılacak bir destan olarak tarihimizdeki şanlı yerini almıştır. Şimdi de Ankara, Türkiye yüzyılının sembol şehri olmaya hazırlanıyor. Sizler Ankara’nın tüm ilçelerinden gelerek bu şehri inşa ettiniz. Sizler Çorum’dan, Yozgat’tan, Çankırı’dan, Kayseri’den, Kırşehir’den, Kırıkkale’den, Sivas’tan, Samsun’dan, Tokat’tan ve dahi Türkiye’nin diğer 80 vilayetinin neredeyse tamamından gelerek geleceğinizi bu şehirde kurdunuz. Bu şehre emeğinizi verdiniz, gençliğinizi verdiniz, hayatınızı adadınız. Bu şehir de sizlere barınacak yuva verdi, sofranıza koyacak ekmek verdi, çocuklarınızı yetiştirecek imkân sağladı, huzurla hayatınızı sürdüreceğiniz bir iklim sundu. Ankara’yı sadece Mamak ile Sincan, Gölbaşı ile Pursaklar arasında bir şehir görenler, kalp gözüyle bakmayanlardır. Şayet öyle baksalardı, burada bütün Türkiye’yi göreceklerdi. Şayet öyle baksalardı, Türk’üyle, Kürt’üyle, Sünni’siyle, Alevi’siyle bu milletin tüm evlatlarını göreceklerdi. Gençler, Bu vatan topraklarını parçalamak, bu milleti kendi içinde bölmek dışında gayeleri olmayanların kalp gözleri zaten mühürlüdür, onlar bu hakikatleri zaten göremezler. Bizim sözümüz; ülkesinin huzuru, devletinin bekası, milletinin birliği için çarpan yüreklerdir. Bizim sözümüz; Malazgirt’ten bu yana Anadolu coğrafyasını ebedi vatan bilen, Selçuklu’dan Osmanlı’ya, oradan Cumhuriyet’e devrolan ecdat mirasına dört elle sarılanlardır. Bizim sözümüz, Cumhuriyetinin ilk asrındaki eksiklerini tamamlayarak başlattığımız Türkiye yüzyılının hızla inşası için sabırsızlananlardır. Bizim sözümüz; PKK’sından FETÖ’süne tüm terör örgütlerinin ülkesi üzerindeki hain emellerine karşı tek millet, tek bayrak, tek vatan, tek devlet şiarında buluşanlarıdır. Bizim sözümüz, emperyalistlerin asırlardır üzerimizde oynadıkları oyunları bir kez daha boşa çıkarmak için bir olacağız, iri olacağız, diri olacağız, kardeş olacağız, hep birlikte Türkiye olacağız diyerek kenetlenenleredir. Bizim sözümüz; ipinin bir ucu terör örgütlerinin, bir ucu tefecilerin, bir ucu küresel şarlatanlarının elinde olan tek parti faşizmi artıklarını karşımıza binbir suratla çıkartanların riyakârlıklarına dur diyenleridir. Velhasıl bizim sözümüz milletimizedir. Siyasi hayatımızın her döneminde Başbakanlık ve Cumhurbaşkanlığı görevlerimizin her safhasında bugün de sözümüz yine milletimizedir, yarın da öyle olacaktır. Cumhur İttifakı da sözünü millete söyleyenlerin ittifakıdır. Rabbimize bize dünyaya böyle asil bir milletin evladı olarak gelme şerefi bahşettiği için ne kadar hamd etsek azdır. Biz de hamdimizi eser ve hizmetle göstermenin gayreti içindeyiz. Kardeşlerim, Biz sözümüzü millete söylerken seçimdeki rakibimiz CHP Genel Başkanı ne yapıyor dersiniz? Her gün bir başka maskeyle sahnede arzı endam eyleyen bu zatın sözünün kimlere olduğunu en iyi sizler biliyorsunuz. CHP Genel Başkanı, özerklik diyerek, Selahattin Demirtaş özgür kalacak, diyerek, YPG’yi terör örgütü olarak görmüyoruz, diyerek, cezaevlerindekileri serbest bırakacağız, diyerek sözünü Kandil’e söylüyor. Kandildekiler de, her gün bir başka elebaşı ağzıyla kendisini desteklediklerini açıklayarak, CHP Genel Başkanına mukabele ediyor. CHP Genel Başkanı, uğruna Ankara’dan İstanbul’a yürüdüğü FETÖ’cüleri de cezaevlerini boşaltma, kamudan atılanları geri alma, yurt dışındakilere kapıları açma taahhüdü vererek sözünü söylüyor. Onlar da içerideki ve dışarıdaki tüm mecralarını kendisinin emrine tahsis ederek CHP Genel Başkanına verdikleri desteği sürdürüyor. CHP Genel Başkanının seslendiği bir diğer yer de; Avrupa’sından Amerika’sına Türkiye’nin büyümesinden ve güçlenmesinden rahatsız olan tüm odaklardır. Bunlar da Kılıçdaroğlu’na cevaplarını, aleyhimizde yaptıkları dergi kapaklarıyla, televizyon programlarıyla, sosyal medya kampanyalarıyla, kaynattıkları fitne kazanlarıyla veriyorlar. Evet, tablo işte bu kadar net. Kardeşlerim, Bay bay Kemal, Selo’ya ne diyor? Kim bu Selo? Diyarbakır’da 51 Kürt kardeşimizin ölümüne neden olan değil mi? Ve bunların içerisinde Yasin Börü yavrumuzun ölümüne neden olan bu Selo değil mi? Şimdi ne diyor; eğer Selo’yu çıkarmak istiyorsanız oyu bize vereceksiniz diyor. Kardeşlerim, Bizim üzüntümüz ne biliyor musunuz; ülkesine ve milletine sevgilerinden şüphe duymadığımız CHP seçmeninin, onlarla birlikte hareket eden diğer partilere gönül verenlerin içine düşürüldükleri durumdur. Buradan hangi partiye, hangi adaya oy vermiş olursa olsun 85 milyon vatandaşımın, Ankaralı kardeşlerimin tamamına sesleniyorum; sizler 14 Mayıs’ta partinizin de size telkin ettiği tercihinizi sandığa yansıtarak vazifenizi yerine getirdiniz. Artık yeni bir seçim olan 28 Mayıs’ta hepiniz tercihinizde serbestsiniz. CHP Genel Başkanı, kendisine açılan krediyi yanlış ittifaklara, yanlış yollara, yanlış hayallere saparak heba etti. Ne diyordu, ben hesap uzmanıyım. Ya, sen nasıl hesap uzmanısın ki toplam oyları 1 puan eden, bu civarda dolaşan partilere kalktın 40’a yakın milletvekili verdin, bu nasıl hesap uzmanlığı? Şu anda Cumhur İttifakı 323 parlamenterle Parlamento’da yerini aldı. Gelin, 28 Mayıs’ta hep birlikte Türkiye yüzyılının etrafında kenetlenelim. Gelin, ülkemizin önünde yeni bir dönemi birlikte açalım. Gelin, Türkiye’nin asırlık demokrasi ve kalkınma eksiklerini 21 yılda nasıl beraberce telafi etmişsek, Türkiye yüzyılının yükselişini de hep birlikte sağlayalım. Biz, 2014 yılında ülkemizin eski sistemine göre seçimle gelen ilk Cumhurbaşkanı olduktan sonra herkesi kucaklama sözü vermiş ve bu sözümüzü tutmuştuk. Şurada, kardeşlerim; Esenboğa Havalimanı’nı kim yaptı? Bay bay Kemal mi yaptı? Biz yaptık biz. Havalimanı’ndan şehre bu gördüğünüz yolları kim yaptı? Melih Beyin Ankara Büyükşehir Belediye Başkanı olduğu dönemde birlikte yine biz yaptık. Ya bir de bu Belediye Başkanı’na bir sorun ya, sen ne yaptın, ne yaptın? 4 yıl oldu, 4 yılda ne yaptın? Bunları bir sorun. İstanbul’a sorun; sen İstanbul’da 4 yılda ne yaptın? Hiç. İzmir’e sorun, sen ne yaptın? İzmir’in havalimanını, Menderes Havalimanı’nı da bu kardeşiniz yaptı. Yaparsa… Yaparsa… Bundan sonra da biz yaparız. Yeni yönetim sistemimizin ilk Cumhurbaşkanı olarak, bay bay Kemal İzmir milletvekili değil mi, yanlış düşünmüyorum, İzmir. İzmir-İstanbul arası 7,5 saatti, 7,5 saat, 3 saate kim indirdi? Biz, biz. Manisa-İzmir arası, Sabuncubeli Tüneli, dağları deldik, kim deldi? Biz biz. Yaparsa… Eyvallah. Ya bir sorun; arkadaş, sen İzmir milletvekilisin, İzmir Belediyesi sizde, ya ne yaptınız şu İzmir’e bir söyleyin. Bir yağmur yağdığı zaman her tarafı sel alıp götürüyor, ne yaptınız ya bir söyleyin, yok. Bu ülkenin 85 milyon vatandaşının her birinin hayatına katkılarda bulunan, hizmetlerimizde 81 vilayetimizin her karışına dokunan eserlerimizle sözümüzün eri olduğumuzu ispatladık. Ankara’da eğitime bakın, AK Parti var. Sağlığa bakın, AK Parti var. Bilkent’i kim yaptı? Kardeşlerim, İşte en son yeni, muhteşem, yine aynı büyüklükteki hastanemizi yaptık, şehir hastanesi, kim yaptı? Yine biz yaptık. Niye? Halk içinde muteber bir nesne yok devlet gibi, olmaya devlet cihanda bir nefes sıhhat gibi. Durmadık, usanmadık, eserlerimizle, hizmetlerimizle yola devam ettik. Şimdi yine bir söz veriyoruz. Cumartesi günü, yani 27 Mayıs, ülkemizin demokrasi tarihin en önemli yol ayrımlarından biri. Pazartesi, 29 Mayıs, İstanbul’un fethinin yıldönümü olması hasebiyle şanlı tarihimizin en önemli zaferlerinden biri. Mamak, 28 Mayıs’ta sandıkları patlatıyor muyuz? Gümbür, gümbür sandıklara gidiyor muyuz? Ben Mamak’a inanıyorum. Mamak evet derse yapar. İşte 27-29, bu iki önemli günün arasında ne var? 28 Mayıs var. 28 Mayıs’ta inşallah acılarımızdan ders aldığımız ve zaferlerimizle gurur duyduğumuz bir şölene gelin diyorum Pazar gününü çevirelim. Hazır mıyız buna? Gümbür-gümbür geliyoruz, onu görüyorum. Kökenine, inancına, mezhebine, meşrebine, siyasi tercihine bakmaksızın her bir insanımızın da bu kutlu yürüyüşte yeri almasını arzu ediyoruz. Hazreti Mevlana’dan ilhamla, 28 Mayıs gecesini dünü dünde bırakıp yeni şeyler söyleyeceğimiz taze bir başlangıç haline dönüştürmek için bizimle olmanızı bekliyoruz. Siz yapar mısınız? Yapar mısınız? Gönlümüz de, kollarımız da sonuna kadar açıktır, Çünkü biz 85 milyonun Cumhurbaşkanıyız, 85 milyonun tamamının hizmetkârıyız, 85 milyonun her birinin geleceğine ışık tutuyoruz; Ankara’nın bize işaret ettiği yol budur. Biz de her vakit olduğu gibi bugün de siz ne diyorsanız onu söylüyoruz, siz gençler hangi istikameti gösteriyorsanız oraya doğru yürüyoruz. Bunun için sizlerden çevrenizdeki komşularınızı, eşinizi, dostunuzu, akrabalarınızı Pazar günü mutlaka sandığa gitmeye ve tercihlerini doğrudan yana kullanmaya teşvik etmenizi bekliyorum. Gençler; unutmayın, en büyük düşmanımız rehavettir, zafer sarhoşluğudur. Biz sandığı boş bırakırsak gelir birileri orayı doldurur. Yurt dışındaki kardeşlerimizi telefonlarınızla muhakkak arayın, bugün son gün. İnşallah neredeyse yurt dışında 2 milyona yaklaştı kullanılan oy. İstiyoruz ki, yurt dışından da inşallah gümbür-gümbür oylar gelsin. Ve yurt dışında çok güzel bir tablo sergilediler, aynı kararlı tutumu Pazar günü ülkemizin tüm şehirlerindeki sandıklarda da göreceğimize inanıyorum. Dün bunu Malatya’da gördüm, 50 bin insan katıldı. Sonra Sivas’a gittim, Sivas’ta 100 bin kişiyle mitingimizi yaptık; Yiğidolar acayip geliyor acayip. Kardeşlerim, Her fırsatta altını tekrar tekrar çizdiğim gibi, bizim siyasetimiz eser ve hizmet siyasetidir. Ankara-Sivas yüksek hızlı treni yaptık mı? Yaparsa… Fuat Bey ilk açılışını yaptı, ben de dün tekrar gittim, meğerse coşku acayip. Ama bir Sivaslı arkadaş vardı yedili masanın çevresinde, yedili masanın çevresindeki arkadaş hala Sivas’a gidemedi. Halbuki bak trende hazırladık sana, yüksek hızlı tren, konforu yüksek, onunla da gidebilirsin; gidemedi. Niye? O bay bay Kemal’in takdimiyle görevliydi, onu yaptı. Ama biz gidiyoruz. Niye? Biz Sivas’ı Allah için seviyoruz. Ve Cumhur İttifakı Sivas’tan 4 milletvekili çıkardı 5’in 4’ünü hamdolsun bize verdi, biz de tabii Sivas’ı boş bırakmadık, bırakmayız. Biz asla istismar siyaseti yapmadık, hele hele yalan siyaseti asla yapmadık. Milletimize yapmayacağımız şeyi söylemedik, söz verdiğimiz her şeyi de yapmak için gece-gündüz çalıştık. Biliyorsunuz bir de hayatı yalan üzerine kurulu olanlar var. SSK’yı batırmakla başlayan kariyerini bir kaset kumpasıyla CHP’nin başına monte edilerek sürdüren bu kişi, şimdi bu ülkeyi yönetmeye talip. İsterseniz öncelikle bu şahsın kimlerle iş tuttuğuna şöyle bir bakalım. … Şimdi buradan sesleniyorum; anketler, bütün hepsi bir tarafa, Başkent Ankara bu HDP’ye Pazar günü gereken dersi vermeye hazır mı? Bir defa yargı bu adamın yakasına yapışmalı. Ne diyor? Biz sırtımızı, arkamızı YPG’ye dayadık, PKK’ya dayadık. Hale bak ya, terör örgütlerine sırtını dayayanlara benim ülkemde oy var mı? Öyleyse Pazar günü gelin gümbür-gümbür bu bay bay Kemal’e ve şürekasına gereken dersi verelim. Bunlar bölücü elebaşlarının yanında ve Sayın Kılıçdaroğlu da bütün gücünü bunlardan alıyor. Evet, 14 Mayıs öncesi ve sonrasıyla bölücü elebaşlarının yaptıkları açıklamalar bunlar. Şimdi buradan soruyorum; ellerinde binlerce insanımızın kanı olan Kandil’deki terör baronlarının her gün kendisine desteklerini beyan ettiği birine benim ülkem teslim edilebilir mi? Artık ayyuka çıkan bu teröristlerle iş birliğini perdelemek için gençlerimizin keskin zekâsını yansıtan bir video üzerinde yeni yalanlar uyduran, olmadık hakaretler savuran birine benim ülkem telsim edilir mi? Seçim gecesi bizim elimizdeki sonuçların aynısını kendisinde de olduğu halde, hadi milletimizi bir kenara koydum, kendi seçmenlerinin gözünün içine bakar baka öndeyiz yalanı söyleyen birine bu ülke teslim edilebilir mi? Daha birkaç hafta önce rakip gördüğü bir diğer adayı kaset tehdidi ve kumpasıyla geri çekilmeye zorlayan birine ülke teslim edilir mi? İşte buyurun, şimdi birçok dezenformasyona rağmen bizimle hareket etmeye karar veren Sayın Sinan Oğan’la birlikte inşallah bu süreçte Allah’ın izniyle Pazar akşamı bu zaferi milletçe hep beraber kutlayacağız. Kardeşlerim, Terörle mücadelede bizimle aşık atmaya hiçbirisinin gücü yetmez. Cudi’de bu teröristleri ininde yok olmaya sevk eden kimdi? Bizdik. Gabar’da kimdi? Bizdik. Tendürek’te kimdi? Bizdik. Bestler Deresi’nde kimdi? Bizdik. Bunların böyle bir derdi oldu mu? Olmadı. Şimdi kafayı nereye taktılar? Diyorlar ki, mültecileri gelir gelmez biz hemen dışarı göndereceğiz. Arkadaşlar, biz bir Almanya’yı, bir Fransa’yı, bir Amerika’yı görmezden gelemeyiz. Onlar nasıl ki bu mültecilerle ilgili adımlarını belli bir program içerisinde yapıyorlarsa, biz de aynı şekilde belli bir program içerisinde yapıyoruz ve şu an itibariyle 500 bin civarında mülteciyi Suriye’nin kuzeyindeki briket evlere göndermeye başladık. Ve bir diğer adımı atıyoruz, o da Katar’la müşterek attığımız adımla 1 milyon mülteciyi inşallah iskân edebileceğimiz konutların yapımı da aynıca devam ediyor, projeler şu anda hazırlanıyor. Biz, ihanet şebekesi değiliz. Biz, ensarız ensar ve muhacirlere de o şekilde yaklaşıyoruz. Bay bay Kemal, partindeki hırsızlık, yolsuzluk, taciz, tecavüz olayların üstünü kapatan birine tüm fertleriyle milletin değerlerini koruması için bunlara ülke teslim edilir mi? Daha önemlisi, kardeşlerim; Diyarbakır annelerini bir gün olsun ziyaret etmeyen böyle birisine Türkiye teslim edilir mi? Kim bunlar? Evlatları dağa kaçırılan, Kandil’e kaçırılan ve bu evlatlara taciz, tecavüz, her türlü ahlaksızlığın yapıldığı böyle bir yapı. O gözü yaşlı annelere bir gün olsun ziyaret dahi etmeyen bu bay bay Kemal, şimdi de kalkmış insanlık dersi veriyor. Sırf kendisine oy vermediler diye depremzedelere her türlü kepazeliği yapanları halen partisinde tutan birine bu ülke teslim edilir mi? Buyurun, ben Hatay’a 4 kez gittim. Defne yüzde 90 bay bay Kemal’e oy verdi, bize yüzde 8 verdi, ama biz buna rağmen Defne’ye Devlet Hastanesini bunlara rağmen yaptık, şu anda hasta kabulüne başladı. Niye? Az önce de ifade ettiğim gibi, halk içinde muteber bir nesne yok devlet gibi, olmaya devlet cihanda bir nefes sıhhat gibi. Bize oy versin-vermesin, biz ona bakmayız. Biz, orada insanlar yaşıyor mu? Yaşıyor. Sen kimsin? Bu ülkenin Devlet Başkanısın, bu yatırımı yapacaksın ve yaptık. Bizim farkımız bu. Bay bay Kemal aç, susuz bırakabilir, ama biz bırakamayız. Güvenliğimizi terör örgütlerine, ekonomimizi tefecilere, dış politikamızı yeminli düşmanlarımıza havale den birine bu ülke teslim edilir mi? Tek vaadi ülkeyi -hep atıyor- parlamenter demokrasi sistemine geçirmek olduğunu, bunun için de attığı adımı tutturamadı ve kampanyanın yarıdan fazlasında artık bunu unuttu, söylemedi, çünkü Meclis çoğunluğunu da malum kaybetti. Tabii başarılı bir hesap uzmanı, bu yönünü de unutmamak lazım ve böylesine de biz bu ülkeyi teslim edemeyiz. Ve hepsinden öte çok daha önemlisi, gurur kaynağımız olan savunma sanayine bile saldırdılar. Yatırımlarımıza saldırdılar, iş durdurma yoluna gittiler. Kredi noktasındaki kredi kaynaklarımızı tehdit ettiler, bak eğer siz kredi verirseniz, bunları size ödemeyeceğiz diyecek kadar ileri gittiler. Ne oldu? Ya bu dünya size kuruş vermez kuruş, delikli kuruş bile vermez. Londra’nın tefecileri kime para vereceklerini çok iyi bilirler. Ve şimdi sormak lazım, siz oturduğunuz binanın yönetimini, çalıştığınız yerin getir-götür işlerini, dükkânınızın anahtarını böyle birisine teslim eder misiniz? Hadi CHP’liler kendilerine girdiği her seçimi kaybettiren bu zatın nazını bir sebeple çekiyor diyelim, milletimizin kalanı niye buna mecbur olsun ki? Türkiye Cumhuriyeti Devleti’nin yönetimi önüne 5 Ankara Keçisi koysanız inanın kaybedip gelen bir adama burayı teslim eder mi? Hele hele Elmadağ’a gönderseniz hiç teslim etmez. Biz bu ülkede sokakta bulmadık. Hep birlikte ülkemizin geleceğini sahip çıkmak, en başta evlatlarımıza karşı sorumluluğumuzun bir gereğidir. Bunları söylerken elbette ülkenin ve milletin önünde çözüm beleyen sıkıntıları göz ardı etmiyoruz. Şimdi Karadeniz gazı dedik, doğal gaz bir ay süreyle ücretsiz dedik, vermeye başladık mı? Bir yıl boyunca doğal gaz dedik ki yüzde 25’iyle aynı şekilde faturadan düşürülecek dedik, düşülmeye başlıyor inşallah. Yaparsa… Bitmedi, bir adım daha var. Nedir o? Gabar, Gabar, yani bu terör örgütlerinin doğal gaz, petrol çıkarmadıkları o Gabar’dan biz petrolü bulduk mu? Ve şimdi oradan gelecek kaynakla da yeni bir adım atıyoruz, aile ve bu noktada gençlikle ilgili bankayı kuracağız, aile ve gençlik bankasıyla inşallah bu kaynakları buralarda değerlendireceğiz. Kira ve gıda yardımı konusunda da inşallah en büyük desteği bu kaynaklardan vereceğiz. Hiç endişeniz olmasın, Türkiye bambaşka bir yere doğru güçlü bir şekilde gidiyor ve bu gücümüzü de işte bu kaynaklardan alıyoruz, Londra’nın tefecilerinden değil. Emin olun, bunların çözümü bizde. Ülkenin imkânları çoğaldıkça bunları milletimizin emrine veriyoruz, Karadeniz’in doğal gaz bunun içinde, Gabar petrolü bunun içinde. Yatırım, istihdam, üretim, ihracat yoluyla ülkemizi büyüterek bunu yapıyoruz. Savunma sanayinde aynı şekilde. Teknolojide geldiğimiz seviyenin en güzel ifadesi olan savunma sanayi ürünlerimizin en büyük gelir kaynaklarından biri olduğunu hatırlatmak isterim. İşte İHA, SİHA, Akıncı, bütün bunların yanında Kızılelma ve TCG Anadolu Uçak Gemimiz, inşallah geliyoruz ve geldiğimizde de TCG Anadolu’nun bir üst segmentini de yapacağız. Ve bütün bunlarla Anka Türkiye’nin en önemli yine hava savunma değil, savaş uçaklarımızdan bir tanesi, Kaan aynı şekilde. Bütün bunlarla beraber durmak yok, yola devam ediyoruz. Pazar’a kadar, bak dikkat edin, Pazar’a kadar diyorum, ondan sonra da mezara kadar diyorum, tamam. Rabbim yar, yardımcımız olsun. Ve Pazar akşamı Ankara’dan büyük müjdeler bekliyoruz. Sağ olun, var olun, Allah’a emanet olun."
tccb_215,TCCB,cumhurbaskanligi,hatay,4_local_campaign,2024-02-03,"Sevgili Kardeşlerim, Zamanla yarışmak üzere önce şöyle butona basalım, hak sahiplerini inşallah belirlemeye başlayalım, hazır mıyız, ya Allah, Bismillah. Şimdi sürekli olarak gördüğünüz gibi burada isimler devam edecek, biz de zaman kaybetmeden konuşmaya başlayalım. Hayırlı olsun. Sevgili Hataylılar, Saygıdeğer Hanımefendiler, Beyefendiler, Geleceğimizin Teminatı Kıymetli Gençler, Sizleri en kalbi duygularımla, muhabbetle selamlıyorum. Yaklaşık bir yıl önce 6 Şubat gününün erken saatlerinde yaşadığımız Kahramanmaraş merkezli depremde kaybettiğimiz canların acısı ilk günkü tazeliğiyle yüreklerimizi yakmayı sürdürmektedir. Buradan depremde kaybettiğimiz 53 binin üzerindeki vatandaşımızın her birine Allah’tan rahmet, yakınlarına ve milletimize başsağlığı diliyorum. Asrın felaketinde yaralanan 107 binin üzerindeki vatandaşımıza da geçmiş olsun dileklerimi tekrarlamak istiyorum. Deprem, 11 ilimiz, 124 ilçemiz, 7 bine yakın köy ve mahallemizde ağır yıkıma yol açarken, 14 milyon vatandaşımız afetten doğrudan etkilendi. Öyle ki depremde yıkılan 39 bine yakın binanın 26 bininde arama-kurtarma faaliyeti yürütülmesi gerekmiştir. Ayrıca, 200 binden fazla ağır hasarlı binayla karşılaşılmıştır. Deprem bölgesine 1 milyon çadır gönderilmiş, 215 binin üzerinde konteyner kurulmuş, 349 bin haneye kira yardımı yapılmış, taşınma ve destek ödemelerinde bulunulmuştur. Büyük felaketler ve büyük acılar aynı zamanda milletlerin birliğinin, beraberliğinin, kardeşliğinin gücünün sınandığı dönüm noktalarıdır. Hamdolsun, milletimiz bu acı ve bir o kadar da tarihi sınamayı başarıyla vermiştir. Asrın felaketini asrın dayanışmasına dönüştürerek o zor günlerin geride kalmasını temin ettik. Devletimiz tüm imkânlarıyla anında harekete geçerken, Türkiye tek yürek, tek bilek olmuş, milletimiz depremzede kardeşlerinin yanına koşmuştur. Toplamda 650 bin personel deprem bölgesindeki müdahale çalışmalarında görev aldı. Aralarında 11 bin 500’ü yabancı ekip mensubu başta olmak üzere, 35 bin 250 arama kurtarma personelimizin, 142 bin güvenlik görevlimizin, sağlıkçılarımızın, madencilerimizin, ormancılarımızın, gönüllülerimizin bulunduğu bu kardeşlerimizin hepsine şahsım, milletim adına teşekkür ediyoruz. Aynı şekilde 20 bin iş makinesi ve araç, 141 helikopter, 182 uçak ve 23 gemi bölgede yürütülen çalışmalara katıldı. Deprem bölgesi geneline 150 bin tır yardım malzemesi gönderilirken, 20 milyon gıda kolisi dağıtıldı. Günde 4 milyon kişiye yemek hizmeti sunuldu. Esasen bu afet, bir yönüyle de dünyanın en büyük arama kurtarma ve iyileştirme operasyonudur. Yine afet sonrası hem enkaz kaldırma, hem yeniden inşa çalışmalarının en hızlı yürütüldüğü bir örneği beraberce yaşadık. Depremin ardından şehirlerine, ailelerine, işlerine, arazilerine sahip çıkarak şartların zorluğuna rağmen yerlerinden, yurtlarından ayrılmayan vatandaşlarımıza şükranlarımızı sunuyoruz. Yine kısa süreliğine ayrılsa da, geri dönüp, dört elle memleketine sarılan kardeşlerimiz de teşekkürü hak ediyor. Bu afet bize verdiği pek çok dersin yanı sıra, ülkemizde devlet-millet dayanışmasının aksi yöndeki tüm gayretlere rağmen en üst düzeyde olduğunu da göstermiştir. Sayısız insanımız ya kendi iradesiyle bizzat gelerek, ya çeşitli yollarla destek sağlayarak, en önemlisi de duası ve gözyaşıyla depremzede vatandaşlarımızın acısını paylaşmıştır. Böylesine vefalı, böylesine diğerkâm, böylesine fedakâr bir milletin evladı olmakla iftihar ediyoruz. Mutlulukların paylaşarak çoğalması gibi, acıların da paylaşarak katlanılır hale geldiğini yaşayarak gördük, öğrendik. Rabbim ülkemize ve milletimize bir daha böyle afetler yaşatmasın, böyle imtihanlara maruz bırakmasın diyoruz. Değerli Kardeşlerim, Hatay, can kaybı ve yıkılan bina sayısı bakımından depremden en büyük zararı gören şehrimizdir. Depremden sonraki ikinci gün Hatay’a geldiğimizde karşılaştığımız tabloyu asla unutmadık, unutmayacağız. İnsanlık tarihinin en kadim yerleşim yerleri arasında bulunan Hatay’ın yaşadığı yıkım gerçekten çok büyüktü. Bu büyük felaketin ardından Hatay’ın halini görüp gözleri yaşarmayanın, yüreği daralmayanın kalbi kurumuş demektir. Tabii depremin ardından önceliğimizi arama kurtarma faaliyetlerine, kış şartlarının daha da elzem hale geldiği acil ihtiyaçların karşılanmasına verdi. Hatay’da kurulan ve dağıtılan çadır sayısı 286 bini, konteyner sayısı 57 bini bulurken, 38 bin kişiyi de yurtlarda ve kamu tesislerinde misafir ettik. Ayrıca, kırsal bölgelerde 14 bin 664 konteyner kurarak 57 binin üzerinde insanımıza geçici yuva sağladık. Takip eden aylarda Hatay’ı tekrar tekrar ziyaret ederken, sizlere kaybettiğimiz canları elbette geri getiremeyiz, ama onun dışındaki tüm kayıpları telafi etmek boynumuzun borcudur sözünü vermiştik. Toprağa verdiğimiz canlarımızı Fatihalarla, dualarla, hüzünle yâd ederken, sizleri verdiğimiz sözleri birer birer yerine getirmek için de canla başla çalıştık, çabaladık. Bir yandan enkazları kaldırırken, diğer yandan süratle yeniden inşa ve ihya faaliyetlerine başladık. Bugüne kadar şehirde yıkılan 14 bine yakın binanın, acil yıkılacak ve yıkık yaklaşık 23 bine yakın binanın, ayrıca ağır hasarlı 56 binin üzerindeki binanın yüzde 97’sinin enkazlarını kaldırdık. Yapılan tespitler ışığında Hatay’da 135 bin 589’u konut, 15 bin 599’u işyeri ve 777’si ahır olmak üzere toplamda 150 bine yakın hak sahibi belirledik. Yapılan detaylı çalışmaların ardından deprem bölgesi genelindeki kesinleşmiş hak sahibi sayımız ise 390 bin olarak netleşmiştir. Bugünkü kura törenimizle 6 bin 572’si il ve ilçe merkezlerimizde, 703’ü de kırsalda olmak üzere 7 bin 275 hak sahibinin konutunun anahtarını teslim ediyoruz. Hak sahiplerimize yeni yuvalarının hayırlı, uğurlu, bereketli olmasını, evlerinde sağlıkla, huzurla, mutlulukla oturmalarını diliyorum. Şimdi isterseniz Hatay’da depremin ilk anından itibaren devlet-millet el ele yaptığımız çalışmaları şöyle kısaca hatırlayalım. …. Evet, görüldüğü gibi yalan üzerine bina edilen icraat değil, hakikat üzerine bina edilen inşa hareketi. Kardeşlerim, Bu daha başlangıç. Depremde zarar gören şehirlerimizi yeniden ayağa kaldırmak için çalışmalarımız devam kesintisiz sürecek. Bölge genelinde halen yapımı süren 40 bin konutu da inşaatı tamamlandıkça peyderpey hak sahiplerine teslim edeceğiz. İnşallah iki ay içinde deprem bölgesi genelinde 75 bin konutun teslimini bitireceğiz. Amacımız, takip eden dönemde de her 1y 15-20 bin konut ve köy evini hak sahipleriyle buluşturmaktır. Böylece temel atmasının üzerinden bir yıl geçmeden inşaatları bitirme sözümüzü önemli ölçüde yerine getirerek yılsonuna kadar 200 bin evi teslim etmiş olacağız. Hatay’da ve diğer deprem şehirlerimizde yeni yerleşim yerlerinin inşası ve yerinde dönüşümle tüm hak sahiplerinin evlerine veya işyerlerine kavuşmasını sağlayacağız. Defne Hastanesi ile ilgili ne dediler? Yok böyle bir şey dediler. Ne oldu? Biz Defne’yi yaptık mı? Yaptık. Açılışını da bizzat bu kardeşiniz bakanıyla, tüm ekibiyle gerçekleştirdi mi? Gerçekleştirdi. Çünkü biz yalan üzerine hiçbir zaman hakikati bina etmedik. Bu hususta vatandaşlarımız müsterih olsun, devletlerine ve bize güvensin. Kimsenin hakkı yerde kalmayacak, kimse mağdur olmayacak. Karşılıklı anlayışla, sabırla, gayretle, dayanışmayla üstesinden gelemeyeceğimiz hiçbir mesele yoktur. Esasen deprem bölgesindeki şehirlerimizde sadece konut ve işleri yapmakla kalmıyoruz, bu şehirlerimizin meydanlarını ve ana caddelerini, tarihi ve kültürel dokularına uygun şekilde yeniden düzenliyoruz. Yine bu şehirlerimizin altyapısını ayağa kaldırmak için İller Banka’mız vasıtasıyla mahalli idarelerimize 56 milyar liralık hibe desteği veriyoruz. İnşallah bu yaz ayları deprem bölgesi şehirlerimizde tam bir altyapı seferberliğiyle geçecektir. Depremin yol açtığı yıkımı, şehirlerimizin derlenip toparlanması, vizyon sahibi kentlere dönüşmesinin vesilesi kılmanın peşindeyiz. Çünkü bin yıllık vatanımız olan bu toprakları bizden sonra da asırlar boyunca hayatlarını sürdürmek üzere evlatlarımıza miras bırakacağız. Şehirlerimizi ne kadar tarihi ve kültürel zenginlikleri korunarak kimlikli yerleşim yerleri olarak geleceğe taşıyabilirsek, kendimizi o derece vazifesini hakkıyla yapmış sayacağız. Kardeşlerim, Yaşadığımız her felaket, maruz kaldığımız her saldırı, başımıza gelen her musibet bize milli birliğimizin ve devletimizin gücünün önemini hatırlatıyor. Cumhuriyet’imizin ilk asrının en büyük kazanımı, Hatay’ın vatan topraklarına katılmasıydı. Türkiye yüzyılında Hatay’ın da içinde bulunduğu vatanın her karışını üzerinde güvenle, huzurla, müreffeh şekilde yaşayacağımız bir ülke haline getirmenin mücadelesini veriyoruz. Sıkıntılarımız, eksiklerimiz yok mu? Elbette var, ama hamdolsun tek millet, tek bayrak, tek vatan, tek devlet, diye ifade ettiğimiz büyük ve güçlü Türkiye’ye ulaşma azmimiz hepsinin üzerindedir. Ülkemizin potansiyeli de, imkânı da, gücü de bu hedefe ulaşmamıza yeter. Tek ihtiyacımız, saflarımızı sıklaştırarak birlik ve beraberlik içinde çok çalışmaktır. Türkiye, bilhassa son 21 yıldaki atılımlarıyla siyasi, ekonomik, askeri olarak bölgesel ve küresel bir güç hâline gelme yolunda önemli mesafe kat etti. Şimdi bunu tekâmül ettirerek, ülkemizi her bakımdan dünyanın en güçlü 10 ülkesi arasına dâhil etme aşamasındayız. Hedeflerimize doğru azimle yürürken, deprem afeti, terör saldırıları, ekonomik tuzaklar başta olmak üzere önümüzdeki muhtemel tehditleri de birer birer bertaraf etme kararlılığındayız. Sözlerime son verirken, bugün 79 yaşında toprağa verdiğimiz Alev Alatlı Hanımefendi’nin milletimize emanet ettiği şu vasiyetini sizlerle paylaşmak istiyorum: “Güneş, her gün daha mütekabil bir dünyaya doğmaz. Tarih, ezelden ebede dümdüz uzanan doğrusal bir hat değil, devirli bir ulaşımdır. Gün olur en gerideki en öndekinden ileride olur, siz istihkâmlarınızı güçlendirin. Zor zamanları fırsata çevirin. Aziz ülkemizi ille de bir şeye benzetecekseniz, her budağından sürgün atan salkım saçak bir böğürtlen çalısına benzeteceksiniz. Bir sürgünü çiçeğe dururken, diğerinin kurumakta, ötekinin meyve vermekte olduğunu görün. Tek bir sürgüne takılıp kalmayın, bütününe bakmayı âdet edinin. Unutmayın ki, düz akılla anlaşılmaz, pergele, cetvele gelmez, kendine has bir kimliği vardır Türkiye’nin. Mademki son temsilcileriyiz gezegenin, iyiliği için yaşatılması elzem bir medeniyetin.” Allah rahmet etsin. Cenaze namazına katıldık ve ailesinden müsaade aldık, gecikmemizin sebebi de o oldu, Allah rahmet eylesin, mekânı Cennet olsun. Evet, binlerce yıllık medeniyet davamız Allah’ın izniyle kıyamete kadar sürecektir. Hatay’ımız başta olmak üzere ülkemizde topyekûn bu kutlu yolda teriyle, emeğiyle, gerektiğinde canıyla mücadelesine devam edecektir. Ne deprem ne terör, ne sınırlarımızı ve sabrımızı zorlayan alçaklar, ne de emperyalistlerin kirli emelleri bizi bu yoldan alıkoyamayacaktır. Unutmayın, La Galibe İllallah, diye çıktığımız bu yolu birlikte yürüyecek, hedeflerimize birlikte ulaşacağız. Bu duygularla kura ile yuvalarına kavuşan vatandaşlarımızı bir kez daha tebrik ediyorum. Biraz sonra açılışını yapacağımız Hatay Eğitim ve Araştırma Hastanesi ile İskenderun Devlet Hastanesi’nin şehrimize hayırlı olmasını diliyorum. Önümüzdeki 31 Mart seçimlerinin tüm ilçeleriyle birlikte Hatay’ımız için hayırlara vesile olmasını temenni ediyorum. Hepinizi sevgiyle, saygıyla selamlıyorum. Kalın sağlıcakla."
kmaras_val_200,Kahramanmaraş Valiliği,valilik,kahramanmaras,4_local_campaign,2024-02-26,"Çevre, Şehircilik ve İklim Değişikliği Bakanı Sayın Mehmet Özhaseki, Irak’ın kuzeyindeki Pençe-Kilit Harekâtı bölgesinde şehit düşen Kahramanmaraşlı Piyade Er Müslüm Özdemir’in depremde evi yıkılan ailesini yeni evlerinde ziyaret etti.
 
Çevre, Şehircilik ve İklim Değişikliği Bakanı Sayın Mehmet Özhaseki’ye ziyaretlerinde, Valimiz Mükerrem Ünlüer, önceki dönem Tarım ve Orman Bakanı Prof.Dr. Vahit Kirişçi, Kahramanmaraş Milletvekilleri Ömer Oruç Bilal Debgici, Tuba Köksal, Mevlüt Kurt, Mehmet Şahin, Büyükşehir Belediye Başkanı Hayrettin Güngör ve protokol mensupları eşlik etti.
 
Şehidimizin ailesine taziyelerini sunan ve Türk bayrağı takdim eden Bakan Sayın Özhaseki, evlerinde sağlıkla oturmaları temennisinde bulundu.
 
Burada bir değerlendirmede bulunarak 6 Şubat depremlerinde evleri yıkılan şehidimizin ailesine verdikleri ev sözünü yerine getirdiklerini belirten Çevre, Şehircilik ve İklim Değişikliği Bakanı Sayın Mehmet Özhaseki, ""Söz verdik, sözümüzü tuttuk. Kahramanmaraşlı şehidimiz Müslüm Özdemir evladımızın ailesine, depremde yıkılan evleri için köylerinde bir ev yapacağımızın sözünü vermiştik. Sözümüzde durduk. Ailemizin isteği üzerine, yıkılan evlerinin yerine köylerinde yeni evimizi kısa sürede tamamlayarak teslim ettik. Bugün de aziz şehidimizin kıymetli ailesinin yeni evlerine misafir olduk. Cenabıallah, Özdemir ailemize yeni yuvalarında hayırla oturmayı nasip etsin. Tüm şehitlerimizin emanetleri başımızın tacıdır. Rabbim şehitlerimizi Peygamber efendimize komşu eylesin"" diye konuştu."
kmaras_bld_0458,Kahramanmaraş Belediye,belediye,kahramanmaras,3_inter_election,2023-07-05,"Büyükşehir Belediyesi, Elbistan’da MÜSİAD Geçici Konaklama Merkezi’nde arterleri 8 bin 300 ton sıcak asfaltla yeniledi. 12 Milyon TL’lik yatırımla yolları yenilenen geçici barınma merkezinde ulaşım standardı artırıldı.

Depremzedelerin barınma ihtiyacını karşılamak için oluşturulan konteyner kentlerde alt ve üstyapı çalışmalarını sürdüren Kahramanmaraş Büyükşehir Belediyesi, Elbistan’ın Pınarbaşı Mahallesi’nde oluşturulan MÜSİAD Geçici Konaklama Merkezi’nde başlattığı asfalt serimini tamamladı. Toplamda 2 bin 100 afetzede aileye ev sahipliği yapacak konteyner kentte ana ve ara yollar toplamda 8 bin 300 ton sıcak asfaltla kaplandı. 12 Milyon TL’lik yatırımla yolları yenilenen geçici barınma merkezinde ulaşım standardı artırıldı. Büyükşehir Belediyesi’nden yapılan açıklamada, geçici konaklama merkezlerinin standartların artırılması noktasında alt ve üstyapı çalışmalarının kesintisiz devam ettiği belirtildi."
csb_0112,CSB,bakanlık,hatay,1_post_quake,2023-04-06,"BAKAN KURUM: TÜRKİYE ULUSAL RİSK KALKANI KAPSAMINDA 158 BİLİM İNSANIMIZ, UZMANLARIMIZ VE 13 KURULUMUZDAN OLUŞAN “BİLİM KURULU” ÜÇÜNCÜ KEZ İSTANBUL’DA TOPLANIYOR

Türkiye Ulusal Risk Kalkanı Toplantısı’nın üçüncüsü, Çevre, Şehircilik ve İklim Değişikliği Bakanı Murat Kurum’un katılımlarıyla 7 Nisan Cuma günü saat 15.00’de İstanbul Dolmabahçe Çalışma Ofisi’nde gerçekleştirilecek. Türkiye’nin direncini afetlere karşı artırma hedefiyle 360 derecelik bütüncül bir yöntemle kurgulanan Modelle ilgili uygulamaya konacak kararlar da toplantının sonunda açıklanacak. Her türlü afete yönelik alınan tedbirlerin bilimin ışığında ve bilim insanlarının önderliğinde alındığını vurgulayan Bakan Kurum, “Her türlü afete yönelik tedbirlerimizi bilimin yol göstericiliğinde alıyoruz. Kriz yönetim planımızı çok değerli bilim insanlarımızla hazırlıyoruz. Ulusal Risk Kalkanı Modeli tüm bu yönleriyle, büyük ülke Türkiye’ye yakışan, 360 derece düşünülmüş; halkımıza güven verecek dev bir projedir. Yükselen Anadolu, Kalkınma Öncelikli Kentleşme (KÖK) ve Ulusal Risk Kalkanı projelerimiz, Türkiye’nin ve İstanbul’un geleceğe güvenle bakmasını sağlayacak bir çözüm reçetesi olacaktır.” dedi. Resmî sosyal medya hesabından da bir video paylaşarak, bilim insanlarının katılımlarıyla gerçekleştirilen saha çalışmalarını kamuoyuna sunan Bakan Kurum, mesajında, “Yükselen Anadolu’muz için tüm dünyaya örnek olabilecek bir çalışmayla Ulusal Risk Kalkanı Modeli çatısında bilim insanlarımızla her türlü afete karşı tedbirler için çalışıyoruz. Kurul üyelerimiz deprem bölgesinde saha incelemesi yaptı. Yarın yapacağımız toplantıyla izlenimlerini, yapacaklarımızı konuşacağız!” dedi.

Kahramanmaraş merkezli depremlerin etkilediği 11 ilde ve deprem riski taşıyan İstanbul öncelikli olmak üzere tüm Türkiye sathında uygulanacak bir afet yönetim programı olan Ulusal Risk Kalkanı Modeli için sahadaki çalışmalar tüm hızıyla devam ediyor. Çevre, Şehircilik ve İklim Değişikliği Bakanlığının öncülüğünde, bugüne kadar deprem ve iklim değişikliğine bağlı afetlerin yönetimi konusunda ülkemizde yapılan en kapsamlı çalışmayı yürüten Ulusal Risk Kalkanı Modeli Bilim Kurulu; deprem, sel, heyelan gibi afetlere karşı Türkiye’nin direncini artırma hedefiyle, 7 Nisan Cuma günü saat 15.00’de İstanbul Dolmabahçe Çalışma Ofisi’nde bir kez daha toplanıyor.

Çevre, Şehircilik ve İklim Değişikliği Bakanı Murat Kurum’un da katılacağı toplantı özelinde kapanış konuşması da kamuoyuyla paylaşılacak. Çalışmalarına 3 Mart tarihinde başlanan proje kapsamında yapılan hazırlıkların, nisan ayı sonuna kadar, kamuoyuna sunulması hedefleniyor.

“Risk Kalkanı Bilim Kurulu sahaya indi”

Çevre, Şehircilik ve İklim Değişikliği Bakanlığının 31 Mart-3 Nisan tarihleri arasında düzenlediği saha gezisine katılan Bilim Kurulu, deprem bölgesinde bulunan 11 ilde, sahadaki mevcut durum üzerine incelemelerde bulundu. Bakanlığın Gaziantep’te bulunan Koordinasyon Merkezi’nde de çalışmalar gerçekleştiren Kurul, çalışma konularına ve uzmanlığa göre ayrılan 13 alt kurulu ile deprem bölgesinde ortaya çıkan durumu, sosyal politikalardan, hasar tespitine, enkaz kaldırma ve atık yönetiminden, zemin değerlendirmeye kadar ele alıyor. Deprem bölgesinde kalkınma sürecinin devamlılığını sağlayacak adımlar konusunda da çalışan Bilim Kurulu, diğer yandan tarihi ve kültürel mirasın taşıyıcısı olan mimari eserlerin korunması ve restorasyonu için de incelemeler başlattı. Uzmanlar, sahada elde edilen verilerin, Risk Kalkanı Modeli kapsamında tüm Türkiye’de meydana gelebilecek depremler ve olası İstanbul depremine karşı alınacak önlem ve yönetim esaslarının oluşturulmasında önemli bir ders niteliği taşıdığını ifade ettiler.

“Kültür varlıklarının karşılaşabileceği riskler tanımlanıyor, yenilikçi yapım sistemleri temel alınıyor”

Bakan Murat Kurum, üçüncü kez toplanacak Ulusal Risk Kalkanı Modeli Toplantısı öncesi resmî sosyal medya hesabından, Hatay’da bilim insanlarının enkaz alanlarında yaptığı incelemeleri özetleyen bir video paylaştı. Enkaz başında yapıları inceleyen uzmanların görüşlerine yer verilen videoda, yenilikçi yapım sistemlerinin temel alındığı ve acil müdahalelere devam edildiği bilgisi de paylaşıldı.

Risk Kalkanı Modeli Üyesi Oğuz Cem Çelik, “Depremde zarar gören kentlerin, Hatay da dâhil olmak üzere yeniden yapılaşmasında kullanılabilecek yenilikçi yapım sistemleri üzerine görüşlerimizi iletiyoruz.” ifadelerine yer verirken, Risk Kalkanı Modeli Üyesi Prof. Dr. Zeynep Gül Ünal da acil müdahale ve iyileştirme çalışmaları aşamasının devam ettiği bilgisini vererek, “Bu aşamada özellikle kültür varlıklarının karşılaşacağı risklerin tanımlanması, daha sonraki aşamalarda da ileride oluşabilecek risklerin yönetilebilmesi için tüm problemlerin net olarak ortaya konulması gerekiyor.” açıklamalarında bulundu.

Risk Kalkanı Modeli Üyesi Prof. Dr. Kadir Güler de, “Burada zaten izolatörlerin tespiti için oldukça rijit kolonlar inşa edilmiş durumda. Hastane yapılarında özellikle deprem aktivitesinin çok fazla olduğu bölgelerde isabetli bir tercih. Tasarım açısından gayet uygun. Hastanenin servis vermesi de hiç kesintiye uğramadan devam ettirilmiş.” tespitinde bulundu.

Risk Kalkanı Modeli Üyesi olan Japon Yüksek Mimar ve Yüksek İnşaat Mühendisi Yoshinori Moriwaki de videoda görüşlerine yer verilen uzmanlardan oldu. Kolon ve beton incelemelerinde bulunan Moriwaki, inşaat enkazındaki sıkıntıları tespit ederek gerekli bilgileri verdi.

Bakan Kurum, paylaştığı mesajında, “Yükselen Anadolu’muz için tüm dünyaya örnek olabilecek bir çalışmayla Ulusal Risk Kalkanı Modeli çatısında bilim insanlarımızla her türlü afete karşı tedbirler için çalışıyoruz. Kurul üyelerimiz deprem bölgesinde saha incelemesi yaptı. Yarın yapacağımız toplantıyla izlenimlerini, yapacaklarımızı konuşacağız!” ifadelerine yer verdi.

“Afet yönetiminde İstanbul ve Türkiye geneli için bugüne dek yapılan en kapsamlı program”

Çevre, Şehircilik ve İklim Değişikliği Bakanı Murat Kurum bilimin ışığında hazırlanan Ulusal Risk Kalkanı Modeli’nin tüm dünya için örnek bir çalışma olacağını belirtti. Kurum sözlerine şöyle devam etti:

“Bu ne ilk ne de son deprem. Çünkü ülkemiz bir deprem bölgesi. Dahası iklim değişikliğine bağlı olası afet senaryolarına açık bir coğrafyayız. Ama depremin ve diğer olası doğal afetlerin öncesi-sırası ve sonrasında atılacak doğru adımlarla çok daha az etkilenmek ve kayıpları en aza indirmek mümkün. Hazırlıklarımızı bilimin yol göstericiliğinde yapmak, her türlü afete yönelik tedbirlerimizi almak, birer kriz yönetim planı çıkarmak için çok değerli bilim insanlarımız, uzmanlarımız ve yöneticilerimizle çalışıyoruz. Ulusal Risk Kalkanı Modeli tüm bu yönleriyle, büyük ülke Türkiye’ye yakışan, 360 derece düşünülmüş, eksiklerimizi gideren, aldığımız dersleri yansıttığımız, tüm halkımızın huzur ve güven içinde yaşamasını sağlayacak dev bir projedir.

Bakan Kurum, deprem bölgesinde halkın en öncelikli gündemi olan barınma ihtiyacını çözmek üzere toplam 650 bin konutun inşasını öngören Yükselen Anadolu Projesi ve depremden ağır bir şekilde etkilenen 4 kent merkezinin kalkınma öncelikli kentsel dönüşümünü sağlayacak projelerin üretildiği Kalkınma Öncelikli Kentleşme (KÖK) Çalıştayları ile hızlı ve etkin bir sürece girdiklerini belirtti. Bakan Murat Kurum, “Yükselen Anadolu, KÖK çalışmaları ve Ulusal Risk Kalkanı projelerimiz, hem Türkiye’mizin hem de büyük bir deprem riskiyle karşı karşıya olan İstanbul halkının geleceğe güvenle bakmasını sağlayacak bir çözüm reçetesi olarak hazırlanmaktadır.” ifadelerini kullandı.

BİLGİ NOTU: “RİSK KALKANI MODELİ BİLİM KURULU NASIL YAPILANIYOR?”

Ulusal Risk Kalkanı Modeli Bilim Kurulu, toplam 158 üyeden ve 13 alt kuruldan oluşuyor. Türkiye’nin önde gelen üniversitelerinin öğretim üyeleri, kamu ve kamuya bağlı kuruluşlardan yöneticiler, mimarlar ve Bakanlık yetkilileri proje için bir arada çalışıyor. Kurul’da inşaat, jeoloji, maden, çevre, endüstri, ziraat mühendisliği gibi alanlardan isimlerin yanında şehir-bölge planlama, sosyoloji, psikoloji, tarih, iletişim, sağlık, hukuk gibi birçok farklı disiplinden uzmanlar da yer alıyor. Bilim Kurulu çatısı altında yer alan 13 alt kurulun başlıkları ise şöyle:

Destek Hizmetleri ve Sosyal Politikalar Kurulu, Hasar Tespit Kurulu Deprem ve Yer Bilimleri Kurulu Şehirleri İnşa ve İhya Kurulu, Kentsel ve Kırsal Dönüşüm Kurulu, Enkaz ve Atık Yönetimi Kurulu, Yeni Yapı Teknolojileri Kurulu, Coğrafi Bilgi Sistemleri ve Akıllı Şehirler Kurulu, Mekânsal Planlama Kurulu, Tarihi ve Kültürel Miras Kurulu, Kentsel ve Kırsal Altyapı Kurulu, Kriz Yönetimi ve İletişim Kurulu, İklim Dostu Yeşil Dönüşüm Kurulu. Bakan Murat Kurum’un başkanlık ettiği Bilim Kurulu’nun üyeleri arasında kamuoyunun yakından tanıdığı isimler de var. Deprem ve yer bilimleri alanlarının yakından takip edilen akademisyenleri Prof. Dr. Naci Görür, Prof. Dr. Şükrü Ersoy, Prof. Dr. Cenk Yaltırak’ın yanı sıra Tarihçi ve Yazar Murat Bardakçı, Yüksek Mimar ve İnşaat Mühendisi Yoshinori Moriwaki de kurulun üyeleri.

Ulusal Risk Kalkanı Modeli üçüncü toplantısında, alınan ve uygulamaya konulacak kararlar da açıklanacak.

Ulusal Risk Kalkanı Modeli ve Kurulların Görev Tanımları

Çevre, Şehircilik ve İklim Değişikliği Bakanlığı olarak sosyal konuttan kentsel dönüşüme, altyapı yatırımlarından millet bahçelerine, iklim değişikliğiyle mücadeleden çevre politikalarına ve sıfır atık konusuna kadar tüm alanlardaki çalışmalar bilimin ışığında yürütülüyor. Bu amaçla Ulusal Risk Kalkanı Modeli, topraklarının büyük bir kısmı deprem riski altında olan Türkiye’nin deprem, sel, heyelan, yangın gibi iklim krizinden kaynaklanan diğer bütün afetlere karşı hazırlıklı olması ve 6 Şubat depremlerinden hareketle afetlerle mücadele kapasitesinin her anlamda geliştirilmesi amacıyla kurgulandı. Model, ülkemizin afetlere dirençli şehirlere sahip olması amacıyla hayata geçirildi.

İlk anlardan bu zamana kadarki süreçte yürütülen çalışmalarda, deprem sonrası afet bölgesinde bulunan şehirlerimizin yeniden ihya ve inşası süreçleri, bilim insanlarımızın ve üniversitelerimizin katkıları ve destekleri ile bütüncül bir perspektifle devam ettirildi.

81 şehrin tamamına direnç katma hedefiyle oluşturulan Ulusal Risk Kalkanı Modeli kapsamında, kurulların görev alanları da tanımlandı. Görev alanları, risk yönetimi ve kriz yönetimi aşamaları dikkate alınarak belirlendi. Kurullarda; jeolojiden jeofiziğe, şehir bölge planlamadan inşaat mühendisliğine, mimarlıktan tarihe, hukuktan sosyolojiye, iktisattan afet yönetimine kadar birçok alanda bilim insanları yer alıyor.

13 kurulun kuruluş gerekçesi ve görevleri, aşağıdaki gibi tanımlanıyor:

1. Destek Hizmetleri ve Sosyal Politikalar Kurulu: Afetler meydana geldikten sonra yürütülmesi gereken en önemli hizmetlerin başında hiç şüphesiz arama-kurtarma, ilk yardım, gıda ve geçici barınma hizmetleri gelmektedir. Bu süreç afet yönetimi açısından oldukça kritiktir. Büyük bir iş birliği ve koordinasyon gerektirir. Böylece bu kurulumuz AFAD’la birlikte afetlere müdahale kapasitemizi geliştirme konusunda önemli bir rol üstlenecek.

2. Deprem ve Yer Bilimleri Kurulu: Bu kurulumuz aktif fay hatları üzerinde yer alan ülkemizin yer bilimleri açısından incelenmesini, yerleşime uygun olup olmadığının tespitini, zeminin depremlere karşı sağlam, güvenli ve hazırlıklı olup olmadığını belirleyecek.

3. Hasar Tespit Kurulu: Ülkemizdeki tüm yapı stokunun afetlere karşı dayanıklı olup olmadığının tespitini, afetin meydana geldiği bölgelerdeki hasar tespit çalışmalarının risk yönetim sürecine uygun bir şekilde yürütülmesi konusundaki stratejileri belirleyecek.

4. Enkaz ve Atık Yönetimi Kurulu: Afet sonrasında başta yıkıntı atıkları olmak üzere çok sayıda atık türü ortaya çıkmaktadır. Bu atıkların insan ve çevre sağlığına zarar vermeyecek şekilde imha edilmesi ve geri dönüşüme tabi tutulması konusunda çalışmalar yürütecek.

5. Şehirleri İnşa ve İhya Kurulu: Afetle birlikte şehirlerimizde meydana gelen tahribatı giderecek, TOKİ’mizle geçici ve kalıcı konutlar yapacak, şehirlerimizin yeniden inşası için gerekli olan bilimsel çalışmaları yürütecek.

6. Kentsel ve Kırsal Dönüşüm Kurulu: Dirençli şehirlerin inşası yolunda kentsel dönüşüm stratejilerini her şehrin kendi kimliğine göre belirleyerek; şehirlerin özgün kimliklerini koruyacak çalışmalar yapacak.

7. Mekânsal Planlama Kurulu: Afetlere duyarlı planlama yaklaşımlarının geliştirilmesine, yeni şehircilik çalışmalarında planlama sürecinin bir bütün olarak değerlendirilmesine, Türkiye Mekânsal Stratejik Planı çalışmalarına katkı sağlayacak.

8. Yeni Yapı Teknolojileri Kurulu: Afet riskli bölgelerdeki konutlar başta olmak üzere tüm yapıların yeni yapı teknolojileri ışığında sağlam ve güvenli bir şekilde inşa edilmesini sağlayacak.

9. Coğrafi Bilgi Sistemleri ve Akıllı Şehirler Kurulu: Depremden zarar gören illerimizin yeniden inşa ve ihya sürecinde teknolojinin bütün imkânlarını dijital ortamda sahaya yansıtacak, şehirlerimizde akıllı teknolojilerin daha etkin kullanılmasını sağlayacak.

10. İklim Dostu Yeşil Dönüşüm Kurulu: Afet bölgesindeki yeni şehircilik çalışmalarımızı iklim dostu yeşil dönüşüm vizyonu çerçevesinde hayata geçirecek, bütün şehirlerimizi iklim krizine karşı dirençli hale getirecek.

11. Kentsel ve Kırsal Altyapı Kurulu: Deprem bölgesinde ulaşımdan kanalizasyona, içme suyundan enerjiye kadar tüm altyapı çalışmalarını tamamlayacak. Bunun yanı sıra tüm yerleşim yerlerimizin altyapısını afetlere dirençli hale getirecek.

12. Tarihi ve Kültürel Miras Kurulu: Afet sonrasında kadim şehircilik geleneklerimizi temsil eden, istiklal mücadelemizin öncü şehirleri başta olmak üzere sahip olduğumuz tarihi ve kültürel zenginlikleri ecdadımızın aziz hatırasına sadık kalarak ihya edecek, şehirlerimizi kendi değerleriyle ayağa kaldıracak.

13. Kriz Yönetimi ve İletişim Kurulu: Afet sürecinde kamuoyunun doğru bilgilendirilmesini, etkin iletişim kanallarının kurulmasını, kriz yönetim sürecinin başarılı bir şekilde yürütülmesini sağlayacaktır."
csb_0767,CSB,bakanlık,adiyaman,5_post_local,2024-08-22,"ADIYAMAN MEYDAN PROJESİ’NDE ESNAFIN RIZASI ALINACAK

Çevre, Şehircilik ve İklim Değişikliği Bakanı Murat Kurum, Adıyaman’da 70 bin metrekarelik alanda devam eden Meydan Projesi için eylül ayından esnaftan görüş alınacağını belirterek, “Vatandaşımızın yüzde 70’inin talep etmesi durumunda burada işe başlayacağız. Aksi halde vatandaşımızın istemediği projeyi yapmayacağız” dedi.

Bakan Murat Kurum, Adıyaman’da yeni konutların yapıldığı en büyük şantiyelerden biri olan Atatürk Bulvarı Rezerv Alanı’ndaki konuşmasında deprem bölgesinde devam eden çalışmalar hakkında bilgi verdi. 11 ilde 302 bin konutun inşasının sürdüğünün altını çizen Bakan Kurum, “Son 50 günde, çok büyük bir gayretle; 29 bin yeni yuvamızın daha ihalesini yaptık, çalışmalarımızı başlattık. Eylül ayında 24 bin konutumuzu bitirip, teslim sayımızı 100 bine ulaştıracağız. Yılsonuna kadar toplamda en az 200 bin konutumuzu teslim etmiş olacağız” diye konuştu.

YIL SONUNA KADAR 19 BİN 314 KONUT VE İŞYERİNİ DAHA TESLİM EDİLECEK

Adıyaman’da şu ana kadar 8 bin 174 yeni konut ve iş yerini vatandaşlara teslim ettiklerini belirten Bakan Kurum, kentte yılsonuna kadar 19 bin 314 konut ve işyerini daha teslim etme sözü verdi. Kentte 70 bin metrekarelik alanda devam eden Adıyaman Meydan Projesi’nde yeni bir adımın daha atılacağını açıklayan Bakan Kurum, “Merkezde yapımı tamamlanmak üzere olan camimizi ve önündeki meydanı da Bakanlığımızın uhdesine alarak projemizle bütünleştireceğiz. Yine ecdadımızın emaneti olan, 500 yaşındaki Ulu Cami’miz için Bakanlık olarak destek veriyoruz. Ulu Camii’mizde yeniden ezan seslerini yükselteceğiz” ifadesini kullandı.

“ESNAFIMIZIN YÜZDE 70’İ İSTERSE PROJEMİZİ YAPACAĞIZ”

Projede esnafın rızası olmadan hiçbir adım atılmayacağını dikkat çeken Bakan Kurum şu bilgileri verdi:

Tüm Adıyaman’ın bütünleşeceği projeyi tasarladık. Eylül ayında rezerv alanla ilgili talepleri toplayacağız. Vatandaşımızın yüzde 70’inin talep etmesi durumunda burada işe başlayacağız. Aksi halde vatandaşımızın istemediği projeyi yapmayacağız. İş yerlerine ilişkin vatandaşımızın kaç metrekare alanı varsa Meydan Projesinde aynı alanı, aynı iş yerini vereceğiz. Bu süreçte vatandaşlarımıza taşınma ve kira yardımı vereceğiz. Ticaretin devamlılığı adına Meydan Projesi’nin yanı başındaki cami otoparkımıza iş yerlerimizi geçici olarak taşıyacağız.

Linke tıklayınız;

Linke tıklayınız;"
adiyaman_val_034,Adıyaman Valiliği,valilik,adiyaman,3_inter_election,2023-07-10,"Vali Dr. Osman Varol, İl Özel İdaresini ziyaret ederek Özel İdarenin Adıyaman’da kırsal kesime yönelik yaptığı yatırımlar ile alt ve üst yapı çalışmaları hakkında brifing aldı. 

İl Özel İdaresine gelişinde Vali Dr. Osman Varol’u Genel Sekreter Sami Işık, Genel Sekreter Yardımcıları ve Şube Müdürleri karşıladı. 

 Karşılama sonrası Vali Varol, İl Özel İdaresinin yaşadığımız deprem sonrası kırsal alanda yürüttüğü çalışmalar, kurumun vizyonu, misyonu, hedefleri, yürütülen projeler, araç ve personel durumu hakkında Genel Sekreter Sami Işık’tan bilgiler aldı.
 
Kırsal kesimde yaşayan vatandaşlarımıza hizmet odaklı kurumların başında İl Özel İdaresinin geldiğini kaydeden Vali Dr. Osman Varol, “Çalışma alanımızın büyük bir kısmını İl Özel İdaresi alıyor. Özel idarenin ortaya koyacağı performans, şehrimizin kırsal bölgelerinin kalkınmasına ve gelişimine önemli katkılar sağlayacaktır. Bugün Özel İdaremizi ziyaret ederek, Genel Sekreterimizden aldığımız brifing ile kurumun kırsala yönelik yaptığı yatırım ve çalışmaları yakından görme fırsatı bulduk. Bundan sonra da hep birlikte köylerimizde yaşayan vatandaşlarımıza nitelikli hizmetleri sunmanın ve yapılacak hizmetlerin kalitesini daha da yükseltmenin gayreti içerisinde olacağız. Devletimizin sağladığı imkanlarla 2023 yılında da aynı gayret ve duyarlılıkla halkımıza en iyi hizmeti götürme anlayışıyla çalışmalarımıza devam edeceğiz” dedi."
hatay_bld_0235,Hatay Belediye,belediye,hatay,4_local_campaign,2024-03-26,"Yağışlar nedeniyle olumsuzluklara karşı kentin her noktasında hazır bulunan Büyükşehir ekipleri, Narlıca Deprem Şehitliği Mezarlığı arkasındaki kanalın taşması ve yön değiştirmesi sonucu, mezarların zarar görmemesi için de tüm önlemleri aldı.

HBB yetkilileri, AFAD’ın olası bir tahliye kararına karşı Ulaşım, Makine İkmal ve Destek Hizmetleri Dairelerinin planlamalarını yaptıklarını belirtti."
kmaras_bld_1226,Kahramanmaraş Belediye,belediye,kahramanmaras,4_local_campaign,2024-02-28,"Büyükşehir Belediyesi tarafından Pınarbaşı mevkiinde hayata geçirilen Çamlıca Turizm Tesisleri’nin inşası tamamlandı. Çevre düzenleme ve peyzaj uygulamalarının ardından yeni yatırımın kısa süre içerisinde hizmete alınması planlanıyor.

Yeni Kahramanmaraş’ın imarı ve inşası noktasında alt ve üstyapı yatırımlarını hummalı bir şekilde sürdüren Kahramanmaraş Büyükşehir Belediyesi, bir yandan da 6 Şubat depremleri öncesi yapımına başladığı projeleri tamamlamaya devam ediyor. Bu kapsamda, Dulkadiroğlu ilçesi Pınarbaşı mevkiinde hayata geçirilen Çamlıca Restoran ve Sosyal Tesisi’nin inşası tamamlandı. Toplam 2 bin metrekarelik alan üzerine konumlandırılan tesis; 900 metrekarelik kapalı servis alanına sahip 2 katlı restoran ve kafeterya, oyun grupları, yeşil alan ve sosyal donatılarıyla misafirlerine hizmete hazırlanıyor. İnşası tamamlanan tesiste çevre düzenleme ve peyzaj uygulamalarında da sona gelindi. Doğayla iç içe eşsiz manzarasıyla misafirlerine konfor ve lezzeti aynı anda sunacak tesis, kısa süre içerisinde hizmete açılacak."
csb_0266,CSB,bakanlık,kahramanmaras,3_inter_election,2023-06-26,"BAKAN ÖZHASEKİ: TÜRKOĞLU'NDAKİ 3 KÖYÜMÜZDE YÖRESEL MİMARİYE UYGUN OLARAK 92 EV İNŞA EDİYORUZ

Çevre, Şehircilik ve İklim Değişikliği Bakanı Mehmet Özhaseki, 6 Şubat depremlerinin merkez üssü Kahramanmaraş’ın Türkoğlu ilçesine bağlı üç köyde yürütülen konut yapım çalışmalarını anlatan bir videoyu, resmî sosyal medya hesabından yayımladı. Bakan Özhaseki, paylaşımındaki mesajında, “Depremden etkilenen şehirlerimizde, vatandaşlarımızın huzurlu yuvalarına bir an evvel kavuşabilmeleri ve hayatın normale dönmesi için durup dinlenmeden çalışıyoruz. Türkoğlu'ndaki 3 köyümüzde yöresel mimariye uygun olarak 92 ev inşa ediyoruz. Hemşehrilerimiz inşallah kısa bir süre içinde yuvalarına yerleşecekler.” ifadelerini kullandı.

Kahramanmaraş merkezli 11 kentte yıkıma neden olan “bin yılın felaketi” 6 Şubat depremlerinden hemen sonra yapımına başlanan deprem konutlarının yapım çalışmaları aralıksız sürüyor.

İlk köy konutlarını depremden 76 gün gibi kısa bir sürede teslim eden Çevre, Şehircilik ve İklim Değişikliği Bakanlığı, Kahramanmaraş’ın Türkoğlu ilçesine bağlı üç köyündeki toplam 92 kalıcı konutun teslimi için de yoğun bir mesaiyle çalışıyor.

“Köy konutları, yaz aylarında sıcağa, kış aylarında ise soğuğa karşı yalıtımlı”

Bakanlık tarafından yayımlanan videoda görüşlerine yer verilen Proje Müdürü Mehmet Suat Şahin, “Şu anda bulunduğumuz yer Özbek Mahallesi... Bu mahallede toplam 41 konutumuz var. Kadıoğlu Çiftliği Mahallemizde 44, Kelibişler Mahallemizde ise 7 konutta çalışmalar sonlanmak üzere. Konutlarımız net 121 metrekare ve verandalı. Yaz aylarında sıcağa, kış aylarında da soğuğa karşı yalıtımlı. Konutlarımızı tamamlamak için yoğun bir tempoyla çalışmalarımız devam ediyor. Konutlarımızı 45 gün dâhilinde tamamlamak için yoğun bir tempoyla toplamda 700 personelle çalışmalarımız devam ediyor. Kadıoğlu Çiftliğimizin akabinde Özbek Mahallemizdeki 25 konutu Kurban Bayramı’na yetiştirmeye çalışıyoruz.” ifadelerini kullandı.

“Köy konutlarında yöresel mimariye uygunluk ve ferahlık gözetiliyor”

3 artı 1 planda, yöresel mimariye uygun olarak inşa edilen köy evleri; köy sakinlerinin ihtiyaç ve taleplerine uygun olacak şekilde tasarlanıyor. Köy konutları; geniş bir mutfağa, ferah bir salona, çocuk ve ebeveyn odalarına sahip yapısıyla talepleri karşılıyor."
kmaras_bld_0201,Kahramanmaraş Belediye,belediye,kahramanmaras,1_post_quake,2023-04-21,"Milli İrade Meydanı’nda düzenlenen programda şehir protokolü ve vatandaşlarla bayramlaşan Başkan Güngör, “Ramazan Bayramı’mızın hemşehrilerimiz, milletimiz ve tüm İslam coğrafyası için hayırlara vesile olmasını diliyorum. Bayramımızın tüm dünyaya huzur, barış, mutluluk getirmesini temenni ediyorum” dedi.

Kahramanmaraş Büyükşehir Belediye Başkanı Hayrettin Güngör, Tarım ve Orman Bakanı Prof. Dr. Vahit Kirişci ile Milli İrade Meydanı’nda düzenlenen bayramlaşma programına katıldı. Programda; Vali Ömer Faruk Coşkun, Garnizon Komutanı Tuğgeneral Emin Mehmet Terzioğlu, 27. Dönem Kahramanmaraş Milletvekilleri ve 28. Dönem Milletvekili Adayları, AFAD Başkanı Yunus Sezer, ilçe belediye başkanları, siyasi parti ve STK temsilcileri, kurum müdürleri ile vatandaşlar da yer aldı. Protokol üyeleri ve vatandaşların bayramlarını tebrik eden Başkan Hayrettin Güngör, “Tarım ve Orman Bakanımız Sayın Vahit Kirişci’nin katılımıyla gerçekleştirilen bayramlaşma programımızda şehir protokolümüz ve hemşehrilerimizle bir araya geldik, bayramlarını tebrik ettik. Tabi içimizde buruk bir sevinç var. 6 Şubat’ın hüznü içerisinde bir bayram geçiriyoruz ancak bayramlar hep birlikte güzeldir. Rabbim birliğimizi, beraberliğimizi ve dirliğimizi daim eylesin. Ramazan Bayramı’mızın hemşehrilerimiz, milletimiz ve tüm İslam coğrafyası için hayırlara vesile olmasını diliyorum. Bayramımızın tüm dünyaya huzur, barış, mutluluk getirmesini temenni ediyorum” dedi."
hatay_val_237,Hatay Valiliği,valilik,hatay,3_inter_election,2023-09-06,"Valimiz Mustafa MASATLI Başkanlığında, 06.09.2023 Çarşamba günü Antakya ilçemizin mahalle muhtarlarıyla bir toplantı gerçekleştirildi. Toplantıya Vali Yardımcılarımız, Antakya Kaymakamımız Abdullah AKDAŞ, Antakya Belediye Başkanımız İzzettin YILMAZ, Hatay Büyükşehir Belediyesi yetkilileri, ilçemizde hizmet veren kamu kurum kuruluşların müdürleri ile mahalle muhtarımız katıldı.

Toplantı, Sayın Valimizin depremde hayatını kaybeden muhtarlara Allah’tan rahmet, yakınlarını kaybedenlere de baş sağlığı temennileriyle başladı.

6 ve 20 Şubat depremlerinin en fazla yıkıma uğrattığı ilçelerimizden biri de Antakya olması nedeniyle bu yıkımın yaralarının sarılması için Valiliğimiz öncülüğünde belediyelerimiz, ilgili kurum ve kuruluşlarımız ile muhtarlarımızın çalışmalarıyla bugüne kadar ilçe geneli neler yapıldığı, nelerin yapılıyor olduğu ve nelerin yapılacağı,toplantının ana gündemini oluşturdu.Valimiz, “Mahallerimiz, ilçelerimizin en önemli parçasıdır. Her mahallemizi, eş zamanlı olarak ayağa kaldırıp orada yaşayan insanımıza umut ve merhem olmalıyız. Yaraları sarmadan, insanımızda oluşan travmayı hafifletmeden, onların ihtiyaçlarını ve beklentilerini ivedi bir şekilde karşılamadan görevlerimizi tam anlamıyla yapmış olmayız. Bu sorumluluk, burada bulunan herkesin omuzlarındadır. Zaman, hiç durmadan fedakârca çalışma zamanıdır. Devletimize ve milletimize karşı yükümlülüğümüzün gereğidir, bu.” dedi.

Muhtarlarımız, tek tek söz alarak sorumlu oldukları mahallelerindeki çalışmalardan bahsedip ihtiyaçlarının neler olduğunu dile getirdi. Diğer katılımcılar da sorumlulukları dahilindeki çalışmalar hakkında bilgi verdi.

Daha sonra mahallelerimiz için hazırlanan plan, proje ve çalışmalar hakkında izlenecek yol haritasının belirlendiği toplantıda Sayın Valimiz, ilgili müdürlüklere de bu konuda hiçbir gecikme ve ihmale düşülmemesi vurgusunda bulunarak gerekli talimatları verdi. Toplantının çok verimli geçtiğini ve kendilerini ifade etme fırsatı bulduklarını dile getiren muhtarlarımız, “Şu ana kadar yapılan hizmetler için Devletimize ve sizlere tüm içtenliğimizle teşekkür ediyor, şükranlarımızı sunuyoruz.” dediler."
kmaras_val_055,Kahramanmaraş Valiliği,valilik,kahramanmaras,3_inter_election,2023-08-20,"Valimiz Mükerrem Ünlüer; Büyükşehir Belediye Başkanı Hayrettin Güngör, İl Jandarma Komutanı Kıdemli Albay Tolga Yağan ve İl Emniyet Müdürü Nurettin Gökduman ile birlikte 6 Şubat depremlerinde hayatını kaybeden vatandaşlarımızın defnedildiği Kapıçam Mezarlığına ziyarette bulunarak vefat eden vatandaşlarımıza dualar etti.
 
Daha sonra depremde hasar alan Altınşehir Kuyumcu Kent binasında incelemelerde bulunan Vali Ünlüer, binanın durumu ve kuyumcu esnaflarımızın taleplerine ilişkin Kahramanmaraş Kuyumcular Odası Başkanı Mustafa Öz’den bilgiler aldı.
 
Dulkadiroğlu ilçemiz Akyar Mahallesinde yapımı hızla devam eden TOKİ konutlarında incelemelerde bulunan Vali Ünlüer ve Başkan Güngör, binaların son durumu hakkında bilgiler aldı.
 
Tarihi Kapalı Çarşımızda hizmet veren ayakkabıcı esnafımıza ziyarette bulunan Vali Ünlüer ve Başkan Güngör, esnafımızın sorunlarını ve taleplerini dinledi.
 
Depremlerde ağır hasar alan Kahramanmaraş Valiliği binasında da incelemelerde bulunan Vali Ünlüer, Kadim şehrimizde adımların hızlı bir şekilde atılacağını, Valilik binasının aynı yerinde tekrar inşa edileceğini ifade etti."
csb_0581,CSB,bakanlık,hatay,4_local_campaign,2024-03-19,"ÇEVRE, ŞEHİRCİLİK VE İKLİM DEĞİŞİKLİĞİ BAKANI ÖZHASEKİ: “235 MİLLET BAHÇESİNİ BİTİRDİK, 275’İNİ ÖNÜMÜZDEKİ GÜNLERDE BİTİRECEĞİZ”

Çevre, Şehircilik ve İklim Değişikliği Bakanı Mehmet Özhaseki, “500'ün üzerinde millet bahçesi projemiz var. 235'ini bitirdik, geriye kalan 275'ini de inşallah önümüzdeki günlerde bitireceğiz.” dedi.

Çevre, Şehircilik ve İklim Değişikliği Bakanı Mehmet Özhaseki, Hatay programı kapsamında Ziraat Park ve İskenderun Millet Bahçesi’nin açılışlarına katıldı. Sakarya Mahallesi'ndeki Ziraat Park'ta incelemelerde bulunan Bakan Özhaseki, 500’ün üzerindeki millet bahçesi projesinin 235’inin tamamlandığını ve 275’inin yakın zamanda bitirilmesinin hedeflendiğini ifade etti. Bakan Mehmet Özhaseki, 100 milyon metrekare yeşil alan projesi olduğunun altını çizerek, “Yeşil alanlar bir taraftan nefes aldığımız yerler ama bir taraftan da depremlerde toplanma yerleri. O yüzden Cumhurbaşkanımızın başlattığı millet bahçeleri projelerini sonuna kadar takip ediyoruz. Arıtma tesislerine destek veriyoruz. Biz iş başına geldiğimizde 145 tane arıtma tesisi vardı, şimdi Türkiye'de bine yakın arıtma tesisi var.” dedi.

“ÖMRÜMÜZ OLDUKÇA BU HİZMETLERE DEVAM EDECEĞİZ”

Daha sonra İskenderun Millet Bahçesi açılışını gerçekleştiren Bakan Özhaseki, “Bugün Antakya Merkez’de yaklaşık 6 bin konut için temel attık. 142 bin konutun inşaatı devam ediyor. 3 bin 600 konutun dağıtımını yaptık. Ziraat Park’ın açılışını gerçekleştirdik. Şimdi ise TOKİ’mizin yapmış olduğu, etrafı yemyeşil bir alanı açıyoruz. Ömrümüz açılışlarla, temel atmalarla ve hayırlarla geçiyor. İnşallah ömrümüz oldukça bu hizmetlere devam edeceğiz.” diye konuştu.

HEDEF, 81 ŞEHRE 100 MİLYON METREKARE MİLLET BAHÇESİ

81 şehre 100 milyon metrekare millet bahçesi hedefiyle yola çıkan Bakanlık, Türkiye’nin Büyük Ekolojik Dönüşümü için yeşil alan miktarını artırıyor. Türkiye genelindeki kişi başına düşen yeşil alan miktarını 14,21 metrekareden “2053 Net Sıfır Emisyon ve Yeşil Kalkınma” hedefleri kapsamında 17 metrekareye çıkarmayı hedefleyen Türkiye, Hatay’da ve tüm Türkiye’de iklim değişikliğine karşı çalışmalarını kararlılıkla sürdürüyor."
tccb_025,TCCB,cumhurbaskanligi,adiyaman,1_post_quake,2023-02-27,"Sevgili Adıyamanlılar, Saygıdeğer Genel Başkan, Değerli Misafirler, Sizleri en kalbi duygularımla, hasretle, muhabbetle selamlıyorum. Evet, bugün 21. günü artık geride bırakıyoruz, 22. gündeyiz. Ülkemizin 6 Şubat sabahı 04:17’de yaşamış olduğu o büyük felaketten bu yana gerçekten 10 bin artçı deprem yaşadık. Ve tüm Adıyaman’a, tüm bölgeye, tüm milletimize geçmiş olsun derken, hep birlikte vefat edenlerimiz için gelin birer Fatiha okuyalım. Depremden birkaç gün sonra 10 Şubat Cuma günü Adıyaman’a gelmiş, çadır kentimizdeki depremzede vatandaşlarımızla yaşadığımız felaketin acısını paylaşmaya çalışmıştık. Tabii o günden bugüne hamdolsun Adıyaman çok değişti. Dünyada eşi benzeri görülmedik şekilde üst üste yaşadığımız güçlü depremlerin ve artçıların yol açtığı yıkımların en çok etkilediği şehirlerimizden birisi de Adıyaman’dır. Sarsıntıların yıkıcı etkisi, olumsuz hava şartları, hasar gören altyapının getirdiği zorluklar gibi sebeplerle maalesef ilk birkaç gün Adıyaman’da arzu ettiğimiz etkinlikte çalışma yürütemedik. Bunun için sizden helallik istiyorum. Her şeyin farkındayız ve gereğini yaptığımızdan, yapacağımızdan kimsenin şüphesi olmasın. İlk günlerdeki sıkıntıların aşılmasıyla birlikte Adıyamanlı kardeşlerimizi yıkıntıların altından kurtarma ve yardım faaliyetlerini hızlandırdık. Bakanlarımızın, şehrimizde görevlendirdiğimiz kamu personelimizin, gönüllülerimizin, bir yandan arama-kurtarma, diğer yandan yardım çalışmalarını düzene soktuk. Deprem bölgesinin tamamında 44 bin 374 vatandaşımız vefat ederken, 115 bini aşkın vatandaşımız yaralı olarak yıkıntıların altından kurtarıldı. Adıyaman’da da çoğunluğu şehir merkezinde olmak üzere milletvekilimiz Yakup Taş’ın da aralarında bulunduğu 6 bin 13 vatandaşımız hayatını kaybetti, 17 bin 499 vatandaşımız da yaralandı. Hayatını kaybeden vatandaşlarımızın her birine tekrar Allah’tan rahmet, yakınlarına sabır ve başsağlığı, tedavisi süren yaralılarımıza Rabbimden acil şifalar diliyorum. Depremin ardından 62 bin 500 Adıyamanlı vatandaşımız yarısı İstanbul’a olmak üzere hava ve kara yoluyla diğer şehirlerimize tahliye edildi. Kendi imkânlarıyla başka yerlere gidenlere de her türlü kolaylığı gösterdik. Şehrimizde arama-kurtarma ve yardım çalışmalarında jandarmasıyla, polisiyle, askeriyle, sağlıkçısıyla, gönüllüleriyle, DSİ ve orman ekipleriyle 23 binin üzerinde personelimiz görev yaptı. Yürütülen çalışmalar için şehrimizde 1500’ün üzerinde iş makinesi görevlendirildi. Depremin ilk anından bugüne kadar kamu personeli, sivil toplum kuruluşu mensubu, gönüllüsü ve yabancı arama-kurtarma ekipleriyle insanımızın yanında yer alarak canla-başla çalışan herkese şahsım, milletim adına şükranlarımı sunuyorum. Bizlere gönderdikleri ayni ve nakdi yardımın ötesinde gönüllerini açan, dualarıyla destek olan kara gün dostlarımızın devlet başkanından ferdine kadar tamamına teşekkür ediyorum. Yaşadığımız zor günlerde samimiyetle yanımızda olan hiç kimseyi unutmayacak, onları hep kalbimizin ve hafızamızın en mutena yerlerinde muhafaza edeceğiz. Değerli Kardeşlerim, Depremin bölgesinin tamamında 185 bin 345 binadaki 553 bin 415 bağımsız bölümün yıkık, acil yıkılacak ve ağır hasarlı olduğu görüldü. Adıyaman’da ise 24 bin 497 binadaki 64 bin 349 bağımsız bölümün yıkık, acil yıkılacak ve ağır hasarlı olduğu tespit edildi. Arama-kurtarma çalışmalarının bitmesiyle birlikte enkaz kaldırma işleri hızlandı. Aynı şekilde zarar tespit işlemleri de tamamlanmak üzeredir. İlk günlerden itibaren kurulmaya başlanan çadır kentlerdeki yaklaşık 4 bin 600 çadırda 14 bine yakın vatandaşımız hayatını sürdürüyor. Ayrıca, 44 binden fazla vatandaşımıza da kendi evlerine yakın yerlerde kalabilmeleri için çadır dağıttık. Yurtlarımızda ve Milli Eğitim Bakanlığımıza bağlı okullarımızda yaklaşık 4 bin kişi barınıyor. Konteyner ve prefabrik yapılardan oluşan geçici barınma merkezlerinin kurulumuna da başladık. Adıyaman’da 16 bine yakın konteyner kurmayı planlıyoruz. İlk konteyner yerleşimlerinin faaliyete geçmeye başladığını görüyoruz. İnşallah kısa sürede isteyen vatandaşlarımızı nispeten daha iyi şartlara sahip konteyner ve prefabrik alanlara kavuşturacağız. Konteyner veya kira yardımı talep eden 70 bin Adıyamanlı kardeşimizden hiçbirinin mağduriyetine izin vermeyeceğiz. Kira yardımlarının alt tutarını 2 bin liradan 3 bin liraya çıkardık. Ayrıca, hiçbir ayrım yapmaksızın herkese 15 bin lira taşınma yardımında bulunuyoruz. Depremde vefat eden vatandaşlarımızın yakınlarına da acil ihtiyaçları için 100 bin lira veriyoruz. Felaketten etkilenen vatandaşlarımıza 10’ar bin lira ödeme yapıyoruz. Ülke genelinde ödeme yapılan kişi sayısı 1 milyona yaklaştı. Adıyaman’ın çeşitli bölgelerinde açılan sosyal marketler depremzedelerimizin ihtiyaçlarını karşılamaları için hizmet sunuyor. Yakacak odun ve kömür yardımları sürüyor. Ahırları yıkılan, hayvanları telef olan çiftçilerimizi de unutmuyoruz. Yem desteğinden telef olan hayvanların yerine yenilerinin teminine kadar her konuda çiftçilerimizin yanındayız. Değerli Kardeşlerim, Adıyaman genelinde altyapıyla ilgili sıkıntılar önemli ölçüde çözüldü, elektriği olmayan yer hemen hemen kalmadı. Onarılan hatlar ve kurulan depolarla su sorunu da hal yoluna sokuldu. Güvenli olduğu belirlenen yerlere etap-etap doğal gaz veriliyor. Sağlam binaların ve iş yerlerinin en kısa sürede kullanılabilir hale getirilmesi için gayret gösteriyoruz. Allah’ın izniyle Adıyaman için hemen şimdi diyerek şehrimizi beraberce yeniden inşa edeceğiz. Bu çerçevede merkezin Karadağ, Örenli, İndere, Eskiköy bölgelerinde, Gölbaşı Beşpınar'da, Kâhta Çobanlı ve Erikli'de, Tut, Fethiye'de yaklaşık 50 bin konut yapacağız. Mikro bölgeleme ve jeolojik etüt çalışması biten yerlerde hemen kızmayı vuruyor, inşaata başlıyoruz. Deprem bölgesi genelinde zemin etütleri tamamlanarak inşa aşamasına gelinen konut sayısı 309 bini buldu. Şubat ayı bitmeden inşası fiilen başlayan konut sayısı 14 bin 500’e ulaştı. Mart ve Nisan aylarında söz verdiğimiz konutlardan 234 binin daha inşası safhasına geçmiş olacağız. Örneğin Adıyaman’da sadece Mart ayı içinde yapımını başlayacağımız konut sayısı 30 bini bulacak. Tabii köylerdeki vatandaşlarımızı da ihmal etmiyoruz, deprem bölgesi genelinde 75 bin 681, Adıyaman’da ise konutuyla, ahırıyla, bahçesiyle 11 bin 400 köy evi yapacağız. Böylece kenti ve kırıyla bölgenin toplamında inşa edeceğimiz konut sayısı şimdiden 309 bine ulaşacak. Tabii bunlara altyapısıyla, okuluyla, sağlık merkeziyle, çarşısıyla, parkıyla, spor alanıyla, camisiyle bir yerleşim yerinin ihtiyaç duyacağı tüm müştemilatı da ilave edeceğiz. Hasar tespit çalışmaları bittiğinde bu rakamlar daha da yükselecektir. İl ve ilçe merkezlerinde yapacağımız konutları 3 veya 4 katı geçmeyecek binalarda 3 oda bir salon olacak şekilde şehirlerimizin özgün mimarisine uygun olarak planlıyoruz. Radye temel üzerine tünel kalıp sistemiyle inşa edilen TOKİ binaları hamdolsun depremden yüz akıyla çıktılar, bunun için yeni binaları da aynı sistemle yapacağız. İnşa edeceğimiz yerleşim yerlerini jeolojik, jeofizik, jeoteknik, hidrojeolojik, sismotektonik, morfolojik incelemeler ışığında yürütüyoruz. Şehirleri ovalardan dağlara doğru taşıyacak bir yerleşim modeli geliştiriyoruz. Fay hattına yakın yerler ile zemin sıvılaşması yaşanan bölgelerde kesinlikle yapılaşmaya izin vermeyeceğiz. Üniversitelerimizle, bilim insanlarımızla, mühendislerimizle, mimarlarımızla, şehir plancılarımızla yakın iş birliği içindeyiz. Her adımımızı şehirlerimizin kültürüne, sanatına, tabii ve tarihi dokusuna, sosyolojisine, demografisine göre atıyoruz. Eski yerleşim yerlerindeki ihya çalışmalarında asla yüksek binaya ve yoğunluğa müsaade etmeyeceğiz. Tarihi eserlerimize, kültür varlıklarımıza ayrı bir önem veriyoruz. Depremde zarar gören Adıyaman’daki, Hatay’daki, Gaziantep’teki, Kahramanmaraş’taki ve diğer şehirlerimizdeki camilerimizi, kiliselerimizi, kalelerimizi, tarihe vefa, geçmişe saygı anlayışıyla ihya edeceğiz. Sadece bugünü değil, bundan sonra karşılaşabileceğimiz felaketleri de ve etkilerini de gözeten bir anlayışla afet yönetim sistemimizi geliştireceğiz. Kentsel dönüşüm projelerini hızlandırma başta olmak üzere, tüm şehirlerimizi en kısa sürede ve mümkün olan en üst düzeyde afetlere hazırlıklı hale getirmek için ne gerekiyorsa yapacağız. Kardeşlerim, Depremin yıkıma ve can kaybına yol açtığı bölgelerdeki şehirlerimiz, ülke ve millet olarak bizim omurgamızın en önemli kısımlarıdır. Binlerce yıllık medeniyetlere ev sahipliği yapan, bin yıldır kardeşçe yaşadığımız bu şehirlerimizin ne boşalmasına, ne de yapısal değişime uğramasına göz yumamayız. Bunun için buradan deprem bölgesinde yaşayan, ancak şartların zorluğu sebebiyle diğer yerlere giden tüm vatandaşlarıma çağrıda bulunmak istiyorum; şehrinize sahip çıkın, ata yurdunuzu asla kalıcı olarak terk etmeyin. Yıkılan her konutun yerine daha iyisiyle, daha güzeliyle, daha güvenlisiyle yenisini yapıp sizlere vereceğiz. Yıkılan her köy evinin, her ahırın yerine daha moderniyle yenisini yapacağız. Zarar gören her fabrikayı, her işletmeyi, her dükkânı tekrar ayağa kaldıracağız. Adıyaman başta olmak üzere her bir şehrimize deprem öncesinden daha canlı bir ekonomi, daha canlı bir üretim, daha canlı bir ticaret, daha canlı bir turizm, daha canlı bir sosyal hayat, daha canlı bir tarım ve hayvancılık, velhasıl daha canlı bir gelecek kurmakta, daha bereketli bir iklim tesis etmekte kararlıyız. Bunun için sizlerden ve milletimden bir yıllık bir süre istiyorum. Allah’ın izniyle bugüne kadar vaatlerimizi nasıl yerine getirdiysek, asırlık demokrasi ve altyapı eksiklerini nasıl tamamladıysak, çözülemez denilen nice sorunun üstesinden nasıl geldiysek, yapılamaz denilen nice eserleri, hizmetleri nasıl ülkemize kazandırdıysak, inşallah depremin yaralarını da bir yıl içinde büyük ölçüde saracağımızın sözünü sizlerin huzurunda milletime veriyorum. Elbette her fani gibi bizim de kusurlarımız, eksiklerimiz, hatalarımız olabilir, ama her alanda ülkemize canla-başla hizmet verdiğimizi, milletimizin huzuru, refahı, güvenliği için gece-gündüz çalıştığımızı hiç kimse inkâr edemez. Asrın felaketi olarak tarif edilen 6 Şubat depreminde ölen canları tabii ki geri getiremeyiz, hamdolsun, bunun dışındaki her şeyi telafi edecek iradeye, tecrübeye, birikime, kudrete sahibiz. Van’da bu işi nasıl başardıysak, Bingöl’de bu işi nasıl başardıysak, Malatya’da, Gaziantep’te bunları nasıl başardıysak, Simav’da nasıl bunu başardıysak, velhasıl deprem bölgeleri İzmir’de nasıl bu işi başardıysak, şunu unutmayın ki, burada da aynı şekilde Allah’ın izniyle bunu başaracağız, yeter ki birliğimize, beraberliğimize, kardeşliğimize sıkı sıkıya sahip çıkalım. Ama dalkavuklara asla kulak asmayın. Bir taraftan AFAD’a saldıran, bir taraftan Kızılay’ımıza saldıran, birçok STK’larımıza saldıran bu dalkavuklara asla kulak asmayın. Sizinle yan yana olan kim, sizlerle beraber bu yolda yürüyen kim, onlarla beraber milletçe bu dirayeti gösterdiğimiz müddetçe Allah’ın yardımıyla hiçbir felaket, hiçbir saldırı, hiçbir tuzak bizi yıkamaz. Sözlerime son vermeden önce, ülkemizin en önemli tütün üretim merkezi olan Adıyamanlı kardeşlerimize bir müjde vermek istiyorum. Sarmalık kıyılmış tütünden aldığımız Özel Tüketim Vergisi’ni tütün cinsine göre farklılaştırmak için genel bir çalışma zaten yürütüyorduk. Ancak, deprem sebebiyle olağanüstü hal bölgesindeki illerimizde faaliyet gösteren sarmalık kıyılmış tütün üreten kooperatiflerimiz için hızlı bir düzenleme yapmayı kararlaştırdık. Bu kapsamdaki kooperatiflerimiz için kıyılmış tütün satışındaki yüzde 55 olan Özel Tüketim Vergisi oranını yarıya indiriyoruz, böylece üreticilerimiz şirketlere göre daha avantajlı bir şekilde ürünlerini pazarlama imkânı bulabilecektir. Hazine ve Maliye Bakanlığımız ile Ticaret Bakanlığımızın üzerinde çalıştığı düzenleme birkaç gün içinde hayata geçecek. Üreticilerimizin kazancında önemli bir artış sağlayacak bu düzenlemenin Adıyaman’ımıza ve bölgemize hayırlı olmasını temenni ediyorum. Bir kez daha Adıyaman’a ve deprem yaşanan tüm illerimizdeki vatandaşlarımıza geçmiş olsun dileklerimi sunuyorum. Sizleri sevgiyle, saygıyla selamlıyorum, kalın sağlıcakla."
hatay_bld_0866,Hatay Belediye,belediye,hatay,5_post_local,2024-11-23,"BAŞKAN ÖNTÜRK, ÖĞRETMENLER GÜNÜ’NÜ KUTLADI

Hatay Büyükşehir Belediye Başkanı Mehmet Öntürk, 24 Kasım Öğretmenler Günü dolayısıyla bir kutlama mesajı yayımladı.

Başkan Öntürk mesajında şu ifadelere yer verdi:

Gelecek, gençlerin; gençler ise öğretmenlerin eseridir. Millî birlik ve beraberliğimizin teminatı olan öğretmenlerimiz; topluma örnek davranışlarıyla, görüşleriyle ve özverili çalışmalarıyla bizlere ışık tutmaktadır. Ülkemizin geleceğini şekillendiren öğretmenlerimiz, aynı zamanda toplumu daha aydınlık yarınlara hazırlayan büyük bir görev üstlenmişlerdir.

Atatürk ilkeleri doğrultusunda Türkiye'yi çağdaş, güçlü ve parlak yarınlara taşımada en büyük emeği veren öğretmenlerimize ne kadar teşekkür etsek azdır. Eğitim neferlerimiz; bizleri eğiten, hayata hazırlayan, doğruyu ve yanlışı göstererek sabır ve sevgiyle çocuklarımızı yönlendiren değerli rehberlerimizdir.

Hz. Ali “Bana bir harf öğretenin kırk yıl kölesi olurum.” sözüyle öğretmenin ve öğrenmenin ne kadar değerli olduğuna vurgu yaparken bu şiarla 6 Şubat depremleri sonrası şehrimize koşarak gelip çocuklarımıza sarılan, en zor şartlar altında dahi öğrencilerimizi yalnız bırakmayan fedakâr öğretmenlerimize minnettarlığımızı bir kez daha dile getiriyoruz.

“GELECEĞİMİZ SİZE, ŞEHRİMİZ BİZE EMANET”

Geleceğimiz nasıl ki öğretmenlerimize emanet ise şehrimiz de bize emanettir. Birlikte inşa, ortak gelecek anlayışıyla memleketimizi eskisinden daha güzel günlere taşıyacağımıza tüm hemşehrilerimiz emin olsun.

Türkiye Yüzyılı’na yakışır şekilde, ülkemizin gelecekteki yıldızlarını yetiştiren tüm öğretmenlerimize, onların değerli ailelerine en derin sevgi ve saygılarımı sunarım.

Millet Mekteplerinin açıldığı ve Gazi Mustafa Kemal Atatürk'e Başöğretmenlik ünvanının verildiği bu anlamlı günde, 24 Kasım Öğretmenler Günü’nü en içten duygularımla kutluyorum. Ebediyete intikal eden öğretmenlerimizi ise şükran ve rahmetle anıyorum.

Not: Haberin görselini aşağıdaki linkten indirebilirsiniz:

Görsel: https://we.tl/t-WKKZ5olgzI"
kmaras_bld_1891,Kahramanmaraş Belediye,belediye,kahramanmaras,5_post_local,2024-09-30,"KASKİ koordinesindeki ekiplerce Onikişubat ilçesi Kılavuzlu bölgesinde yaklaşık 1 kilometrelik yeni içmesuyu hattının imalatı sürüyor. 6 Milyon TL’lik yatırımla bölgeye kazandırılacak yeni hatla birlikte Kavlaklı, Kazım Karabekir, Ceyhan, Hasancıklı ve Kılavuzlu mahallelerinin içmesuyu sorunu kalıcı olarak çözüme kavuşturulacak.

6 Şubat depremlerinde hasar alan şebeke hatlarının bakım ve onarımı noktasında şehir genelinde çalışmalarını yoğun bir şekilde sürdüren KASKİ Gene Müdürlüğü, bir yandan da Cumhurbaşkanı Recep Tayyip Erdoğan öncülüğünde şehre sağlanan yaklaşık 12 Milyar TL’lik kaynakla yerleşim yerlerine yeni altyapı hatları kazandırmaya devam ediyor. Daha sağlıklı ve güvenilir içmesuyu temini için şehrin muhtelif noktalarında altyapı imalatlarına devam eden KASKİ’nin çalışma gerçekleştirdiği lokasyonlardan biri de Onikişubat ilçesinde Kılavuzlu bölgesi oldu. KASKİ Genel Müdürlüğü koordinesindeki ekiplerce yaklaşık 1 kilometrelik yeni içmesuyu hattının imalatı gerçekleştiriliyor. 6 Milyon TL’lik yatırımla bölgeye kazandırılacak yeni hatla birlikte Kavlaklı, Kazım Karabekir, Ceyhan, Hasancıklı ve Kılavuzlu mahallelerinin içmesuyu sorunu kalıcı olarak çözüme kavuşturulacak. Yoğun bir şekilde sürdürülen çalışmaların kısa süre içerisinde tamamlanmasıyla yeni içmesuyu şebeke hattının hizmete alınması hedefleniyor."
kmaras_bld_0238,Kahramanmaraş Belediye,belediye,kahramanmaras,2_pres_campaign,2023-05-03,"Büyükşehir Belediyesi, Kuzey Park’ta geçici esnaf çarşısını hizmete hazır hale getirdi. 24 iş yerinden oluşan çarşıda ticari faaliyet kısa süre içerisinde başlayacak.

Hayatın normale dönmesi, ticaretin canlanması ve depremde iş yerleri hasar alan esnafların faaliyetlerini sürdürmesi için şehre geçici çarşılar kazandırmayı sürdüren Kahramanmaraş Büyükşehir Belediyesi, Onikişubat Hürriyet Mahallesi’nde bulunan Kuzey Park’a inşa ettiği geçici çarşıyı da tamamlayarak hizmete hazır hale getirdi. Her biri 30 metrekarelik 24 prefabrik iş yerinin kurulumunun ardından alanda asfalt ve çevre düzenleme çalışmaları da tamamlandı. Esnafların iş yerlerine taşınmasıyla birlikte çarşıda ticari faaliyetler başlayacak.

Bölgede Ticari Faaliyetler Başlayacak

Kuzey Park Geçici Esnaf Çarşısı’nın hayırlı olmasını dileyen Büyükşehir Belediye Başkanı Hayrettin Güngör, “Şehrimizin ihya ve inşası noktasında altyapıdan ulaşıma, üstyapıdan su hizmetlerine, barınmadan sosyal yardıma tüm alanlarda çalışmalarımızı kesintisiz sürdürüyoruz. Depremde iş yerleri hasar alan esnaflarımızın ticari faaliyetlerini sürdürmesi noktasında da kurum ve kuruluşlarımız ile kardeş belediyelerimizin destekleriyle geçici çarşılarımızın kurulumu devam ediyor. Büyükşehir Belediyesi olarak biz de Kuzey Park’a her biri 30 metrekarelik 24 prefabrik iş yeri inşa ettik. Geçici çarşımız hizmete hazır hale geldi. İnşallah esnaflarımızın da iş yerlerine taşınmasıyla bölgede ticari faaliyetler başlayacak” dedi."
tccb_181,TCCB,cumhurbaskanligi,hatay,3_inter_election,2023-11-18,"Milli Türk Talebe Birliği’nin Kıymetli Yöneticileri ve Mensupları, Aziz Kardeşlerim, Değerli Misafirler, Sizleri en kalbi duygularımla, hürmetle, muhabbetle selamlıyorum. Birliğimizin 62. Genel Kurulunun hayırlara vesile olmasını Allah’tan diliyorum. Kuruluşundan bugüne Milli Türk Talebe Birliğimizin çatısı altında mücadele eden, görev alan, hizmet veren herkese şükranlarımı sunuyorum. Bugün de aynı kutlu mücadeleyi sürdüren kardeşlerimizin her birine ayrı ayrı teşekkür ediyorum. Genel Kurulumuzda hizmet bayrağını devralacak olan kardeşlerime Rabbimden başarılar diliyorum. Bilindiği gibi, Milli Türk Talebe Birliği’nin kuruluşu 1916’ya kadar gider. Cumhuriyetin ilanından sonra da çalışmalarını sürdüren Birliğimiz, Hatay meselesinin en hararetli günlerinde aldığı aksiyon sebebiyle 1936 yılında kapatılmıştı. Yaklaşık 10 yıl sonra yeniden faaliyete geçen Milli Türk Talebe Birliği, 1965 yılına kadar ismine ve temsil ettiği misyona pek de uyuşmayan bir yönetimin elinde adeta bizar olmuştu. Daha sonra yeniden isminde ifadesini bulan milli bir çizgiye yönelen Birliğimiz, benzer pek çok sivil toplum kuruluşu gibi 12 Eylül darbesinin enkazı altında kalmıştır. Kalbi ülkesine ve milletin hizmet aşkıyla çarpan büyüklerimizin ve gençlerimizin ısrarlı takibiyle Birliğimiz 2008’de resmen tekrar faaliyete geçmiştir. Milli Türk Talebe Birliği, yaklaşık 107 yıllık tarihiyle ülkemiz gençliğinin önünde maziden atiye kurulan bir köprü olmayı sürdürmektedir. Çanakkale Savaşı döneminden başlayıp milli mücadele ve Cumhuriyetin çeşitli evrelerine kadar uzanan süreçte, Birliğimiz daima milletimizin saldırı altındaki değerlerinin savunucusu olmuştur. Türkçe hassasiyetinden Bulgaristan’daki Türk mezarlarının tahribine karşı çıkmaya, Hatay’ın anavatan katılması ısrarından Sovyet tehdidiyle mücadeleye, Kıbrıs meselesini sahiplenmekten Doğu Türkistan ve Kerkük’teki gelişmelere, Ayasofya’nın yeniden ibadete açılması davasından büyük Türkiye vizyonuna kadar gerçekten çok geniş bir yelpazede bunun örneklerini görmek mümkündür. Biz de gençlik yıllarımızda bu çatı altında pek çok faaliyete katıldık, pek çok kültür ve sanat programında bilfiil yer aldık. Fakir de burada Tesisler Müdürlüğü yaptı, Kültür Müdürlüğü yaptı. Ve özellikle de tabii üstadımızın jübilesiyle alakalı burada bir seçim yapıldı; tabii bu koltuklar o zaman yok, tahta koltuklar, burası tabii sahne ve 2 arkadaş finale kaldık. Bir arkadaşım o kendine göre çok uzunca bir üstadın takdimini hazırladı, ben de şöyle bir A4’ün yarısı kadar bir takdim hazırladım. Tabii üstadımızın bazı ifadeleri çok ağırdı ve diğer arkadaşıma onu yaptırmadı, görevi fakire verdi. Jübilesini Spor Sergi Sarayı’nda yapıyoruz, yani bugünkü Harbiye’de bulunan o salonun yerinde Spor Sergi Sarayı vardı, İstanbul’un en büyük spor salonu orasıydı, orada yapıyoruz ve tribünler çöktü, muhteşem bir katılım. Ve üstadımızın orada başlayan o jübile serüvenini İzmir, Ankara devam ettirdik. Tabii böyle bir süreç söz sonu. Şimdi Ayasofya’yı konuşuyoruz hep, Ayasofya da su terazisinin Sultanahmet’te önünde bulunuyoruz, konuşmacılar orada, miting meydanda tabii devasa ve o meydandaki mitingde az önce de söylendiği gibi üstadımız orada Ayasofya açılacak, Ayasofya açılacak, hem de nasıl açılacak diyerek o günden işaret fişeğini yaktı ve elhamdülillah Ayasofya’yı açmak da bizlere nasip oldu. Milli Türk Talebi Birliği’nin en önemli özelliği, ülkemizdeki milliyetçi ve mukaddesatçı gençlerin tamamını kucaklamayı başarabilmesidir. Kimi dönmelerde farklı ekollerin ağırlığı hissedilmiş olsa da, Birliğin genel olarak bu vasfını korumaya özen gösterdiğini görüyoruz. Bugün de Birliğimizden beklentimiz, gençlerimizin siyasi, sosyal, kültürel ve teknolojik olarak yoğun bir küresel bombardıman altında kaldığı şu dönemde aynı kuşatıcılığı sergilemeye devam etmesidir. Şu anda karşımda bulunan, spor salonunda bulunan tüm gençlerimizden benim ricam, benim istirhamım, aman ha şu kucaklayıcı vasfınızı asla kaybetmeyin. Bir olacağız, iri olacağız, diri olacağız, kardeş olacağız, hep birlikte Türkiye olacağız. Geleceğimizin sahibi ve teminatı olan gençlerimizi güçlü bir tarihi ve kültürel donanımla dünyaya hazırlayamazsak işimizi zora sokarız. İşte şu anda İsrail-Filistin olayını hep birlikte dünyada takip ediyoruz, neler olduğunu hep birlikte görüyoruz. Müslümanlar buna layık mı? Değil. Ama yanlışlarımız, eksiklerimiz var. Bakın, bütün Batı dünyası Haçlı emperyalist yapı bir arada, birbirinden ayrı yanları yok. Dün akşamki ziyaretimde de ne yazık ki bunları gördüm, Cumhurbaşkanında da bunu gördüm, diğerinde de. Yatıyorlar kalkıyorlar söyledikleri şey, Hamas da Hamas, Hamas da Hamas. Neymiş, 7 Ekim’de Hamas’ın o çıkışı işte bu hali ateşledi diyorlar. Tabii kendilerine şunu söyledim: Şu anda 13 bin çocuk, kadın, yaşlı İsrail tarafından öldürüldü, bunu niye konuşmuyorsunuz? İşte rehineler; tamam, İsrail’in elindeki rehineler ne olacak? 10 bine yakın İsrail’in elinde şu anda rehine var. Hadi Almanya olarak siz onları verme adımını atın, biz de şu anda Hamas’ın elindekilerini almanın gayreti içerisine girelim, var mısınız buna? Evet diyemiyorlar. Bir hafta sonra İsrail’e gidecek Cumhurbaşkanınız, atın bu adımı, ha biz de karşı adımı atalım, başka türlü bu olmaz. Ne olursa olsun dik duracağız, bundan taviz veremeyiz. Bireysel kariyeri peşinde koşmaktan başka ideali olmayan bir kitle, bizim istikbalimizi emanet edeceğimiz gençlik olamaz. Birlik, beraberlik, inanç, cesaret ve istikrar içinde hareket eden, ülkesini ve milletinin meselelerine kafa yoran, fikri ve bedeni yetkinliğiyle öne çıkan bir gençlik inşallah bu çatı altında kendini gösterecektir. Birliğimizin sembol isimlerinden üstadın, “zaman bendedir ve mekan bana emanettir” diye ifade ettiği şûra sahip bir gençliğin yetişmesi için üzerimize düşenleri yapmak bizim de boynumuzun borcudur. Hep söylediğimiz gibi, şu salondaki büyüklerimiz, bizim kuşağımız ve hatta bizden sonraki nesil, gençlerimizin zamanının misafirleri olarak biz buradayız, biz misafiriz şu anda, asıl sahipler burada, ona göre sizden beklentimiz çok fazla. İnşallah az önce içeride büyüklerimiz, gerek İsmail abi, gerekse diğer büyüklerimiz, yani burayı artık yıkalım, buranın yerine yeni bir Milli Türk Talebe Birliği inşa edelim diye bir ricada bulundular. Ve şu anda Fatih Belediye Başkanımız başta olmak üzere böyle bir adımın atılması için inşallah kısa sürede cebi şişkin olan kardeşlerim de tabii bu işe destek vermek suretiyle bu adımı atmak lazım. Bize düşen görev, gençlerimize adına Türkiye yüzyılı dediğimiz büyük, güçlü, müreffeh Türkiye’nin inşası için gereken altyapıyı kurmak ve imkanları sağlamaktır. Yani burada bir fiziki yapı inşa edilmesi gerçekten bu kurumun ideallerine yakışan bir adım olacaktır. Vatan topraklarındaki bin yıllık varlığımız ile binlerce yıllık medeniyet mirasımızın Allah’ın izniyle daha binlerce yıl devam edebilmesini ancak bu şekilde temin edebiliriz. Değerli Kardeşlerim, İnsanlığın en eski miraslarını bünyesinde barındıran bir coğrafyada hüküm sürüyoruz. Bu büyük ve şanlı mirasın sahibi olmak, aynı zamanda pek çok sorunu, sıkıntıyı, krizi göğüslemeyi de gerektiriyor. Sizlerin de takip ettiği gibi, ülkemiz adeta bir ateş çemberiyle çevrilidir. Türkiye bu ateş çemberi içinde siyasi, ekonomik, askeri, kültürel, sosyal her alanda dünyanın en ileri ülkelerinden biri olma hedefiyle yoluna devam ediyor. Fakat şunu unutmayalım: Haçlı-Hilal anlayışı bitmiş değil, bu aynen devam ediyor. Bu ateş çemberini yakanların ve sürekli körükleyenlerin tek bir gayesi vardır, o da Türk ve İslam dünyasının lokomotif ülkesi Türkiye’nin hedeflerine ulaşmasının önüne geçmektir, ama müsaade etmeyeceğiz. Sınırlarımız içinde ve çevresinde yaşanıp da ülkemiz aleyhine sonuçlar doğuran her faaliyetin gerisinde milletimizi bu topraklardan söküp atma niyeti olduğundan zerre kadar şüpheniz olmasın. Tabii bu topraklar derken kastımız geniş manada gönül coğrafyamızdır. Türkiye’nin sadece kendi sınırlarından ibaret bir ülke olmadığını hala kabul etmek istemeyen varsa ya gafildir ya da kafası ve kalbi başka mahfillere kiralanmış haindir. Dolayısıyla çevrimizi gönül coğrafyamızın ufkuyla bakmamız, yaşanan hadiseleri ona göre değerlendirmemiz gerekiyor. Suriye meselesi böyledir, Irak meselesi böyledir, Kıbrıs meselesi böyledir, Kafkaslar’daki her mesele böyledir, Balkanlar’daki her mesele böyledir, Güney Asya’daki her mesele böyledir. Doğu Akdeniz kıyılarından başlayıp Afrika’nın derinliklerine kadar inen her mesele böyledir. Hatta çeşitli ülkelere dağılmış olarak yaşayan 7 milyon vatandaşımız itibarıyla Avrupa’daki her mesele bizim için böyledir. Ve elbette Gazze’de yaşananlar ve Kudüs meselesi de böyledir. Her kim Suriye’den bize ne, Irak’tan bize ne, Karabağ’dan bize ne, Libya’dan bize ne, Bosna’dan bize ne, Kudüs’ten bize ne diyorsa, aslında bilerek veya bilmeyerek büyük Türkiye yürüyüşüne çelme takıyordur. Bir bilim insanı, “Eğitimi asla zekâ ile karışmayın, doktoranız bulunabilir ve yine de bir cahil olabilirsiniz” diyor. Ülkemizde de epeyce okumuş cahilin bulunduğu bir gerçektir. Buna karşı en büyük güvencemiz, milletimizin o köklü irfanıyla ülke ve dünya meselelerini deruni bir şekilde kavrayabiliyor olmasıdır. Türkiye’yi rotasından saptırmak isteyenler her girişim, her senaryo, her tuzak, her oyun, eninde sonunda milletimizin iman ve cesaret duvarına çarpıp akamete uğramıştır. Ne diyor şair: “İmandır o cevher ki ilahi ne büyüktür, imansız olan paslı yürek sinede yüktür.” Maruz kaldığımız her saldırının mutlaka bir maliyeti olmuştur. Zor da olsa ülkemizi büyük ve güçlü Türkiye rotasında tutabilmemiz, bize kayıplarımızı telafi etme imkânı sağlamıştır. Biz, İstanbul’da 1994 Mart’ından, ülke genelinde 2002 Kasım’ından itibaren işte bunun mücadelesini verdik. Sadece milletimizin 2 asra aşkın süredir yaşadığı kayıpların ve mahrumiyetlerin ikamesiyle kalmadık. Bunun yanında, önce 2023, ardından Türkiye yüzyılı vizyonuyla ülkemizi çok daha büyük hedeflere yönelttik. Hamdolsun, milletimiz bu mücadelede hep yanımızda yer aldı, bizleri destekledi. Türkiye güçlendikçe, her alanda kendi iddiasını ortaya koydukça, üzerine çektiği husumetlerin büyüklüğü de arttı. Güya aynı ittifaklar içinde yer aldığımız, aynı anlaşmalara taraf olduğumuz ülkelerin gizli veya açık blokajlarıyla karşı karşıya kaldık. Bilhassa son 10 yıldır önümüze çıkan siyasi, ekonomik, diplomatik, askeri engellerin sebebi işte bu tablodur. Bir de bunların içerideki uzantıları vardır. Bugüne kadar ne yaptıysak, hangi projeyi hayata geçirdiysek, hangi ilerlemeyi kaydettiysek, işte bu dış ve iç sabotajcılara rağmen bunları başardık. Gençlerimize bırakacağımız en önemli miras olarak gördüğümüz büyük ve güçlü Türkiye’nin temellerini böylece yükselttik. Gençlerimizin bu temel üzerinde ülkemizi ve milletimizi dünyada hak ettiği seviyele çıkartacağından şüphe duymuyorum. Kardeşlerim, Türkiye mutlaka güçlü olmak zorundadır. Bunun en bariz ispatı, yakın çevremizde son yılarda ardı ardına yaşanan insani krizler ve çatışmalardır. Suriye darmadağın, Irak kırılgan, Libya bütünlüğünü hâlâ sağlayamadı, Ukrayna topraklarındaki savaş sürüyor, Balkanlar’daki gerilim hiç düşmüyor. İsrail bölgedeki her devleti tahrik eder hale geldi, işi gücü bu. Avrupa ve Amerika kendi güvenlik ve refahları dışında hiçbir şeyi umursamıyor. İslam ülkeleri maalesef Kudüs meselesi gibi en temel konularda bile güçlü bir duruş sergileyemiyor. Türk Devletleri Teşkilatı giderek güçlenmekle birlikte, henüz arzu ettiğimiz seviyeye ulaşamadı. Tüm bu fotoğraf içinde Türkiye her alanda ve her konuda birlik, beraberlik, dayanışma sağlamak için çırpınıyor, uğraşıyor, çalışıyor. Karabağ’da elde edilen netice, birlik ve beraberlik halinde hareket edilmesinin nasıl sonuçlar doğurabileceğini Allah’a hamdolsun bizlere gösterdi. Üzüntüyle ifade etmem gerekir ki, Gazze meselesinde böyle bir güç birliği henüz oluşturamadık. Şayet bugün İsrail Gazze’de ve diğer Filistin şehirlerinde, hatta buralara komşu ülkelerde hunharca insan öldürebiliyorsa, bunun sebebi onun gücü değil, İslam aleminin dağınıklığıdır. Batılı ülkelerin yönetimleri adeta İsrail’in esiri olmuş durumdayken, aynı ülkelerin halklarında yaşanan uyanış ve giderek yükselen itirazlar bize insanlık adına umut veriyor. İngiltere’de caddelerin halini görüyorsunuz, Fransa’da görüyorsunuz, Amerika’da görüyorsunuz, dün Berlin’de görüyorsunuz; demek ki Ya Kahhar ismi şerifiyle bir başka uyanış tecelli ediyor. İsrail’in Gazze’de ve diğer Filistin şehirlerinde uyguladığı devlet ve işgalci terörü bir insanlık suçudur, soykırımdır. Şu anda 2 bini aşkın avukatla inşallah bu soykırımı bizler gerekli olan yerlere şikayetini yapacağız, bunun takipçisi olacağız, bu işi yarı yolda bırakamayız. Ve bu bedel ödenecek, ama ne yazık ki Parlamentomuzda bakıyorsunuz bir siyasi partinin genel başkanı aynen Netanyahu gibi konuşuyor. Şimdi bunlara cevabı verecek olan biziz. Neyle vereceğiz? Duruşumuzla vereceğiz, haddini bildireceğiz. Zira bu Parlamento’nun çatısı altında Netanyahu gibi konuşanlar olamaz, olmamalı. Söylüyorum, dün de söyledim, İsrail bir terör devletidir. Ve bu terör devletinin başında olan kişi de ne yazık ki İsrail’i şu anda adeta İsrail halkını isyan ettiriyor ve onları kendine karşı isyan ettirir hale getirmiştir, onun için eceli yakındır. Bu suçun mutlaka uluslararası düzeyde takip edilmesi, soruşturulması ve zalimlerin hak ettikleri cezaları almaları şarttır, aksi takdirde dünyada hiçbir birey, hiçbir toplum kendini güvende hissedemez. Arkasına Amerika ve Avrupa gibi güçleri alan her terör oluşumu insanları dilediği gibi katledecek, soykırıma varan vahşetler uygulayacaksa, dünya düzeni tümden bozulmuş demektir. Her bozuk düzen gibi bu düzenin de değişmesi kaçınılmazdır. Biz bu hakikatleri dile getirerek değişim talebini dünya gündemine taşıyarak ve görüştüğümüz her ülke temsilcisiyle paylaşarak üzerimize düşeni yapmanın gayreti içindeyiz. Zulme karşı duruşumuzu kalbimizle buğz etme yanında dilimizle ifade etmeye, elimizle düzelterek gösteriyoruz. Ama bunların hiçbirisini yapamıyorsak o zaman hep birlikte ne yapacağız? Buğz etmek suretiyle Rabbimize havale edeceğiz. Mısır üzerinden Gazze’ye gönderdiğimiz insani yardımlar, Gazze’den ülkemize getirdiğimiz yaralılar bu gayretin bir ifadesidir. Şu anda Kanser hastalarını 27 tane aldık yanlarında refakatçileri olmak üzere, cerrahi müdahale yapılması gerekenleri de bir an önce almanın gayreti içerisindeyiz, şu anda Mısır’la görüşmelerimiz bu istikamette devam ediyor. Ve malum 666 ton gemiyle insani yardımlarımızı gönderdik, bunun yanında 10 uçak dolusu yine yardımlarımızı gönderdik, gönderiyoruz. İnşallah Gazze’de yaşanan vahşet ve orada şehit olan 12 bini aşkın kardeşimizin fedakârlığı dünyada yeni bir uyanışa, yeni bir silkinişe vesile olacaktır. Allah’ın izniyle Gazze’de dökülen tek bir damla kan, akan tek bir damla gözyaşı bile boşa gitmeyecektir. Rabbimizin sizlere şer gözükenlerde hayır, hayır gözükenlerde şer olabileceği ikazının mucizesine inşallah bir kez daha şahitlik edeceğiz. Milli Türk Talebe Birliğimizin tarihi boyuna hep olduğu gibi bu silkinişin, bu uyanışın, bu dirilişini, bu inkılabın da gençlerimiz nezdinde bayraktarlığını yapacağına inanıyorum. Bu duygularla bir kez daha kuruluşundan bugüne Birliğimize emeği geçmiş herkesi şükranla yâd ediyor, Genel Kurulumuzun hayırlara vesile olmasını diliyorum. Hepinizi sevgiye, saygıyla selamlıyorum. Kalın sağlıcakla."
adiyaman_val_030,Adıyaman Valiliği,valilik,adiyaman,3_inter_election,2023-07-04,"Adıyaman Valisi Dr. Osman Varol, kalıcı iş yerleri tamamlanana kadar ticari faaliyetlerine kurulan konteyner çarşılarda sürdüren esnafları ziyaret etti.
 
Vali Dr. Osman Varol, asrın felaketini yaşadığımız Kahramanmaraş merkezli depremler nedeniyle iş yerleri yıkılan ve ağır hasar gören esnaflarımızın ticari faaliyetlerini sürdürebilmeleri için kurulan konteyner çarşılardan biri olan Sincan Çarşısında incelemelerde bulundu.
 
Vali Varol’a, Vali Yardımcısı Muhammet Tugay eşlik etti.
 
İlimiz ekonomisinin lokomotifi olan, şehrin kalkınması ve canlanmasında çok önemli rol üstlenen esnaflarımızın ihtiyaç ve taleplerini tek tek dinleyen Vali Dr. Osman Varol, esnaf ve vatandaşlarımızla sohbet ederek, bereketli kazançlar diledi.
 
 Depremin yaralarının bir an önce sarmak için tüm devlet olarak tüm imkanların seferber edildiğini dile getiren Vali Varol, ‘’Bugün depremde iş yerlerini kaybeden, ilimiz ekonomisinin can damarı olan esnaflarımızı ziyaret ettik. Kendilerine bol ve bereketli kazançlar diledik, ihtiyaç ve taleplerini dinledik. Devlet ve millet dayanışmasıyla bu yaraların sarılması için tüm gayretimizle çalışıyoruz. Şu anda merkezde 394 iş yeri esnaflarımızın hizmetine sunuldu. Bir yandan bu tür çalışmalar devam ederken bir yandan da kalıcı konutların ve kalıcı iş yerlerinin yapımı devam ediyor. Buradaki tüm amacımız şehrin eski dinamiğini yeniden yakalayıp kalkınma adına tekrar ayağa kalkmasını sağlamaktır. Bunun için de hep beraber var gücümüzle çalışıyoruz ve çalışmaya devam edeceğiz.” dediler."
csb_0013,CSB,bakanlık,kahramanmaras,1_post_quake,2023-02-13,"13 İLDE YÜRÜTÜLEN HASAR TESPİT ÇALIŞMALARI KAPSAMINDA 153 BİN 506 BAĞIMSIZ BİRİMİN ACİL YIKILMASI GEREKEN, AĞIR HASARLI VE YIKIK OLDUĞU TESPİT EDİLDİ

Çevre, Şehircilik ve İklim Değişikliği Bakanlığınca depremden etkilenen aralarında Kayseri, Niğde ve Kilis’in de yer aldığı 13 ilde yürütülen hasar tespit çalışmaları kapsamında şuana kadar 236 bin 410 bina da yer alan 1 milyon 279 bin 576 bağımsız birimde hasar tespit çalışması yapıldı. Yürütülen çalışmalar kapsamında 33 bin 143 binada yer alan 153 bin 506 bağımsız birimin acil yıkılması gereken, ağır hasarlı ve yıkık olduğu tespit edildi. 6 bin 849 binada yer alan 46 bin 640 bağımsız birimin orta hasarlı, 59 bin 995 binada yer alan 439 bin 647 bağımsız birimin ise az hasarlı, 108 bin 840 binada yer alan 535 bin 490 bağımsız birimin de hasarsız olduğu tespit edildi.

Çevre, Şehircilik ve İklim Değişikliği Bakanlığı, “Asrın Felaketi” olarak nitelendirilen Kahramanmaraş merkezli depremlerden etkilenen ve aralarında Kayseri, Niğde ve Kilis’in de bulunduğu 13 ilde hasar tespit çalışmalarını aralıksız sürdürüyor. Bakanlığa bağlı Yapı İşleri Genel Müdürlüğü 6 bini aşkın uzman ekibiyle deprem bölgelerinde çalışmalarına devam ediyor.

Bakanlık, bugün itibarıyla yapılan hasar tespit çalışmalarında 236 bin 410 binada yer alan 1 milyon 279 bin 576 bağımsız birimde inceleme yaptı. Yürütülen çalışmalar kapsamında 33 bin 143 binada yer alan 153 bin 506 bağımsız birimin acil yıkılması gereken, ağır hasarlı ve yıkık olduğunun tespit edildiği bildirildi. 6 bin 849 binada bulunan 46 bin 640 bağımsız birimin orta hasarlı, 59 bin 995 binadaki 439 bin 647 bağımsız birimin az hasarlı, 108 bin 840 binada yer alan 535 bin 490 bağımsız birimin ise hasarsız olduğu tespit edildi.

Bakanlık depremden etkilenen 13 ildeki hasar tespit çalışmalarına dair şu bilgilere yer verdi:

ADANA:

Adana’da toplam 3 bin 14 binada 59 bin 510 bağımsız birimde hasar tespit çalışması yapıldı.

Buna göre 23 binadaki 591 bağımsız bölümün acil yıkılması gereken ağır hasarlı ve yıkık olduğu tespit edildi. 117 binada bulunan 3 bin 175 bağımsız birimin orta hasarlı, 627 binadaki 15 bin 398 bağımsız birimin az hasarlı, 2 bin 107 binadaki 38 bin 687 bağımsız birimin ise hasarsız olduğu tespit edildi.

ADIYAMAN:

Adıyaman’da toplam 16 bin 581 binada yapılan çalışmada 65 bin 51 bağımsız birimin hasar tespit çalışması yapıldı. Çalışmalarda 3 bin 893 binadaki 20 bin 400 bağımsız birimin acil yıkılması gereken ağır hasarlı ve yıkık olduğu tespit edildi. 1490 binadaki 7 bin 104 bağımsız birimin orta hasarlı, 5 bin 593 binada bulunan 20 bin 350 bağımsız birimin az hasarlı, 3 bin 763 bina yer alan 8 bin 532 bağımsız birimin de hasarsız olduğu tespit edildi.

DİYARBAKIR:

Diyarbakır’da toplam 16 bin 759 binada 197 bin 66 bağımsız birimde hasar tespit çalışması yapıldı. 354 binada yer alan 4 bin 980 bağımsız birimin acil yıkılması gereken ağır hasarlı ve yıkık olarak tespit edildiği tespit edildi. 371 binadaki 6 bin 58 bağımsız birimin orta hasarlı, 3 bin 466 binada bulunan 54 bin 583 bağımsız birimin az hasarlı, 11 bin 31 binadaki 123 bin 655 bağımsız birimin ise hasarsız olduğu tespit edildi.

ELAZIĞ:

Elazığ’da toplam 1.782 binada 18 bin 333 bağımsız birimde hasar tespit çalışması yapıldı.

428 binadaki 2 bin 905 bağımsız birimin acil yıkılması gereken ağır hasarlı ve yıkık olduğu tespit edildi. 120 binadaki 646 bağımsız birimin orta hasarlı, 779 binada yer alan 9 bin 13 bağımsız birimin az hasarlı, 351 binadaki 5 bin 61 bağımsız birimin ise hasarsız olduğu tespit edildi.

GAZİANTEP:

Gaziantep’te toplam 81 bin 63 binadaki 314 bin 983 bağımsız birimde hasar tespit çalışması yapıldı.

9 bin 522 binadaki 22 bin 429 bağımsız birimin acil yıkılması gereken ağır hasarlı ve yıkık olduğu tespit edildi. 2 bin 598 binada bulunan 10 bin 71 bağımsız birimin orta hasarlı, 16 bin 240 binadaki 98 bin 733 bağımsız birimin az hasarlı, 41 bin 318 binada bulunan 154 bin 806 bağımsız birimin de hasarsız olduğu tespit edildi.

HATAY:

Hatay’da toplam 29 bin 352 binada 106 bin 930 bağımsız birimde hasar tespit çalışması yapıldı.

6 bin 316 binada bulunan 33 bin 647 bağımsız birimin acil yıkılması gereken ağır hasarlı ve yıkık olduğu tespit edildi. 846 binadaki 5 bin 817 bağımsız birimin orta hasarlı, 7 bin 770 binadaki 28 bin 728 bağımsız birimin az hasarlı, 12 bin 946 bina bulunan 33 bin 477 bağımsız birimin de hasarsız olduğu tespit edildi.

KAHRAMANMARAŞ:

Kahramanmaraş’ta toplam 32 bin 665 binada bulunan 144 bin 773 bağımsız birimde hasar tespit çalışması yapıldı. 6 bin 306 binada yer alan 36 bin 987 bağımsız birimin acil yıkılması gereken ağır hasarlı ve yıkık olduğu tespit edildi. 441 binadaki 3 bin 583 bağımsız birimin orta hasarlı, 9 bin 514 bina bulunan 57 bin 301 bağımsız birim az hasarlı, 12 bin 423 binadaki 32 bin 958 bağımsız birimin de hasarsız olduğu tespit edildi.

KAYSERİ:

Kayseri’de toplam 1.643 binadaki 62 bin 432 bağımsız birimde hasar tespit çalışması yapıldı. 25 binada bulunan 646 bağımsız birimin acil yıkılması gereken ağır hasarlı ve yıkık olduğu tespit edildi. 74 binadaki 2 bin 588 bağımsız birimin orta hasarlı, 737 binadaki 29 bin 633 bağımsız birimin az hasarlı, 787 binada bulunan 28 bin 955 bağımsız birimin de hasarsız olduğu tespit edildi.

KİLİS:

Kilis’te toplam 1.284 binada bulunan 11 bin 87 bağımsız birimde hasar tespit çalışması yapıldı. 402 binadaki 715 bağımsız birimin acil yıkılması gereken ağır hasarlı ve yıkık olduğu tespit edildi. 65 binada bulunan 565 bağımsız birimin orta hasarlı, 538 binadaki 6 bin 891 bağımsız birimin az hasarlı, 247 bina yer alan 2 bin 740 bağımsız birimin de hasarsız olduğu tespit edildi.

MALATYA:

Malatya’da toplam 15 bin 120 binada 99 bin 51 bağımsız birimde hasar tespit çalışması yapıldı. 4 bin 176 bina bulunan 22 bin 302 bağımsız birimin acil yıkılması gereken ağır hasarlı ve yıkık olduğu tespit edildi. 319 binadaki 3 bin 247 bağımsız birimin orta hasarlı, 3 bin 990 binadaki 32 bin 279 bağımsız birimin az hasarlı, 3 bin 385 binadaki 21 bin 832 bağımsız birimin ise hasarsız olduğu tespit edildi.

NİĞDE:

Niğde’de toplam 630 binadaki 12 bin 128 bağımsız birimde hasar tespit çalışması yapıldı. 18 binadaki 360 bağımsız birimin acil yıkılması gereken ağır hasarlı ve yıkık olduğu tespit edildi. 13 binada bulunan 418 bağımsız birimin orta hasarlı, 47 binadaki 739 bağımsız birim az hasarlı, 548 binada yer alan 10 bin 588 bağımsız birimin hasarsız olduğu tespit edildi.

OSMANİYE:

Osmaniye’de toplam 18 bin 184 binada bulunan 63 bin 663 bağımsız birimde hasar tespit çalışması yapıldı. 1.417 binadaki 6 bin 63 bağımsız birimin acil yıkılması gereken ağır hasarlı ve yıkık olduğu tespit edildi. 104 binadaki 937 bağımsız birimin orta hasarlı, 4 bin 735 bina bulunan 26 bin 637 bağımsız birimin az hasarlı, 11 bin 59 binadaki 27 bin 925 bağımsız birimin hasarsız olduğu tespit edildi.

ŞANLIURFA:

Şanlıurfa’da toplam 18 bin 333 binadaki 124 bin 569 bağımsız birimde hasar tespit çalışması yapıldı.

263 binada bulunan 1.481 bağımsız birimin acil yıkılması gereken ağır hasarlı ve yıkık olduğu tespit edildi. 291 binadaki 2 bin 431 bağımsız birimin orta hasarlı, 5 bin 959 binadaki 59 bin 362 bağımsız birimin az hasarlı, 8 bin 875 bina yer alan 46 bin 274 bağımsız birimin de hasarsız olduğu tespit edildi."
kmaras_bld_0138,Kahramanmaraş Belediye,belediye,kahramanmaras,1_post_quake,2023-04-03,"Avşar ve Karacasu Geçici Barınma Merkezlerini ziyaret eden, vatandaşlarla iftar yapan TBMM Başkanı Mustafa Şentop, “Bugün memnuniyetle öğrendim ki depremden sonra başka şehirlere giden vatandaşlarımızın da önemli bir kısmı geri dönmüş. Kahramanmaraşlı kardeşlerimizin bu anlayış ve şuurla hareket ettiğini gördüm. Bunun için çok teşekkür ediyorum” dedi.

Kahramanmaraş Büyükşehir Belediye Başkanı Hayrettin Güngör, bir dizi ziyaret ve incelemelerde bulunmak üzere şehre gelen Türkiye Büyük Millet Meclisi Başkanı Mustafa Şentop ile Avşar ve Karacasu Geçici Konaklama Merkezlerini ziyaret etti. Kahramanmaraş Valisi Ömer Faruk Coşkun, TBMM İçişleri Komisyon Başkanı Celalettin Güvenç, koordinatör valiler ve milletvekillerinin de yer aldığı ziyarette heyet, geçici barınma merkezlerindeki depremzedelerle de bir araya gelerek sohbet etti. Vatandaşların taleplerini dinleyen ve tek tek not alan Başkan Hayrettin Güngör, ihtiyaçların eksiksiz olarak karşılanması noktasında yoğun çalışmaların özverili bir şekilde devam ettiğini belirtti.

TBMM Başkanı Şentop’a Destek Teşekkürü

Programın devamında Başkan Hayrettin Güngör, TBMM Başkanı Mustafa Şentop ve beraberindeki heyet, iftarı da Avşar Geçici Konaklama Merkezi’nde depremzedelerle birlikte yaptı. İçişleri Bakanı Süleyman Soylu’nun da katıldığı iftar programında heyet, vatandaşlarla birlikte orucunu açtı. TBMM Başkanı Şentop’un Kahramanmaraş programı, Karacasu Geçici Barınma Merkezi’nde gerçekleştirilen hane ziyaretleri ile noktalandı. Ziyaret programı sonrası açıklamalarda bulunan Büyükşehir Belediye Başkanı Hayrettin Güngör, ziyaret ve destekleri için TBMM Başkanı Mustafa Şentop’a teşekkür etti.

Kalıcı Konutlar 1 Yılda Tamamlanacak

Meclis Başkanı Şentop, iftar sonrası yaptığı açıklamada, “Yaşanan afette hayatını kaybedenlere Allah'tan rahmet, yaralılara şifa diliyorum. Bugün memnuniyetle öğrendim ki depremden sonra başka şehirlere giden vatandaşlarımızın da önemli bir kısmı geri dönmüş. Kahramanmaraşlı kardeşlerimizin bu anlayış ve şuurla hareket ettiğini gördüm. Bunun için çok teşekkür ediyorum. İftarı çadırda yaptık ama inşallah önümüzdeki senenin ramazanında iftarlar evlerde yapılacak. Cumhurbaşkanımız bunu ifade etti. Bir yıl içerisinde kalıcı konutlar yapılacak. İnşallah önümüzdeki ramazan sizler evlerinizde olacaksınız, bizler de iftarda evlerinizde misafir olacağız” diye konuştu."
csb_0241,CSB,bakanlık,adiyaman,3_inter_election,2023-06-08,"Bakan Özhaseki: Şu anda 303 yerde millet bahçesi inşaatımız devam ediyor, ayrıca 180 yerde millet bahçesi inşaatımız bitmiş vaziyette açılışını bekliyor

Çevre, Şehircilik ve İklim Değişikliği Bakanı Mehmet Özhaseki, Adıyaman’da yaptığı konuşmada, “Sizler Cumhurbaşkanımıza ve bizlere, ‘Sizlerden Allah razı olsun. Her türlü sıkıntımızı giderdiniz.’ deyinceye kadar buralardayız ve buralardan ayrılmayacağız… Bizler büyük bir milletiz. Emin olun böyle bir afetin altından kalkacak dünyada başka bir millet yok. Bunu herkes bilsin. Böyle bir millete ait bir fert olmaktan, bir şahıs olmaktan dolayı da onur duyuyorum, gurur duyuyorum… Sonuna kadar sözümüzü yerine getireceğiz. Bundan hiç kimsenin endişesi olmasın. İlk etapta 319 bin konut planlandı… Şu anda 303 yerde millet bahçesi inşaatımız devam ediyor. Ayrıca 180 yerde millet bahçesi inşaatımız bitmiş vaziyette açılışını bekliyor. 9’lu, 10’lu guruplar halinde de açmaya devam edeceğiz. Buralarda nefes alacağız, buralarda hayat var. Ama bir taraftan da buralar Allah korusun bir felaket olduğunda bizim toplanma alanlarımız, barınma alanlarımız olacak…” dedi.

Çevre, Şehircilik ve İklim Değişikliği Bakanı Mehmet Özhaseki, 6 Şubat Kahramanmaraş merkezli depremlerden etkilenen Adıyaman ziyaretinde yaptığı açıklamada, “Emin olun böyle bir afetin altından kalkacak dünyada başka bir millet yok. Sonuna kadar sözümüzü yerine getireceğiz. İlk etapta 319 bin konut planlandı.” dedi.

Bakan Mehmet Özhaseki, bir dizi program ve incelemelerde bulunmak üzere geldiği Adıyaman’da Türkiye Çevre Haftası kapsamında düzenlenen “9 Milyon Fidan Toprakla Buluşuyor” etkinliğinde 9 şehirde yapımı tamamlanan millet bahçelerinin eş zamanlı toplu açılış törene katıldı.

Cumhurbaşkanı Recep Tayyip Erdoğan, programa video konferans sistemiyle canlı bağlantı ile katıldı.

“Sizler Cumhurbaşkanımıza ve bizlere, ‘Sizlerden Allah razı olsun. Her türlü sıkıntımızı giderdiniz.’ deyinceye kadar buralardayız ve buradan ayrılmayacağız.”

Programda konuşan Bakan Özhaseki, yeni kabinenin oluşmasının ardından ilk programı Adıyaman’da gerçekleştirdiklerini vurgulayarak, “Özellikle deprem bölgeleri içerisinde en çok hasara uğrayan illerimizden birisi de Adıyaman'ımızdı. Yaraları sarmak için o günden beri birçok arkadaşımız, Cumhurbaşkanımızın riyasetinde gayret ettiler. Kendilerinden Allah razı olsun, emeklerine sağlık. Ama Adıyamanlı vefakâr hemşerilerimiz, cefakâr hemşerilerimiz, kadirşinas hemşerilerimiz. Sizleri unuttuğumuzu zannetmeyin. Sizler Cumhurbaşkanımıza ve bizlere, ‘Sizlerden Allah razı olsun. Her türlü sıkıntımızı giderdiniz.’ deyinceye kadar buralardayız ve buralardan ayrılmayacağız.” ifadelerini kullandı.

“Depremin ilk anından itibaren tüm belediyelerimizi görevlendirdik”

Bakan Özhaseki, Kahramanmaraş merkezli depremlerin büyüklüğüne dikkati çekerek, şunları ifade etti:

“Bin yıldır hüküm sürdüğümüz, medeniyet kurduğumuz bu topraklarda başımıza gelen en büyük felaket 6 Şubat'ta gelen felaketti. Yani bin yılın felaketi olarak bunu söyleyebiliriz. 11 ilimizi etkiledi. 100’den fazla ilçemiz doğrudan etkilendi. Bin civarında köyümüz etkilendi bundan. Nihayetinde yıkılan, onarmak zorunda kaldığımız bina sayısı yaklaşık 850 bini buluyor. Bunlar kolay şeyler değil. Depremin ilk anından itibaren Sayın Cumhurbaşkanımız saat 4.30 gibi tek tek bölge Valilerini aradı. Bakan arkadaşlarımızı her bir bölgeye görevlendirildi. Akabinde valilerimiz, kaymakamlarımız, hepsi bu bölgelere geldiler, çalışmaya başladılar. Elbette bakanlıkların kendine has ilgili birimleri de Çevre, Şehircilik ve İklim Değişikliği Bakanlığı’mızda, İçişleri Bakanlığı’mıza bağlı kurumlar da bu bölgedeydiler. Ben o dönemde AK Parti'de Yerel Yönetimlerden Sorumlu Genel Başkan Yardımcısıydım. 808 belediyemizin tamamını görevlendirdik. Herkes en yakın deprem bölgesine koştu, elinden ne geliyorsa onu yaptı. Kayseri yakın olduğu için Kahramanmaraş'a koştu, Akdeniz Havzası Hatay'a koştu, Malatya'ya yakın olduğu için Elazığ'a koştu. İlk andan itibaren geldiler, tüm AK Partili belediyelerimiz buralardaki arama kurtarma faaliyetlerine katıldılar. İaşe lazımdı memleketlerinden getirdiler, su lazımdı getirdiler, çadır lazımdı kurdular, ellerinden ne geliyorsa yaptılar.”

“Emin olun böyle bir afetin altından kalkacak dünyada başka bir millet yok”

Deprem bölgesine tüm vatandaşların el uzattığını vurgulayan Bakan Özhaseki, “Milletimiz de o günden itibaren hep ayaktaydı. 85 milyonluk bu vatan topraklarında, akşam evinde bu bölgeleri gördükten sonra gözyaşları dökmeyen bir tek aile bile yoktur. Buna emin olun. Kampanyalara çocuklar bisikletlerini satarak katıldılar, anneler bileziklerini bozdurarak katıldılar. Yaşlı amcalar ‘Ben bu sene hacca gitmeyeyim, Allah nasip ederse bir daha giderim. Şu Hac için biriktirdiğim parayı ben o bölgeye göndereyim’ diyerek hepsi de katkıda bulundular. Bizler büyük bir milletiz. Emin olun böyle bir afetin altından kalkacak dünyada başka bir millet yok. Bunu herkes bilsin. Böyle bir millete ait bir fert olmaktan, bir şahıs olmaktan dolayı da onur duyuyorum, gurur duyuyorum.”

“Sonuna kadar sözümüzü yerine getireceğiz, ilk etapta 319 bin konut planlandı”

Bakan Özhaseki, afet bölgesinde yapılan konutlar hakkında bilgi paylaşarak, “Şu andaki tespitlerimize göre 680 bin konut, 170 bin de ahır, köy evi, depo, iş yeri yapmamız lâzım. Yani 850 bin civarında bağımsız bir birim yapmamız gerekiyor. Ama söz verdik. Başta Cumhurbaşkanımız dedi ki, ‘Hiç merak etmeyin, hepinizin zararını karşılayacağız.’ Allah'ın izniyle bizim sözümüz söz, arkasında duruyoruz. Sonuna kadar sözümüzü yerine getireceğiz. Bundan hiç kimsenin endişesi olmasın. İlk etapta 319 bin konut planlandı. 180 bin civarında ihale yapıldı. Biraz önce zaten burada başlayan inşaatlarda gezdik. Emin olun bazılarının, 5 katı bile neredeyse tamamlamış. Hızlı inşaatları gördükçe de Rabbimize çok şükür dedik ve devam edeceğiz. Sizler bize ‘Allah sizden razı olsun’ deyinceye kadar buralardayız ve hizmetimizi eksik etmeyeceğiz. Çünkü başta milletin adamı, sizin de seçimlerde sonuna kadar büyük destek verdiğiniz Cumhurbaşkanımız söz verdiler. Biz o sözü yerine getireceğiz. 22 yıl boyunca Sayın Cumhurbaşkanımız önce Başbakan olarak, sonra Cumhurbaşkanı olarak sizlere ne söz vermişse, milletimize ne söz vermişse Allah'ın izniyle hepsini yerine getirdik.” diye konuştu.

“Millet bahçelerini gruplar halinde açmaya devam edeceğiz”

Bakan Özhaseki, Türkiye’ye nefes aldıran millet bahçelerinin sayısının gün geçtikçe arttırılacağını ifade ederek, “Bizler emin olun o kadar çok millet bahçesi yapıyoruz ki, sadece burada sembolik olarak bir tanesinin açılışını yapıyoruz. Şu anda 303 yerde inşaatımız devam ediyor. Ayrıca 180 yerde de millet bahçesi inşaatımız bitmiş vaziyette açılışını bekliyor. 9’lu, 10’lu guruplar halinde de açmaya devam edeceğiz. Buralarda nefes alacağız, buralarda hayat var. Ama bir taraftan da buralar Allah korusun bir felaket olduğunda bizim toplanma alanlarımız, barınma alanlarımız olacak. Ayrıca bunun dışında sıfır atık konusunda, temiz deniz konusunda da envaiçeşit çalışmalarımız var. Bizler ‘kıyametin kopacağını dahi bilseniz fidan dikin’ diyen bir neslin, bir peygamberin ümmetiyiz. Bu sözlerimiz boşuna değil. O peygamberin ümmeti olarak bizler inşallah elimizden geldiğince dünyayı yemyeşil hale getireceğiz, tertemiz tutacağız ve çevremize de sahip çıkacağız.” şeklinde konuştu.

Cumhurbaşkanı Recep Tayyip Erdoğan’ın video konferans sistemiyle canlı olarak katıldığı programda Bakan Özhaseki beraberindeki heyetle Adıyaman Millet Bahçesi, Giresun Bulancak Millet Bahçesi, Düzce Cumayeri Millet Bahçesi Bursa Harmancık Millet Bahçesi, Bolu Gerede Millet Bahçesi, Afyonkarahisar Şuhut Millet Bahçesi, Adana Aladağ Millet Bahçesi, Sivas Şarkışla Millet Bahçesi, Erzincan Tercan ilçesi Camiişerif Millet Bahçesi olmak üzere toplam büyüklüğü 1 milyon 466 bin metrekare olan 9 millet bahçesinin açılış kurdelesini keserek vatandaşların hizmetine sunuldu."
csb_0433,CSB,bakanlık,hatay,3_inter_election,2023-11-13,"BAKAN ÖZHASEKİ: “HER ŞEY, ÇOCUKLARIMIZIN YÜZÜNÜ BİRAZ OLSUN GÜLDÜREBİLMEK İÇİN”

Çevre, Şehircilik ve İklim Değişikliği Bakanlığı, afetzede çocuklara depremin etkilerini bir nebze de olsa oyunlarla unutturmaya çalışıyor. Çocuklar, ara tatilde Bakanlık tarafından deprem bölgesinde düzenlenen etkinliklerle eğleniyor. Bakan Mehmet Özhaseki, ara tatilde de deprem bölgesindekiçocukların yanında olduklarını söyleyerek, “Her şey, çocuklarımızın yüzünü biraz olsun güldürebilmek için.” dedi.

Çevre, Şehircilik ve İklim Değişikliği Bakanlığı Eğitim ve Yayın Daire Başkanlığı, deprem bölgesindeki çocukların yüzünü bir nebze olsun güldürebilmek için ara tatil etkinlikleri düzenliyor. Hafta sonu Kahramanmaraş’ta başlayan ve bugün Hatay’da devam eden etkinliklerde, balon ve kukla gösterileri, karaoke, ‘tahmin et bakalım’ gibi çocukların katılım sağlayacağı aktivitelerin yanı sıra geleneksel oyunlar, dev jenga, sihirli labirent ile depremin çocuklar üzerindeki etkisinin azaltılması amaçlanıyor. Etkinliklerde ayrıca çocukları çevre konusunda bilgilendirmek ve geri dönüşümün önemini eğlenerek öğrenmelerini sağlamak amacıyla da atölye çalışmaları ve sahne gösterileri de düzenleniyor.

“HER ŞEY, ONLARIN BİR TEBESSÜMÜ İÇİN”

Çevre, Şehircilik ve İklim Değişikliği Bakanı Mehmet Özhaseki, sosyal medya hesabından yaptığı paylaşımda,ara tatilde de deprem bölgesinde çocukların yanında olduklarını söyledi. Bakan Özhaseki mesajında, “Her şey, çocuklarımızın yüzünü biraz olsun güldürebilmek için.” dedi.

“ARA TATİLDE, ARKADAŞLARIMIZLA EĞLENİYORUZ”

Çocuklar, oyun alanlarında çok eğlendiklerini söyleyerek, “Ara tatilde arkadaşlarımızla vakit geçiriyoruz, oyunlar oynuyoruz. Çok mutlu oluyoruz.” dedi. Çocuklar, ara tatilde düzenledikleri böyle bir etkinlik için Çevre, Şehircilik ve İklim Değişikliği Bakanlığı’na teşekkür ettiler.

ÇOCUKLARIN MUTLULUĞU AİLELERİNE MORAL OLUYOR

Çocuklar gün boyu çeşitli oyunlarla eğlenirken; çocukların mutluluğu ailelerine de moral oldu. Çocuklarının yüzlerindeki gülümseme için Çevre, Şehircilik ve İklim Değişikliği Bakanlığı’na teşekkür eden veliler, ara tatilde böyle bir etkinliğin düzenlenmesinin çok anlamlı olduğunu ve çocuklarının mutluluğuyla mutlu olduklarını ifade etti.

ETKİNLİKLER, 17 KASIM’A KADAR DEVAM EDECEK

İlki Kahramanmaraş’ta başlayan ve konteyner kentlere yakın uygun alanlarda düzenlenen etkinlikler, Hatay, Kilis, Gaziantep, Adıyaman ve Malatya’da 17 Kasım’a kadar sürecek."
csb_0530,CSB,bakanlık,kahramanmaras,4_local_campaign,2024-02-06,"ÇEVRE, ŞEHİRCİLİK VE İKLİM DEĞİŞİKLİĞİ BAKANI MEHMET ÖZHASEKİ: “BİZ SÖZ VERİNCE YAPARIZ”

Asrın felaketi olarak kayıtlara geçen 6 Şubat 2023 tarihindeki ikiz depremlerde büyük bir yıkım yaşayan Kahramanmaraş, tekrar ayağa kaldırılıyor. Çevre, Şehircilik ve İklim Değişikliği Bakanlığı, depremin hemen ardından TOKİ, Emlak Konut ve Yapı İşleri eliyle inşaatına başlayarak 1 yılda yapımını tamamladığı 9 bin 289 kalıcı konutu, bugün afetzedelere teslim etti. Çevre, Şehircilik ve İklim Değişikliği Bakanı Mehmet Özhaseki, depremin ilk gününden itibaren bölgede olduklarını belirterek, “Herkes evlerini alıncaya, sizler ‘Allah sizden razı olsun, hakkım helal olsun’ deyinceye kadar buradayız. Biz söz verince yaparız. Cumhurbaşkanımızın liderliğinde zaten bizler gece gündüz demeden koşuyoruz. Başkaları laf üretebilir ama biz iş yapıyoruz.” dedi.

Çevre, Şehircilik ve İklim Değişikliği Bakanlığı, asrın felaketinin üzerinden geçen bir yılda depremin vurduğu 11 ilden biri olan Kahramanmaraş’ta da büyük yıkımın izlerini silmeye devam ediyor. Hatay ve Gaziantep’in ardından bugün Kahramanmaraş’ta TOKİ, Emlak Konut ve Yapı İşleri eliyle yapımı tamamlanan 9 bin 289 kalıcı konut, afetzedelere teslim edildi. Yeni, sağlam ve güvenli konutlarına kavuşan depremzedeler büyük sevinç yaşadı.

Cumhurbaşkanı Recep Tayyip Erdoğan’ın teşrifleri, TBMM Başkanı Numan Kurtulmuş, MHP Genel Başkanı Devlet Bahçeli, İçişleri Bakanı Ali Yerlikaya ve depremzedelerin katılımıyla gerçekleştirilen ‘Kahramanmaraş Deprem Konutları Kura ve Anahtar Teslim Töreni'nde konuşan Çevre, Şehircilik ve İklim Değişikliği Bakanı Mehmet Özhaseki, sözlerine 6 Şubat depremlerinde hayatını kaybedenlerin yakınlarına baş sağlığı dileyerek başladı.

“BAŞIMIZ DİK, ALNIMIZ AÇIK”

Bakan Mehmet Özhaseki, hüznü ve mutluluğu bir arada yaşadıklarını belirterek, “Gerçekten acımız büyük ama bir taraftan da mutluyuz. Çünkü işe başladığımız, bugün bitirdiğimiz ve yavaş yavaş sizlere dağıtacağımız konutların teslim törenindeyiz. Başımız dik alnımız açık. Allah'a şükür geçtiğimiz bir yıl içerisinde depremden 15-20 gün sonra başlamak üzere altyapıyla, üst yapıyla ilgili gece gündüz demeden çalıştık, gayret ettik. Yavaş yavaş da şimdi evleri vermeye başlıyoruz. Sizler evlerinizde huzurla oturuncaya kadar buralardayız, gitmeyeceğiz.” dedi.

“MADDİ HASAR 104 MİLYAR DOLAR “

Türkiye’nin deprem ülkelerinden biri olduğunun altını çizen Bakan Özhaseki, “6 Şubat'ta 2 tane üst üste 9 saat arayla müthiş depremler yaşadık. 53 binden fazla insanımızı kaybettik. 11 il bundan etkilendi. Yıkılan konut sayısı 680 bin civarında. Maddi hasar ise 104 milyar dolar olarak ölçüldü.” ifadelerini kullandı.

“BÜTÜN MİLLET AYAKTAYDI”

Depremin hemen ardından yapılan çalışmaları hatırlatan Bakan Özhaseki, “Bütün bir millet ayaktaydı. Hacı parasını AFAD'a yatıranlar mı istersiniz, kumbarasındaki bozuk paraları getirip de AFAD’a yardım için yatıran çocuklarımızı mı istersiniz, Azerbaycan'dan birkaç tane battaniyeyi koyarak, eski aracıyla yola çıkanı mı dersiniz… Böyle bir milletin ferdi olmak hepimiz için bir şeref vesilesi. Ancak, bir de deprem turistleri vardı. Milyonlarca nüfusu olan şehirleri idare ediyorlar. Ellerinde envaiçeşit imkanlar var. Ama hiçbir şey yapmadılar. Sadece özel jetlerle gelip otuz, kırk tane basın mensubuyla selfiler çekindiler. Sonra da bırakıp gittiler.” diye konuştu.

“200 BİNDEN FAZLA KONUTUN İNŞAATINI BAŞLATTIK”

Bakan Mehmet Özhaseki, depremden sonra hiç boş durmadıklarını kaydederek, “İlk günlerde arama kurtarma faaliyetleri, iaşe ve ibate gibi bütün çalışmaları AFAD bünyesinde hep birlikte yaptık. Ondan sonra biz zeminleri kontrol ederek inşaatlara başladık. Şu anda 200 binden fazla konutun inşaatı devam ediyor. 50 bin köy evimiz çelikten olmak üzere şehir merkezinde de 50 bin konutun ihalesine girdik. Yani 300 binden fazla konutun inşaatı başladı ve bazıları da önümüzdeki günlerde başlayacak.” ifadelerini kullandı.

“YERİNDE DÖNÜŞÜM İÇİN KARDEŞLERİMİZE KAPIYI AÇTIK”

Şehir merkezlerinin de Çevre, Şehircilik ve İklim Değişikliği Bakanlığı tarafından yapıldığını belirten Bakan Özhaseki, “Merkezlere açılan ana caddeleri biz yapıyoruz. Yerinde Dönüşüm için müracaat eden kardeşlerimize kapıyı açtık. 1 milyon 500 bin liralık destek paketi açıkladık. İsteyen kardeşimiz yerinde, evini dönüştürebilecek. Ayrıca özellikle Kahramanmaraş, Hatay, Adıyaman ve Malatya olmak üzere deprem bölgeleri için 56 milyar liralık belediyelerimize hibe verdik, bölgenin altyapısını baştan sona sıfırdan yapıyoruz. 46 bin konutumuzu inşallah Sayın Cumhurbaşkanı'mızın teşrifleriyle kuralar çekerek vermeye devam ediyoruz.” dedi. Bakan Özhaseki, depremde altyapıyla ilgili hasar görmüş yerlerdeki su, kanal ve arıtma tesislerinin de yaz aylarından itibaren yeniden yapılacağını söyledi.

“BAŞKALARI LAF ÜRETİR, BİZ İŞ YAPIYORUZ”

Kahramanmaraş'ta 9 bin 289 konutun kurasının çekildiğini aktaran Bakan Özhaseki, sözlerini şöyle sürdürdü:

“50 binden fazla inşaata başladık. Zaten sizler de hafriyatları görüyorsunuz. Onikişubat ilçesinde, Dulkadiroğlu'nda, Türkoğlu'nda, Elbistan'da, Pazarcık'ta aklınıza gelecek her yerde inşaatlarımız devam ediyor. Depremin ilk gününden itibaren buradaydım. Şimdi de burada olmaya devam edeceğim. Herkes evlerini alıncaya kadar buradayız. Gitmek yok. Sizler ‘Allah sizden razı olsun, hakkım helal olsun’ deyinceye kadar buradayız. Biz söz verince yaparız.

Cumhurbaşkanımızın liderliğinde zaten bizler gece gündüz demeden koşuyoruz. Başkaları laf üretebilir. Dedikodu üretebilir. İftiravari sözler söyleyebilirler ama biz iş yapıyoruz. Bundan dolayı da mutluyuz.”

AZERBAYCAN MAHALLESİ’NDE TEMELLER ATILDI

Bakan Mehmet Özhaseki, daha sonra Azerbaycan’ın desteği ile bin 300 konut ve 837 ticarethane yapılacak olan Kahramanmaraş’ın Azerbaycan Mahallesi’nde incelemelerde bulundu. Cumhurbaşkanı Recep Tayyip Erdoğan, Bakan Özhaseki ve beraberindekilerin hazır bulunduğu Azerbaycan Mahallesi TOKİ Proje Alanı'na canlı bağlantıyla bağlandı. Bakan Özhaseki, “Bugün sadece Azerbaycan Mahallesi'nin temelini değil, aynı zamanda valilik ve belediye çevresinde bulunan ana caddelerin de temelini atıyoruz. Şu anda bulunduğumuz alanın büyüklüğü 320 dönüm, tam 5 bin 66 bağımsız birimin temelini atıyoruz. Azerbaycan Mahallesi'nde de 2 bin 122 bağımsız birim var. Azeri kardeşlerimiz bunlardan 1144'ünün temelini atıyorlar. Aynı zamanda 24 derslikli bir okul ve kültür merkezini inşa ediyorlar."" dedi. Daha sonra Cumhurbaşkanı Erdoğan, butona basarak Azerbaycan Mahallesi ile Trabzon Caddesi'ndeki konut ve çevre düzenlemesinin temeli atıldı."
csb_0527,CSB,bakanlık,hatay,4_local_campaign,2024-02-04,"ÇEVRE, ŞEHİRCİLİK VE İKLİM DEĞİŞİKLİĞİ BAKANI MEHMET ÖZHASEKİ: “SENE SONUNA KADAR 200 BİN KONUTUMUZU TESLİM EDECEĞİZ""

Çevre, Şehircilik ve İklim Değişikliği Bakanı Mehmet Özhaseki, “Bir hafta içerisinde 46 bin konutun teslimatını yapıyoruz. 2 ay içerisinde bu sayı 75 bine çıkacak. Sene sonuna kadar da inşallah 200 bin konutumuzu teslim edeceğiz.” dedi. AFAD’ın tespitlerine göre Gaziantep’te 17 bin civarında hak sahibi olduğunu söyleyen Bakan Özhaseki, “Ama biz 23 bin konuta başladık. 17 bin hak sahibine verilecek. Kalanlar da buralarda sosyal konut olarak kullanılacak. Yine sizlerin hizmetinde olacak.” diye konuştu.

6 Şubat Kahramanmaraş merkezli depremlerin ardından inşaatlarına başlanan ve kısa sürede tamamlanan afet konutlarının teslimi devam ediyor. Cumhurbaşkanı Recep Tayyip Erdoğan’ın teşrifleriyle dün Hatay’da gerçekleştirilen konut teslim töreninin ardından bugün de Gaziantep’te TOKİ ve Yapı İşleri eliyle yapılan 10 bin 698 kalıcı konut hak sahiplerine teslim edildi. Yeni konutlarına kavuşan Gaziantepli vatandaşlar büyük sevinç yaşadı.

“HEP BURALARDA, SİZLERİN YANINDA OLACAĞIZ”

Bugün Cumhurbaşkanı Erdoğan’ın canlı bağlantı ile katıldığı kura ve anahtar teslim töreninde Gaziantepli depremzedeler, devlet güvencesiyle inşa edilen sağlam, modern ve güvenli konutlarına kavuştu. Gaziantep’te yapılan 10 bin 698 kalıcı konutun anahtarlarını teslim etmek üzere İslahiye’de gerçekleşen kura ve anahtar teslim törenine katılan Çevre, Şehircilik ve İklim Değişikliği Bakanı Mehmet Özhaseki, 1 yılda 10 binden fazla evi teslim etmenin gururunu ve mutluluğunu yaşadığını söyledi. Bakan Mehmet Özhaseki, gece gündüz demeden deprem bölgesindeki çalışmaların depremzedelerin güvenli konutlarına geçinceye kadar devam edeceğini belirterek, “Hep buralarda olacağız. İnşaatların başında olacağız. Hep sizlerin yanında olacağız. Sizler ta ki ‘Allah sizden razı olsun. Bizim hakkımız helal olsun’ deyinceye kadar buralardan ayrılmayacağız.” diye konuştu.

“BÜTÜN BİR MİLLET AYAKTAYDI”

Depremin olduğu ilk andan itibaren herkesin seferber olduğunu ifade eden Bakan Özhaseki, “Bütün bir millet ayaktaydı. Evinde rahat, huzurlu bir şekilde çorbasını içen bir aile olduğunu zannetmiyorum. Çocuklar kumbaralarındaki paraları bozdurup bu bölgelere gönderdiler. Haccını erteleyen hacı amcalar, paralarını depremzedelere yolladılar. Böyle bir milletin üyesi, bir ferdi olmak Allah'a hamdolsun gurur ve şeref olarak bize yeter de artar bile.” şeklinde konuştu.

Bakan Mehmet Özhaseki, tüm ülkenin ayakta olduğunu ama bu sırada muhalefetin deprem turisti gibi bölgeye geldiğini hatırlatarak şunları söyledi:

“Koca koca partilerin genel başkanları, milyonlarca nüfusu olan şehirleri idare eden belediye başkanları, özel uçaklar kiralayarak deprem bölgelerine geldiler. Gazeteciler getirdiler. Yanlarındaki bu gazetecilerle selfiler çekindiler. Beyanatlar verdiler. Sonra da dönüp gittiler. Herkes nihayetinde vicdanıyla baş başa. Yarın Cenab-ı Hakk’a bunun hesabını herhalde vereceklerdir.”

“ŞEHİR MEYDANLARINDA KARTPOSTALLARA KONU OLACAK RESİMLER ÇIKACAK”

Bakan Özhaseki, depremin ardından Bakanlık olarak sağlam zeminlerde, zemin etüdünü doğru bir şekilde yaparak inşaatlara başladıklarını söyledi. 200 binden fazla konutun ihalesinin yapıldığını kaydeden Bakan Özhaseki, “İnşaatlar devam ediyor. Bir taraftan da şehir merkezlerini inşa ediyoruz. Şehirlerimizin meydanlarını Bakanlık olarak bizler yapıyoruz. Çünkü o şehrin meydanları herkese ait hatıraları barındırıyor ve orada kartpostallara konu olacak resimler çıkacak. Ana caddelerini bizler yapıyoruz, çelik evlerin ihalelerini hızla yapmaya devam ediyoruz. Yerinde yapmak isteyen kardeşlerimize de zaten yardım paketini açıkladık."" ifadelerini kullandı.

“ALTYAPI İÇİN 56 MİLYAR TL HİBE VERDİK”

Deprem bölgesinin altyapısı için 56 milyar liralık hibe verdiklerini belirten Bakan Özhaseki, bunları belediyelere hibe olarak verdiklerini, bu bölgelerde bütün altyapının yenileneceğini kaydetti.

“SENE SONUNA KADAR 200 BİN KONUT TESLİM EDECEĞİZ”

Yılsonuna kadar 200 bin konutun teslimini gerçekleştireceklerini söyleyen Bakan Özhaseki, “Bu bir hafta içerisinde 46 bin konutun teslimatını yapıyoruz. 2 ay içerisinde bu sayı 75 bine çıkacak. Sene sonuna kadar da inşallah biz 200 bin konutumuzu teslim edeceğiz.” dedi.

AFAD’ın tespitlerine göre Gaziantep’te 17 bin civarında hak sahibi olduğunu söyleyen Bakan Özhaseki, “Ama biz 23 bin 24 bin konuta başladık. 17 bin hak sahibine verilecek. Kalanlar da buralarda sosyal konut olarak kullanılacak. Yine sizlerin hizmetinde olacak.” diye konuştu.

“BİZLER İŞ ÜRETİRİZ, ÇALIŞIRIZ, SÖZ VERİRSEK YERİNE GETİRİRİZ”

Bakan Mehmet Özhaseki, konuşmasını şöyle sürdürdü:

“Biz bunları kolay yapmıyoruz, bir işler kolay olmuyor. İlk işe başladığımızda hatırlayın. 'Aceleniz neydi’ dediler. ‘Niye bir an önce inşaatlara başlıyorsunuz?' dediler. Hatta depremin ikinci günü koca koca genel başkanlarıyla siyasi partiler 'Bunlar depremin altında kalır merak etmeyin' dediler. Adeta seviniyor gibi çığlıklar atarak ortalarda gezdiler. Sonra da her yaptığımız işe bir bahane buldular. Niye erken başladığımızdan, daha sonra çıkardığımız kentsel dönüşüm yasasına. Rezerv alan ilan ederek inşaata başladığımız yerlerde 'milletin malına mı çökeceksiniz?' diyerek milleti tahrik etmeye kalktılar.

Şunu açıklıkla ifade ediyorum; devlet milleti için vardır, milletine hizmetkar olduğu zaman kıymetlidir. Bizler de sizlerin hizmetindeyiz, biz sözümüzü tutacağız. Başkaları laf üretir, dedikodu üretir, iftira üretir. Ama bizler iş üretiriz, çalışırız, söz verirsek inşallah yerine getiririz. Sayın Cumhurbaşkanımızdan böyle gördük ve böyle devam ediyoruz. Bugün burada kardeşlerimize evlerinde huzurla oturmalarını, cennet hayatı yaşamalarını diliyorum. Bundan sonra bir daha böyle afetler Cenab-ı Hak karşılaştırmasın diye dua ediyorum.”

Bakan Özhaseki, 17 bin hak sahibinin yaklaşık 11 binine bugün evlerinin verileceğini, kalanların ise en kısa sürede tamamlayıp törenle teslim edecekleri sözünü verdi.

Cumhurbaşkanı Recep Tayyip Erdoğan’ın da canlı bağlantı ile katıldığı kura çekim ve anahtar teslim töreninde, Gaziantepli depremzedeler yeni konutlarına kavuştu. Bakan Özhaseki, depremzedelerin yeni konutlarının anahtarını huzurlu oturmaları dilekleriyle teslim etti."
hatay_bld_0881,Hatay Belediye,belediye,hatay,5_post_local,2024-11-29,"REFÜJLERDE YENİDEN İHYA ÇALIŞMALARI

Hatay Büyükşehir Belediyesi (HBB), şehrin yeniden inşa ve ihyası için çalışmalarına hız kesmeden devam ediyor.

HBB Park Bahçe ve Yeşil Alanlar Dairesi Başkanlığı, Hatay Havalimanı- Antakya Habibi Neccar Kavşağı- Otogar- Defne Sinanlı Kavşağı güzergahlarında yer alan refüjlerde başlatmış olduğu bakım ve onarımın yanı sıra temizlik çalışmalarına da devam ediyor.

9 KM’LİK AĞAÇLANDIRMA PROJESİ BAŞLADI

Proje kapsamında HBB ekipleri, Antakya Otogar-Defne Sinanlı Kavşağı arasında yer alan 9 km’lik orta refüjde de ağaçlandırma çalışmalarına başlayarak çim serimi, ağaçlandırma ve otomatik sulama tesisatı döşeme işlemlerini sürdürüyor.

ÇALIŞMALAR GECE GÜNDÜZ YÜRÜTÜLÜYOR

Gece gündüz yürütülen çalışmalara; Zabıta, Yol Bakım ve Altyapı Koordinasyon, Ulaşım, Çevre Koruma ve Kontrol Dairesi Başkanlıklarının destek verdiklerini aktaran HBB yetkilileri, sökülen bitkilerin ihtiyaç duyulan alanlarda değerlendirmek amacıyla Park Bahçe ve Yeşil Alanlar Dairesi Başkanlığına ait bitki üretim tesisinde bulunan seralarda koruma altına alındığını da vurguladı.

Not: Haberin video ve fotoğraflarını aşağıdaki linklerden indirebilirsiniz:

Video: https://we.tl/t-qTb2xA9NKH

Fotoğraf: https://we.tl/t-asae2ybXXJ"
kmaras_bld_1256,Kahramanmaraş Belediye,belediye,kahramanmaras,4_local_campaign,2024-03-13,"Büyükşehir Belediyesi, Ramazan ayı boyunca konteyner kentlerde çocuklara yönelik geleneksel Hacivat Karagöz kukla gösterisi düzenleyecek. Ücretsiz olarak düzenlenecek gösterilere tüm çocuklar davet edildi.

Şiir ve edebiyatın başkentinde kültür sanat faaliyetlerini kesintisiz sürdüren Kahramanmaraş Büyükşehir Belediyesi, Ramazan ayı boyunca da farklı yaş gruplarına yönelik çeşitli etkinlikler düzenleyecek. Ramazan ayı boyunca Necip Fazıl Kısakürek Kültür Merkezi’nde musiki dinletisinden söyleşiye, tiyatro gösterisinden konsere çeşitli etkinlikleri vatandaşlarla buluşturacak olan Büyükşehir Belediyesi, konteyner kentlerde de çocuklara yönelik geleneksel Hacivat Karagöz kukla gösterileri gerçekleştirecek. Ücretsiz olarak düzenlenecek gösterilere tüm çocuklar davet edildi. Hacivat karagöz kukla gösterisi etkinlik takvimi aşağıdaki gibidir;"
hatay_bld_0080,Hatay Belediye,belediye,hatay,3_inter_election,2023-09-09,"Hatay Büyükşehir Belediyesi ev sahipliğinde düzenlenecek olan 12. Dünya Aba Güreşi Oyunları’nın gala yemeği Defne'de yapıldı.

Teknik toplantı ve hakem seminerlerinin tamamlanmasının ardından farklı ülkelerden gelen güreşçiler tartıya çıkarak son hazırlıklarını tamamladı.

Sporcular, hakemler ve Büyükşehir Belediyesi yöneticilerinin bir araya geldikleri gala yemeği programında konuşma yapan HBB Başkan Vekili Adnan Özkaya, "" Deprem sonrası Büyükşehir Belediyesi olarak yaralarımızı sarmaya gayret ediyoruz. Gerek spor gerek kültürel çalışmalarla kentimizi ayağa kaldırmaya teşvik etmek görevimiz oldu. Aba güreşlerimiz, siz katılımcıların sayesinde bizlere moral oldu. Desteklerini esirgemeyen herkese teşekkürlerimizi sunuyoruz. "" dedi.

Program devamında konuşma yapan Dünya Aba Güreşleri Organizasyonu Genel Direktörü Prof. Dr. İbrahim Öztek, ""6 Şubat Depremi nedeniyle şehrimizdeki yıkımlara ve kayıplara dikkat çekmek amacıyla aba güreşleri oyunlarını organize ediyoruz. Bu organizasyon HBB Başkanı Sayın Lütfü Savaş'ın vermiş olduğu kıymeti ve önemli emeklerinin bir sonucudur. Türk milletini desteklemek ve Hatay halkına moral vermek için kendi imkanlarıyla fedakarlık göstererek katılan ve bizleri onurlandıran sporcularımıza minnet ve şükranlarımı sunuyorum."" dedi.

Program sonunda Azerbaycan, Almanya, Gürcistan, İran, Özbekistan, Afganistan ve Karakalpakistan kafile başkanlarına ve organizasyonda görevli hakemlere Başkan Vekili Özkaya ve Genel Direktör Öztek tarafından plaket ve hediyeler takdim edildi.

Haberin video ve fotoğraflarını aşağıdaki linklerden indirebilirsiniz:

https://we.tl/t-Er4IHaTURs

https://we.tl/t-BheV0e0euu"
csb_0732,CSB,bakanlık,kahramanmaras,5_post_local,2024-07-16,"ÇEVRE, ŞEHİRCİLİK VE İKLİM DEĞİŞİKLİĞİ BAKANI MURAT KURUM’A DEPREMZEDELERDEN TEŞEKKÜR

Çevre, Şehircilik ve İklim Değişikliği Bakanı Murat Kurum, 6 Şubat Kahramanmaraş depremlerinden en çok etkilenen illerden Osmaniye ve Adana’da depremzede vatandaşların yoğun ilgisiyle karşılandı. Osmaniye’de İstasyon Caddesi'nde incelemelerde bulunan Bakan Kurum, depremzede vatandaşların taleplerini de tek tek dinledi. Bir depremzede vatandaşın, yıkılan binalarının TOKİ tarafından yapılmasını talep etmesi üzerine Bakan Kurum, “Hayırlı olsun. Burayı TOKİ Başkanlığımız en kısa zamanda projelendirip yapacak.” diyerek elini sıktı. Bakan Kurum’un sözlerinin ardından depremzede vatandaşlar, “Allah sizden ve devletimizden razı olsun Murat Bakanım.” ifadelerini kullanarak, Bakan Kurum’a sarıldı.

Osmaniye temaslarının ardından Adana’ya giden Bakan Kurum, aynı ilgiyi Şambayadı Mahallesi’nde de gördü. Bakan Murat Kurum, TOKİ konutlarında inceleme yaptığı sırada yeni evlenen Hatice ve Gökhan Başpınar’ın çay davetini kırmadı. Aile üyelerinin, “Çok şükür hiçbir eksiğimiz yok, hepsini yerine getiriyorlar ve bizi mağdur etmiyorlar. Allah sizlerden razı olsun.” ifadelerinin üzerine Bakan Kurum, “İnşallah tüm deprem bölgesinde bu gülen yüzleri görmek istiyoruz. Tüm ailelerimiz böyle sevinsin istiyoruz. Bunun için de arkadaşlarımız çalışıyor. İnşallah daha güzel günlerde, hep bir arada olalım.” dedi.

Çevre, Şehircilik ve İklim Değişikliği Bakanlığı, 6 Şubat 2023 Kahramanmaraş merkezli depremlerin izlerini silmeye devam ediyor. Cumhurbaşkanı Recep Tayyip Erdoğan’ın talimatları doğrultusunda depremin ilk anından itibaren bölgede olan ve elini hiçbir zaman depremzede vatandaşların üzerinden çekmeyen Bakan Murat Kurum, asrın felaketinden etkilenen 11 ilin yeniden ayağa kaldırılması ve depremzede vatandaşların bir an önce sıcak yuvalarına kavuşabilmesi için gece gündüz demeden çalışmalarını sürdürüyor.

İSTASYON CADDESİ'NDE VATANDAŞLARIN BÜYÜK İLGİSİYLE KARŞILANDI

Üç günde 5 şehre; Adıyaman, Gaziantep, Kilis, Osmaniye ve Adana’ya giden Bakan Kurum, afet konutlarını inceledi ve vatandaşların taleplerini yerinde dinledi. Bakan Murat Kurum, 6 Şubat depremlerinden etkilenen Osmaniye programında, İstasyon Caddesi'nde vatandaşların büyük ilgisiyle karşılandı. Vatandaşlarla tek tek tokalaşan Bakan Kurum, onların taleplerini dinledi.

“TOKİ BAŞKANLIĞIMIZ EN KISA ZAMANDA PROJELENDİRİP YAPACAK”

Bir depremzede vatandaş, yıkılan binalarının TOKİ tarafından yapılmasını talep etmesi üzerine Bakan Kurum, “Hayırlı olsun.” diyerek kendisiyle tokalaştı. Bakan Murat Kurum, yapılan evlerin zemin artı 4 katı geçmediğini belirterek, “Dükkânı olana dükkân, evi olana ev, AFAD’dan hak sahibi olana AFAD’dan, olmayanları ise kentsel dönüşümden hak sahibi yapacağız. Mevcut arsa değerlerinizi hesaplayacağız. Yeni yapacağımız projeden bu değerleri düşeceğiz. Maliyetlerde ise Cumhurbaşkanımız Sayın Recep Tayyip Erdoğan’ın talimatlarıyla indirim yapacağız. Kalan bir borcunuz varsa da uzun vadede ödeme imkanına erişeceksiniz. Burayı da sizlerin talepleri doğrultusunda TOKİ Başkanlığımız en kısa zamanda projelendirip yapacak.” dedi.

VATANDAŞLAR, BAKAN KURUM’A TEŞEKKÜR ETTİ

Bakan Murat Kurum’un sözleri üzerine kendisine sarılarak ve elini sıkarak teşekkür eden vatandaşlar, “Allah sizden ve devletimizden razı olsun Murat Bakanım, iyi ki varsınız. Allah ayağınıza taş değdirmesin.” şeklinde konuştu. Bakan Kurum daha sonrasında diğer vatandaşların da taleplerini bir bir dinleyerek, projelerini inceledi.

“TÜM DEPREM BÖLGESİNDE BU GÜLEN YÜZLERİ GÖRMEK İSTİYORUZ”

Osmaniye temaslarının ardından Adana’ya giden Bakan Kurum, aynı ilgiyi Şambayadı Mahallesi’nde de gördü. Bakan Murat Kurum’u gören depremzede vatandaşlar, kendisine teşekkürlerini iletti. Bakan Murat Kurum, Çukurova ilçesine bağlı Şambayadı Mahallesi'ndeki TOKİ konutlarında inceleme yaptığı sırada yeni evli bir çiftin çay davetini de kırmadı. Deprem zamanında nişanlı olan ve bu yıl evlenen Hatice ve Gökhan Başpınar’ın evine konuk olan Bakan Kurum, “İnşallah tüm deprem bölgesinde bu gülen yüzleri görmek istiyoruz. Tüm ailelerimiz böyle sevinsin istiyoruz. Bunun için de arkadaşlarımız çalışıyor. Hayırlı uğurlu olsun, evinizde güle güle oturun. İnşallah daha güzel günlerde, hep bir arada olalım.” ifadelerini kullandı.

“ÇOK ŞÜKÜR BİR EKSİĞİMİZ YOK, HEPSİNİ YERİNE GETİRİYORLAR”

Bakan Kurum, aileye herhangi bir eksikleri ve sıkıntıları olup olmadığını sordu. Hatice Başpınar, “Çok şükür bir sıkıntımız yok, hepsini yerine getiriyorlar. Bizi mağdur etmediler. Allah sizlerden razı olsun.” ifadeleriyle Bakan Kurum’a teşekkürlerini iletti."
hatay_val_313,Hatay Valiliği,valilik,hatay,5_post_local,2024-08-20,"Çeşitli incelemelerde bulunmak ve programlara katılmak üzere Çevre, Şehircilik ve İklim Değişikliği Bakanımız Sayın Murat KURUM, ilimizi teşrif ederek Valimiz Mustafa MASATLI, Milletvekillerimiz, Hatay Büyükşehir Belediye Başkanımız Mehmet ÖNTÜRK, Vali Yardımcılarımız, Kaymakamlarımız, Belediye Başkanlarımız ve ilgili kurum yetkililerimizle birlikte ilimizdeki ihya, inşa ve imar çalışmalarını yerinde inceledi. İlk olarak İskenderun ilçemizdeki Pac Meydanı, İsmet İnönü Mahallesi Rezerv Alanda Yerinde Kentsel Dönüşüm İnşaat Alanı, Sahil Bandı Anıt Alanı ve İskenderun Cebike Mahallesi TOKİ Afet Konutları inşaat alanlarında incelemelerde bulunarak yetkililerden detaylı bilgiler alan Çevre, Şehircilik ve İklim Değişikliği Bakanımız Sayın Murat KURUM, İskenderun sahilini vatandaşlarımızla birlikte dolaşarak vatandaşlarımızın taleplerini dinledi. Ardından basın açıklaması yapan Çevre, Şehircilik ve İklim Değişikliği Bakanımız Sayın Murat KURUM konuşmasında, Hatay’ımızda şehrin demografik yapısının korunacağının altını çizerek, “Yıllardır bu sokaklarda, bu evlerde oturan vatandaşlarımız yine burada, komşularıyla beraber oturmaya devam edecekler. Bu tarih şehrinin demografisi korunacak; böylece kültürel yaşam, sosyal hayat tüm güzellikleriyle yeni yüzyıllara taşınacak” dedi.

Asi Nehri çevresindeki evleri yıkılan vatandaşlarımızın yakın bölgelerde kurulacak yerleşim yerlerine taşınacağını aktaran ve nehir kenarının sosyal donatılarla korunacağını dile getiren Sayın Bakanımız, eskiden Asi Nehri’nin kıyısına kadar yerleşim yerlerinin olduğunu, şimdi yeni yapılan planlamayla Asi Nehri’nin yakın çevresinin tamamen korunduğunu söyleyerek şunları kaydetti: “Bu bölgeyi yeşil alanlarıyla, parklarıyla, bisiklet ve yürüyüş yolları ile yeniden ihya ediyoruz. Burada daha önce yaşayan vatandaşlarımızı da mağdur etmeden alanda en yakın yere onları taşımak suretiyle oradaki doğal güzellikten yine eskisi gibi faydalanmalarını sağlamış olacağız. Bu kapsamda Asi Nehri’nin doğusunda kentin tarihi ve kültürel mirasının yer aldığı Hatay kent merkezinin yeniden vatandaşlarımız tarafından kullanılmasını arzu ediyoruz, amaçlıyoruz. Sonuç olarak büyük yıkıma uğrayan Asi Nehri’nin çevresinde kalan bölgede caddelerimizi, sokaklarımızı inşallah eski tarihi hüviyetine ve siluetine kavuşturacağız.”

Çevre, Şehircilik ve İklim Değişikliği Bakanımız Sayın Murat KURUM, kadim şehrimiz Hatay’ımızın tarihi kent merkezindeki yıkımın izlerinin de silineceğini vurgulayarak bölgenin yeniden aslına döndürüleceğini açıkladı.

Bu amaçla gerek Antakya ilçemizdeki Tarihi Uzun Çarşı bölgesi, gerekse Kurtuluş Caddesi üzerinde ve Kemalpaşa Caddesi’nde bulunan gerek tescilli yapılar, gerek tescilli olmayan tarihi alanlarımızın ihyasının hazırlanan projelerle hayata geçirileceğini ifade eden Sayın Bakanımız, İskenderun Sahil Projemizin hızlandırılacağının da müjdesini vererek depremin ardından İskenderun sahilinde 80 santimetreye varan çökme meydana geldiğini hatırlatarak bu bölgedeki projeyi hızlandırma sözü verdi.

“Ulaştırma Bakanlığımız, deniz dibindeki tahkimatı gerçekleştirdi. Ancak sahilimizde o İskenderun güzelliğini yansıtacak ve vatandaşımızın sahille, denizle birleşmesini sağlayacak bir projeyi de inşallah gerçekleştireceğiz. Bugün bu müjdeyi de tüm Hatay’a, tüm İskenderun’a vermek istiyorum. Biz sahilimizi korumak, oradaki tarihi yapıları gün yüzüne çıkarmak, oradaki ağaçlarımızı, doğal yapıyı korumak suretiyle İskenderun sahil projemizi inşallah hızlandıracağız ve bu projemizle hem sahille şehir arasındaki güvenliği sağlamış olacağız hem de denizden buradaki doğal güzelliklerden tüm Hatay’ın istifade etmesine imkan vermiş olacağız.” diyen Çevre, Şehircilik ve İklim Değişikliği Bakanımız Sayın Murat KURUM, 6 Şubat ve devamındaki depremlerden etkilenen 11 ilimizde 296 bin 755 konutun inşasının sürdürüldüğünü belirterek, 76 bin konutun bitirilip hak sahiplerine teslim edildiğini, eylül ayında 24 bin konutu daha bitirip, teslim sayısının 100 bine ulaştıracağını kaydetti. Hatay’ımızda ise 11 bin 366 yeni konutun vatandaşlarımıza teslim edildiğini bildiren Çevre, Şehircilik ve İklim Değişikliği Bakanımız Sayın Murat KURUM, “Sayın Cumhurbaşkanımız Recep Tayyip ERDOĞAN’ın teşrifleriyle, eylül ayında 12 bin 259 yeni konutumuzu daha teslim ederek, teslim edilen konut sayımızı 23 bin 625’e ulaştıracağız. Antakya, Defne, İskenderun, Altınözü, Kırıkhan, Reyhanlı ve Samandağ’da devam eden 152 bin 486 yeni yuva ve iş yerimizi de tamamlayacağız” diyerek Türkiye Yüzyılı’nda şehirlerimizi, afetlere karşı dirençli yapmaya kararlı olduklarını, bunun yolunun da deprem bölgesinin ihya edilmesinden geçtiğini dile getirdi ve bu konudaki gayretlerin depremzedeler tarafından yakından takip edildiğini belirtti.

“Başta deprem bölgesi olmak üzere ülkemizde tek bir sağlıksız yapı kalmayıncaya kadar, deprem bölgesindeki az önce ziyaret ettiğimiz gibi tüm ailelerimizin yüzü gülene kadar burada olacağız. Aklımız, fikrimiz burada olacak. 2 Temmuz’da Sayın Cumhurbaşkanı’mızın görevi tevdi etmesinden yaklaşık 45-50 gün geçti. Biz ikinci Hatay ziyaretimizi gerçekleştiriyoruz. Her ay bu ziyaretleri gerçekleştireceğiz. Ekiplerimiz, milletvekillerimiz, belediye başkanlarımız her an vatandaşımızın, milletimizin yanında olacak ve milletimize ne söz verdiysek o sözleri tutmak için bu kadrolar, ekipler gece gündüz çalışmaya devam edecektir.”diyerek sözlerine son veren Çevre, Şehircilik ve İklim Değişikliği Bakanımız Sayın Murat KURUM; Valimiz Mustafa MASATLI, Milletvekillerimiz, Hatay Büyükşehir Belediye Başkanımız Mehmet ÖNTÜRK, Vali Yardımcılarımız, Kaymakamlarımız, İlçe Belediye Başkanlarımız ve ilgili Kurum yetkililerimizle birlikte Antakya ilçemize geçerek incelemelerine devam etti. Şehrimizin sembol mekânlarından Kurtuluş Caddesi, Habib-i Neccar Cami, Kemalpaşa Caddesi ve Tarihi Uzun Çarşımızın yeniden ihya ve inşasına yönelik devam eden çalışmaları yerinde inceleyerek yetkililerden bilgiler alan Çevre, Şehircilik ve İklim Değişikliği Bakanımız Sayın Murat KURUM, vatandaşlarımızla ve Tarihi Uzun Çarşı esnafımızla da bir araya gelerek vatandaşlarımızın ve esnafımızın taleplerini dinledi, esnafımıza bereketli kazançlar diledi. Daha sonra Antakya ilçemize bağlı Haraparası mevkisi için Türkiye Tasarım Vakfı tarafından hazırlanan Master Plan’ı inceleyerek plan detayları ve süreci hakkında yetkililerden bilgi alan Sayın Bakanımız, Valimiz Mustafa MASATLI ve Milletvekillerimiz ile birlikte Hatay Büyükşehir Belediyesine geçerek Başkanımız Mehmet ÖNTÜRK’ü ziyaret etti. Hatay Büyükşehir Belediyesinin çalışmaları hakkında bilgi alan Çevre, Şehircilik ve İklim Değişikliği Bakanımız Sayın Murat KURUM, Şeref Defteri’ni imzaladı."
kmaras_val_190,Kahramanmaraş Valiliği,valilik,kahramanmaras,4_local_campaign,2024-02-06,"Bir dizi ziyaret ve programlar kapsamında ilimize gelen Tarım ve Orman Bakanı Sayın İbrahim Yumaklı, Kahramanmaraş programı kapsamında IPARD Destekleri 3. Dönem Tanıtım Toplantısı'na katıldı.
 
Programa, Tarım ve Orman Bakanı Sayın İbrahim Yumaklı’nın yanı sıra Valimiz Mükerrem Ünlüer, önceki dönem Tarım ve Orman Bakanı Sayın Prof. Dr. Vahit Kirişçi, Bakan Yardımcısı Abdulkadir Polat, Milletvekillerimiz Ömer Oruç Bilal Debgici, Tuba Köksal, Mehmet Şahin, Büyükşehir Belediye Başkanı Hayrettin Güngör, protokol mensupları ve sektör temsilcileri katıldı.
 
Bakan Yumaklı burada yaptığı konuşmada, Asrın Felaketi'ne rağmen tarlasını boş, hayvanlarını yemsiz bırakmayarak zor şartlara bile üretime devam eden bölge insanlarına teşekkür etti.
 
Depremden etkilenen illerde, tarımsal desteklemeler başta olmak üzere ücretsiz hayvan aşılaması, hayvan çadırı temini, yem desteği, kırsal kalkınmayı destekleme programı gibi birçok konuda uygulama ve düzenlemeyi hayata geçirdiklerini anlatan Sayın Yumaklı, deprem bölgesindeki çiftçilere mazot gübre destekleme ödemesini nakdi olarak yaptıklarını söyledi.

Kırsalda yaşayanların yaşam ve çalışma koşullarının yükseltilmesini ve doğal kaynakların sürdürülebilir şekilde kullanılmasını amaçladıklarını ifade eden Bakan Sayın Yumaklı, IPARD-3 başta olmak üzere Kırsal Kalkınma Yatırımlarını Destekleme Programı, Uzman Eller, Orköy, Genç Çiftçi, Bireysel Sulama, IFAD, Makine ve Ekipman Projeleri kapsamında kırsal bölgelere önemli destekler sağladıklarına değindi.
 
Bakan Sayın Yumaklı, Vali Ünlüer ile birlikte projeden destek alan Ali Öğüt, Süleyman Kenger, Kevser Mutlu, Elif Nur Naz ve Fatma Güzelbulut'a temsili çeklerini takdim etti.
 
Bakan Sayın Yumaklı daha sonra Kahramanmaraş İl Tarım ve Orman Müdürlüğü personeli ile bir araya gelerek depremde vefat eden personeller için hatim duası programına katıldı.
 
Bakan Sayın Yumaklı, Valimiz Mükerrem Ünlüer, önceki dönem Tarım ve Orman Bakanı Vahit Kirişçi, Milletvekillerimiz ve protokol mensuplarımı ile birlikte vefat eden Ekinözü Kaymakamımız Mesut Coşkun için İl Jandarma Komutanlığında düzenlenen cenaze törenine katılarak ailesine başsağlığı ve sabır dileklerini ilettiler.
 
Bakan Sayın İbrahim Yumaklı, beraberindeki heyet ile birlikte Valimiz Mükerrem Ünlüer’i de Valilik makamında ziyaret etti. Bakan Sayın Yumaklı burada Vali Ünlüer ile bir süre görüştü. Vali Ünlüer, Bakan Sayın Yumaklı ve heyetine yaptıkları ziyaretten duyduğu memnuniyeti ifade etti."
hatay_val_281,Hatay Valiliği,valilik,hatay,3_inter_election,2023-11-25,"Cumhuriyetimizin kurucusu Gazi Mustafa Kemal ATATÜRK’e Millet Mektepleri Başöğretmenliği unvanının verildiği tarih olan 24 Kasım Öğretmenler Günü, tüm yurtta olduğu gibi ilimizde de çeşitli etkinlikler ile kutlandı.

Cumhuriyetimizin 100. yılı coşkusu içerisinde hazırlanan 24 Kasım Öğretmenler Günü, MKÜ Konferans Salonunda kutlandı. Valimiz Mustafa MASATLI, muhterem eşleri Esra MASATLI Hanımefendi ile birlikte Vali Yardımcılarımız, İl Protokolümüz, öğretmen, öğrenci ve velilerimiz de katıldı.

Saygı duruşu ve İstiklâl Marşı’mızın coşkulu okunmasıyla başlayan törende, mesleğe yeni başlayan ve emekli olan öğretmenlerimizi temsilen yapılan konuşmaların ardından İl Millî Eğitim Müdürümüz Harun TÜYSÜZ günün anlam ve önemini belirten konuşmalarını gerçekleştirdi. Yaptığı konuşmada, öğretmenlik mesleğinin bireylerin yetişmesinde ve toplumların hayatında büyük bir önem arz etmektedir diyen il müdürümüz, eğitim camiasının bir mensubu olmaktan kıvanç duyduğunu belirtti.

Konuşmalarını yapmak için kürsüyü teşrif eden Valimiz Mustafa MASATLI, asrın afetinde hayatını veya başka sebeplerden dolayı hayatını kaybeden öğretmenlerimize rahmet, yakınlarına başsağlığı diledi. Yaşanılan bu süreçte eğitim faaliyetlerinin sürekliliğinin çok önemli olduğunu ve görevleri başında bulunarak yaralarımızın sarılmasında emeği geçen tüm eğitim camiasına teşekkür etti.

Anlayış ve bilginin, insanoğluna bahşedilen en önemli İki olgu olduğunun altını çizen Valimiz, zihin ve gönül dünyamızın çok iyi ve sağlıklı gelişimi için, belli bir eğitim sürecine ihtiyacımız vardır. Bu süreç, anlayış ve bilginin mimarları olan siz değerli öğretmenlerimizle İnşa edilir ve hayat bulur, diyerek öğretmenlik mesleğinin kutsallığına değindi ve “Bana bir harf öğretinin kırk yıl kölesi olurum” sözüyle, “ilim Çin’de de olsa gidip alınız” diyen mukaddes nasihatin hep bunu işaret ettiğini, yine Hz. Peygamberimizin birçok kez buyurmuş olduğu “Allah beni bir muallim (öğretmen) olarak göndermiş bulunuyor.” Hadisini hatırlatarak, İşte biçilen bu itibarla öğretmen; hikmetin burcu, irfanın kalesi olmakla birlikte; şuur, ikna ve irade demektir.” dedi.

“Türkiye Yüzyılı‘nda da hep birlikte daha çok çalışacağız. Ülkemizi; en yükseklere taşıyacak irade, kabiliyet ve hamleler yine sizlerin önderliğinde hayata geçirilecektir.

100. yaşını kutladığımız Cumhuriyetimizin Kurucusu Gazi Mustafa Kemal Atatürk’ün işaret ettiği gibi “fikri hür, vicdanı hür ve irfanı hür nesiller” bundan böyle yine sizin eseriniz olacak.” diyen Valimiz, tüm öğretmenlerimizin Öğretmenler Günü’nü kutlayarak konuşmalarını sona erdirdi.

Daha sonra mesleğe yeni başlayan öğretmenlerimizin Yemin Töreni gerçekleştirildi. Ardından Defne Necmi Asfuroğlu Anadolu Lisesi öğretmen ve öğrencilerinin hazırlamış olduğu oratoryo sahnelendi. Emekli öğretmenlerimize Hizmet Şeref Belgeleri Valimiz ve eşleri tarafından takdim edilirken oldukça duygusal anlar yaşandı. Yerel ve ulusal düzeyde şiir, resim ve kompozisyon alanlarında düzenlenen yarışmalarda dereceye giren öğrencilerimize ödüllerinin verilmesiyle devam eden tören Antakya Güzel Sanatlar Lisesi öğretmenlerinin hazırlamış olduğu müzik dinletisiyle sona erdi.

MKÜ Tayfur Sökmen Konferans Salonunda gerçekleştirilen Kutlama Programı’ndan sonra Valimiz Mustafa MASATLI ve eşleri Esra MASATLI Hanımefendi, 24 Kasım Öğretmenler Günü münasebetiyle Antakya Ayşe Fitnat İlkokulu’ndan emekli olan Sınıf Öğretmenimiz Meryem ARSLAN’ı ikamet ettiği Türkiye-Kore Kardeşlik Konteyner Kentimizde ziyaret ederek emeklilik hayatında başarılar dilediler. Daha sonra Kore Konteyner Kentimizde eğitim öğretim faaliyetlerine devam eden okullarımızda görevli öğretmenlerimizle de bir araya gelerek günlerini kutladılar.

Valimiz Mustafa MASATLI, 24 Kasım Öğretmenler Günü kutlamaları çerçevesinde İl Millî Eğitim Müdürümüz ve beraberindeki öğretmenlerimizi makamında kabul etti. Kabulde Valimiz, öğretmenlerimizle sohbet edip günün hatırası olarak öğretmenlerimize hediyelerini takdim ettiler."
hatay_bld_0280,Hatay Belediye,belediye,hatay,5_post_local,2024-05-04,"ÇOCUKLAR KENDİ ÖYKÜLERİNİ YAZDI

HBB MİNİKLERE UNUTAMAYACAKLARI BİR GÜN YAŞATTI

Hatay Büyükşehir Belediyesi başarılı yazar Defne Ongun Müminoğlu ile çocukları eğlenceli ve öğretici bir aktivite ile bir araya getirdi.

HBB Unesco Hatay Gastronomi Evi ev sahipliğinde çocuklar üzerindeki depremin olumsuz etkilerini silmek amacıyla ve kitap okuma, hikâye yazma konularında kişisel gelişimlerine katkıda bulunmak için “Hayalden Kâğıda – Kendi Hikâyemi Oluşturuyorum” programı düzenlendi.

Yazar Müminoğlu 6 yaş üstü çocuklara oyunlar ve müzikler eşliğinde bir öykünün nasıl yazılacağını adım adım öğreterek kendi öykülerini yazdırdı. Minik öykücülere ikramlar da bulunulan ve renkli görüntülerin ortaya çıktığı etkinlik, miniklerin bir yazarla tanışıp, ilk defa hikâye yazdıkları ve unutamayacakları bir gün oldu.

Yazar Defne Ongun Müminoğlu Hatay’ın kalbinde farklı bir yere ait olduğunu, çocukların hayallerini kağıda dökebilmeleri için bir başlangıç yaptıklarını ve öğrendikleri sistemle çocukların kendi öykülerini yazmaya devam edeceğine inandığını ifade etti.

HBB yetkilileri organizasyonla alakalı yaptıkları açıklamada, geleceğimizin teminatı olan çocukların yüzleri gülsün diye yaptıkları etkinliğe katılan yazar Defne Ongun Müminoğlu’na teşekkür ederken, miniklerin zihinsel ve bedensel gelişimlerini destekleyen programlara devam edeceklerini belirttiler.

Öğrencilerin mutlulukları yüzlerine gülümseme olarak yansırken anne ve babaları da HBB Başkanı Mehmet Öntürk’e teşekkürlerini ilettiler.

Not: Haberin video ve fotoğraflarını aşağıdaki linklerden indirebilirsiniz:

https://we.tl/t-UEzrWlVEqp

https://we.tl/t-UNaCYVDqWx"
tccb_091,TCCB,cumhurbaskanligi,kahramanmaras,1_post_quake,2023-04-23,"Sevgili Gençler, Bugün iki bayramı bir arada kutlayan sevgili çocuklar; hepinizi en kalbi duygularımla, hürmetle, muhabbetle selamlıyorum. Maşallah, şu muhteşem katılım ta buraya gelirken yolların sağında-solundaki Akyazı’nın güzel insanları doğrusu bize çok duygulu anlar yaşattı. Adeta buradaki muhteşem katılımı Akyazı’dan buraya caddenin sağında-solunda gördük. Bu bir şeyi gösteriyor, Akyazı ne diyor biliyor musunuz; biz 14 Mayıs’a hazırız diyor. Sakarya ne diyor? Biz gümbür gümbür akıyoruz, 14 Mayıs’a hazırız diyor. İnşallah 14 Mayıs’ta bay bay Kemal’i gönderiyor musunuz? Onun buradaki uzantılarına gereğini yapıyor musunuz? Cumhur İttifakı’nı Sakarya’da iş başında güvenle yola devam diyor musunuz? Ben de sizlere şahsım, milletim adına çok teşekkür ediyorum. Bugün veda edeceğimiz Ramazan Bayramınızı tekrar tebrik ediyorum. Rabbimden sizleri, milletimizi, İslam alemini ve tüm insanlığı nice güvenli, huzurlu, mutlu bayramlara eriştirmesini diliyorum. Milli mücadelenin en önemli safhalarından biri olan Türkiye Büyük Millet Meclisi’mizin açıldığı gün olan 23 Nisan’ın 103. yıldönümüne ulaştık. Milletimizin Ulusal Egemenlik ve Çocuk Bayramını tebrik ediyorum. Ben de sizlerle gurur duyuyorum. “Sakarya, sâf çocuğu, mâsum Anadolu’nun, Divanesi ikimiz kaldık Allah yolunun!” Öyle mi? Öyleyse, 14 Mayıs’ta bunlara gereken dersi vermemiz lazım. Ben Sakarya’nın bu dersi vereceğine inanıyorum. Gazi Mustafa Kemal’in çocuklarımıza adadığı bu önemli günün temsil ettiği milli mücadele ruhunu hiçbir zaman kaybetmedik, kaybetmeyeceğiz. Sakarya’nın evladı Sait Faik, “Bir insanı sevmekle başlar her şey” diyor Bundan şüpheniz var mı? 21 sene değil 40 yıl dik durduk, dikleşmedik ve bu millete efendi olmaya değil hizmetkâr olmaya geldik. Bizim kendi hikâyemiz de milletimizi sevmekle, ülkemizi sevmekle, vatanımızı sevmekle başladı. Her günümüze, her haftamıza, her ayımıza, her yılımıza bu aşkla, bu sevdayla başladık ve devam ettik. Bu yıl 6 Şubat depremlerinde yaşadığımız kayıplar sebebiyle Ramazan ayını ve bayramı tabii buruk karşıladık. Ben sizlere inanıyorum. Evvel Allah, biliyorsunuz bizim hareketimizde hanım kardeşlerimizin yeri çok farklı. Hep ne derim? Kale içeriden fethedilir. Bu ne demektir? Yani hanımlar bu konuda kararını verdi mi bu iş bitmiştir. Hamdolsun imanımızın bir gereği olarak umudumuzu asla yitirmedik. Ne diyor şair: “İmandır o cevher ki İlâhî ne büyüktür... İmansız olan paslı yürek, sinede yüktür!” Ne demek istediğimi anladınız değil mi? Deprem bölgesindeki vatandaşlarımızı asla yalnız bırakmadık. Dün de Kahramanmaraş’taydım, Nurdağı’ndaydım, orada konutların teslimini yaptık. Değerli kardeşlerim; bugüne kadar Cumhur İttifakı olarak 4 kez, 5 kez bölgeye gittik. Ama birileri de turist olarak gittiler. Biz turist olarak değil iş yapmaya gittik. Asrın felaketinde hayatını kaybeden vatandaşlarımıza bir kez daha Allah’tan rahmet diliyorum. Sakarya bu acıyı iyi bilir. Bundan 24 sene önce 17 Ağustos 1999’da Sakarya’yla birlikte Marmara Bölgemizin hemen tamamında meydana gelen depremin acı hatıraları yüreklerimizde hala tazedir. Türkiye bugün 1999’a göre her bakımdan fersah-fersah ileride bir ülke olarak 6 Şubat depreminin yaralarını daha hızlı sarıyor. Depremin 75. gününde ilk köy evlerini teslim etmeyi başaracak bir süratle çalıştık. İnşallah 650 bin yeni konut inşa ederek deprem şehirlerimizi tamamen ayağa kaldıracağız. Sadece bununla da kalmıyoruz, ülkemizin tamamını depreme hazırlamak için kapsamlı kentsel dönüşüm projeleri yürütüyoruz. Muhtemel bir depremde en büyük tehditle karşı karşıya olan İstanbul’dan başlayarak tarihi bir dönüşüm kampanyası başlatıyoruz. İstanbul’da riskli konutunu dönüştürmek isteyen vatandaşlarımıza dönüşüm bedelinin yarısını hibe olarak veriyor, kalan yarısına da çok uygun şartlarda borçlanma imkânı getiriyoruz. İnşallah her yıl 300 bin konutu bu şekilde dönüştürerek 5 yıl içinde İstanbul’daki riskli yapıların tümünü yenilemeyi hedefliyoruz. Ülkemizin tamamındaki riskli yapıları dönüştürecek çalışmaları da elbette ihmal etmiyoruz. Huzur olmadan, emniyet olmadan, istikrar olmadan, yatırım olmadan, üretim olmadan, kalkınma olmadan geleceğimize nasıl güvenle bakabiliriz? Bizim milletimize en büyük vaadimiz işte budur. Bay bay Kemal’in bu tür vaatleri var mı? Hak getire, bol bol yalan. Londra’daki tefecilerden 300 milyar dolar getirecekmiş veya getirmiş. Eroin, esrar kaçakçılarının paralarını buraya getirecekmiş. Düşünebiliyor musunuz; bay bay Kemal’in işi ya Kandil’deki teröristlerle, bu teröristlerin Parlamentodaki uzantılarıyla. Sormak lazım bu CHP’li kardeşlerime; ya bu adamın Parlamento odasında niçin PKK’nın uzantılarıyla görüşüyor? Niçin Genel Merkezinde görüşemiyor? Acaba o kapalı kapılar ardında ne görüştü, ne yaptı, açıkla. Açıklayamaz. Ne diyorlar? Diyarbakır’da 51 vatandaşımızın ölümüne neden olan Selo’yu çıkaracakmış. Ne diyor? Terörist başı Öcalan’ı çıkaracakmış. Değerli Kardeşlerim, Bu ülke terör devleti değildir. Türkiye, asla bu terör örgütlerinin oyuncağı değildir. Peki, bay bay Kemal bunları söylerken Bayan Meral ne söylüyor, aykırı bir ifadesi var mı? Ya ne diyorsun sen ortak diyor mu? Bu 7’li masa iyice dağıttı. Şimdi bu 7’li masayı benim Sakaryalı kardeşlerim, Akyazılı kardeşlerim; inanıyorum, 14 Mayıs’ta da siz dağıtacaksınız. Maşallah… “7 Düvelli Masa Sana Vız Gelir Büyük Usta” demişler. “Çok Az Kaldı Geliyor Milli Muharip Uçağı” diyorlar. “Kazanan Türkiye, TOGG’un Varsa Bas Gaza” diyorlar. Mavi Vatanın Bekçisi TCG Anadolu’yu bugün Sarayburnu’ndan Karadeniz’e uğurladım. Son 1 hafta-10 günde TCG Anadolu Uçak Gemimizi nereye uğurlayacağız biliyor musunuz? İzmir’e. Şöyle bir hafta-10 gün de İzmir’de kalmasında fayda var. Ne anlama geliyor, herhalde anladınız değil mi? Fazla teferruata da girmeyeyim. İnşallah oradan farklı mesajlar vereceğiz TCG Anadolu’yla. TCG Anadolu’ya maket gemi diyen bu 7’li masanın mensuplarına en güzel cevabı şu ana kadar bu gemimizi ziyaret eden 70-80 bin kişi verdi. Bu insanlar durup dururken oraya gelmedi, saatlerce kuyrukta beklediler. Neden? Bu muhteşem eseri görmek için. Yahu bu ülkede bir topluiğneyi yapamayan dönemlerden geliyoruz. Şimdi İHA’larımızı yapıyoruz, SİHA’larımızı yapıyoruz, Akıncı’mızı yapıyoruz, öbür tarafta Kızılelma’yı da yapıyoruz ve tabi bu bunları rahatsız edecek. Bu vatan hepimizin. Şimdi bugün burayı bir tarih özdeşi haline getirdik, ne yapacağız? Arifiye’de bugün Altay Tankımızı Silahlı Kuvvetleri’mize teslim edeceğiz. Yaparsa… Yaparsa… Yaparsa… Allah’a hamdolsun sonunda onu da yaptık. Bugüne kadar ülkemize kazandırdığımız demokrasi ve kalkınma altyapısı üzerinde Türkiye yüzyılını inşa etme sözüyle bir kez daha karşınızdayız. Kardeşlerim, Afete hazırlık yanında diğer alanlarda da ülkemizi ve milletimizi Türkiye yüzyılına hazırlayacak adımlar atıyoruz. Sizlerle buluşmaya gelmeden önce, işte az önce söyledim; TCG Anadolu’yu uçak gemimizi Karadeniz’e uğurladık. Ama bir şey var, bu bize yeter mi? İnşallah 14 Mayıs’ta bu görevi bize vermeniz halinde ikinci adım ne biliyor musunuz? Bu uçağın iki kat büyüklüğündeki uçağın ön görüşmelerini belli ülkelerle yaptım ve onun iki büyüklüğündeki uçak gemisini de inşallah yapacağız ve böylece mavi denizlerde bizim uçak gemilerimiz çok farklı bulunacak. Aynı şekilde denizaltılarımız öyle bulunacak. Ve bugün buraya gelmeden önce bir de 23 Nisan vesilesiyle bizim her yıl çocuklarımızdan bir kabine toplarız ve çocuklarımızla kabinemizi topladık. Şimdi de Akyazı’dayız. Sakarya, ülkemizin önde gelen sanayi, ticaret ve tarım şehirlerinden biri. Şehrimize bugüne kadar kazandırdığımız yatırım ne biliyor musunuz? 89 milyar liralık eser ve hizmeti bu anlayışla Sakarya’da hayata geçirdik. Bu buluşmamızda aynı zamanda Akyazı Spor Kompleksimizin resmi açılışını da yapıyoruz. Biraz sonra, az önce söyledim, Arifiye’ye gidiyoruz. Savunma Sanayimizin önemli bir projesinin yeni bir aşamaya geçişine şahitlik edeceğiz. Geçtiğimiz haftalarda ülkemizin ilk yerli ve milli otomobili TOGG’un piyasaya çıkışının sevincini hep birlikte yaşadık. Aynı şekilde Türk savunma sanayinin sembol eserlerinden TCG Anadolu Gemisi’nin hizmete alınma gururunu milletimizle yaşadık. Bitti mi? Zonguldak Filyos’ta Karadeniz gazının devreye alınması törenini Sakarya adıyla gerçekleştirdik. Bu vesileyle 1 ay boyunca konutlardaki tüm doğal gaz tüketiminin, 1 yıl boyunca da mutfak ve su ısıtma amaçlı tüketimin ücretsiz olacağı müjdemizi bir kez daha milletimize hayırlı olmasını diliyorum. Yaparsa… -Yaparsa… Yaparsa… Hayırlı olsun. Rabbim lütfetti ve Karadeniz doğal gazını böylece milletimizin emrine veriyoruz. Gabar’da da 1 milyar dolarlık doğal gazı bulduk, onu da çıkarıyoruz. Çalış, senin de olsun, ama bunların böyle bir derdi yok. Bunlar teröristlerle el ele, kol kola yürüyorlar. Onun için biz ne yaptık? Cudi’de bunları gömdük mü? Gabar’da bunları gömdük mü? Tendürek’te bunları gömdük mü? Besler Deresi’nde bunları gömdük mü? Bilin ki biz olursak bu teröristleri bu mağaralarda gömmeye devam edeceğiz. Onun için işte devamlı birbirlerine söz veriyorlar, Erdoğan gitmesi lazım diyorlar. Çünkü Erdoğan giderse meydan boş kalacak, o zaman at oynatmaya başlayacaklar. Ama benim milletim bunlara bu meydanı… Eyvallah. Sosyal yardım programlarımız, ihtiyaç sahibi ailelerimizin doğal gaz ve elektrik giderlerinin bir bölümünü zaten biz karşılıyorduk. Karadeniz gazının sevincini tüm milletimizle paylaşmak için vatandaşlarımızın tamamına 1 ay ve 1 yıl süreyle bu imkânı sağlıyoruz. Türkiye’nin zenginliklerini milletimizin her bir ferdinin günlük hayatına yansıtma kararlılığımızın bir diğer önemli işareti olarak şimdi ne kuruyoruz biliyor musunuz? Anneler, gençler; Aile ve Gençlik Bankası’nı kuruyoruz. Bu ne demek? Kaynağını nereden bulacaksınız diyenlere cevap; bay bay Kemal tefecilerden buluyor, eroinlerden buluyor, esrarkeşlerden buluyor. Ha biz kaynağını Karadeniz gazı gibi ülkemizin doğal zenginliklerinden alacak bu bankayla ne mi yapacağız? Aile kurumunu güçlendirecek pek çok çalışmanın finansmanını buradan temin edeceğiz. Norveç kendi doğal gazının, petrolünün belli bir oranını, yüzde 25 gibi rezerv olarak kullanır ve gençliğine onu tahsis ederdi. Aynı benzerini de inşallah biz ülkemizde yapacağız. Ev kadınlarımızın emekliliğine priminin üçte birini ödeyerek destek vereceğiz. Böylece isteyen her ev hanımımız oldukça kolay şartlarda emekli olarak kendi gelirine sahip olma imkânına kavuşacak. Gençlerimizin eğitimden istihdamına, iş kurmasından evlenmesine, hayata başlarken attığı her adımda yanında olacağız. Ben de sizlerle gurur duyuyorum. Allah yar yardımcımız olsun. Sağ olun, var olun. Eğitimin her seviyesinde burs imkânlarını genişleteceğiz. Üniversiteye yeni başlayan gençlerimize bir kez vergisiz cep telefonu ve bilgisayar alma hakkı tanıyacağız. Meslek öğrenerek hemen hayata atılmak isteyen gençlerimizin eğitimine ve iş başlamasına öncülük edeceğiz. Her haneden en az bir kişinin işe girmesini temin ederek gençlerimizin istihdamını kolaylaştıracağız. Kendi işini kurmak isteyen gençlerimize hibe ve kredi desteği sağlayacağız. Evlenecek gençlerimizin gönül huzuruyla yuvalarını kurabilmeleri için 2 yılı ödemesiz, 48 ay vadeli 150 bin lira faizsiz kredi vereceğiz. Parayı yönetmek, finansmanı yönetmek böyle olur bay bay Kemal. Tefecilerden para alarak değil. Eğer tefecilerden para alma yolunu biz deneseydik, 2023’te bu Bebecan var ya… Davos’taydık, Davos’ta o zamanki IMF Başkanıyla görüşme yapıyoruz. IMF Başkanına dedim ki; sen bizden alacağını-taksitlerini alıyor musun? Alıyorum dedi. Sene 2013. Bak dedim, Türkiye’yi sen yönetemezsin, Türkiye’yi ben yönetirim, bu ülkenin Başbakanı benim, sen de taksitlerini alırsın. Ve o zaman da Merkez Bankamızın döviz rezervi değerli kardeşlerim, 27,5 milyar dolar. Hamdolsun şimdi 122 milyar dolara çıktı. Başbakanlığım döneminde bir ara 135 milyar dolara kadar da çıkmıştık. Gençler, bunlar çok önemli. Ve Merkez Bankası’nın döviz rezervi o zaman 27,5 milyar dolar, şimdi oldu 122 milyar dolar. Bu ne demektir? 2013, IMF Türkiye’ye bir defa gelmedi, kapıyı kapattık. Peki, bu CHP’nin Sözcüsü, İYİ Parti’nin aynı şekilde bir tane Merkez Bankası’ndan gelme adamı var, bunların ikisi ne dediler? İlla IMF’den Hükümet borçlanma yapmalı. Nerede yaptılar bu görüşmeleri? Otellerin gizli kapaklı arka kapılarında yaptılar. Peki, biz bunları dinledik mi? O günden bugüne biz IMF’den 1 kuruş aldık mı? Almadık. Onlar bize faizi artırmayı hep telkin ettiler, ben ise hep; hayır, biz faizi düşürmeye devam edeceğiz. Şu anda enflasyonda bir sıkıntımız var, eyvallah. Ama faizi biz bakın nereye düşürdük? 8.5, daha da düşecek. Biz geçmişte bunu yaptık, geçmişte yaptığımıza göre bugün de yaparız, yarın da yapacağız. Kardeşlerim, Daha binlerce başlıkla Türkiye yüzyılının inşasını sizlerle birlikte başaracağız. Bunları söylerken günlük hayatımızı olumsuz yönde etkileyen ekonomideki sıkıntıları da unutmuyoruz. Enflasyonu kalıcı olarak tek haneli rakamlara düşürecek adımları kararlılıkla atmayı sürdürüyoruz. Bazı ürünlerde sıkıntılar yaşadık, fahiş artışlar da oldu, ama biz bunlara karşı da gereken tedbirleri alıyoruz, alacağız. Ve şunu çok açık, net söylüyorum: 14 Mayıs’tan sonra özellikle gıdada bu çeşitli gıdalar olabilir, her türlü yanlış yola gidenlere yapacağımız yasal düzenlemelerle onlara da gereken dersi vereceğiz. Şundan emin olunuz: Biz TOGG’u, Anadolu Gemimizi, Kızılelma İnsansız Uçağımızı, İMECE Uydumuzu önemsediğimiz kadar manavdaki soğanı, domatesi, salatalığı, kasaptaki eti, marketteki sütü de önemsiyoruz. Ama diğerlerinden farklı olarak biz bunları birbirinden ayrı görmüyoruz. Her kim ben bunları yapmadan size ekmek vereceğim, para vereceğim diyorsa, emin olun bunlar yalan söylüyor. İşte bunlardan bir tanesi bay bay Kemal’dir, hayatı yalan. Ülkemizi sanayisiyle, teknolojisiyle, tarımıyla, enerjisiyle büyütmeden milletimizin sofrasına koyduğu ekmeği büyütemeyiz. Savunma sanayi başta olmak üzere her alanda yüksek teknolojiye dayalı tasarım ve üretim çalışmalarına bu derece önem vermemizin sebebi; ekmeğimizi büyütebilmemizin yolunun oradan geçmesidir. 21 yıl boyunca biz bunun için çalıştık, çabaladık, mücadele ettik, engel aştık, eser ve hizmet siyaseti yaptık. Kardeşlerim, Göreve geldik, 25 tane havalimanı vardı, şimdi 58 tane havalimanı var, nereden nereye. Hastanelerimiz, ah kardeşlerim ah, şu şehir hastaneleri, geçmişte bu tür şeyler var mıydı? Bay bay Kemal, SSK hastanelerinde Genel Müdürlük yaptı. Onun Genel Müdür olduğu dönemlerde Savaş Ay’ın hani o meşhur bir videosu vardı, ah ah, o hastanelerin hali neydi? Şimdi şehir hastanelerimizi görüyorsunuz, dünyada Türkiye’ye akın akın gelenler var, niye geliyorlar? Kaşımıza gözümüze değil bu hastanelerimizin evet hijyen ve gerçekten onları mutlu ediyor. Çam Sakura’sından tutun Murat Dilmener, Pakize Öz, bütün bu hastaneler ve bütün bunların yanında işte daha yeni Kocaeli Şehir Hastanesinin açılışını da geçen hafta yaptık, o da muhteşem oldu. Ankara’da Bilkent var, öbür tarafta değerli kardeşlerim yine muhteşem aynı oda sayısında bir hastaneyi de yaptık. Şimdi önümüzde İzmir var, İzmir’i açacağız, yani 20 vilayette bu hastaneler devam ediyor. … İzliyor musunuz? Olay bu, hali görüyorsunuz, sefalet sefalet. Bay bay Kemal, sen bu sefaletin temsilcisisin. Sen işte bu hastaneleri bu hale getiren kişisin. Buna 5 tane koyun verin, inan kaybeder gelir. Yok ya, yapamaz. Ülkenin ve milletin bu kutlu yürüyüşünü günübirlik kazançları veya hırsları uğruna engellemeye çalışan fırsatçılara eyvallah etmeyeceğiz. İnşallah Türkiye yüzyılının inşasını tüm bu sıkıntıları birer-birer çözerek beraberce gerçekleştireceğiz. Şimdi sizlerle burada bir ahit yenileyelim mi? Hazır mıyız? Sakarya, 14 Mayıs’ta çocuklarımızın geleceğine sahip çıkıyor muyuz? Sakarya, 14 Mayıs’ta 21 yıllık kazanımlarımızı daha ileri taşımaya hazır mıyız? Sakarya, 14 Mayıs’ta Türkiye’nin inşası için bismillah diyor muyuz? Sakarya, 14 Mayıs’ta Türkiye yüzyılı için doğru adımlarla yola devam diyor muyuz? İşte benim gönlümün sultanı Sakarya bu. İşte benim gençliğimden beri sevdam olan Sakarya bu. Rabbim hepinizden razı olsun. Değerli Kardeşlerim, Türkiye 14 Mayıs’ta sandık başına gidecek, aslında her seçim bir yol ayrımıdır. Hükümete geldiğimiz 2002’den beri her seçimde milletimizle birlikte bu yol ayrımını yaşadık. Hatırlarsanız milletimiz 2007 seçimlerinde vesayetle milli irade arasında tercih yaptı. Milletimiz 2011 seçimlerinde 2023 hedeflerimizle eski Türkiye arasında bir tercihte bulundu. Milletimiz 2015 seçimlerinde PKK’nın vatanımızı bölme, FETÖ’nün ülkemizi ele geçirme saldırılarıyla istiklalimiz ve istikbalimiz arasında bir tercihe yöneldi. Milletimiz 2018 seçimlerinde 15 Temmuz darbe girişimine cevabını yeni yönetim sistemimize sahip çıkarak verdi. Bugün yine bir seçim arifesindeyiz, yine bir tercihle karşı karşıyayız. Bir yanda depreminden milli teknoloji hamlesine, bölgesindeki egemenlik haklarından küresel siyasi ve ekonomik güç olma hedefine tüm başlıklarıyla Türkiye yüzyılı vizyonu var, diğer yanda 7’li masanın ve onların en hararetli savunucuları haline gelen PKK ve FETÖ elebaşlarının hayali olan emperyalistlerin boyunduruğundaki Türkiye özlemi var. Buradan CHP’ye ve onunla birlikte hareket eden diğer partilere gönül vermiş kardeşlerime sesleniyorum. Hazır mısınız? Kendinizin ve evladınızın geleceğini bu 7’li kavga masasına emanet eder misiniz? Ülkenizin güvenliğini, huzurunu, akıbetini kendi deyimleriyle bu kumar masasına emanet eder misiniz? Buradan milletimin tüm fertlerine sesleniyorum. Hanımlar; bakkala ekmek almak için göndermeye bile güvenemeyeceğiniz birine ülkeyi emanet eder misiniz? Beyler; dükkânınızı, atölyenizi, tezgâhınızı 5 dakikalığına bırakamayacağınız birine ülkeyi emanet edebilir misiniz? Gençler; dersinize yardım etse verdiği bilgilerin doğruluğuna şüpheyle bakacağınız birine kendi geleceğinizi teslim edebilir misiniz? Ah benim çiftçi kardeşim; önüne 3 keçi katsanız, akşama hepsini de kaybedip geleceğini bildiğiniz birine ülkenizin geleceğini teslim edebilir misiniz? İşveren kardeşim; kendi müessesenizde vasıfsız eleman olarak dahi çalıştırmayacağınız birine ülkenin geleceğini emanet edebilir misiniz? Emekli kardeşim; oturduğun apartmana yönetici olarak seçmeyeceğin birine ülkenin geleceğini emanet edebilir misin? İşte bunun için 14 Mayıs’ta tercihimizi doğrudan yana yapmalıyız. Biz milletimizi deprem yıkıntılarının altından kurtarmakla uğraşırken, anlaşılan o ki kendi kendine gaza gelen bay bay Kemal, bir ara ciddi ciddi ülkenin başına gelebileceğine inanmış. Sonra milletimizin ferasetinin farkına varınca sandıkta bir kez daha hüsrana uğrayacağını anladı. Bu hırsla da milletimizi birbirine düşürmek için her gün yeni bir fitne ateşi yakmaya başladı. Önce küresel güçlerin en yıkıcı silahı haline gelen sapkın akımların, kim onlar? Bunlar, LGBT’ci. İYİ Parti, LGBT’ci. HDP, LGBT’ci. CHP, o da öyle. Fakat AK Parti bu işlerin tam karşısında, öyle mi? Milliyetçi Hareket Partisi tam karşısında. Bunun yanında Yeniden Refah öyle, Büyük Birlik öyle, HÜDA PAR öyle. Bizler Cumhur İttifakı olarak LGBT’nin tam manasıyla karşısındayız. Çünkü bizim için aile kutsaldır, aileye toz konduramayız. Ama bunların öyle bir derdi yok, bunların öyle bir derdi yok. Onun için biz aile kurumumuza evvel Allah dokundurmayacağız. Bunlar ne diyor utanmadan, sıkılmadan; gelince Diyanet İşleri Başkanlığı’nı kaldıracaklarmış. Ya benim milletim size yürü demez. Siz Diyanet İşleri Başkanlığı’nı nasıl kaldıracaksınız ya, siz ne hayasızsınız? Şair ne diyor: “Şu kopan fırtına Türk ordusudur yâ Rabbi. Senin uğrunda ölen ordu, budur yâ Rabbi. Tâ ki yükselsin ezanlarla müeyyed nâmın, Galib et, çünkü bu son ordusudur İslâm'ın.” Bay bay Kemal, bu milletin mayası sağlam ve 14 Mayıs’ta da sana gereken dersi Allah’ın izniyle verecek. Milletimizin değerlerine sahip çıktığını ve bu yolda ilerleyemeyeceğini görünce kendini neye adadı? Cami, türbe gezmeye verdi. Bugüne kadar neredeydin ya, şimdi cami-türbe dolaşıp duruyor, neler söylüyor neler. Ardından kendini PKK’nın güdümünden kurtaramayan 7. ortağı HDP’den duyduğu utancı gizlemek için benim Kürt kardeşlerimi tahrik etmeye başladı. Benim Kürt kardeşlerim, bizim Rabbimizin hükmü gereği ayrıma tabi tutulmadan bizim kardeşimizdir. Biz de Kürt’üyle, Arap’ıyla, Laz’ıyla, Çerkez’iyle, Boşnak’ıyla bir ayrım yok. Çünkü biz, “Ancak inananlar kardeştir” hükmü gereğince birbirimizin kardeşiyiz. Avrupa ve Amerika’daki kimi hain çevrelerin yıllardır dillendirdiği sinsi iddiaları tekrarlayarak bölücülerin ekmeğine yağ sürdü. Kürt kardeşlerimiz sicilini de, çapını da, okkasını da bildikleri bu zata itibar etmedikleri için bu hamlesinde karşılık bulamadı. Bunun üzerine daha tehlikeli, daha yakıcı bir başka fitne ateşiyle ortaya çıkarak mezhebi kimliğine vurgu yaptı. Hâlbuki bu zata bugüne kadar kimse inancını, mezhebini, meşrebini sormadı. Bu zatı kimse bu kimlikleri üzerinden herhangi bir ithama da maruz bırakmadı. Tam tersine, bu ülkede bürokrat oldu, Genel Müdür oldu, milletvekili oldu, Parti Genel Başkanı oldu, peki öyleyse niçin yaşın 74’e geldikten sonra birdenbire mezhebi kimliğinle kamuoyunun huzuruna çıkma ihtiyacı duydun? Biz bugüne kadar hep ne dedik? Bizim Sünnilik diye bir dinimiz yok, Alevilik diye bir dinimiz yok, Şiilik diye bir dinimiz yok, bizim dinimiz tek bir adı var, o da İslam’dır. Dini kimliğimizin tek bir adı var, o da Müslümanlıktır. Bay bay Kemal, sen buradan hareket et, Şiilik-Alevilik, ne karıştırıyorsun bunları? Kim sana bugüne kadar böyle bir şeyi sordu ki? Ama dert başka, şimdi oradan bir istismar. Ülkemizdeki her bir insanımızı bu anlayışla kucakladık, hizmet ettik, hatta bununla kalmadık ülkemizdeki gayrimüslim vatandaşlarımıza da biz sahip çıktık. Bu vatandaşlarımızın yıllarca ihmal edilen hak ve hukuklarını da en geniş şekilde kullanabilmelerine biz imkân sağladık. Türkiye’nin bizim dönemimizde geldiği demokrasi, hak, özgürlük sayesinde artık bu tartışmaların yeri de, gereği de kalmamıştır. Buna karşılık biz bir başka ilkeli tavır daha ortaya koyduk; İslam’ı terörle özdeşleştirmek, Müslümanları tezyif etmek, özellikle de Alevi kardeşlerimizi Ali’siz Alevilik gibi akımlarla bu büyük aileden kopartmak isteyenlere asla boyun eğmedik, eğmeyeceğiz. Batının dün Bektaşiler üzerinde oynadığı oyunu, bugün Alevi kardeşlerimiz üzerinde tekrarlama niyetini biliyoruz ve bu sinsi planı reddediyoruz. Hiç kimsenin şüphesi olmasın ki Hakk diyen, Muhammed diyen, Ehlibeyt diyen herkes bizim kardeşimizdir. Geçtiğimiz aylarda kuruluşunu gerçekleştirdiğim Alevi-Bektaşi Kültür ve Cemevi Başkanlığıyla ülkemizdeki Alevi-Bektaşi kardeşlerimizin her meselelerine devlet nezdinde çözüm bulacağımızı söyledim. Kimsenin bu öz be öz kardeşlerimizi istismar ederek milli birliğimize, bütünlüğümüze, ortak geleceğimize göz dikmesine izin vermeyeceğiz. Alevi kardeşlerimizi İslam’dan, ülkemizden ve milletimizden koparmayı amaçlayan fitne tüccarlarının kirli oyunlarına başta bay bay Kemal olmak üzere kimseyi alet ettirmeyeceğiz. CHP ve ittifakı içindeki yerli ve milli hassasiyete sahip tüm vatandaşlarımızın da bu mücadelemizde bizim yanımızda yer alacağından şüphe duymuyorum. Terör örgütleriyle, darbeyle, sosyal kaosla, siyasi ve ekonomik tuzaklarla dize getiremedikleri Türkiye’yi Suriyelileştirerek çökertme hesaplarını hep beraber bozacağız. Milletimizin tarihten gelen zenginliğinin birer rengi olarak kabul ettiğimiz etnik ve mezhebi farklılıkları istismara yeltenen her beyanı, her tutumu böyle görüyoruz, inşallah böyle de görmeye devam edeceğiz. Bunun için gelin yıllardır dilimizden düşürmediğimiz milli ahdimizi hep beraber en yüksek sesle tekrarlayalım. Hazır mıyız? Tek millet… Tek bayrak… Tek vatan… Tek devlet… Bir olacağız, iri olacağız, diri olacağız, kardeş olacağız, hep birlikte Türkiye olacağız. Kimse milletimizin birliğine, bayrağımızın sembolü olduğu istiklalimize, vatanımızın bütünlüğüne, devletimizin tekliğine göz dikemez. İnşallah 14 Mayıs’ta milletimizle birlikte bu hakikati 7’li masaya da, 7 düvele de bir kez daha ispatlayacağız. Rabbim hepinizden razı olsun. Açılışını yaptığımız Akyazı Spor Kompleksimizin şehrimize hayırlı olmasını diliyorum. Sizleri sevgiyle, saygıyla selamlıyorum. Kalın sağlıcakla."
tccb_119,TCCB,cumhurbaskanligi,hatay,2_pres_campaign,2023-05-30,"Türkiye Odalar ve Borsalar Birliği’nin Kıymetli Üyeleri, Değerli Oda ve Borsa Başkanlarımız, Saygıdeğer Misafirler, Hanımefendiler, Beyefendiler, Sizleri en kalbi duygularımla hürmetle, muhabbetle selamlıyorum. Sizlerin vasıtasıyla 81 vilayetimizin tamamındaki tüm kardeşlerime selam ve sevgilerimi gönderiyorum. Türkiye Odalar ve Borsalar Birliği’nin 79. Genel Kurulu münasebetiyle sizlerle beraber olmaktan büyük bir memnuniyet duyuyorum. Genel Kurulumuzun Birliğimiz, iş dünyamız ve ülkemiz için hayırlı olmasını diliyorum. Bu vesileyle kuruluşundan bugüne Türkiye Odalar ve Borsalar Birliği çatısı altında emek vermiş, ancak şimdi aramızda olmayan ebediyete irtihal etmiş tüm kardeşlerimizi rahmetle yâd ediyorum. Birliğimizin tüm mensuplarını Türkiye’nin kalkınmasına, büyümesine, güçlenmesine yaptıkları katkılar dolayısıyla tebrik ediyorum. Türkiye Odalar ve Borsalar Birliği’nde delege olarak 10-20-30 ve üzerinde süresini tamamlayan kardeşlerimizi de ayrıca tebrik ediyorum. 81 vilayetimizde faaliyet gösteren 365 oda ve borsamızın tamamını, 1,8 milyona yaklaşan üyenin hepsini birer alperen olarak görüyoruz. Sizlerin şahsında büyük ve güçlü Türkiye idealine sahip çıkan Türkiye Odalar ve Borsalar Birliği üyelerine ülkem ve milletim adına teşekkür ediyorum. Türkiye’ye hizmet mücadelemizde bugüne kadar hep sizlerle yol yürüdük, ne yaptıysak beraber yaptık, sırt sırta vererek beraberce başardık. Demokrasimize yönelik tehditlere sizlerle beraber göğüs gerdik. Ekonomimizi çökertmeyi amaçlayan saldırıları beraber püskürttük. Türkiye’yi tarihinin en büyük yatırım hamleleriyle beraber tanıştırdık. Türk ekonomisini her yıl ortalama yüzde 5,5 oranında beraber büyüttük. Milli gelirimiz 236 milyar dolardan 1 trilyon dolar sınırına beraber getirdik. Kişi başı geliri 3.600 dolardan alıp 10.650 dolara beraber yükselttik. İş gücü sayısındaki artışa rağmen istihdamı 32 milyona yine beraber ulaştırdık. İhracatımızı 36 milyar dolardan 255 milyar dolara, turist sayımızı 12,8 milyondan 51,5 milyonun üzerine beraber çıkardık. Milletimizin 60 yıllık hayali olan Türkiye’nin otomobili TOGG otomobili projesini sizlerin de sahiplenmesiyle beraber gerçeğe dönüştürdük. Son 21 yıla damga vuran bu eşsiz başarı hikâyesini kamu-özel sektör dayanışması içinde hareket ederek beraberce yazdık. İnşallah bundan sonra da aynı çizgide yolumuza devam edeceğiz. Farklı hesaplarla hareket edenleri asla aramıza sokmayacağız. Ülkemizin karşılaştığı sorunlara ortak akılla beraber çözüm arayacağız. İş dünyasıyla, sivil toplumuyla, siyaset kurumuyla el birliği, gönül birliği içinde inşallah Türkiye yüzyılını hep beraber inşa edeceğiz. Türkiye Odalar ve Borsalar Birliği üyelerimizin bugüne kadar olduğu gibi bundan sonra da hedeflerimize ulaşmamız noktasında üzerlerine düşen görevleri en güzel şekilde yerine getireceklerine inanıyorum. Ben sizlerin desteğine güveniyorum. Değerli Arkadaşlar, Tarihimizin en önemli seçim süreçlerinden birini önceki gün itibarıyla hamdolsun başarıyla tamamladık. 14 Mayıs’ta seçimlerin Meclis boyutu neticelenmişti, 28 Mayıs’ta cumhurbaşkanlığı aşaması da sonuçlanmış oldu. Her iki seçimi de demokrasimize yakışır bir olgunlukla gerçekleştirdik. Hiçbir müessif hadisenin yaşanmasına izin vermeden rekor bir katılımla vatandaşlık görevimizi ifa ettik, adeta yüzde 90’lara dayanan bir katılım. Buradan bir kez daha seçim sonuçlarının ülkemize, milletimize, iş dünyamıza hayırlar getirmesini Rabbimden niyaz ediyorum. Tercihini demokratik yollarla sandığa yansıta her bir vatandaşıma en kalbi şükranlarımı sunuyorum. Bilhassa yurt dışında yaşayan kardeşlerimi hepimizi gururlandıran yüksek katılım oranları dolayısıyla ayrıca tebrik ediyorum. 28 Mayıs gecesini ülkemizle birlikte Afrika’dan Asya’ya, Rumeli’den Filistin’e, Türk Cumhuriyetlerine kadar her yerde adeta bayram gecesine çeviren tüm dost ve kardeşlerime teşekkür ediyorum. Elbette seçim sürecini tüm yönleriyle enine-boyuna değerlendireceğiz. Aynı şekilde sokaklardaki o eşi benzeri görülmemiş coşkunun arkasında yatan sebepleri de çok iyi analiz edeceğiz. Gerek anlamı, gerekse sonuçları itibarıyla ülke olarak bir kader seçimi yaşadığımızın farkındayız. Milletimiz tıpkı 15 Temmuz gecesi olduğu gibi istiklal ve istikbaline yönelik hayasız akınları görmüş, iradesine sahip çıkarak bunları durdurmuştur. Türk ile Kürt’ün, Alevi ile Sünni’nin arasına serpilmek istenen fitne tohumlarını aziz şehitlerimizin kanlarıyla yoğrulmuş bu mübarek topraklar ret etmiştir. Anadolu irfanı bir kez daha siyaset mühendisliklerine galip gelmiştir. Terör örgütleri eliyle siyaseti yönlendirme çabaları hedefine ulaşmamıştır. Seçim maratonunun kazanını Türk demokrasisi ve Türk milleti olmuştur. Milli iradeye güvenen, ülkemiz için hayal kuran, kendini bu topraklara ait hisseden her bir vatandaşım bu seçimin tartışmasız kazananıdır. Kampanya sürecinde yapılan tüm kışkırtmalara rağmen sandığa gölge düşürmeyen her bir insanımız bu seçimin kazananıdır. Yabancı dergi kapakları üzerinden yürütülen propagandalara aldırmadan, hiçbir baskı altında kalmadan iradesini sandığa yansıtan her bir kardeşim bu seçimin kazananıdır. Kendi öz yurdunda yıllardır parya muamelesi gördüğü halde hukuk ve meşruiyetten ayrılmayan sessiz çoğunluk bu seçimin kazananıdır. Sırf farklı tercihlerde bulunduğu için iğrenç hakaretlere uğrayan yüreği yaralı depremzedelerimiz bu seçimin en büyük kazananıdır. Terör örgütü mensuplarının tehditlerine boğun eğmeyerek sandıklara koşan yurt dışındaki tüm gurbetçilerimiz bu seçimin kazananıdır. Dünyanın dört bir yanında Türkiye denilince gözleri parlayan, gözlerinden aşağı damlalar akan, ülkemiz için dua eden, bizimle sevinip bizimle üzülen tüm mazlum ve mağdurlar bu seçiminin kazananıdır. Allah’a hamdolsun, milli irade bir kez daha en güzel, en hayırlı şekilde tecelli etmiştir. Türkiye yüzyılı teklifimiz hem 14 Mayıs'ta, hem de 28 Mayıs’ta milletimiz tarafından büyük bir teveccühle kabul görmüştür. Halkımız önce Meclis’te çoğunluğu 323 milletvekiliyle Cumhur İttifakı’na, ardından Cumhurbaşkanlığını yüzde 52,18 oy oranıyla şahsımıza vererek 5 sene daha istikrar sürsün, Türkiye büyüsün demiştir. Millet, ilkeler ve değerler yerine bakanlık ve milletvekilliği pazarlığı üzerine kurulu kumar masasına tekmeyi vurarak devirmiştir. Hatta hesap uzmanıyım diye övünenler, Dimyat’a pirince giderken evlerindeki yaklaşık 40 milletvekilinden de olmuştur. İktidar hırsıyla yapılan yanlış hesaplar bu sefer çok enteresan, Bağdat’tan değil, ama sandıktan dönmüştür. Bakınız, ben hesap uzmanı değilim, ekonomistim, burada bu hesabı sizlerle de paylaşayım. Cumhuriyet Halk Partisi’nin vekil sayısı 2018’de 146’ydı, 2023’te vekil sayısı 169’a çıktı, fakat buradan tabi kiralık vekiller verdiler, onlar da 40 tane, 40 tane kiralık vekil gidince bu defa net olarak nereye düştü CHP’nin vekil sayısı? 129’a. Şimdi hesap uzmanı bu işi böyle yapar mı? 40’ı gitti, 129 vekil kaldı ve 17 vekil burada düşmüş oldu. Bundan sonrasını herhalde oraya gönül vermiş olan tüm CHP’li arkadaşlar da düşünecektir. Eski Türkiye ittifakı sandıkta milletten ikinci kez kırmızı kart yemiştir. Türkiye’nin, 16 Nisan 2017 referandumuyla birlikte zaten terk ettiği eski sisteme dönüş önerilerini bir kez daha elinin tersiyle itmesi son derce manidardır. Bu kirli ittifaklar, bu kirli bir araya gelişler, 6 tane cumhurbaşkanlığı yardımcılığı, bu tür yanlış bir araya gelişler ne demokrasiye sığar, ne bu milletin ruh köküne, kültürel değerlerine yakışır. Bunun dersini ne yaptı, benim milletim sandıkta verdi. Ne dedi önce? Güçlendirilmiş parlamenter sistem dediler, tuttu mu? Tutmadı. Önce öyle başladılar, ama kampanya sonuna doğru artık bunu kullanmaktan vazgeçtiler. Bu noktada özellikle dünyada en gelişmiş ülkelerin ve dolayısıyla bizim de ortaya koyduğumuz sistem kabul gördü. Siyaset kurumunun sandıktan çıkan bu iradeyi doğru bir şekilde okuması gerektiğine inanıyorum. Milletin zaten kararını verdiği konularda yeni dayatmalarda bulunmaktan artık vazgeçilmelidir. Akıntıya kürek çekmenin, tarihi geriye sardırmanın hiçbir faydası yoktur. Eski sistem tartışmalarını tamamen rafa kaldırmalı, bugünden itibaren sivil siyasetin en büyük kazanımı olan cumhurbaşkanlığı hükümet sistemini tekemmül ettirmeye odaklanmalıyız. Hazreti Mevlana’nın veciz ifadesiyle eğer söyleyecek olursak: “Her gün bir yerden göçmek ne iyi, Her gün bir yere konmak ne güzel, Bulanmadan, donmadan akmak ne hoş, Dünle beraber gitti cancağızım, Ne kadar söz varsa düne ait, Şimdi yeni şeyler söylemek lazım.” Evet, siyaset meselesinin asli görevi de işte budur, yeni şeyler söylemek lazım. Bizim vazifemiz, düne saplanıp kalmak yerine, yeni şeyler söylemek, ülkenin önüne yeni hedefler koymaktır. Elbette bu seçim sürecinde kimin ne yaptığını, ne söylediğini, nerede nasıl bir pozisyon aldığını hafızamıza kaydedeceğiz, ama bunu yaparken geçmişin geleceği gölgelemesine de kesinlikle göz yummayacağız. Muhalefet partilerinden bizim de, milletimizin de beklentisi bu yöndedir. Muhalefet ve destekçilerinin halkımızı aşağılayan, kutuplaştırıcı, gerilimi körükleyen eski provokatif söylemlerini bir an önce terk etmesi gerekiyor. Sandıkta tecelli eden iradeyle kavga edilmeyeceği gerçeğini ülkemizdeki tüm muhalefet partilerinin artık anladıklarını ümit ediyorum. Çünkü Türkiye’nin önemli bir noksanı da, gerçekten demokrasideki o muhalefeti göremeyişidir, muhalefet noksanlığı var. Bunu Türkiye giderdiği anda, inanıyorum ki demokrasi mücadelesi ülkemizde çok daha güçlü bir şekilde devam edecektir. Samimi bir özeleştiri yaptıktan sonra muhalefetin de sandıktan yükselen bu çağrıya kulak vereceğini düşünüyorum. Biz her iki seçimde oluşan tabloyu büyük ve güçlü Türkiye idealimiz adına çok kıymetli buluyoruz. İnşallah önümüzdeki dönemde devlet organları arasındaki iş birliği ruhunu güçlendirerek ülkemize hizmet etmeyi sürdüreceğiz. Bunu da iş dünyamızın siz değerli temsilcileriyle birlikte yapacağız. Değerli Kardeşlerim, Seçim belirsizliğinin ortadan kalkmasıyla birlikte şimdi gündemimizdeki esas konulara yoğunlaşabileceğiz. Milletten bir kez daha güvenoyu almış, güven tazelemiş bir yönetim olarak dünden itibaren çalışmaya başladık. Asrın felaketi olarak nitelenen 6 Şubat depreminin yaralarının sarılması, en öncelikli meselemizdir. Depremzedelerimizi kampanya döneminde de zaten ihmal etmemiştik. Her bir şehrimize farklı tarihlerde üç-dört kez giderek afetzedelerimizin yanında olduğumuzu gösterdik. Şimdiye kadar 910 binden fazla çadırın, 117 binden fazla konteynerin kurulumunu tamamladık. 180 bine yakın afet konutumuzun inşa süreci de hamdolsun başladı. Deprem bölgesinde 319 bini ilk 1 yıl içinde olmak üzere toplam 650 bin konut inşa edeceğiz. Biliyorsunuz bunu İzmir’de depremden hemen sonra gerçekleştirdik. Depremzedelerimizin de samimi gayretlerimizi takdir ettiğine şahit olduk. Bu vesileyle gerek 14 Mayıs’ta, gerekse 28 Mayıs’ta şahsımıza çok güçlü destek veren deprem şehirlerimize tekrar teşekkür ediyorum. Depremzedelerimiz, geride bıraktığımız haftalarda sadece kayıplarının acısıyla mücadele etmediler, aynı zamanda sırf oy tercihlerinden dolayı insanlık tarihinin en aşağılık hakaretlerinin de hedefi oldular. Sığındıkları otel ve misafirhanelerden atılmaktan yapılan yardımların başa kakılmasına kadar pek çok vicdansızlığa maruz kaldılar. Buna rağmen onlar dik durmaya devam ettiler, metanetli davranmaya devam ettiler. Depremzede kardeşlerimize yönelik bu rezillikleri, bu linç kampanyalarını unutmayacak, unutturmayacağız. Ne sebeple olursa olsun afetzedelerimizin gönül yaralarının daha fazla kanatılmasına izin vermeyeceğiz. Afetin yıktığı tüm şehirlerimizi eskisinden daha görkemli, daha güvenli bir şekilde en kısa sürede inşallah yeniden ayağa kaldırıyoruz, ayağa kaldıracağız. Depremin ekonomimize maliyeti 104 milyar dolar olarak hesaplanıyor. Hatay, Maraş ve Adıyaman başta olmak üzere depremde en çok yıkıma uğrayan illerimizde her şey gibi ticari hayat da şüphesiz olumsuz etkilendi. Faaliyete geçen 13 bine yakın iş yerimizle buralardaki ticareti yeniden hep beraber canlandıracağız, canlandırıyoruz. Bir diğer ana gündem maddemiz; enflasyonun yol açtığı fiyat artışlarından kaynaklanan sıkıntılardır. Toplumumuzun farklı kesimlerinde yaşanan refah kayıplarını telafi edecek adımları atmakta kararlıyız. Vatandaşımızı enflasyona ezdirmeme politikamıza sıkı sıkıya bağlıyız. 21 yıllık iktidarlarımız döneminde biliyorsunuz bundan taviz vermedik. Türk ekonomisinin yıllarca başını ağrıtan yüksek enflasyon meselesini tek haneli rakamlara indirerek halkımızı rahatlatan bizdik, yine biz olacağız. Küresel ekonomideki dalgalanmalar duruldukça, bunun olumlu sonuçlarını inşallah hepimiz birlikte göreceğiz. Yakın çevremizdeki krizlerin çözümünde daha fazla inisiyatif alarak barış ve istikrarın bölgemize tekrar hakim olması için çalışacağız. Diplomatik münasebetlerimizle bölge ülkeleriyle ekonomik ve ticari iş birliğimizi de güçlendireceğiz. Dün akşam itibariyle 110’a yakın gerek telefon diplomasisiyle, gerekse mesajlarıyla ülke lideriyle görüşmeler yaptım. Hepsiyle mutabakatımız şu: Siyasi, askeri, ekonomik, ticari, kültürel, her alanda birliğimizi bundan sonra çok daha güçlü bir şekilde devam ettireceğimize inanıyoruz; söz bu. İnşallah şu anda kabinemizin oluşmasından sonra Parlamento’daki yapı zaten belli oldu, süratle bizler ziyaretlerimize başlayacağız. Aynı şekilde bize de ziyarete gelecek olan dünya liderleri var. Hedefimiz, Avrupa’dan Karadeniz’e, Kafkasya ve Ortadoğu’dan Kuzey Afrika’ya kadar çevremizde bir güvenlik ve barış kuşağı tesis etmektir. Bu amaç doğrultusunda son yıllarda pek çok önemli adım attık. Dost ve kardeş ülkelerle aramızdaki pürüzleri giderdik, Türk dünyasıyla bağlarımızı tahkim ettik. İslam alemiyle ilişkilerimizi ilerlettik. Yeniden Asya Girişimimizle Asya Kıtasına yeni bir pencere açtık. Afrika halklarıyla kazan-kazan temelinde sağlam iş birlikleri kurduk. Özellikle Sayın Putin’le yaptığımız yine son görüşmede kendilerinin Karadeniz Tahıl Koridorundan gönderilecek tahılla birlikte bunların özellikle fakir Afrika ülkelerine una çevrilip gönderilmesi konusundaki mutabakatımızı teyit ettik. Aynı şekilde, Latin Amerika’da mevcudiyetimizi perçinledik. Balkanlar’da tüm taraflarla yakın ilişkiler geliştirdik. Batı ülkeleriyle ortak çıkarlar ekseninde diyaloğumuzu artırdık. Rusya-Ukrayna krizinin çözümü için elimizi taşın altına koyduk. Tahıl Anlaşması ve bunun yanında tabi çok önemli olan bir şey de, esir takasıyla diplomatik çözümün mümkün olduğunu gösterdik. Hepsinden önemlisi; Türkiye’yi sonu felaketle bitecek bir çatışmanın tarafı haline gelmekten koruduk. Yani pergelin bir ucunu ülkemize sabitleyip diğeriyle 360 derece manevra yaparak herkesle, tüm ülkelerle iş birliğimizi geliştirmeye gayret ettik. İçinde bulunduğumuz dönemde girişimci dış politikamızı ticaretle, enerjiyle, turizmle, kültürle, savunmayla destekleyerek devam ettireceğiz. Türkiye’yi bölgesinin yükselen yıldızı haline getireceğiz, bunda kararlıyız. İnşallah bunu da son 21 yıldır olduğu gibi yine hep beraber yapacağız. Kardeşlerim, Milletimizin tüm kesimleri gibi iş dünyamızın da beklentilerinin farkındayız. Şimdiye kadar sizlerin taleplerine kulak tıkamadık, asla sorunlarınızı görmezden gelmedik. Türkiye Odalar ve Borsalar Birliği’nin Genel Kurullarında sizlerle bir araya gelmeye hep çaba gösterdik. Her yıl bakanlarımla birlikte Türkiye Ekonomi Şûralarında sizlerle her şehrimizin, her sektörümüzün meselelerini uzun uzun istişare ettik, yine edeceğiz. Bu istişarelerimizin meyvelerini her alanda beraber topladık. Sorunların çözümü noktasındaki pek çok müjdeyi de yine bu toplantılar vasıtasıyla kamuoyuyla paylaştık. İnşallah bundan sonra sizlerle yine bir araya gelecek ve bu adımları da birlikte atacağız. Son dönemde adeta bir siyasi şantaj olarak kullanılan bu vize sorununu en kısa sürede inşallah hal yoluna koyacağız. Sizlerin her alanda önünüzü açmak, yolunuza çıkan engelleri ortadan kaldırmak için canla başla çalışmayı sürdüreceğiz. Buradan sizlerin vasıtasıyla tüm iş dünyamıza seslenmek istiyorum; dünyanın ve bölgemizin içinde bulunduğu konjonktür, belki de bizlere tarihimizin en büyük fırsatlarını sunuyor. Bu fırsatları enerjimizi tüketecek iç tartışmalarla, sahte gündemlerle heba edemeyiz. Boşa harcayacak tek bir anımız dahi olmadığının altını çizmek istiyorum. Tüm Türkiye olarak 14 Mayıs ve 28 Mayıs seçimleriyle altın değerinde bir 5 sene daha kazandığımıza inanıyorum. Özellikle havalimanından Külliye’ye gelene kadar caddelerdeki o tablo, asla unutulacak bir tablo değildir. Milletimin böyle bir tabloyu hazırlaması, böyle bir tabloyu ortaya koyması, burada duadan başka bize düşen bir şey yok. Ya Rab, beni bu milletin bir evladı olarak yarattığın için sana sonsuz hamdüsenalar olsun. Yükümüz ağır, bunun hep farkındayız, yine farkında olacağız. Önümüzdeki beş seneyi inşallah dolu-dolu değerlendireceğiz. Sizler de gördünüz, seçim dönemi boyunca söylemedikleri yalan, atmadıkları iftira kalmadı. Bugüne kadar yapmadıkları, yapamadıkları ne tür yalanlar varsa, bunların hepsini söylediler. Sizler zaten iş adamları olarak neyin yapılabileceğini, neyin yapılamayacağını gayet iyi bilenlersiniz. Ama öyle yalanlar, öyle yalanlar ortaya konuldu ki, hakikaten tabii ki insanoğlu bu tür şeyler karşısında; ya yapar mı, acaba böyle bir şeyi gerçekleştirir mi sorusunu kendine soruyor. Ama karşısındakinin sırtında yumurta küfesi yok, rahat rahat atabiliyor, rahat rahat söyleyebiliyor. Önemli olan ne? Ha şu seçimi bir atlatalım hele. Ya bugüne kadar yaptıklarınız ortada, ne yaptınız? 10’u aşkın büyükşehir belediye başkanınız var, bu belediye başkanlarınız İstanbul’da ne yaptı, Ankara’da ne yaptı, İzmir’de ne yaptı, şunları bir ispatlayın ya, şunu da yaptık deyin, yani yaptıklarını söylemiyorlar maalesef. Ama ben İstanbul’da yaşıyorum, Ankara’da yaşıyorum, İzmir’i devamlı takip ediyorum, görüyorum. Şimdi, 29 Mayıs günü milletin bankadan para çekemeyeceği iddiasından döviz kuru ve sebze fiyatlarının uçacağı hezeyanına kadar tüm tuşlara bastılar. Ne oldu? İşte dün 29 Mayıs’tı, ne oldu, bankalar filan falan hepsi kapandı mı? Hepsi artık kasaları-masaları filan falan boşalttılar mı, ne oldu? Hepsi yalan. Ama işte biliyorsunuz yalancının mumu yatsıya kadar yanar. Artık yatsıyı falan geride bıraktık. Millete ve iş dünyasına korku salmak adına piyasa spekülasyonu dahil her türlü çirkefliği sergilediler. Sırf üç-beş oy daha fazla alabilmek için siyasi tarihimizin en rezil kampanyasını yürüttüler. Ne yaparlarsa yapsınlar, muvaffak olamadılar. Bu ülkenin ekonomisini bunlar Londra tefecilerine teslim edeceklerdi, edemediler. İş dünyamızı ürkütmeyi, panikletmeyi başaramadılar. İnşallah bundan sonra da bu hedeflerine ulaşamayacaklar. Sizlerden ağızlarını her açtıklarında Türk ekonomisiyle ilgili sürekli kötü tablolar çizen felaket tellallarına prim vermemenizi istiyorum, bu işleri en iyi sizler biliyorsunuz. Bunlar kendi hezimetlerine milleti de ortak isteyen zavallılardır. Biz bunlara aldırmayacak, son 21 yıldır olduğu gibi yine işimize bakacağız, kendi gündemimize odaklanacağız, elimizdeki imkânları en güzel şekilde kullanmaya çalışacağız. Yeni pazarlar, yeni müşteriler bulmanın peşinde koşacağız. Gerek ülkemize yatırımlar çekecek, gerekse o ülkelerde bizler yatırımlara gireceğiz. Daha fazla üretecek, daha fazla ihracat yapacağız. Ve bu konuda 5 ilkemiz var, yatırım, istihdam, üretim, ihracat ve cari fazla yoluyla büyüme. Bunu ülkemiz başarır mı? Başarır ve başaracağız. İnşallah daha çok sayıda insanımıza istihdam kapısı oluşturacağız. Türkiye’nin yumuşak gücünü, Türkiye’nin artan itibarını ekonomik olarak da fırsata dönüştürmeye gayret edeceğiz. 21 yıldır devletine ve hükümetine güvenen hiç kimse mağdur olmadı. 21 yıldır ülkenin potansiyeline inanan hiç kimse pişmanlık yaşamadı, inşallah bundan sonra da Türkiye Cumhuriyeti iş adamıyla, işçisiyle çiftçisiyle, üreticisiyle, depremzedesiyle, mazlum ve mağduruyla kendine güvenini asla yarı yolda bırakmayacaktır. Sizlerden yatırımlarınızı daha da artırmanızı bekliyorum. Sizlerden Türkiye yüzyılının inşasına omuz vermenizi istiyorum. Rabbim yar ve yardımcımız olsun diyorum. Bu düşüncelerle Türkiye Odalar ve Borsalar Birliğimizin 79. Genel Kurulunun şimdiden hayırlı olmasını diliyorum. Hizmet şeref belgesi almaya hak kazanan delegelerimizi tebrik ediyorum. Yeniden buluşmak temennisiyle hepinize sevgilerimi, saygılarımı sunuyorum. Kalın sağlıcakla."
tccb_162,TCCB,cumhurbaskanligi,hatay,3_inter_election,2023-09-29,"Aziz Milletim, Kıymetli İzmirliler, Sevgili Gençler, Değerli Misafirler, Sizleri en kalbi duygularımla, hasretle, muhabbetle selamlıyorum. Buradan tüm İzmir’i, İzmirli kardeşlerimin her birini, özellikle İzmir’in çalışkan, vizyoner ve vefalı gençlerini sevgiyle selamlıyorum. Pazartesi günü 11. vefat yıldönümünde bir kez daha rahmetle andığımız bozkırın tezenesi Neşet Ertaş bakınız İzmir’i nasıl anlatıyor; “Gezdim tüm dünyayı, gördüm Güzel İzmir sana geldim Benim şirin güzel yurdum Güzel İzmir sana geldim Gönüllere ışık saçan Unutamaz görüp geçen Gariplere kucak açan Güzel İzmir sana geldim.” Biz de Hindistan’dan Amerika’ya, dünyanın dört bir yanında ülkemizi temsil ettikten sonra İzmir’e geldik. İzmirli gençlerimizle kucaklaşmaya geldik. Milli teknolojimizin hamlesi, sembolü TEKNOFEST 2023 vesilesiyle sizlerle beraber olmaktan büyük bir bahtiyarlık duyuyorum. Her birinize sevginiz, aşkınız ve dayanışmanız için teşekkür ediyorum. Dünyanın en büyük havacılık, uzay ve teknoloji festivaline hepiniz hoş geldiniz. Bizleri aydınlık yarınlarımızın teminatı olan siz gençlerimizle buluşturan tüm kurumlarımıza şükranlarımızı sunuyorum. Sanayi ve Teknoloji Bakanlığımız ile Türkiye Teknoloji Takımı Vakfı’nı, sponsorlarımızı ve iştirakçilerimizi, güvenlik görevlilerimizden gönüllülerimize, programın icrasına katkı veren herkesi tebrik ediyorum. Biliyorsunuz bu sene Cumhuriyet’imizin 100. Yılı’na ulaşmanın heyecanı içindeyiz. Tarihimizin bu dönüm noktasını anlamına ve önemine uygun bir şekilde kutlamanın gayretindeyiz. Geniş bir alana yayılan çeşitli etkinliklerle, Cumhuriyet’imizin bir asırlık serencamını gençlerimizle buluşturmaya çalışıyoruz, TEKNOFEST de bunlardan birisidir. TEKNOFEST coşkusundan, TEKNOFEST’in şu muhteşem atmosferinden mümkün olduğu kadar fazla sayıda gencimizi istifade ettirelim istiyoruz. Bu amaçla tek bir il yerine TEKNOFEST’i 3 ilimizde tertipleyelim dedik. 27 Nisan-1 Mayıs tarihleri arasında Atatürk Havalimanı Millet Bahçesinde düzenlenen TEKNOFEST İstanbul 2 milyon 247 bin ziyaretçiyle kendi rekorunu kırmıştır. Türkiye’nin savunma sanayi hamlelerinin siyasi sebeplerle hedef alındığı bir dönemde 2 milyonu aşkın gencimiz TEKNOFEST’e sahip çıktı. Festivalimiz, 30 Ağustos Zafer Bayramında Ankara’nın misafiri oldu. TEKNOFEST Ankara’da çoğu genç, 943 bin ziyaretçiyi ağırladık. Tam 4 gün boyunca Ankaralı gençlerimiz gerçek manada bir teknoloji şöleni yaşadı. Bugün de TEKNOFEST 2023’ün son durağı olan güzel İzmir’deyiz. TEKNOFEST’in şehrimize, ülkemize, milletimize, bilhassa siz sevgili gençlerimize hayırlı olmasını diliyorum. İzmirli kardeşlerime bu güzel programa ev sahipliği yaptıkları için ayrıca teşekkür ediyorum. Diğer tüm illerimiz gibi, maşallah İzmirli gençlerimiz de TEKNOFEST’e çok yoğun ilgi gösteriyor. Her yaş grubundan, her kesimden insanımızın Çiğli Hava Üssüne gelerek şu gurur tablosuna şahitlik ettiğini memnuniyetle görüyoruz. Teknolojiye meraklı buradaki evlatlarımızın mutluluğunu, sevincini, coşkusunu gördükçe ülkemiz adına umutlarımız da katlanıyor. Şu ana kadar 330 bin ziyaretçiyi ağırlayan festivalin her açıdan İzmir’e ve Cumhuriyet’imizin 100. yılına layık bir etkinlik olacağına inanıyorum. İzmirli gençlerimizle birlikte çevre şehirlerimizde yaşayan kardeşlerimizi de bu göz kamaştırıcı teknoloji şölenine davet ediyorum. Gelin, dünyanın en büyük havacılık, uzay ve teknoloji festivalini tecrübe etme fırsatını kaçırmayın. Arkadaşlarınızla organize olun, çocuklarınızın, torunlarınızın elinden tutun, teknolojiye ilgi duyan tanıdıklarınızı teşvik edin, imkânı olmayana gerekirse yardım edin, destek olun, ama bir yolunu bulup, bir fırsat oluşturup Çiğli Hava Üssüne gelerek buradaki vizyonu, ufku, gayreti ve başarıyı mutlaka yerinde görün. İzmirli kardeşlerimizi davet ederken elbette şehrimizin yeni veya eski milletvekillerini de unutmuyoruz. İleri teknolojiyi ülkemiz yerine ta 10 bin kilometre uzakta arayanları da buraya davet ediyoruz. Bitip tükenmeyen koltuk kavgalarına yalnızca 1 günlük TEKNOFEST molası vermeleri, kendileri adına büyük kazanç olacaktır. Sevgili İzmirliler, Çok Değerli Genç Kardeşlerim, Bugün burada sadece mili teknoloji hamlemizin hepsi gurur kaynağımız olan ürünlerini görmüyoruz. Aynı zamanda büyüyen, güçlenen, sınırları aşan, özgüven ve iddia sahibi Türkiye’nin yükselişine de şahit oluyoruz. Çiğli Hava Üssünde Kızılelma, Akıncı, Anka, Hürjet, TB2, TB3, Gökbey, Atak’la birlikte mücadele var, gayret var, sabır, azim, cesaret var. Burada zorluklar karşısında yıkılmayan güçlü bir irade var. Burada her türlü engele rağmen başarmaya sevdalı yürekler var. Burada hayallerine giden yolda hiçbir engel tanımayan işte karşımda görüyorum gençler var. Burada ayağına vurulan asırlık zincirleri parçalayan Türk milleti var. Burada Türkiye yüzyılının mahzun ve mazlum gönülleri aydınlatan ışığı var. Merhum Abdurrahim Karakoç ne güzel söylemiş: “İzmir’in sağından, Van’ın solundan, Erzurum, Edirne, Hatay yolundan, Kapı kapı tekmil Anadolu’mdan, Bir sabah gelecek kardan aydınlık.” Evet, burada onyıllardır hasretle beklediğimiz kardan aydınlığın muştusu var. Rabbime bizlere bugünleri görmeyi nasip ettiği için hamd ediyorum. Yapamazsınız diyenlere inat biz yaparız, diyen, imkânsız görülen nice hayali kısa sürede gerçeğe dönüştüren, bu milletin inandığında ve çalıştığında neleri başarabileceğini gösteren, hâsılı fikir, yürek ve alın teriyle büyük bir başarı hikâyesi yazan TEKNOFEST gençliğine, evet, teşekkür ediyorum. Sizler, Türkiye’nin müreffeh ve parlak geleceğisiniz. Sizler, canları pahasına bu toprakları bizlere vatan olarak bırakan aziz şehitlerimizin kabul olmuş duasısınız. Sizler, asrımızın Cezeri’si, Harezmi’si, İbn-i Sina’sı, Mimar Sinan’ı, Ali Kuşçu’su, Hazerfan Çelebi’si, Katip Çelebi’sisiniz. Sizler, Nuri Demirağ’ların, Vecihi Hürkuş’ların, Şakir Zümre’lerin, Nuri Killigil’lerin ideallerini gerçekleştirecek nesilsiniz. Millete sevdalı bu vizyonerlerin engellere rağmen başlattıkları hamleyi inşallah sizler omuzlayacak, hak ettiği yere inşallah siz taşıyacaksınız. Kendi öz yurdunda parya muamelesi gören milletimizi elinden tutup ayağa kaldıracak kuşak, yine sizlersiniz. Ömrünü ülkesi ve milletine hizmete adamış bir siyasetçi olarak sizin parıldayan gözlerinizde yarının güçlü Türkiye’sini görüyorum. Sizlere üstat Necip Fazıl’ın şu eşsiz mısralarıyla seslenmek istiyorum: “Surda bir gedik açtık, Mukaddes mi mukaddes. Ey kahpe rüzgar, Artık ne yandan esersen es.” Evet, açtığımız gedikten gümbür-gümbür gelen TEKNOFEST gençliğinin ayak seslerini içimizdeki gafiller duymasa da tüm dünya duyuyor, biliyor. Sizlerin başarıları milletimizle birlikte Asya’dan Afrika’ya, Balkanlar’dan Türkistan’a gönül coğrafyamızdaki kardeşlerimize de cesaret aşılıyor. Yaklaşık 30 yıllık işgalin ardından özgürlüğüne kavuşan Karabağ’da 30 sene sonra evlerine dönen muhacirler sizin için dua ediyor. Rabbim hiçbirinizin ayağına taş değiştirmesin diyorum. Sevgili Gençler, Biz 40 yılı aşkın süredir siyasetin içindeyiz, hayatımız boyunca Türkiye’ye hizmet etmenin, eser kazandırmanın, ülkemizin önündeki taşları, mayınları temizlemenin mücadelesini verdik. Siyaset yolculuğumuzun tüm safhalarında hep gençlerle beraber yürüdük. Gençlerin yoldaşı, yol arkadaşı olmaktan daima bahtiyarlık duydum. Hangi görüşe, kökene, hayat tarzına sahip olursa olsun bu ülkenin gençleriyle her zaman iftihar ettim. Hiç kimseyi yaşam biçimi, kılık kıyafeti, inancı, kimliği dolayısıyla ötekileştirmedik. Sizi harf oyunlarıyla, ideolojik at gözlükleriyle tanımlamaya çalışanlara asla prim vermedik. Dayatmacı, baskıcı, yasakçı değil, tüm vatandaşlarımızla birlikte gençlerimizin özgürlükçü alanlarını genişletenlerden olduk. Bugün de aynı bakış açısıyla hareket ediyoruz. Ne yapıyorsak sizin için, sizin istikbaliniz için yapıyoruz. İçeride ve dışarıda bitirdiğimiz ve verdiğimiz bütün mücadelelerin amacı, size daha güçlü, daha itibarlı, daha yaşanabilir bir Türkiye teslim etmektir. Biz artık sizin zamanınızın misafirleriyiz. Bizden öncekilerin bedel ödeyerek bizlere bıraktığı emaneti Allah’a hamdolsun 40 yıldır onurla, vakarla taşıdık ve bugünlere getirdik. İşte bugün burada gördüğünüz gibi Türkiye’yi savunma sanayi başta olmak üzere her alanda başarıdan başarıya koşturduk. Derslik sayımızı 343 binden 620 bine, üniversite sayımızı 76’dan 208’e, yurt kapasitemizi 182 binden 950 bine, gençlik merkezi sayımızı 9’dan 464’e, araştırma-geliştirme merkezi sayımızı sıfırdan 1289’a, tasarım merkezi sayımızı sıfırdan 324’e, teknopark sayımızı 2’den 98’e çıkardık. Sadece İzmir’de inşa ettiğimiz derslik sayısı 11 bin 687’dir. Yine şehrimizde 26 bin kişi kapasiteli yükseköğrenim yurt binaları açtık. İlimizde 3’ü devlet olmak üzere toplam 4 yeni üniversite kurduk. İzmir’e 4 teknopark kazandırdık. Güncel rakamlarla İzmir’e yaptığımız kamu yatırımlarının tutarı 225 milyar liradır. Ülkemiz genelinde teknolojiye yönelik farkındalığı artırmak için 81 ilimizde toplam 100 dene-yap teknoloji atölyesi kurduk. Uzmanlaşmayı teşvik etmek gayesiyle 12 bin öğrencimizi lisansüstü eğitim yanmaları için burslu olarak yurt dışına gönderdik. Daha burada saymaya kalksak saatler sürecek nice işe, yatırıma, reforma ve projeye imza attık. Bunlarla yetinmiyoruz, hizmet çıtamızı sürekli yukarı taşıdık. Bir taraftan asrın felaketi 6 Şubat depremlerinin yaralarını sararken, diğer taraftan gençlerimize olan sözlerimizi tek tek yerine getiriyoruz. Gençler; depremin ekonomimize yüklediği 105 milyar dolarlık faturaya rağmen, size mahcup olmamak adına gereken fedakârlığı sergiledik. Son Kabine Toplantımızda gençlerimize yeni müjdeler verdik. Örgün eğitimdeki üniversiteli gençlerimize seçim döneminde vadettiğimiz cep telefonu ve bilgisayar desteği ile ücretsiz 10 GB’lık internet sözümüzü tutuyoruz. Aile ve gençlik bankasıyla ilgili kanun teklifini de Cumhur İttifakı olarak yakında Meclis’e sunuyoruz. Teklifin yasalaşmasıyla birlikte ilk etapta deprem bölgesinde pilot projeleri hayata geçireceğiz. Deprem mağduru gençlerimizin yuva kurmalarına yardımcı olacağız. Aldığımız kararların siz gençlerimize tekrar hayırlı olmasını diliyorum. Başkaları ne yaparsa yapsın, hangi ihtiraslar peşinde koşarsa koşsun, biz sizin için koşturmaya devam edeceğiz. Değerli Kardeşlerim, Seçim döneminde gençlerin demokrat dedesi maskesi takanların, söz konusu koltukları olunca nasıl faşizan hale geldiklerini hepimiz görüyoruz. Daha düne kadar dürüstlükten, şeffaflıktan bahsedenlerin iktidar uğruna birbirlerine nasıl yalan söylediklerini de hep beraber takip ediyoruz. Gençlerimizde hayal kırıklığına yol açan bu utanç sahnelerine rağmen, biz siyasete güvenin zedelenmemesi için duruşumuzu asla bozmayacağız. Özellikle siz gençlerimize karşı daima harbi ve hasbi davranacak, aramızdaki gönül bağının sarsılmasına müsaade etmeyeceğiz. Rabbim hepinizden razı olsun diyorum. Sevgili Gençler, Dünya merkezinde inovasyon, yapay zekâ ve robotik teknolojilerin bulunduğu çok farklı bir yere doğru gidiyor, biz de Türkiye olarak bu yarışta geri kalmamaya çalışıyoruz. Ulusal yapay zekâ stratejimizi 2021 yılında yayınladık. Dijital Türkiye vizyonumuz doğrultusunda kamu hizmetlerinde dijital teknoloji araçlarını yaygınlaştırıyoruz. Elektronik Devlet uygulamamızda 7 bin 300 hizmet sunuluyor. Şu an yaklaşık 64 milyon insanımız Elektronik Devlet Kapısını kullanıyor. Gerek etkinliği ve yaygınlığı, gerekse sunulan hizmetler bakımından Avrupa’da örnek gösterilen bir sistem kurduk. Şu an dünyanın gelişmiş denilen ülkelerinde bile sıraya girerek yapılabilen işlerin çoğunu bizim insanımız telefonu veya bilgisayarından Elektronik Devlet Kapısını kullanarak saniyeler içinde halledebiliyor. Birileri hâlâ akıl almaz iddialarla karalama kampanyalarını sürdürse de, ilk yerli elektrikli aracımız TOGG’un üretimi artarak devam ediyor. Geçen haftaki Amerika Birleşik Devletleri ziyaretimizde rekabet iyidir diyerek Tesla’yı da ülkemizde yatırım yapmaya davet ettik. Hava gücümüzde çarpan etkisi oluşturacak Kızılelma ile ilgili testleri hızla tamamlıyoruz. İnşallah Kızılelma’nın da envantere girmesiyle bu alanda yeni bir çığır açıyoruz. Kaan ismini verdiğimiz beşinci nesil milli muharip uçağımızın tanıtımını yaptık. Üretim süreçlerini adım-adım gerçekleştiriyoruz. Akıncı TİHA ve Aksungur SİHA’larla silahlı insansız hava araçlarındaki hâkimiyetimizi pekiştirdik. Bunların haricinde savunma sanayi alanında hepsi birbirinden kritik 850 farklı projeyi titizlikle hayata geçiriyoruz. Dünyadaki ilk SİHA gemisi olan TCG Anadolu, denizlerimizde bayrağımızı gururla dalgalandırıyor. Savunma sanayi hamlelerimizle birlikte, ihracatımız da katlanarak artıyor. Savunma ihracatında bu yılki hedefimiz 6 milyar doları aşmaktır. Nasıl bu alandaki ihracatımızı 248 milyon dolardan geçen sene 4,5 milyar dolara çıkardıysak, inşallah bu rakamların üstünü de yakalayacağız. Diğer alanlarda olduğu gibi, savunmada da tam bağımsız Türkiye hedefimize ulaşana kadar gece-gündüz demeden çalışacağız. Son seçimlerde milletimize güven tazelemesiyle Türkiye’nin savunma atılımlarına dokunmaktan, özellikle kifayetsiz muhterislerin heveslerini kursaklarında bıraktık. İktidara giden yolu milletin iradesi yerine FETÖ’den PKK’ya, terör örgütleriyle iş birliğinde arayanlara asla unutamayacakları bir ders verdik. Tavrımızı özellikle daima doğrudan, hizmetten, eser siyasetinden yana kullanarak ülkemizin önünde yepyeni pencereler açtık. İnşallah 31 Mart 2024 mahalli idareler seçimlerinde bu kazanımları daha da ileriye taşıyacağız. İzmir başta olmak üzere fetret devri yaşayan şehirlerimizin tekrar hak ettikleri hizmetlerle buluşmasını sağlayacağız. Buna hazır mıyız? İzmir, İstanbul, Ankara, buna hazır mıyız? İzmirlinin iradesini çantada keklik görenlerin işi bundan sonra daha zor. İstismar siyasetiyle gemisini yürütenlere hep birlikte “yeter” diyeceğiz. İzmir’i gerçek belediyecilikle tanıştırmakta kararlıyız. Bu şehrin yatırım ve eser-hizmet siyasetine ihtiyacı var, bunu ancak biz yaparız, bunu biz yaparız. Bu noktada bir milat olmasını diliyorum. Bu düşüncelerle sözlerime son verirken, TEKNOFEST İzmir’in hayırlara vesile olmasını Rabbimden niyaz ediyorum. Yarışmalarda dereceye giren tüm gençlerimizi gönülden tebrik ediyorum. TEKNOFEST’in kurulmasında, bugünlere gelmesinde, icrasında emeği geçen, katkısı olan herkese şahsım, milletim adına teşekkür ediyor, hepinizi sevgiyle, saygıyla selamlıyorum. Yolunuz, bahtınız açık olsun, Mevla yar ve yardımcınız olsun diyorum. Kalın sağlıcakla."
kmaras_bld_0465,Kahramanmaraş Belediye,belediye,kahramanmaras,3_inter_election,2023-07-07,"Büyükşehir Belediyesi, 10 Temmuz Pazartesi günü itibariyle Baykar Konteyner Kent ve Kuzey Çevre Yolu arasında toplu taşıma hizmeti verecek 77/B numaralı hattın hizmete gireceğini duyurdu.

Vatandaşların toplu taşıma ihtiyacını karşılamak ve toplu ulaşımda konforu artırmak için faaliyetlerini sürdüren Kahramanmaraş Büyükşehir Belediyesi, şehrin yeni yerleşim alanlarından Kuzey Çevre Yolu civarına yeni toplu ulaşım hattını hizmete alıyor. 10 Temmuz Pazartesi günü hizmete girecek olan 77/B numaralı hat; Baykar Konteyner Kent’ten başlayıp Kahramanmaraş Büyükşehir Belediyesi – Şekerdere – Ahır Dağı Caddesi güzergâhını takip ederek Kuzey Çevre Yolu’na ulaşım sağlayacak. Büyükşehir Belediyesi’nden yapılan açıklamada; 10 Temmuz Pazartesi günü hizmete girecek 77/B numaralı hat ve şehir içi ulaşım hizmeti veren tüm toplu taşıma araçlarının güzergâh ve hareket saatine https://kahramanmaras.bel.tr/toplu-tasima-guzergah-ve-saatleri internet adresi ve KahramanKart mobil uygulaması üzerinden ulaşılabileceği, toplu taşımaya ilişkin 0531 082 00 22 numaralı WhatsApp hattından bilgi alınabileceği belirtildi."
tccb_060,TCCB,cumhurbaskanligi,kahramanmaras,1_post_quake,2023-04-07,"Saygıdeğer Misafirler, Sizleri en kalbi duygularımla, hürmetle, muhabbetle selamlıyorum. Bugün 16. orucunu tuttuğumuz Ramazan-ı Şerifinizi tebrik ediyorum. Ramazan’ın milletimiz, ülkemiz, dost ve kardeşlerimiz başta olmak üzere tüm insanlık için hayırlara vesile olmasını Rabbimden niyaz ediyorum. Ramazan’ın ruh dünyamızı saran manevi iklimini hep beraber yaşamaya çalışıyoruz. Hemen her hanede kurulan iftar sofraları, sahurlar, bu mübarek ayın nişanesi olarak bizleri birbirimize çok daha farklı bir şekilde bağlıyor. Bu sofralar, hepimizin, 85 milyonun birlik ve beraberliğinin şahididir. Bir kelamı kibarda “Muhabbetten Muhammed oldu hasıl, Muhammedsiz muhabbetten ne hasıl” der. Acıyı, tatlıyı, varlığı ve yokluğu paylaştığımız bu mübarek sofralar kurulduğu müddetçe, Allah’ın izniyle yarınlarımız da aydınlıktır. Rabbim ülkemize bu sofraların eksikliğini göstermesin diyorum. İftar sofranızı bizimle paylaştığınız için her birinize teşekkür ediyorum. Bugün burada sağlık teşkilatımızın hemen her kademesinde görev yapan arkadaşlarımızla bir aradayız. Yöneticilerimizin ve hekimlerimizin yanı sıra hemşirelerimizle, sağlık memurlarımız, teknisyenlerimiz, emekçilerimizle aynı gönül sofrasında bulunmanın sevincini yaşıyoruz. Buradan sizlerin vasıtasıyla yurt içinde ve yurt dışında görev yapan tüm sağlık personelimize selamlarımı gönderiyorum. Vazife sırasında şehit düşenler başta olmak üzere ebediyete irtihal eden tüm arkadaşlarımıza Cenab-ı Allah’tan rahmet diliyorum. Sizlerin şahsında tüm sağlık çalışanlarımıza ülkemize ve aziz milletimize sundukları hizmetler dolayısıyla teşekkür ediyorum. Değerli Arkadaşlar, Son yıllarda milletimizin mücadele azmiyle, ülkemizin direnme kapasitesini test eden pek çok sınamadan geçtik. Milyonlarca insanın hayatına mal olan koronavirüs salgınından dünyayla birlikte biz de olumsuz etkilendik. Sağlık ordumuzun cansiperane gayretleri ve vakitlice aldığımız tedbirler sayesinde salgın döneminde hiçbir vatandaşımızı çaresiz bırakmadık. Hastane kapısından geri çevrilen, ilaç bulamadığı için vefat eden, sağlık hizmetlerine ulaşamayan, istediği halde aşı imkânına erişemeyen insanımız olmadı. Ekonomik bakımdan bizden çok daha zengin ülkelerde özellikle rastlanan vahim görüntülerin hiçbiri hamdolsun ülkemizde yaşanmadı. İnsanlığın son asırda karşılaştığı en büyük sağlık krizi denilen bu salgını gerçekten takdire şayan bir organizasyon kabiliyetliyle yönetmeyi başardık. Ardından, Rusya-Ukrayna arasında patlak veren ve yayılma riski taşıyan savaşın sonuçlarıyla mücadele etmek zorunda kaldık. Dengeli ve uzlaştırıcı bir politika izleyerek savaş kıvılcımının ülkemize sıçramasına müsaade etmedik. Ayrıca, attığımız ilave adımlarla sayısız insanın hayatını kurtardık. Düşünebiliyor musunuz, 3 ay gibi bir sürede İstanbul Murat Dilmener Hastanesi’ni ve Pakize Öz Hastanesi’ni Avrupa ve Asya yakalarında olmak üzere gerçekleştirdik ve burada her türlü donanım var, ameliyathaneler var ve bu şekilde halkımızın hizmetine sunduk. Hemen yanı başımızda akan kanın durması için çalışmalarımızı Rusya-Ukrayna arasında sürdürüyoruz. Tam önümüzü görmeye, kendimizi toparlamaya başlamışken, bu sefer 6 Şubat sabahı tarihimizin en kara günlerinden birisini yaşadık. Kahramanmaraş merkezli 7,7 ve 7,6 büyüklüğündeki depremler, 14 milyon insanımızın yaşadığı 11 ilimizde ciddi yıkıma ve can kaybına yol açtı. Şu anda aramızda işte o can kayıplarını yaşayan kardeşlerimiz var, doktor arkadaşlarımız var, hemşirelerimiz var. Bütün bunlara rağmen onlar durmadan, usanmadan yine bu mücadeleyi devam ettirdiler, devam ettiriyorlar ve eşi ölmüş, çocukları ölmüş, bu halde olmalarına rağmen onlar işte Tebabet Yemini’nin gereğini yapmak suretiyle yola yine devam ediyorlar. Hayatını kaybeden 50 binin üzerindeki kardeşimiz içinde 505 de sağlık personelimiz bulunuyor. Rabbimden hepsine rahmet ve mağfiret niyaz ediyorum. Milletimizin ve sağlık camiamızın bir kez daha başı sağ olsun diyorum. İftar soframızda asrın felaketine bizzat şahitlik etmiş bu kardeşlerime, Rabbimden sabırlar niyaz ediyorum. Ve bir niyazım daha var, onlar şehadet şerbetini içtiler ve inanıyorum ki sizler de o şehadet makamında olan yakınlarınızla beraber hasrolunacaksınız. Yaşadığımız afetin yol açtığı yıkımın büyüklüğünü onlar da çok iyi biliyor. Depremzedelerimizle birlikte orada görevli kamu personelimiz de, devletimizin ilk günden itibaren gösterdiği olağanüstü çabanın tanığıdır. Türkiye Cumhuriyeti Devleti, tıpkı yüzyılın sağlık krizinde olduğu gibi asrın felaketiyle mücadelede de son derece başarılı bir imtihan vermektedir. Bunu sadece biz söylemiyoruz, ülkemize destek ziyareti yapan yabancı misafirlerimiz de bu gerçeği ikrar ediyor. Arama-kurtarmadan yaralılarımızın tedavisine, barınmadan gıda ve yiyecek teminine kadar tüm ihtiyaçlarında mağdurlarımızın yanında olduk, olacağız. Sağlık ordumuz, bu süreçte yine en ön safta yer aldı. Deprem anından itibaren 212 UMKE ve 112 acil sağlık aracımız, 14 hava ambulansımız, 1426 ambulansımız yanında 16 bine yakın UMKE ve 112 acil sağlık personelimizle, insanlarımızın yanındaydık. Yıkıntıların altından çıkartılan yaralılarımızdan 2 bin 580’ini hava yoluyla, 49 bine yakınını kara yoluyla, 327’sini deniz yoluyla diğer şehirlere sevk ettik. Halen 7 bin 731 depremzedemiz yatarak, 1008 kardeşimiz de yoğun bakımda tedavi görüyor. Kendilerine Allah’tan acil şifalar diliyorum. Şehir hastanelerimizin faydasını deprem sürecinde bir kez daha gördük. Salgın günlerinde büyük bir ihtiyacı karşılayan şehir hastanelerimiz, depremde yaralanan kardeşlerimizin tedavisinde de çok kritik rol oynadılar. Toplamda 30 bin 197 yataklı 21 şehir hastanemiz şu an vatandaşlarımıza en üst standartta sağlık hizmeti veriyor. Kimi çevrelerin mesnetsiz saldırılarına rağmen, bu devasa sağlık yatırımlarını ülkemize kazandırmaktan gurur duyuyoruz. Depremzedelerimize verdikleri hizmetler için başta Etlik Şehir Hastanesi olmak üzere tüm hastane personelimizi tebrik ediyorum. Yaralılarımızla nasıl yakından ilgilendiğinizin bizzat şahidiyim, biliyorum. Buradan şifa bularak çıkan her kardeşimizin Allah razı olsun duası en büyük mutluluk kaynağımızdır. Deprem illerimizde başvuran 7,5 milyon afetzede insanımıza kesintisiz sağlık hizmeti sunduk. Bölgedeki sağlık kadromuzu 32 bin 851 ilave personel görevlendirerek tahkim ettik. Yaralılarımıza özellikle hâlihazırda 122 bin 316 sağlık personelimiz depremzedelerimize hizmet veriyor. Bölgedeki 124 kamu hastanemizin 13’ü ağır hasarlıdır, bunlardan 1’i de tamamen yıkılmıştır. Sağlam hastanelerimizde hizmete devam ederken, 22’si halen aktif olan 34 sahra hastanesi kurduk ve şimdi de inşallah Kocaeli’nde yeni bir şehir hastanemizi açıyoruz. Tarihini belirledik mi? 28, inşallah o da şöyle burası kadar büyük olmasa da, Kocaeli gibi önemli bir yerde artık vatandaşlarımızın hizmetine girecek. Yeni hastane binalarımızın yapımına da süratle başladık, inşallah en kısa sürede tamamlayacağız. Çarpıtılmış bir fotoğraf karesi üzerinden inşaat çalışmalarımıza iftira atanları ise, milletimizin vicdanına havale ediyoruz. Elbette hizmet etmek, eser kazandırmak, ülkeniz ve milletiniz için taş üstüne taş koymak öncelikle bir nasip meselesidir. Kimi insan iş yapar, kimisi de sadece laf yapar, dedikodu yapar. Bizim yalanlarla, bühtanlarla, astı-astarı olmayan iftiralarla boşa geçirecek vaktimiz yok. İstismar peşinde koşanlar, bugüne kadar hep kaybetmiştir, inşallah yine kaybedecektir. Biz nasıl salgında rekor sürelerde hastanelerimizi devreye aldıysak, şimdi de söz verdiğimiz tüm projeleri tam zamanında bitirip hizmete açacağız. İşte çatısı altında bulunduğumuz hastane, aynı şekilde Bilkent, buralar Ankara’mız için çok çok önemli şehir hastanelerimiz oldu. Kardeşlerim, Salgında, depremde, afette, hastalıkta milletimizin imdadına koşan sağlık çalışanlarımızı asla ihmal edemeyiz. Sizlerin görevlerinizi hakkıyla yapabilmeniz adına hiçbir fedakârlıktan kaçınmıyoruz. Son 20 yılda hastanelerimizin en modern cihazlarla yenilenmesinden mali ve özlük haklarınızın iyileştirilmesine kadar pek çok adım attık. Sizlerin şartlarını iyileştirerek aynı zamanda vatandaşlarımızın da daha kaliteli sağlık hizmeti alabilmelerini temin ettik. Son düzenlemelerle sabit ek ödemeleri artık merkezi yönetim bütçesinden karşılıyoruz. Sağlık personelimize sabit ödemeyle birlikte taban ödeme de tanımladık. Teşvik ek ödemesi de mahsuplaşma olmadan ayrıca ödenmeye başlandı. Sağlıkta şiddeti önlemeye matuf yasal düzenlemeleri hayata geçirdik. Sağlık personeline karşı kasten yaralama suçları tutuklanmaya ilişkin katalog suçlar arasına alındı. Sağlık personelinin soruşturulması ve özellikle de malpractice davalarından doğan tazminatın rücu edilmesi uygulamasını ortadan kaldırdık. Kamudan emekli olan doktorlarımızın emekli aylıklarındaki ek ödemeyi de artırdık. Ayrıca, ek gösterge düzenlemesiyle farklı hizmet sınıflarında yer alan sağlık personeline 600 puanlık artış sağladık. Fiilen hastanelerde görev yapan son sınıf öğrencilerine asgari ücret seviyesinde ödeme yapıyoruz. Uzmanlık öğrencilerinin nöbet sayıları, nöbet ertesi izinleri ile ilgili olarak çalışma şartlarını iyileştirdik. Aile hekimleri ve aile sağlığı çalışanlarımızın da diğer sağlık personelimiz gibi destek ve teşvik ek ödemesi almasını temin ettik. Ayrıca, sözleşmeli statüde çalışan personelimize kadro verdik. Gerektiğinde şartları zorlama pahasına sağlık camiamızın beklentilerini karşıladık, sıkıntılarına çözüm ürettik. İnşallah bundan sonra da sizlerin yanında olmayı sürdüreceğiz. Bildiğiniz gibi önceki hafta bir müjdemizi milletimizle paylaştık. Yeni katılımlarla sağlık ordumuzu daha da güçlendiriyoruz. Türkiye genelinde 42 bin 500 sağlık personeli alıyoruz. Bunlardan 2832 sürekli işçi ile 9059 sözleşmeli sağlık personelinin atamasını deprem bölgesindeki illere yapacağız. Felaketin yaralarının en kısa sürede sarılması için gereken her türlü çabayı sergileyeceğiz. Seçim sürecinin çalışmalarımızı sekteye uğratmasına kesinlikle müsaade etmeyeceğiz. Depremzedelerimizin bizden çok büyük beklentileri olduğunu biliyoruz. Yapımına süratle başladığımız on binlerce deprem konutunun umutları yeniden canlandırdığını görüyoruz. Özellikle yıkıntıların hemen yanında yeşeren bu umutları boşa çıkarmayacağız. Aziz milletimizin hem kendi, hem de evlatlarının aydınlık geleceği için sandıkta yine en doğru kararı vereceğine inanıyorum. Rabbim yolumuzu, bahtımızı açık etsin diyorum. Bu duygularla bir kez daha hizmetleri, emekleri ve gayretleri için sizlerin nezdinde tüm sağlık çalışanlarımıza teşekkür ediyorum. Önümüzdeki günlerde vasıl olacağımız Kadir Gecenizi ve bayramınızı şimdiden kutluyorum. Hepinizi sevgiyle, saygıyla selamlıyorum. Kalın sağlıcakla."
kmaras_val_136,Kahramanmaraş Valiliği,valilik,kahramanmaras,3_inter_election,2023-11-09,"Valimiz Mükerrem Ünlüer, Büyükşehir Belediye Başkanı Hayrettin Güngör, İl Jandarma Komutanı Tuğgeneral Gökhan İnan ve İl Emniyet Müdürü Nurettin Gökduman ile birlikte küçük sanayi sitesi esnaflarımızı ziyaret etti. 
 
Esnaflarımızla bir süre hasbihal eden Vali Ünlüer ve beraberindeki heyet, iş yerlerinin hasar durumu ile ilgili esnaflardan bilgiler aldı.
 
Küçük Sanayi Sitesi Kooperatifini de ziyaret eden Vali Ünlüer, Başkan Güngör ve beraberindeki heyet, Kooperatif Başkanı Müjdat Bayazıt ve yönetim kurulu ile esnaflarımızın durumu, iş yerlerinin hasar durumu ve yapılması planlanan çalışmaları istişare etti."
kmaras_bld_1963,Kahramanmaraş Belediye,belediye,kahramanmaras,5_post_local,2024-10-18,"19 Ekim Muhtarlar Günü dolayısıyla düzenlenen programda muhtarlarla bir araya gelen Başkan Görgel, “Göreve başladığımız günden itibaren muhtarlarımızla olan diyalog kanallarımızı en üst seviyeye çıkardık. Bugüne kadar 721 muhtarımızdan bizlere 4 bin 884 talep oldu. Bu taleplerin yaklaşık %45’i hızlıca karşılandı ve yatırım programına alındı. Hemşehrilerimize ve sizlere yapamayacağımız işin sözünü vermiyoruz. Hamdolsun verdiğimiz her bir sözü de yerine getiriyoruz” dedi.

Şehrin çeşitli noktalarında muhtarlarla bir araya gelerek yerleşim yerlerinin ihtiyacı noktasında istişarelerde bulunan ve mahallelere yönelik taleplerini alan Kahramanmaraş Büyükşehir Belediye Başkanı Fırat Görgel, 19 Ekim Muhtarlar Günü dolayısıyla düzenlenen programda muhtarlarla bir araya geldi. Şehrin yeni gözde mekânlarından Çamlıca Sosyal Tesisleri’nde gerçekleştirilen programda; Vali Mükerrem Ünlüer, AK Parti İl Başkanı Muhammed Burak Gül, Onikişubat Kaymakamı Salih Çiğdem, İl Emniyet Müdürü Nurettin Gökduman ve muhtar dernek başkanları da yer aldı. Muhtarlarla tek tek ilgilenerek sohbet eden Başkan Fırat Görgel, çalışmalarında kolaylıklar diledi.

Gül: “Daima Muhtarlarımızın Yanındayız”

Programda konuşan AK Parti İl Başkanı Muhammed Burak Gül, “Cumhurbaşkanımız Sayın Recep Tayyip Erdoğan’ın da ifadeleriyle muhtarlarımız; köylerinde, mahallelerinde vatandaşlarımızın temsilcisidir. Muhtarlarımız, hemşehrilerimizin hizmete erişiminde ilk duraklarıdır. Bizler de daima muhtarlarımızın yanında olmaya devam edeceğiz. Bu vesileyle 19 Ekim Muhtarlar Günü’nü tebrik ediyorum” dedi.

“Muhtarlarımızın Talepleri Hızlı Bir Şekilde Karşılanıyor”

Büyükşehir Belediye Başkanı Fırat Görgel, “Öncelikle 6 Şubat depremlerinde kaybettiğimiz muhtarlarımıza Allah’tan rahmet diliyorum. Bugün 19 Ekim Muhtarlar Günü dolayısıyla bir aradayız. Muhtarlarımız, demokrasinin en önemli yapı taşlarından biri. Ayrıca yerel yönetimler olarak bizlerin de en önemli paydaşı. Bizler de göreve başladığımız günden itibaren muhtarlarımızla olan diyalog kanallarımızı en üst seviyeye çıkardık. 11 ilçemizin tamamında muhtarlarımızla istişare ve değerlendirme toplantıları gerçekleştirdik. İlçe ziyaretlerimizde de özellikle muhtarlarımızla bir araya gelerek taleplerini aldık. Bugüne kadar 721 muhtarımızdan bizlere 4 bin 884 talep oldu. Bu taleplerin yaklaşık %45’i hızlıca karşılandı ve yatırım programına alındı. Bizim sorumluluk alanımızda olmayanları ise ilgili kurumlara ilettik” cümlelerini kaydetti.

“Kahramanmaraş’ımızı Daha Güzel Yarınlara Taşıyacağız”

Başkan Fırat Görgel konuşmasının devamında, “Hemşehrilerimize ve sizlere yapamayacağımız işin sözünü vermiyoruz. Hamdolsun verdiğimiz her bir sözü de yerine getiriyoruz. Görev süremiz boyunca muhtarlarımızın sesine kulak verecek, şehrimizdeki hizmetlerin şekillenmesini yine istişare kanallarımızı açık tutarak sürdüreceğiz. Hep birlikte Kahramanmaraş’ımızı daha güzel yarınlara taşımak için çalışmaya devam edeceğiz. Muhtarlarımızın gayreti bizim desteğimizle birleştiğinde daha güçlü ve mutlu bir şehir olacağız. Bu vesileyle 19 Ekim Muhtarlar Günü’nü kutluyor, tüm muhtarlarımıza şükranlarımızı sunuyoruz” ifadelerini kullandı.

Vali Ünlüer: “Muhtarlar Günü’nü Tebrik Ediyorum”

Programda muhtarlara seslenen Vali Mükerrem Ünlüer, “Kahramanmaraş’ın her noktasını ayağa kaldırmak, yeniden ihya ve inşa etmek için kıymetli muhtarlarımız ve tüm paydaşlarımızla koordine içerisinde çalışmaya devam edeceğiz. Bütün muhtarlarımızın Muhtarlar Günü’nü tebrik ediyor, sağlık, afiyet ve huzur içerisinde görevler diliyorum” diye konuştu."
hatay_bld_0023,Hatay Belediye,belediye,hatay,2_pres_campaign,2023-05-02,"6 Şubat’tan itibaren Hatay’daki yaraları sarmak amacıyla birçok önemli çalışmanın altına imza atan Büyükşehir Belediyesi, depremzede vatandaşlara iş imkânı sağlamak amacıyla iş birliklerini sürdürüyor.

Arçelik, depremden etkilenen vatandaşlara iş imkânı sağlamak üzere Hatay’da büyükşehir belediyesinin sağladığı eğitim merkezinde bir çağrı merkezi kurdu. Yeni iş imkânı sağlamak ve istihdama destek olmak amacıyla gerçekleştirilen proje kapsamında Hatay’ın çeşitli bölgelerinde çadır kentte yaşayan depremzedeleristihdam edilecek. Çağrı merkezinde 50 kişinin istihdam edilmesi planlanıyor.

“İNŞALLAH DİĞER ŞİRKETLERİMİZ DE YAVAŞ YAVAŞ HATAY’A SAHİP ÇIKMAYA BAŞLAYACAK”

Hatay’ın oldukça zor bir süreçten geçtiğini fakat yeniden el birliği ile şehri yeniden ayağa kaldıracaklarını ifade eden Başkan Savaş, “ Hatay'da 6 Şubat'ta acı bir tablo ile uyandık. 6 Şubat’tan bugüne yaklaşık 90 gün geçti. Birçok yaramızı sarmaya devam ediyoruz. Birçok yıkılan, dökülen ve can kaybına uğradığımız ilçelerimizde hep eskiye dönmek istiyoruz. Eskiye dönmek içinde sadece insanları buraya getirmek yetmez. Çocuklarımıza eğitim yeri lazım. İnsanlarımıza çalışacak yer lazım. Arçelik bizim imdadımıza yetişti. Arçelik iletişim merkezi ilk defa açıyoruz. 50 tane gencimiz burada Arçelik kendi evladı olarak çalışacaklar. Yani Arçelik şirketinde insanlar nasıl çalışıyorsa, hangi haklara sahiplerse, hangi hizmetleri yapıyorlarsa, bunların aynısını 50 tane arkadaşımız yapacaklar. EXPO alanında iletişim merkezinde eğitime başladılar. İnşallah diğer şirketlerimiz de yavaş yavaş Hatay’a sahip çıkmaya başlayacak.

“ ARÇELİK MÜTHİŞ DESTEK VERDİ BİZE”

Savaş konuşmasının devamında şöyle dedi: Hatay'da sadece umutlar değil, yürekler ve evlerdeki huzur, beklentilerde beklide eskisinden daha iyi olacak. Yara sarmak için sadece biz yetmeyiz. Hatayı seven, Hatay’daki insanımıza katkı sağlamak isteyen bütün iş insanlarımızı, şirketlerimizi Hatay’daki gençlerimize destek için bekliyoruz. Buraya destek olan, hataya destek olan, 50 çocuğumuza destek olan Arçelik’e teşekkür ediyoruz. İlk günden beri birçok firma yardımcı oldu ama gerçekten Arçelik ailesi müthiş bir destek verdi bize. O desteklerini insan kaynaklarına destek vererek te arttırıyorlar. Ben buradaki gençlerimize hayırlı olsun diyorum. Hem de Arçelik’in bütün yetkililerine, buradaki yönetici arkadaşlara teşekkür ediyorum. Desteklerin artması dileğiyle hayırlı olsun diyorum”

“ÇADIRKENTLERDE YAŞAMINI SÜRDÜREN 50 VATANDAŞIMIZ İSTİHDAM EDİLECEK”

Arçelik Türkiye Genel Müdürü Can Dinçer de çağrı merkezinin faaliyete geçmesiyle ilgili olarak şunları söyledi: “Depremden etkilenen vatandaşlarımıza yaşadıkları illerde yeni iş imkanları sağlanması kritik önem taşıyor. Hatay’da kurduğumuz çağrı merkezinde tamamı çadır kentlerde yaşamanı sürdüren 50 vatandaşımız istihdam edilecek. Bölgede geleceğe dair umutları yeşertmek ve kalıcı bir çözüme katkı sağlamak için barınma, eğitim, hijyen ve gıda gibi en temel ihtiyaçların karşılanmasının yanı sıra, iş imkanları sunulması gerekiyor. Çağrı merkezimiz için ofis alanını sağlayan Hayat Büyükşehir Belediyesi’ne ve desteklerini esirgemeyen sayın Başkanı’mıza teşekkür ederiz” dedi."
csb_0941,CSB,bakanlık,hatay,5_post_local,2024-12-28,"BAKAN MURAT KURUM İSKENDERUN SAHİL PROJESİ TÖRENİNDE KONUŞTU

İskenderun Sahil Projesi’nin Türkiye’nin sahillerinde yapılan en büyük düzenleme projesi olacağını vurgulayan Çevre, Şehircilik ve İklim Değişikliği Bakanı Murat Kurum, “Proje açılışımızı Cumhuriyetimizin 102. yılında, 29 Ekim Cumhuriyet Bayramı’mızda büyük coşkuyla yapacağız. 2025 yılı sonuna geldiğimizde mavi ve yeşilin kucaklaştığı, Akdeniz’in Mavi Vatan’ımızın eşsiz güzelliğinin seyredildiği nazlı İskenderun’a, yeni Hatay’a hep birlikte kavuşacağız” dedi.

Çevre, Şehircilik ve İklim Değişikliği Bakanı Murat Kurum, Hatay’da İskenderun Sahil Düzenleme ve Yenileme Projesi tanıtım törenine katıldı. İskenderun sahilinin 6 Şubat depremi sebebiyle 80 santim çöktüğünü anımsatan Bakan Kurum, “Milletvekillerimizle, belediye başkanlarımızla birlikte bu alanı karış karış incelemiş; sahilimizi koruma adına irademizi ortaya koymuş ve Hataylılara sözümüzü vermiştik. Geçen zaman içinde İskenderun Sahili’ni eskisinden çok daha güzel bir hale getirmek için çalışmalarımızı başlattık. Ulaştırma ve Altyapı Bakanlığımız hemen denizin dibindeki tahkimatını ve güçlendirmesini tamamladı. Güçlendirme çalışmasının hemen ardından, bu kez bayrağı biz devraldık ve 304 bin metrekarelik alanda, Türkiye’nin sahillerinde yapılan en büyük düzenleme projesi olabilecek kentsel tasarım projemizi tamamladık. İhalemizi yaptık ve bugün de ilk adımı atıyoruz” dedi.

“NAZLI İSKENDERUN’A, YENİ HATAY’A HEP BİRLİKTE KAVUŞACAĞIZ”

Sahilin 2025 yılında hizmete sunulacağını vurgulayan Bakan Kurum, “Proje açılışımızı Cumhuriyetimizin 102. yılında, 29 Ekim Cumhuriyet Bayramı’mızda büyük coşkuyla yapacağız. 2025 yılı sonuna geldiğimizde tüm depremzede kardeşlerimizin yeni yuvasında oturduğu; mavi ve yeşilin kucaklaştığı, sahiliyle bölgenin cazibe merkezi olmuş; bisiklet ve yürüyüş yollarında, basketbol ve futbol sahalarında, yeni restoran ve kafelerinde keyifle vakit geçirilen; birbirinden güzel nar ve turunç bahçeleri, oyun parkları çocuk sesleriyle dolup taşan; gün doğumu ve gün batımında kurduğumuz manzara platformlarında Akdeniz’in Mavi Vatanımızın eşsiz güzelliğinin seyredildiği nazlı İskenderun’a, yeni Hatay’a hep birlikte kavuşacağız” diye konuştu.

250 YILLIK ZEYTİN AĞACI SAHİLİN SİMGESİ OLACAK

TOKİ Başkanı Mustafa Levent Sungur da törende yaptığı konuşmada, sahil projesinin doğal ve kültürel değerleri koruyan, sosyokültürel yapıyı zenginleştiren, şehirlerin vizyonunu geliştiren çalışmalardan biri olduğunu söyledi. Töreninin sonunda 250 yıllık anıt zeytin ağacı İskenderun Sahili’nde toprakla buluşturuldu.

Kutu:

SAHİLE AKDENİZ BAHÇELERİ KURULACAK

Bakan Murat Kurum’un talimatlarıyla Kentsel Dönüşüm Başkanlığı ve Toplu Konut İdaresi Başkanlığı (TOKİ) iş birliğinde başlatılan İskenderun Sahil Düzenleme ve Yenileme Projesi kapsamında, 3.2 kilometrelik sahil şeridinde 26 etaptan oluşan sosyal donatı alanları inşa edilecek. Doğal doku korunarak yeşil alanlar artırılacak, vatandaşların sahilden istifade etmesi sağlanacak. Toplam 304.187 metrekare büyüklüğündeki proje kapsamında bisiklet yürüyüş yolları, çocuk oyun alanları, spor sahaları, seyir alanı, kıyı yürüyüş alanı, Akdeniz bahçeleri, sahil restoran ve kafeteryalar, çok amaçlı meydan ve otopark yer alacak.

Linke tıklayınız;"
kmaras_val_194,Kahramanmaraş Valiliği,valilik,kahramanmaras,4_local_campaign,2024-02-12,"Kuzey Kıbrıs Türk Cumhuriyeti Cumhurbaşkanı Sayın Ersin Tatar, Kahramanmaraş’ın düşman işgalinden kurtuluşunun 104. Yıldönümü törenlerine katılmak, bir dizi ziyaret ve temaslarda bulunmak üzere ilimize teşrif etti.
 
Millî Mücadelemizin 104. yılı kutlama törenlerine katılan Cumhurbaşkanı Sayın Ersin Tatar, daha sonra Kıbrıs gazilerimizi ziyaret etti. Kıbrıs gazilerimizle bir süre sohbet eden Sayın Tatar, kendilerine Kıbrıs’tan size sevgi ve saygılar getirdiklerini ifade etti.
 
Kapıçam Mezarlığını da ziyaret eden Sayın Tatar, Valimiz Mükerrem Ünlüer, Milletvekillerimiz ve protokol mensuplarımız ile deprem şehitlerimiz için dua ettiler.
 
Valiliğimize de ziyarette bulunan KKTC Cumhurbaşkanı Sayın Ersin Tatar, burada Valimiz Mükerrem Ünlüer, Milletvekillerimiz ve il protokolü tarafından karşılandı.
 
Vali Ünlüer ile bir süre görüşen Sayın Tatar, şehrimizin düşman işgalinden kurtuluşunun 104. yılını kutladı. Sayın Tatar ayrıca, 6 Şubat’ta yaşanan depremlerden dolayı Vali Ünlüer nezdinden tüm Kahramanmaraş halkına geçmiş olsun dileklerinde bulunarak vefat eden vatandaşlarımıza Allah’tan rahmet dileğinde bulundu."
kmaras_bld_2051,Kahramanmaraş Belediye,belediye,kahramanmaras,5_post_local,2024-11-08,"AK Parti Türkoğlu 8. Olağan Kongresi’ne katılan Başkan Fırat Görgel, “Göreve geldiğimiz günden itibaren Türkoğlu’nda, 40 Milyon TL’lik sıcak asfalt ve 35 Milyon TL’lik de yol düzenlemelerini hayata geçirdik. Yine ilçemize 32 kilometre içmesuyu hattı ve 8 adet içmesuyu deposu kazandırdık. Türkoğlu için görev süremiz boyunca dur durak bilmeden çalışmaya devam edeceğiz” dedi.

AK Parti Türkoğlu 8. Olağan Kongresi, Türkoğlu Spor Salonu’nda gerçekleştirildi. Programda; AK Parti Genel Başkan Yardımcısı Çiğdem Karaaslan, TBMM Tarım, Orman ve Köyişleri Komisyonu Başkanı Prof. Dr. Vahit Kirişci, AK Parti Kahramanmaraş Milletvekilleri Ömer Oruç Bilal Debgici ve Dr. Tuba Köksal, Büyükşehir Belediye Başkanı Fırat Görgel, AK Parti İl Başkanı Muhammed Burak Gül, Kadın Kolları Başkanı Asuman Yavuz ve Gençlik Kolları Başkanı Furkan Ünaldı, il ve ilçe teşkilatları ile çok sayıda vatandaş yer aldı. Kongrede, Türkoğlu’nun kalkınması ve katma değerinin artırılması noktasında gerçekleştirilen ve planlanan yatırımlar da değerlendirildi.

“Çok Daha Güçlü Bir Şekilde Yeni Kahramanmaraş”

Programda konuşan Büyükşehir Belediye Başkanı Fırat Görgel, “Güçlü teşkilat yapımız, güçlü AK Parti; güçlü AK Parti, Güçlü Recep Tayyip Erdoğan; güçlü Recep Tayyip Erdoğan ise mazlumların gücü demek. O yüzden teşkilatımızın bu coşku ve heyecanı, tüm mazlum coğrafyalar için güveni temsil ediyor. 6 Şubat depremlerinin ardından şehrimizi daha güçlü bir şekilde ayağa kaldırmak için milletvekillerimiz ve teşkilatımızla birlikte var gücümüzle çalışıyoruz. Bu birlik ve beraberlik, şehrimizin çok daha güçlü bir şekilde ayağa kalkmasına vesile olacak” cümlelerini kaydetti.

“Hemşehrilerimizin Konforunu Artırmak İçin Gayretimizi Sürdüreceğiz”

Türkoğlu’nda hayata geçirilen ve planlanan yatırımlara da değinen Başkan Fırat Görgel, “Tüm ilçelerimizde olduğu gibi Türkoğlu için de görev süremiz boyunca dur durak bilmeden çalışmaya devam edeceğiz. Türkoğlu’nda yaşayan hemşehrilerimizin hayat konforunu artırmak için gayretimizi sürdüreceğiz. Göreve geldiğimiz günden itibaren Türkoğlu’nda; 40 Milyon TL’lik sıcak asfalt, 35 Milyon TL’lik de yol düzenlemelerini hayata geçirdik. Türkoğlu Taziye Evi ve Kur’an Kursu’nun da tadilatına başladık. Sosyal yardımlara da çok önem veriyoruz. Geride kalan 6 aylık görev süremizde Türkoğlu’nda hemşehrilerimize toplam 5 Milyon TL’yi aşan sosyal destek sağladık. Yine ilçemize 32 kilometre içmesuyu hattı ve 8 adet içmesuyu deposu kazandırdık. 23 adet de sondaj çalışması yaptık. Sadece altyapı çalışmalarımızın toplam maliyeti 74 Milyon TL. Türkoğlu’muzun alt ve üstyapısını daha büyük yatırımlarla yenilemeye devam edeceğiz” ifadelerini kullandı."
kmaras_val_007,Kahramanmaraş Valiliği,valilik,kahramanmaras,1_post_quake,2023-04-21,"Valimiz Ömer Faruk Coşkun, depremzede vatandaşlarımızın kaldığı Konteyner Kent ve Çadır Kentlere ziyarette bulundu.
 
Çadırları dolaşarak vatandaşlarımızla hasbihal eden Vali Coşkun, vatandaşlarımıza hem geçmiş olsun dileklerinde bulundu hem de Ramazan Bayramlarını tebrik etti.
 
Vatandaşlarımızla ve çocuklarla yakından ilgilenerek vatandaşlarımızın sorunlarını ve taleplerini dinleyen Vali Coşkun, devletimiz ve milletimiz el ele vererek yaşadığımız zorlu günlerin üstesinden hep birlikte gelineceğini ifade etti.
 
Burada görev yapan personelle de bayramlaşan Vali Coşkun, özverili çalışmalarından dolayı tüm personele teşekkür etti.
 
Vali Coşkun’a ziyaretleri sırasında, Dulkadiroğlu Kaymakamı Fatih Çelikkaya da eşlik etti."
kmaras_bld_0388,Kahramanmaraş Belediye,belediye,kahramanmaras,3_inter_election,2023-06-14,"Divanlı Mahallesi’nde oluşturulan geçici iş yerlerinin tahsisi için düzenlenen kura törenine katılan Başkan Güngör, “Şehir merkezimizde 2 bin 436 geçici iş yeri planlandı, bunun 2 bin 222’si bitirildi ve hizmete sunuldu. Burada hedefimizi tamamlama oranımız yüzde 91. Bugün de Divanlı Mahallemizde oluşturduğumuz geçici çarşımızda 16 esnafımıza kura ile iş yerlerini teslim ediyoruz. Hayırlı olsun” dedi.

Kahramanmaraş Büyükşehir Belediyesi, AFAD ve kardeş belediyelerin de destekleriyle şehre yeni geçici esnaf çarşıları kazandırmayı sürdürüyor. Bu kapsamda, Dulkadiroğlu ilçesi Divanlı Mahallesi’nde oluşturulan 16 geçici iş yerinin esnaflara tahsisi için kura çekilişi gerçekleştirildi. Büyükşehir Belediye Başkanı Hayrettin Güngör’ün katılımıyla Divanlı Mahalle Muhtarlığı’nda gerçekleştirilen kura çekimiyle geçici esnaf çarşısında hak sahibi olacak esnaflar belirlendi. Geçici iş yerlerinin ticari faaliyetlerini sürdürmeleri noktasında çok önemli olduğunu belirten esnaflar ve Divanlı Mahalle Muhtarı Atilla Erimhan, desteklerinden dolayı Başkan Hayrettin Güngör’e teşekkür etti.

Hedefimizi Tamamlama Oranımız Yüzde 91

Geçici esnaf çarşılarına ilişkin değerlendirmelerde bulunan Başkan Güngör, “Deprem sonrası hayatın normale dönmesi için yoğun gayret gösteriyoruz. Bir yandan geçici barınma merkezlerinin kurulumu sürerken bir yandan da kalıcı konut ve iş yerlerinin inşası devam ediyor. Süreçler sağlıklı bir şekilde ilerliyor. Esnafımızı rahatlatmak için ilimiz genelinde planlanan 4 bin 55 geçici iş yerinin 3 bin 591 adedi tamamlandı ve teslim edildi. Şehir merkezimizde 2 bin 436 geçici iş yeri planlandı, bunun 2 bin 222’si bitirildi ve hizmete sunuldu. Burada hedefimizi tamamlama oranımız yüzde 91. AFAD ve kardeş belediyelerimizin de destekleriyle bu süreci yürütüyoruz. Geçici iş yerlerinde esnaflarımızın faaliyetlerini sürdürmesi bizlere mutluluk veriyor. İhtiyaç halinde yeni alanlar oluşturmaya devam edeceğiz. Bugün de Divanlı Mahallemizde oluşturduğumuz geçici çarşımızda 16 esnafımıza kura ile iş yerlerini teslim ediyoruz. Esnafımıza hayırlı olsun” dedi.

Mikrobölgelemede Sona Gelindi

Şehrin imarı noktasında yürütülen çalışmalara ilişkin de bilgiler aktaran Güngör, “Şehrimizin imar ve planlaması noktasında ciddi bir aşama kat edildi. Mikrobölgeleme çalışmalarında sona gelindi. Akabinde de imar revizyonunu gerçekleştireceğiz. İnşallah bu aşamalar kısa süre içerisinde tamamlanacak. Zeminin durumuna göre yapılaşmaya karar verilecek. Şehrimiz genelinde kentsel dönüşüm gerektiren alanlarda da çalışmalar devam edecek” ifadelerini kullandı."
csb_0942,CSB,bakanlık,hatay,5_post_local,2024-12-28,"BAKAN MURAT KURUM: “ÖNÜMÜZDEKİ GÜNLERDE 201 BİNİNCİ YUVAMIZIN ANAHTARINI CUMHURBAŞKANIMIZ İLE TESLİM EDECEĞİZ”

Çevre, Şehircilik ve İklim Değişikliği Bakanı Murat Kurum, önümüzdeki günlerde Cumhurbaşkanı Recep Tayyip Erdoğan’ın katılımıyla 201 bininci konutun anahtarının teslim edileceğini açıkladı. Deprem bölgesinde afetzede vatandaşlar için yapılması gereken konutların yüzde 93’ünün inşasının başladığını belirten Bakan Kurum, “Ocak ayının 15’i itibarıyla, deprem bölgesindeki şehir merkezlerinde bulunan rezerv alanlarda ve uydu kentlerimizde, şehirlerin çeperlerinde inşaatı başlamamış tek bir proje kalmayacak, inşaatlarımızın yüzde 100’ü başlamış olacak” dedi.

Hatay’da İskenderun Sahil Düzenleme ve Yenileme Projesi tanıtım töreninde konuşan Çevre, Şehircilik ve İklim Değişikliği Bakanı Murat Kurum, önümüzdeki günlerde Cumhurbaşkanı Recep Tayyip Erdoğan’ın katılımıyla 44 bin 227’si Hatay’da olmak üzere 201 bininci konutun anahtarlarını teslim edeceklerini belirtti.

“453 BİN KONUTUMUZU ALNIMIZIN AKIYLA TAMAMLAYACAĞIZ”

Şu anda deprem bölgesinde afetzede vatandaşlar için yapılması gereken konutların yüzde 93’ünün inşasının başladığını belirten Bakan Kurum, “Buradan 11 ilimize ve milletimize bir müjde daha vermek istiyorum. Ocak ayının 15’i itibarıyla, deprem bölgesindeki şehir merkezlerinde bulunan rezerv alanlarda ve uydu kentlerimizde, şehirlerin çeperlerinde inşaatı başlamamış tek bir proje kalmayacak, inşaatlarımızın yüzde 100’ü başlamış olacak. Bu hızla inşallah 2025 yılı sonuna kadar 158 bini Hatay’da olmak üzere toplam 453 bin konutumuzu alnımızın akıyla tamamlayacağız. 11 ilimizde huzurla, güvenle, mutlulukla yuvasına kavuşmayan tek bir depremzede kardeşimizi bırakmayacağız” diye konuştu.

“ALEVİ’SİYLE SÜNNİ’SİYLE, ARAP’IYLA, KÜRT’ÜYLE, TÜRK’ÜYLE HEPİMİZİN VATANIDIR”

“Deprem bölgesinin ayağa kalkması, sadece bir inşa meselesi değildir; bu mesele, Türkiye için yeni bir milli mücadele meselesidir” diyen Bakan Kurum şöyle devam etti: Herkesten de meseleye böyle bakmasını bekliyoruz, bu hassasiyetle yaklaşmasını umuyoruz. Çünkü Elazığ Palu Köprüsü’nden, Adıyaman Cendere’den akıp geçen tarih, hepimizin tarihidir. Diyarbakır On Gözlü Köprü’den, Antep Kalesi’nden yakılan türkü, hepimizin türküsüdür. Habib-i Neccar’dan, Ulu Cami’den yükselen ezanlar, hepimizin ezanlarıdır. Bu vatan Alevi’siyle Sünni’siyle, Arap’ıyla, Kürt’üyle, Türk’üyle hepimizin vatanıdır. Bütün zamanını, mesaisini, tecrübesini afetzede kardeşlerinin geleceğine adamış kadrolar olarak, bizim anlayışımız budur.

“DEPREM ŞEHİTLERİMİZE VERDİĞİMİZ SÖZÜ ASLA YERDE BIRAKMAYACAĞIZ”

Bakan Murat Kurum, Hatay’da tarih ve kültür yeniden ayağa kalkana kadar mücadele edeceklerini vurguladı:

Bu dünyada güzel olan, değerli olan ne varsa onu temsil eden bir şehrin evlatlarısınız. Hatay’ın her karışı, Asi’nin her damlası, Amanos’un her kayası şahit olsun ki deprem şehitlerimize, şehit anne ve yavrularımıza verdiğimiz sözü asla yerde bırakmayacağız. Hatay’ımızın her sokağında biz olacağız, yıkılan her taşın altından kocaman umutları yükselteceğiz. Asi Nehri’nin kenarında, Hatay’ın simge mekânları olacak projelerimizi tek tek tamamlayacağız. Uzun Çarşımızı, Ulu Camimizi, Habib-i Neccar Camimizi, Kurtuluş Caddemizi aslına uygun şekilde inşa ve ihya edeceğiz. Ve hep söylediğimiz gibi kim neyin peşinde koşarsa koşsun, biz milletimizin yanında koşacağız. Kim hangi hesabı yaparsa yapsın bizim tek hesabımız milletimizin mutluluğu olacak. Biz dün buradaydık, bugün buradayız, yarın da en son afetzede kardeşimiz evine girene kadar burada olacağız. Yüzlerin güldüğü bir Hatay için, yeniden ayağa kalkmış bir İskenderun için, durmak yok, yola devam.

“TÜRKİYE İNSANLIĞIN RUHU, DÜNYANIN VİCDANIDIR”

Bakan Kurum, konuşmasının sonunda yaşadığı 13 yıllık karanlık dönemi kapatan Suriye halkının gösterdikleri onurlu mücadeleyi bir kez daha kutladığını ifade etti: Bu 13 yıl tüm dünyaya bir kez daha göstermiştir ki ‘Türkiye insanlığın ruhudur, Türkiye dünyanın vicdanıdır.’ Dün kardeşlerimize Ensar olan bizler bugün de yarın da komşuluğumuzu en güzel şekilde sürdüreceğiz. Tüm gücümüzle, tüm devlet tecrübemizle Suriyeli, Lübnanlı, Filistinli kardeşlerimizin yanında olacağız."
tccb_070,TCCB,cumhurbaskanligi,kahramanmaras,1_post_quake,2023-04-14,"Rahmet, mağfiret ve bereket ayı Ramazanı Şerif’inizi tebrik ediyorum. Artık, başı rahmet, ortası mağfiret, sonu kurtuluş olan Ramazan-ı Şerifin kurtuluş günlerindeyiz. Yavaş yavaş uğurlamaya hazırlandığımız Ramazan’ın sizlerle birlikte tüm milletimize, tüm insanlığa hayırlar getirmesini diliyorum. Rabbim tuttuğunuz oruçları, yaptığınız ibadetleri katında kabul eylesin. Rabbim rahmet kapılarının sonuna kadar açıldığı bu mübarek günler hürmetine depremzedelerimizin ve milletimizin yardımcısı olsun. Şimdiden bin aydan daha hayırlı olduğu müjdelenen Kadir Gecenizi ve bayramınızı tebrik ediyorum. Son üç yıldır koronavirüs salgını, ardından 6 Şubat’ta yaşanan deprem felaketi sebebiyle bu Ramazan ayını biraz buruk geçirdik. Daha ağzı süt kokan masum bebeklerimizi, yüreği kıpır kıpır atan çocuklarımızı, hayatının henüz baharındaki gençlerimizi, ayaklarının altına Cennetin serildiği müjdelenen annelerimizi, evlatlarına helal rızık peşinde koşan fedakâr babalarımızı, torunlarının neşesiyle huzur bulan elleri öpülesi ninelerimizi-dedelerimizi, vatana millete hayırlı nesiller yetiştiren kıymetli öğretmenlerimizi, güvenliğimizi temin için gece gündüz çalışan polislerimizi, askerlerimizi, işçisinden esnafına, iş adamından sağlıkçısına, çiftçisinden ev hanımına, sporcusundan siyasetçisine 50 bin canımızı, kardeşimizi toprağa vermenin acısını yaşadık. Rabbim hepsine, depremde ebediyete irtihal eden tüm vatandaşlarımıza rahmet eylesin diyorum. İnancımıza göre depremlerde, sellerde, yangınlarda ve insan iradesini aşan afetlerde vefat edenler hükmen şehit sayılmaktadır. 6 Şubat depremlerinde hayatını kaybeden kardeşlerimizin de inşallah şehitlerle beraber haşrolacağına, Rabbimizin onlara en büyük mükâfatı ebedi âlemde vereceğine yürekten inanıyoruz. Depremzedelerimizle birlikte tüm milletimizin bir kez daha başı sağ olsun. Bu arada tedavileri devam eden yaralılarımıza acil şifalar diliyorum. Kardeşlerim, 6 Şubat tarihinde üst üste yaşadığımız deprem felaketinin büyüklüğünü özellikle tarife kelimeler yetersiz kalıyor. Bilim insanları Kahramanmaraş merkezli meydana gelen 7,7 ve 7,6 gücündeki depremleri asrın doğal afeti olarak tanımlıyor. O geceyi bizzat yaşayanlar, depremlerden sonra bölgeye intikal edenler asrın afeti ifadesinin ne kadar doğru bir tespit olduğunu kabul ediyor. Bilhassa bazı yerleşim yerlerimizdeki vatandaşlarımız yaşadıklarını kıyamet benzetmesiyle ifade ediyor. Depremler dolayısıyla bölge genelinde son güncellemelere göre toplam 872 bin bağımsız kısımdan oluşan 311 bin bina kullanılamaz hale geldi. Biz de depremden hemen sonra tüm illerimize yaptığımız ziyaretlerde bu gerçeği yerinde tespit ettik, yıkımın büyüklüğünü bizzat kendi gözlerimizle gördük. Aynı şekilde milletimizin tüm imkânlarıyla, devletimizin tüm kurumlarıyla ilk andan itibaren deprem bölgesine koştuğuna da şahit olduk. Şüphesiz böylesine büyük yıkıma yol açan bir afetle mücadele sırasında insan iradesini de açan bazı hususlar çıkabilmektedir. Gerek hava çetin kış şartlarının, gerekse depremin 11 ilimizi birden etkilemesinin çalışmalarımızı zorlaştırdığı bir gerçektir. Ama devletimizin tüm imkânlarını deprem bölgesi için seferber ettiği de inkârı mümkün olmayan bir başka hakikattir. Başta Diyarbakır olmak üzere depremi vurduğu illerimiz ve depremzede kardeşlerimiz bunun en yakın şahididir. Deprem turisti misali burada birkaç gün arzı endam ettikten sonra sırra kadem basanların hezeyanlarını özellikle dikkate almıyoruz. Bir derde derman olmak, bir mağdurun elinden tutmak, hayırlı bir iş yapmak yerine iftira atanları kendi hırslarıyla baş-başa bırakıyoruz. Milletimiz bizim nasıl bir fedakârlıkla çalıştığımızı gayet iyi biliyor. Milletimiz aynı şekilde deprem yıkıntıları üzerinde siyaset yapanları, siyasi rant elde etme peşinde koşanları da çok iyi biliyor. Bunlar daha önceki tüm afetlerde yaptıkları gibi geldiler, konuştular, enkaz önünde poz verdiler, daha sonra da deprem bölgesini gündemlerinden tamamen çıkardılar. Kendi yönetimleri altındaki şehirlerde deprem yaşandığında bile, bunlar mağduriyetleri giderecek hiçbir adım atmadılar. Dikkat ederseniz, şimdi de aynı umursamaz tavrı sergiliyorlar. Asla yapmadıkları, hiçbir zaman da yapamayacakları afaki vaatlerle depremzede kardeşlerimizin umutlarıyla oynuyorlar. Biz ise, nasıl daha önceki sel, deprem, yangın afetlerinde millete verdiğimiz tüm sözleri tuttuysak, burada da canla-başla çalışıyoruz. Diyarbakır’ın yaralarını sarmak için tüm kurumlarımızla, belediyelerimizle, sivil toplum kuruluşlarımızla, hayırseverlerimizle sizlerin ihtiyaçlarını gidermenin mücadelesini veriyoruz. Ramazanın ilk haftasında birçok ilimizi ziyaret ettik. Depremzedelerimizle beraber, Allah kabul etsin, oruçlarımızı açtık. Deprem mağduru kardeşlerimize yalnız olmadıklarını, asla sahipsiz olmadıklarını hissettirdik. Son olarak dün Malatya’daydık, bugün de Diyarbakır’da deprem konutlarımızın temel atmalarını gerçekleştirdik. İnşallah burada da toplam 16 bin 500 konut ve 2 bin 360 köy evi inşa edeceğiz. Diyarbakır’da toplamda 18 bin 860 konut, köy evi yaparak sizleri yeni yuvalarınıza kavuşturacağız. Depremin tüm izlerini silinceye, hayat şehrimizde tamamen normale dönünceye kadar şehrimizden ayrılmayacağız. Kardeşlerim, Göreve geldiğimiz günden beri hep sizin için çalıştık, sizin için çaba harcadık, 85 milyonun tamamının ebedi ve ezeli kardeşliğini güçlendirecek sayısız adım attık. Demokrasiden hak ve özgürlüklere, güvenlikten kamu hizmetlerine kadar her alanda ihmalleri gidermenin, geçmişin hatalarını tek-tek düzeltmenin gayretinde olduk. Siz bize güvendiniz, siz bize inandınız, en zor zamanlarımızda duanızla, desteğinizle hep yanımızda durdunuz. Biz de sizlere aşkla hizmet ettik, sizlerin hizmetkârı olmayı en büyük şeref payesi olarak gördük. Tehdit edilsek de, baskılara maruz kalsak da Diyarbakır’ın hakkını-hukukunu korumaktan asla vazgeçmedik. Kandan, gözyaşından, güvensizlik ortamından beslenen tüm insanlık düşmanlarına, bütün bunlara rağmen ülkemizde 20 yılda sessiz bir devrime imza attık. Batıda hangi hizmetler varsa, Batıdaki vatandaşlarımız hangi standartlarda yaşıyorsa aynı iklimi burada da tesis ettik. Bu iklimin zedelenmesine kesinlikle müsamaha göstermeyeceğiz. Bölgemizden terörün karanlık gölgesi kalktıkça hamdolsun şehirlerimiz huzur buluyor, rahata eriyor, yatırımla, hizmetle, istihdamla, topyekûn bir kalkınma hamlesiyle tanışıyor. Benim Diyarbakırlı kardeşlerim artık bu şehrin güzelliklerini doya-doya yaşıyor, daha fazla teneffüs ediyor. Çocuklarımız sokaklarda özgürce koşturuyor, oyun oynuyor. Gençlerimiz geleceklerine çok daha güvenle bakıyor. Diyarbakır, son 40 yılda hiç olmadığı kadar huzur ve emniyet içindedir. Hiç endişe etmeyin, nasıl bugünün Diyarbakır’ı dününkinden daha iyiyse, daha güvenliyse, yarının Diyarbakır’ı da bugünkünden daha müreffeh olacaktır. Siyaset ve toplum mühendislikleriyle ülkemizi yeniden 80’lerin ve 90’ların istikrarsızlık iklimine sürükleme girişimlerine, böyle bir sonuca varamayacaklardır. Bunun teminatı bu kardeşinizle birlikte AK Parti’dir, Cumhur İttifakı’dır. Bunun teminatı, son 20 yıldır hayata geçirdiğimiz reformlardır. Bunun teminatı, terör örgütleriyle, destekçileriyle ve sırtlarını dayadıkları emperyalist güçlerle mücadeledeki kararlılığımızdır. Kürt kardeşlerimizi iki Kürt düşmanı, demokrasi düşmanı yapının, CHP ve HDP zihniyetinin insafına asla bırakmayacağız. Türkiye’nin 20 yılda elde ettiği hiçbir demokratik kazanımlarından geriye gidişe de müsaade etmeyeceğiz. Tüm vatandaşlarımızla birlikte Diyarbakırlıların da özgürlük alanlarını genişleten adımlar atmayı sürdüreceğiz. 14 Mayıs, bunun bir kez daha teyit edildiği bir gün olacaktır. Sizlerden, 14 Mayıs’ta geleceğinize sahip çıkmanızı bekliyorum. Sizlerden birliğimiz, dirliğimiz ve istikbalimiz üzerine yapılan kirli ve sinsi hesapları bozmanızı istiyorum. Gelin, 14 Mayıs’ı Türkiye yüzyılının dönüm noktası yapalım, diyorum. Gelin, Cumhuriyet’imizin ikinci asrını beraber inşa edelim diyorum. Diyarbakır’ın 14 Mayıs’ta bu samimi çağrımıza çok güçlü destek vereceğine yürekten inanıyorum. Bu düşüncelerle Ramazan-ı Şerifinizi tekrar tebrik ediyorum. Biz de sizlerle gurur duyuyoruz, ama unutmayın; durmak yok, yola devam. Tekrar görüşmek üzere, tekrar kucaklaşmak dileğiyle sizleri Allah’a emanet ediyorum. Sağ olun, var olun, Allah’a emanet olun."
csb_0034,CSB,bakanlık,hatay,1_post_quake,2023-02-22,"BAKAN MURAT KURUM: “İKİ AY İÇERİSİNDE 200 BİN KONUT, 70 BİN KÖY EVİ İÇİN İNŞA ÇALIŞMALARIMIZA BAŞLIYORUZ”

Çevre, Şehircilik ve İklim Değişikliği Bakanı Murat Kurum, Kilis’te düzenlenen koordinasyon toplantısının ardından yaptığı açıklamada, “İki ay içerisinde 200 bini konut, 70 bini köy evi olmak üzere 270 bin vatandaşımızı ailesiyle birlikte ev sahibi yapmak için inşa çalışmalarımıza başlıyoruz. İlerleyen günlerde de hasar tespit durumuna ve alanların master plan çalışmasının tamamlanmasına müteakip konutlarımızın etap etap ihalelerini gerçekleştireceğiz ve hızlı bir şekilde inşaat sürecine gireceğiz… 7 bin 300’ü aşkın uzman personelimizle çalışıyoruz. Bu kapsamda bugüne kadar toplam 4 milyon 371 bin bağımsız bölümden oluşan 1 milyon 188 bin binanın incelemesi tamamlandı. 507 bin bağımsız bölümden oluşan 156 bin binanın yıkık, acil yıkılacak ve ağır hasarlı olduğunun tespitini yapmış olduk… Hatay’da meydana gelen 6.4 lük depremden sonra Antakya, Defne ve Samandağ’da bugüne kadar incelenmiş olan; 43 bin 624 bina ve 125 bin 187 bağımsız bölümden oluşan; orta hasarlı- az hasarlı- hasarsız tüm yapıları tekrar inceleyeceğiz… Tüm deprem konutlarıyla ilgili herhangi bir malzeme sıkıntısı, tedarik sıkıntısının olmadığını da hep birlikte gördük…” dedi.

Çevre, Şehircilik ve İklim Değişikliği Bakanı Murat Kurum, Kahramanmaraş merkezli depremlerin ardından yeni yerleşim yerleri için güvenli bölgeler tespit etmek amacıyla depremden etkilenen Kilis’i ziyaret ederek havadan ve karadan incelemelerde bulundu.

Kilis Valiliği’nde düzenlenen koordinasyon toplantısının ardından açıklamalarda bulunan Bakan Kurum, depremin ilk anından itibaren seferberlik şuuruyla çalıştıklarını ifade ederek, “Biz de; depremin ilk anından itibaren bu bölgede, Gaziantep’teydik. Hem hasar tespit çalışmalarını yürütüyoruz, hem enkaz kaldırma çalışmalarını yürütüyoruz hem de kalıcı konutlarla ilgili yapım sürecini eş zamanlı yürütmeye devam ediyoruz. Şimdi yeniden inşa ve ihya dönemine girmiş durumdayız. Ülke ve millet olarak depremin yaralarını Sayın Cumhurbaşkanımızın liderliğinde en hızlı şekilde sarmaya devam edeceğiz. 11 ilimizde hasar tespit çalışmalarımız devam etmektedir. Biz de Çevre, Şehircilik ve İklim Değişikliği Bakanlığı olarak; şehirlerimizin yeniden ihyası ve inşası için şerhin ihtiyaçlarını, demografik yapısını, sosyal ve kültürel yapısını da içine alacak şekliyle çalışmalarımızı yürütüyoruz. Gece gündüz demeden tüm ekibimizle birlikte 11 ilimizde eş zamanlı inşa sürecini büyük bir hassasiyetle, vatandaşlarımızın talep ve ihtiyaçları doğrultusunda, şehrimizin 50 yılını, 100 yılını planlayacak anlayışla yürütmeye gayret gösteriyoruz.” şeklinde konuştu.

“Geçici barınma alanlarını konteyner, prefabrik yapı, çelik konstrüksiyon ve yığma yapılardan olmak üzere vatandaşlarımızın talepleri doğrultusunda oluşturuyoruz”

Bakan Kurum, kalıcı konutlar kadar geçici barınma alanlarının da büyük önem taşıdığına vurgu yaparak, “Vatandaşlarımızın acil ihtiyaçlarına hızlıca cevap üretirken, barınma ve diğer sorunlarını da kalıcı olarak giderecek adımlar atıyoruz. Bu noktada hedefimiz geçici barınma alanlarını hızlı bir şekilde kurmaktır. AFAD koordinasyonunda tüm illerimizde geçici barınma alanlarıyla ilgili çalışmalarımızı yürütüyoruz. Geçici barınma alanlarını gerek konteyner, gerek prefabrik yapılardan, gerek çelik konstrüksiyon ve yığma yapılardan vatandaşlarımızın talepleri doğrultusunda oluşturuyoruz. Bu kapsamda Gaziantep’imizde, Kahramanmaraş’ımızda, Adıyaman’ımızda güçlü bir şekilde barınma ihtiyacını giderecek tüm adımları atacağız. Hatay’ımızda da yine AFAD koordinasyonunda bu süreci yürütüyoruz.” dedi.

“Bugüne kadar 4 milyon 371 bin bağımsız bölümden oluşan 1 milyon 188 bin binanın incelemesi tamamlandı”

Bakan Kurum, hasar tespit sürecinde vatandaşlarının evlerinin hasarsız, az hasarlı, orta hasarlı, ağır hasarlı veya yıkık olduğunun tespitinin sahadaki verilere sahip olmak açısından önemli olduğunu belirterek, “7 bin 300’ü aşkın uzman personelimizle çalışıyoruz. Bu kapsamda bugüne kadar toplam 4 milyon 371 bin bağımsız bölümden oluşan 1 milyon 188 bin binanın incelemesi tamamlandı. 507 bin bağımsız bölümden oluşan 156 bin binanın yıkık, acil yıkılacak ve ağır hasarlı olduğunun tespitini yapmış olduk. Kilis’imizde de 1.575 binada 2 bin 366 bağımsız bölümü yıkık, acil yıkılacak ve ağır hasarlı olarak tespit ettik.” diye konuştu.

“Hatay’da meydana gelen depremin ardından bölgede yeniden hasar tespit çalışması yapılacak”

Bakan Kurum, iki gün önce Hatay’ın Defne ve Samandağ ilçelerinde ardı ardına meydana gelen 6.4 ve 5.8 büyüklüğündeki depremlerin ardından bölgede yeniden hasar tespit çalışması yapacaklarını vurgulayarak, “Hasar tespit noktasında şunu da ifade etmek isterim. 6.4 lük depremden sonra Antakya Defne ve Samandağ’da bugüne kadar incelenmiş olan; 43 bin 624 bina ve 125 bin 187 bağımsız bölümden oluşan; orta hasarlı- az hasarlı- hasarsız tüm yapıları tekrar inceleyeceğiz. Bu yapılara tekrar gidip tek tek 6.4 ve 5.8 şiddetindeki depremlerde hasar durumlarını yeniden gözden geçireceğiz. Yine diğer bölgelerden gelen talepler de oldukça fazla oralarda da tekrar tespit yapacağımızı milletimize ifade etmek istiyorum.” diye konuştu.

“Tüm yapı sektörümüzle el ele vereceğiz ve vatandaşlarımıza konutlarını bir an önce teslim etmenin gayretini göstereceğiz”

Bakan Kurum, bugün Gaziantep’te inşaat malzemesi sektöründeki temsilciler ve derneklerle bir araya gelerek, yeni yuvaların inşası noktasında çok önemli bir toplantı gerçekleştirdiklerini belirterek sözlerini şöyle sürdürdü:
“Şunu ifade etmek istiyorum ki; yapacağımız tüm deprem konutlarıyla ilgili herhangi bir malzeme sıkıntısı, tedarik sıkıntısının olmadığını da hep birlikte gördük. Burada da çok çok önemli kararlar aldık. Türkiye'nin önde gelen inşaat malzeme sektörü temsilcileri ve dernekleriyle bir araya gelip, orada da kendilerine ifade ettik ki, tüm yapı sektörümüzle el ele vereceğiz ve vatandaşlarımıza konutlarını bir an önce teslim etmenin gayretini göstereceğiz. Nasıl kumbarasını paylaşan öğrencimiz varsa, nasıl emekli aylığını amcamız, teyzemiz varsa burada da el ele vererek inşaat sürecini hep birlikte yürüteceğiz. Sektörümüz bu konuda sorumluluklar alacak ve en doğru şekilde süreci yürüteceğiz. Bu iradeyi de sektör temsilcilerimiz de ortaya net bir şekilde koydular. Hep birlikte hareket etme zorunda olduğumuzu ve burada malzeme tedariki anlamında da ellerini taşın altına koyacaklarını ifade ettiler. İnşallah aksi bir durumu da an be an takip edeceğiz ve asla fiyat artışlarına da bu manada müsaade etmeyeceğiz. Bunu da bütün kamuoyunun bilmesini isterim. Ben bu anlamda sektör temsilcilerine hassasiyetlerinden ötürü de çok teşekkür ediyorum.”

“Yer seçimi yaptığımız alanlardaki 3 bin 107 afet konutumuzun da inşaat sürecine başlamış olduk”

Bakan Kurum, Cumhurbaşkanı Recep Tayyip Erdoğan’ın dün Gaziantep’te alan incelemesinin ardından yaptığı açıklamayı hatırlatarak, “Sayın Cumhurbaşkanımız müjdelediler. Bakanlık olarak 200 bin konutumuzu tüm mikro-bölgeleme çalışmaları, jeoloji ve zemin etüt çalışmalarıyla tamamladığımız, yer seçimi yaptığımız alanlarda ilk konutlarımızın sözleşmelerini yaptığımızı ifade ettiler. Bu kapsamda Gaziantep Nurdağı'nda 456, İslahiye’de 399, Adıyaman Kahta'da 297, Kilis merkezde 645 olmak üzere 1797 afet konutumuzun sözleşmelerini imzaladık ve inşaat sürecine başladık. Bugün de Adana’mızın Sarıçam ilçesinde 590, Gaziantep’te 600, Hatay Altınözü'nde 364, Kahramanmaraş Afşin'de 501, Kahramanmaraş Pazarcık ilçesinde 518, Şanlıurfa Birecik'te 534 konut olmak üzere 3 bin 107 afet konutumuzun da inşaat sürecine başlamış olduk.” dedi.

“İki ay içerisinde 200 bini konut, 70 bini köy evi olmak üzere 270 bin vatandaşımızı ailesiyle birlikte ev sahibi yapmak için inşa çalışmalarımıza başlıyoruz”

Bakan Kurum, daha önceki afetlerde olduğu gibi Kahramanmaraş Pazarcık ilçesi merkezli depremde de konutların 1 yıl içerisinde teslim edileceğini ifade edere, “Aynı anlayışla köylerimizdeki köy konutlarını da vatandaşlarımızın ihtiyacı doğrultusunda bir yıl içerisinde inşallah teslim edip, köylerimiz ile bu süreçte ayağa kaldıracağız. Bu kapsamda ilk etapta Osmaniye'de 1361, Adana'da 701, Adıyaman'da 8 bin 21, Diyarbakır'da 2 bin 927, Elazığ'da 386, Hatay'da 14 bin 141, Kahramanmaraş'ta 12 bin 135, Malatya'da 17 bin 990, Şanlıurfa'da 2 bin 54, Gaziantep'te 9 bin 130, Kilis'te 1002 olmak üzere toplamda 70 bin köy konutumuzu eviyle, ahırıyla, vatandaşlarımızın tüm ihtiyaçlarını karşılayacak anlayışla, yöresel mimariye, yaşam kültürüne uygun, terasıyla, dinlenme alanları ile bölgenin sosyolojik yapısını da düşünerek planlarımızı yaptık. Bugün buradaki yöneticilerimizle de paylaştık ve onların da fikirlerini, önerilerini aldık. Bu doğrultuda inşaat sürecini yürütüyor olacağız. İki ay içerisinde 200 bini konut, 70 bini köy evi olmak üzere 270 bin vatandaşımızı ailesiyle birlikte ev sahibi yapmak için inşa çalışmalarımıza başlıyoruz. İlerleyen günlerde de hasar tespit durumuna ve alanların master palan çalışmasının tamamlanmasına müteakip konutlarımızın etap etap ihalelerini gerçekleştireceğiz ve hızlı bir şekilde inşaat sürecine gireceğiz. Ben yeni yuvalarımızın, yeni köy konutlarımızın şimdiden milletimize hayırlı olmasını diliyorum.” dedi.

“11 ilimizde Cumhuriyet tarihinin en kapsamlı afet konut yapım seferberliği başlamıştır”

Bakan Kurum, “Dün ilk konut sözleşmelerinden sonra artık 11 ilimizde Cumhuriyet tarihinin en kapsamlı afet konut yapım seferberliği başlamıştır.” ifadelerini kullanarak bu dönüşümle birlikte şehirlerin 100 yılını planlayarak sağlam ve güçlü şehirlerin inşasını yapılacağı bir dönemin başlamış olduğunu aktardı.

Bakan Kurum, afetlere karşı dirençli şehirler anlayışıyla çalışmalarını yürüteceklerini belirterek, “Bu çalışmaları yaparken de çevre düzenlemesiyle, parklarıyla, bahçeleriyle, sosyal donatılarıyla o bölgenin, vatandaşlarımızın ne ihtiyacı varsa bu anlayışla çalışmalarımızı yapacağız. Konutlarımız zemin artı 3-4 katı geçmeyecek ve şehre yakışacak. Baktığımızda şehrin mimarisine, siluetine katkı sağlayacak anlayışla yapacağız ve evlerimizi inşa edene kadar da hiçbir vatandaşımızı mağdur etmeyeceğiz. Eşya yardımıyla, kira yardımıyla kuracağımız konteyner kentlerdeki geçici barınma alanları ile birlikte şehrin yine demografik yapısını koruyacağımız, istihdamına katkı sağlayacağımız anlayışla sürecimizi yürüteceğiz.” diye konuştu.

“Kilis’teki kaliteli konut stokunu arttırmış olacağız”

Bakan Kurum, Kilis’te tamamlanan ve yapımı devam eden çalışmalara ilişkin de şunları söyledi:

“Kilis merkezde Tahtalı Mahallesi'nde 168 konutumuzun yine inşaat süreci tamamlandı ve buradaki kardeşlerimize konutlarımızı Cuma günü itibariyle teslime başlayacağız. Yine Kilis merkezde yapımı devam eden 515 konutumuz var. Deveciler Mahallemizde bu konutlarımızı da hızlı bir şekilde 2-3 ay içerisinde tamamlayıp inşallah vatandaşlarımıza teslim edip, şehirdeki kaliteli konut stokunu da arttırmış olacağız. Kilis merkezde İller Bankamız ve belediyemizle yürüttüğümüz atık su arıtma tesisi ve çamur kurutma tesisi projeleri tamamlanmıştır. Bu kapsamda 70 milyon liralık projemizin yapımına başlıyoruz. Bu projenin 30 milyon lirası da yine yurt dışı kaynaklardan hibedir. Atık su ve yağmur suyu şebeke projesi tamamlanmıştır. Maliyeti 570 milyon liradır. İler Bankası ve belediyemiz eliyle bu proje yürütülmektedir. Bu kapsamda projenin tamamı da yine hibe kapsamında.”"
csb_0043,CSB,bakanlık,hatay,1_post_quake,2023-02-25,"BAKAN KURUM: “21 ŞUBAT’TA BAŞLATTIĞIMIZ YAPIM SÜRECİNDE 10 BİN 12 YENİ YUVAMIZIN SÖZLEŞMELERİNİ İMZALAMIŞ VE İNŞAAT SÜRECİNE BAŞLAMIŞ OLDUK”

Çevre, Şehircilik ve İklim Değişikliği Bakanı Murat Kurum, Kahramanmaraş merkezli depremlerin ardından ağır hasar gören Hatay’a yaptığı ziyarette gazetecilere açıklamada bulundu. Bakan Kurum, “Depremzede kardeşlerimiz için bir seferberlik anlayışıyla çalışmalarımızı sahada 24 saat esasına göre sürdürüyoruz. 11 ilimizde arama-kurtarma çalışmalarını fiilen tamamladık. Hasar tespitte yüzde 80, hasarın yoğun olduğu yerlerde ise yüzde 90 seviyelerini aştık.. Hatay’da mart-nisan aylarında 50 bin konut için planlama yaptık. Tüm kentimizle birlikte Ulu Camimizi, Meclis Binamızı da yeniden ayağa kaldıracağız… Mart ayı sonuna kadar 14 bin bağımsız bölümün inşa sözleşmesini tamamlamış olacağız. 21 Şubat’ta başlattığımız yapım sürecinde bugün itibariyle de 4 günde 10 bin 12 yeni yuvamızın sözleşmelerini imzalamış ve inşaat sürecine başlamış olduk. Cumhuriyet tarihinin en büyük, en kapsamlı afet konut seferberliğini aynı anlayışla hasar tespitlerini yapmaya müteakip devam edeceğiz.” dedi.

Çevre, Şehircilik ve İklim Değişikliği Bakanı Murat Kurum, “asrın felaketi” Kahramanmaraş ve Hatay depremlerinin ardından ağır hasar gören Hatay’a yaptığı ziyarette havadan ve karadan incelemelerde bulundu.

Bakan Murat Kurum, Kahramanmanarş merkezli yaşadıkları 2 depremden sonra 2 gün önce de yine Hatay Defne, ardından da Samandağ merkezli depremler yaşadıklarını hatırlatarak, bölgede artçı depremlerin devam ettiğini kaydetti. Gazetecilere kısa bir açıklamada bulunan Bakan Kurum, “Tüm illerde eş zamanlı hem hasar tespit, hem de yeni yapılacak yerlerin çalışmaları, enkaz kaldırma sürecinde Bakanlığımız, şantiyedeki ekiplerimiz tüm birimlerimizle birlikte sahadayız. Depremzede kardeşlerimiz, vatandaşlarımız için bir seferberlik anlayışıyla, şuuruyla çalışmalarımızı sahada 24 saat esasına göre sürdürüyoruz.” dedi.

“11 ilimizde arama-kurtarma çalışmalarını fiilen tamamladık. Eş zamanlı çadır ve konteyner kentlerin kurulum süreçlerini yürütüyoruz”

Hatay’da koordinasyon toplantısının ardından yeni yerleşim yerleri ile konteyner kent alanlarında incelemelerde bulunduğunu belirten Bakan Kurum, şunları söyledi:
“11 ilimizde arama-kurtarma çalışmalarını fiilen tamamladık. Eş zamanlı da çadır ve konteyner kentlerin kurulum süreçlerini de yürütüyoruz. Hatay’da da bugün hem yeni yerleşim yerlerini, hem konteyner kent alanlarını, hem de sahadaki çalışmaların hızlandırılması amacıyla yapılması gerekenleri hep birlikte istişare ettik. Burada Ulu Camimiz, hemen arkamızda Meclis Binamızın olduğu bir alandayız. Burası bizim tarihimiz, kültürümüz. Burası bizim Hatay’ımız, Antakya’mız. Hatay’ın doğal güzelliklerini koruyacak, demografik yapıya da hassasiyetle dikkat etmek suretiyle kültürel değerlerini de gelecek nesillere aktaracak anlayışla yapacağız. Yeni Kırıkhan’ımızı, yeni Defne’mizi, İskenderun’umuzu inşallah bu anlayışla inşa edeceğiz. Şehrin ihtiyacı, bizden beklentisi neyse, bu beklenti çerçevesinde süreçlerimizi yürütüyor olacağız. Kanaat önderlerimizin, buradaki sanayicilerimizin, vatandaşımızın isteği neyse, o istek doğrultusunda en iyi mimarlarla tasarım başlattık.”

“Hatay’da mart-nisan aylarında 50 bin konut için planlama yaptık. Ulu Camimizi, Meclis Binamızı yeniden ayağa kaldıracağız”

Öncelikle rezerv alanlardaki sağlam zeminlerde konut yapımına başlayacaklarını kaydeden Bakan Murat Kurum, “Vefat eden ailelerimizi geri getiremeyeceğiz ama onların hatıralarını, anılarını burada canlı tutacağız. Onlarla birlikte burada yaşayacağımız, gelecek nesillere aktaracağımız Ulu Cami’mizi, Meclis Binamızı yeniden ayağa kaldıracağız. Ve buradaki tüm tarihi eserleri ki bugün Kültür ve Turizm Bakanımız da burada gerekli incelemeleri yaptı. Buradaki tüm tarihi eserlerimiz de inşallah eskisi gibi yeniden canlandıracağız, hayata geçireceğiz. Mart ve nisan aylarında 50 bin konutumuzu öncelikli Hatay’da hem merkezde, hem de ilçelerde yapmak üzere bir planlama yaptık. Mart ayı sonuna kadar 14 bin bağımsız bölümün inşa sözleşmesini tamamlamış olacağız. 21 Şubat’ta başlattığımız yapım sürecinde bugün itibariyle de 4 günde 10 bin 12 yeni yuvamızın sözleşmelerini imzalamış ve inşaat sürecine başlamış olduk. Sayın Cumhurbaşkanımızın da ifade ettiği gibi mart ve nisan aylarında 200 bini merkezlerde, 73 bini köylerde olmak üzere 273 binin ihalesini, sözleşme süreçlerini başlatıyoruz.” şeklinde açıklamada bulundu.

“Cumhuriyet tarihinin en büyük, en kapsamlı afet konut seferberliğini başlatıp, vatandaşlarımıza sözümüzü tutacağız”

Nurdağı’nda ve İslahiye’de ilk afet konutlarının yapım sürecinin başladığını ifade eden Bakan Kurum, “İnşallah ilk etapta da konutlarımızı vatandaşlarımıza teslim edeceğiz ve Cumhuriyet tarihinin en büyük, en kapsamlı afet konut seferberliğini aynı anlayışla hasar tespitlerini yapmaya müteakip devam edeceğiz. Aynı diğer depremlerde olduğu gibi burada da vatandaşlarımıza sözümüzü tutacağız. Bugün buraya gelmeden önce Malatya’daydık. Malatyalı kardeşlerimize de bundan 2 yıl önce bir söz vermiştik ve o sözlerimizi tuttuk. İzmir’de söz verdik, sözümüzü tuttuk. Hatay’ımıza da söz veriyoruz. İnşallah rabbim bizi sözlerimizi tutma noktasında mahcup etmesin. Eskisi gibi inşallah o sözlerimizi tutacağız ve vatandaşlarımıza sözlerimizi gerçekleştiriyor olacağız.” dedi.

“Ovadan dağa, eteklerine doğru sağlam zemini bulduğumuz sıvılaşmanın olmadığı, fay hattına mesafesinin uzak olduğu alanları tercih ettik”

Bakan Kurum, İskenderun, Hatay ve Kırıkhan’da, merkez Defne’de afet konut alanlarına ilişkin yerlerin ön çalışmalarını yaptıklarını belirtirken, “Şimdi ayrıntılı jeolojik etütler başladı. Bu kapsamda da ovadan dağa doğru, Avanos Dağlarının eteklerine doğru sağlam zemini bulduğumuz, sıvılaşmanın olmadığı, fay hattına mesafesinin uzak olduğu alanları tercih ettik. Ve burada şehrimizin yöneticileriyle, şehrimizdeki demografik yapıyı, kültürel dokuyu koruyacak anlayışla çalışmalarımızı yürütüyoruz ve ilk önce bu rezerv alanlardan başlayacağız. Toplamda 50 bin 526 konutun inşa sürecini inşallah 2 ay içerisinde başlatmış olacağız. Hatay geneli de mart ayında 7 bin 726 konut, yine nisan-mayıs aylarında da 42 bin 800 konutumuzun hem merkezde, hem de depremden hasar gören ilçelerimizde başlatmış olacağız. Antakya özeline baktığımızda da 4 bin 250 konut yine nisan-mayıs aylarında da 33 bin 850 konut olmak üzere 38 bin 100 konutu başlatmış olacağız.” diye konuştu.

“Vatandaşımızı açta açıkta çaresiz bırakmayacağız, onlarla birlikte yürüteceğiz”

Depremin 18. gününde 10 bin bağımsız bölümün sözleşmesini imzalayıp, inşaat sürecine de başlattıklarını ifade eden Bakan Kurum, “İnşallah depremin izlerini silene kadar, burada yeni Antakya’yı inşa edene kadar biz buralardan ayrılmayacağız, buralardan elimizi çekmeyeceğiz. Vatandaşımızı hiçbir depremde olmadığı gibi burada da açta açıkta çaresiz bırakmayacağız, onlarla birlikte yürüteceğiz. İşin içinde kanaat önderimiz de olacak, sanatçımız da, sporcumuz da olacak. Hatay’ın tüm içeriğini, kültürünü burada yansıtacağımız anlayışla yapacağız. Ve Asi Nehri’nin kıyısında sağlam dediğimiz güvenli alanlarda, burada nasıl bir yapılaşma gerekiyorsa ki burada belli kısıtlar yapacağız, imar kısıtları getireceğiz. Sağlam zeminde yapılması gerekenleri yapacağız. Bu noktada inşallah hem rezerv alanında, hem de bugün burada bulunduğumuz Asi Nehri’mizin kıyısında bulunan alanlarda inşaat sürecini yürütüp vatandaşlarımıza sözlerimizi tutuyor olacağız.” şeklinde konuştu.

“Sayın Cumhurbaşkanımız açıkladılar; 15 bin lira taşınma, ev sahiplerimize 5 bin lira, kiracılarımıza da 3 bin lira kira yardımı vereceğiz”

Depremzede vatandaşların evlerine taşınana kadar eşya, taşınma ve kira yardımı vereceklerini kaydeden Bakan Kurum, “Sayın Cumhurbaşkanımız açıkladılar; 15 bin lira taşınma yardımı, ev sahiplerimize 5 bin lira, kiracılarımıza da 3 bin lira kira yardımı veriyor olacağız ve evleri onlara teslim edilene kadar da kira yardımları devam edecek. İnşallah bir yıl sonra daha güzel bir Hatay’ı hep birlikte göreceğiz. O zaman da onların mutluluğuna şahit, sevinçlerine ortak olacağız, dualarını alacağız. Milletimiz müsterih olsun. Biz bu güce sahibiz. Bu işleri yapacak devlete, millete sahibiz. Milletimiz ilk andan itibaren 85 milyon Hatay için, Gaziantep için, Kahramanmaraş için buradaydı. Yardım elini uzattı, emekli aylığını, kumbarasındaki parasını paylaştı. İnşallah aynı anlayışla yürüteceğiz. Burada Hatay, Gaziantep, Antakya, Maraş ne istiyorsa, biz de onlarla birlikte inşa sürecini yürüteceğiz.” dedi.

“Hasar tespitte yüzde 80, hasarın yoğun olduğu yerlerde ise yüzde 90 seviyelerini aştık”

Bakan Kurum, deprem nedeniyle ne adar ağır hasarlı, yıkılmış bina varsa bunların inşasını gerçekleştireceklerini belirtirken, “Son hasar tespitlerde bugün itibariyle 4 milyon 658 bin bağımsız bölümde 1 milyon 316 bin binanın incelemesi, hasar tespiti tamamlanmış durumda. Ve 534 bin bağımsız bölümden oluşan 173 bin binanın yıkık, acil yıkılacak ve ağır hasarlı olduğunun tespitini yaptık. Ve hasar tespitte de yüzde 80 seviyelerini geçtik. Hasarın yoğun olduğu yerlerde de yüzde 90 seviyelerini aştık. Hatay’ımızda da şu an itibariyle 51 bin binada 195 bin bağımsız bölümün yıkık, acil yıkılacak ve ağır hasarlı olduğunun tespitini yaptık. Hasar tespitlerinin tamamlanmasına müteakip etap etap konutlarımızın ihalelerini de yaparak sözleşmeleriyle birlikte inşaat sürecini yürütüyor olacağız.” ifadelerini kullandı.

“Binalarımız radye temel üzerine tünel kalıp sistemiyle ve zemin artı 3-4 katı geçmeyecek, geçici ticaret alanları da kuracağız”

Bakan Kurum, TOKİ eliyle yaptıkları 1 milyon 180 bin konutun dimdik ve sapasağlam ayakta olduğunu hatırlatarak, “Yine aynı anlayışla yapacağız. Binalarımızı radye temel üzerine tünel kalıp sistemiyle yapacağız. Zemin artı 3-4 katı geçmeyecek ve rezerv alanlarındaki inşaat sürecini böylelikle şehrin çeperinde, sağlam, güvenli alanlarda yerleştirmiş olacağız. Nasıl geçici konteyner, barınma alanları kuruyorsak, vatandaşlarımızın buradaki ticari hayatın devamlılığı açısından yine geçici ticaret alanları da kuracağız. Bunu da master planları çerçevesinde projelendiriyoruz. Burada çelik yapılarımızla birlikte esnafımızın hizmet vereceği, şehrin yaşayacağı, buradaki kardeşlerimize daha iyi şartlarda hizmet edebilmek amacıyla şehri bir bütün olarak planlayacağız. Bu anlayışla çalışmalarımızı yapacağız.” diye konuştu."
csb_0669,CSB,bakanlık,kahramanmaras,5_post_local,2024-05-19,"ÇEVRE, ŞEHİRCİLİK VE İKLİM DEĞİŞİKLİĞİ BAKAN YARDIMCISI REFİK TUZCUOĞLU: “KAMU BİNALARINDA YÜZDE 40 ORANINDA ENERJİ TASARRUFU SAĞLADIK”

Çevre, Şehircilik ve İklim Değişikliği Bakan Yardımcısı Refik Tuzcuoğlu, KADEV Projesi kapsamında 565 kamu binasının 318’inin enerji verimliliğine kavuşturulduğunu vurgulayarak, “Bu sayede, yüzde 40 oranında enerji tasarrufu sağladık. Çalışmalarımız devam ediyor. Bu çalışmaları, ülke politikası olarak devam ettireceğiz.” dedi.

Dünya Bankası’nın toplamda 265 milyon dolar tutarındaki kredisi, Hazine ve Maliye Bakanlığı’nın mali garantörlüğünde, Çevre, Şehircilik ve İklim Değişikliği Bakanlığı Yapı İşleri Genel Müdürlüğü’ne bağlı Uluslararası Finans Kaynaklı Sismik Güçlendirme Daire Başkanlığı tarafından yürütülen Kamu Binalarında Deprem Dayanımı ve Enerji Verimliliği (KADEV) Projesi kapsamında, “Yenilikçi Güçlendirme ve Enerji Verimliliği Mühendislik Yaklaşımları Çalıştayı” düzenlendi. Çalıştay’da konuşan Çevre, Şehircilik ve İklim Değişikliği Bakan Yardımcısı Refik Tuzcuoğlu, dünyadaki şehirleşmenin arttığını ifade ederek, sağlam şehirler inşa etmenin ve iklim değişikliğiyle mücadelede aktif politikalar yürütmenin önemine dikkat çekti.

“DÜNYANIN EN BÜYÜK ŞEHİRCİLİK ŞANTİYESİNİ KURDUK”

6 Şubat Kahramanmaraş depreminden sonra dünyanın en büyük şehircilik şantiyesini kurduklarını ifade eden Tuzcuoğlu, yurt dışından deprem bölgesine inceleme ziyareti gerçekleştiren heyetlerin Türkiye’yi titiz çalışması için tebrik ettiğini söyledi. Bakan Yardımcısı Tuzcuoğlu, bir deprem gerçeğiyle karşı karşıya olduklarını belirterek, “Ülkemizi afetlere dayanıklı hale getirmek zorundayız. Bu kapsamda 76 bin konutu teslim ettik. Yıl sonuna kadar yaklaşık 200 bin konutu teslim etmeyi planlıyoruz. Bu, her ülkenin başarılı bir şekilde yapabileceği bir çalışma değil. Biz, bölgede büyük bir çalışma yürütüyoruz. TOKİ binalarımızın sağlam bir şekilde ayakta kalması, yıkılmaması bizler için iftihar meselesi.” diye konuştu.

BELİRLENECEK YÖNTEMLER KAMU BİNALARINDA UYGULANACAK

Çalıştay’da ‘Deprem Dayanımı’ ve ‘Enerji Verimliliği’ konularının konuşulacağını söyleyen Tuzcuoğlu, depreme dayanıklı ve sürdürülebilir bina tasarımı konularında yenilikçi güçlendirme yöntemlerinin belirleneceğini söyledi. Belirlenecek bu yöntemlerin, kamu binalarında uygulanacağını ve elde edilecek sonuçların birçok ülkeye de ışık tutacağını kaydeden Bakan Yardımcısı Tuzcuoğlu, “Çalıştaya dair 5 ayrı çalışma grubu kurarak, ülkemizde uygulanabilir 3 projeyi belirleyeceğiz. Bunlardan ikisini seçerek uygulamaya koyacağız. Kısacası, ülkemizde kamu binalarının yenilenmesi noktasında bir yol haritası belirleyeceğiz.” şeklinde konuştu.

“KAMU BİNALARINDA YÜZDE 40 ORANINDA TASARRUF SAĞLANDI”

Bakan Yardımcısı Tuzcuoğlu, KADEV Projesi kapsamında 565 kamu binasının 318’inin enerji verimliliğine kavuşturulduğunu vurgulayarak, “Bu sayede, yüzde 40 oranında enerji tasarrufu sağladık. Çalışmalarımız devam ediyor. Bu çalışmaları, ülke politikası olarak devam ettireceğiz.” dedi."
tccb_128,TCCB,cumhurbaskanligi,kahramanmaras,3_inter_election,2023-06-17,"Türkiye İhracatçılar Meclisi’nin Değerli Temsilcileri, Hanımefendiler, Beyefendiler, Sizleri en kalbi duygularımla, hürmetle, muhabbetle selamlıyorum. Türkiye İhracatçılar Meclisimizin 30. Genel Kurulu sevilesiyle sizlerle beraber olmaktan bahtiyarlık duyuyor, Genel Kurul’un ülkemiz, ekonomimiz ve ihracatçılarımız için hayırlara vesile olmasını diliyorum. Bugün aynı zamanda başarıyla temayüz etmiş firmalarımızın ihracat şampiyonları olarak ödüllerini takdim ettik. Yaptıkları ihracatla ödül kazanan sektör birincilerini ve en yüksek ihracat yapan firmalarımız ile temsilcilerini ayrı ayrı tebrik ediyorum. Türkiye’nin büyümesine, kalkınması, refahına ciddi katkılar sağlayan tüm ihracatçılarımıza şahsım, ülkem ve milletim adına şükranlarımı sunuyorum. Türkiye İhracatçılar Meclisimizin çatısı altında gayret gösteren 115 bin ihracatçı kardeşimin her birine, yatırım ve üretim yapan tüm kardeşlerime, özellikle de çalışanlarımıza emekleri ve fedakârlıkları için teşekkür ediyor, ellerine, yüreklerine sağlıklar diyorum. Türkiye Cumhurbaşkanı olarak tüm ihracatçılarımızla gurur duyuyorum. Ülkemizin ticaret diplomasisinin akıncıları konumundaki siz kardeşlerimle iftihar ediyorum. Sizler sadece birer iş insanı değildiniz, aynı zamanda milletimizin yüz akı, övünç kaynağısınız. Her biriniz Türk ekonomisinin üretim kapasitesinin giderek artan gücünün sembollerisiniz. Sağladığınız istihdamla, yaptığınız ihracatla yerli ve milli tarifimizin adeta vücut bulmuş halisiniz. Bugün dünyanın en ücra köşelerinde bile Türk malı damgalı ürünlerimiz varsa, bunda en büyük pay sahibi ihracatçılarımızdır. Türkiye’ye inandığınız, Türkiye’ye güvendiğiniz, Türkiye’nin potansiyelini değerlendirip ekonomimize omuz verdiğiniz için hepinize minnettarlığımı ifade ediyorum. İhracatın ve ihracatçılarımızın ülkemiz ekonomisinde yaptıkları katkıları çok iyi biliyorsunuz. Bu anlayışla, siyasi mücadelemiz boyunca ihracatçılarımızı hep yol ve dava, kader arkadaşlarım olarak gördüm. Hangi görevde olursak olalım sizlerin meseleleriyle yakından ilgilendik. Gönlümüzle birlikte kapımızı da sizlere ve temsilcilerinize hep açık tuttuk. İhracatçılarımızla farklı vesilelerle sık sık bir araya geldik, istişare geldik, gündemimizdeki konuları samimiyetle ele aldık. Türkiye İhracatçılar Meclisimiz bize taleplerini iletti, sıkıntılarını dile getirdi, ufkumuzu ve yolumuzu açacak öneriler sundu. Biz de sizin sorunlarınıza kalıcı çözümler ürettik. Gün oldu tır şoförlerimizin karne sorunlarını çözdük. Gün oldu işçilerimizin vize ücretlerini hal yoluna koyduk. Gün oldu firmalarımızın birikmiş alacaklarının tahsilini gerçekleştirdik. Gün oldu gümrük işlemlerinin kolaylaştırılması için temaslar yürüttük. Gün oldu serbest ticaret anlaşmalarıyla ticaretimizin önündeki engelleri kaldırdık. Gün oldu sizlerle birlikte yeni pazarlar bulmak için ülke-ülke dolaştık. Gün oldu ülkemize yatırım çekmek için daha önce gidilmedik yerlere gittik. Sizlere yardımcı olmak adına uzak-yakın, gece-gündüz demeden koştuk, çalıştık, ter döktük. Ve bu yeni dönemde de hiç beklemeden adımlarımızı attık ve süratle ziyaretlerimize başladık. Deprem felaketi sonrasında da dahilde işleme izinlerinde ek süre düzenlemesinden deprem bölgesinde kısa çalışma ödeneği verilmesine, afet bölgesinde yatırım teşvik belgelerinin süresinin 3 yıl uzatılmasından cazibe merkezleri programına dahil edilmesine, KOBİ tanımındaki üst limitin 250 milyondan 500 milyon liraya çıkarılmasından asgari ücret desteğinin uzatılmasına kadar bize ilettiğiniz taleplerinize olumlu cevap verdik. Bunların dışında, sizden gelen ülkemiz dış ticaretine ivme kazandıracak her türlü teklifi, her türlü yapıcı eleştiriyi hüsnüniyetle değerlendirdik. El ele, gönül gönle hareket edere Türkiye’yi ihracatta tarihinin en büyük başarılarıyla tanıştırdık. Değerli Kardeşlerim, Bundan 21 yıl önce göreve geldiğimizde Türkiye 2001 krizinin ağır şoku altındaydı, finans sektörümüz batan bankalar sebebiyle ciddi bir darboğaza girmişti. Esnafından işçisine, sanayisinden memuruna, emeklisine, ev hanımına kadar toplumumuzun hiçbir kesimi önünü göremiyordu. İhracatıyla, altyapısıyla, üstyapısıyla, istihdamıyla gerçekten kendini güç bela ayakta tutan bir ülke vardı; iş dünyamızla dayanışma içinde çalışarak bu tabloyu tamamen tersine çevirdik, dünyanın en önemli üretim üslerinden biri haline geldik. Yıllık sadece 36 milyar dolar ihracat yapabilen bir ekonomiye sahiptik, bugün bu rakamı 1,5 ayda gerçekleştiren güçlü bir ekonomiye kavuşturduk. 2022 senesi ihracatımız açısından adeta rekorlar yılı olarak kayıtlara geçti. Mal ihracatımız yüzde 12,9 artışla 254,2 milyar dolar oldu. Ülkemizin küresel ticaretten aldığı pay yüzde 1,02 buraya yükseldi. Hizmet ihracatımız yüzde 47,3 artışla 90 milyar doları aştı. Savunma ihracatımız yaklaşık yüzde 37 artış ile 4,3 milyar doları buldu. İhracat yapan firma sayımız da önceki seneye göre yüzde 14 yükselerek, 114 bin 561’e çıktı. Geçen seneyi böyle tamamladıktan sonra bu yıla çok güçlü bir giriş yaptık. Ancak, 6 Şubat’ta Kahramanmaraş merkezli meydana gelen depremler 50 bini aşkın can kaybımızın yanı sıra 11 ilimizi de derinden sarstı. Konutların yanı sıra iş yerleri, fabrikalar, üretim tesisleri, ticarethaneler de depremde ciddi zarar gördü. Dünyada ancak birkaç ülkenin altından kalkabileceği bu devasa yıkım karşısında devlet olarak süratle harekete geçtik. Enkazları kaldırdık, yıkılanın yerine yenisini yapmak için kolları sıvadık. Deprem şehirlerimizdeki üretim çarklarının dönmeye devam etmesi için iş dünyamıza gereken her türlü desteği sağladık. İnşallah şehirlerimizi eskisinden daha güvenli, daha dinamik, daha canlı, daha bayındır bir hale getireceğiz. Depremin ekonomimiz üzerindeki olumsuz etkileri de hamdolsun günden güne azalıyor. Asrın felaketini yaşamış olmamıza rağmen ihracatımız güçlü seyrini devam ettiriyor. Mayıs ayında ihracatımız geçen yılın aynı ayına göre yüzde 14,4 artarak 18,9 milyar dolardan 21,6 milyar dolara yükseldi. Son 12 ayda ihracatımız 254,4 milyar dolara ulaştı. Bu performansta orta-yüksek ve yüksek teknoloji ihracatımızdaki artışın payı bizim için çok çok kıymetli, Orta-yüksek ve yüksek teknolojili ürün ihracatının imalat içindeki payı 2022 yılı genelinde yüzde 37’ydi, aynı oran 2023’ün ilk 5 ayında yüzde 40,8 seviyesine çıktı. Büyüme tarafında da benzer müjdeli rakamlara şahit oluyoruz. Ekonomimiz yılın ilk çeyreğinde yüzde 4 büyüyerek, hamdolsun son 11 çeyrektir büyümesini sürdürüyor. Şubat ayında aylık bazda azalan sanayi üretim endeksi hızlı bir şekilde toparlanarak, Mart ayında yüzde 5,5 oranında artış sağladı. Gelen öncü verilen büyümenin ikinci çeyrekte de gücünü koruduğuna işaret ediyor. Büyüme ve ihracat rakamları deprem felaketi sonrası ekonomimizin beklenenden daha hızlı toparlandığını gösteriyor. Salgın, deprem ve seçimlerin yanı sıra küresel ekonomideki sıkıntılara rağmen yakalamadığımız bu ivmeyi inşallah kaybetmeyeceğiz. Bir süredir tüm dünya ile birlikte bizim de başımızı ağrıtan enflasyon meselesini tekrar tek haneli rakamlara düşüreceğiz. Seçim belirsizliğinin de ortadan kalkmasıyla artık bu konuda elimiz daha güçlü. Yeni ekonomi kadromuzun da birinci önceliğini bu meselenin çözümü oluşturuyor. Yatırım, istihdam, üretim, ihracat ve cari fazla yoluyla büyüme ekseninde hedeflerimize doğru ilerleyeceğiz. Dış ticarette en büyük sıkıntımız olan enerji yükünü Karadeniz gazı, Gabar petrolü, Akkuyu Nükleer Santrali ve yenilenebilir kaynaklarla asgariye indireceğiz. Güçlü Türkiye yolunda sizlerden aldığımız güçlü ihracatımızı rekordan rekora taşıyacağız. Değerli Dostlar, Biz bugüne kadar hep kendimizle yarıştık, her başarımızdan sonra çıtayı sürekli yukarı çıkardık. Geriye gidişe tahammülümüz olmadığı gibi, durmaya, duraksamaya, yerinde saymaya da müsamahamız yoktur. İhracattaki yükseliş elbette olumludur, bizim için önemli bir başarıdır, ama Türkiye yüzyılı vizyonumuz açısından asla yeterli değildir. Olumsuz küresel ekonomik görünüme rağmen ihracatımızı bu yılsonunda 265 milyar dolara, gelecek sene ise 285 milyar dolara ulaştırmak istiyoruz. 2028 senesi için de hedefimiz 400 milyar dolar ve üstünü yakalamaktır. Bu amaçla sürdürülebilir artış için yeni nesil desteklerimizle ihracatı tabana yayarken, katma değerli ihracatı güçlendirmek için çalışacağız. Elektronik ticaretin küresel ticaret içindeki rolünün artmasıyla firmalarımızın bu dönüşüme en hızlı şekilde adapte olmaları gerekiyor. 2028 ihracat hedeflerimiz kapsamında ihracatımızdan yüzde 1,5 pay alan elektronik ihracatımızın payını yüzde 10’a çıkarmayı hedefliyoruz. İhracatımızın geliştirilmesi, çeşitliliğinin ve sürdürülebilirliğinin sağlanması için ülke-ülke girişimlerimizi artıracağız, çok dolaşacağız, dünyayı gezip onlarla birlikte neler yapacağımızı planlayacağız. Türkiye’nin son 21 yılda dış politikada attığı adımlar ihracatımızda da çarpan etkisi yapmıştır. Mesela Afrika’da büyükelçilik sayımız 12’den 44’e yükselirken, ticaret hacmimiz de 4,3 milyar dolardan 40 milyar dolara çıktı. Latin Amerika’daki büyükelçilik sayımız 6’dan 18’e ulaşırken, ticaret hacmi 800 milyon dolardan 17,4 milyar dolara yükseldi. Yeniden Asya girişimimizi ilan ettiğimiz 2019’dan beri kıtayla ticaretimiz yüzde 40 arttı. Diplomatik ilişkilerimizin kurulduğu veya güçlendiği her coğrafyada aynı durum söz konusudur. Türkiye’nin diplomatik temsil ağı genişledikçe ihracatı da sürekli yukarıya gitmiştir. Göreve başlama törenimize iştirak eden devletlerin sayısına, temsil düzeyine ve çeşitliliğine baktığımızda bu gerçeği tekrar görüyoruz. Birbiriyle kavga eden, hatta çatışan tarafları bile aynı çatı altında buluşturan bir ülke olmamız bizlere dış ticarette de avantajlar sunuyor. Seçim zaferimiz sonrasında Afrika’dan Asya’ya, Latin Amerika’dan Avrupa’ya geniş bir bölgede sokaklara taşan sevgi seli de şahsımızla birlikte ülkemize ve milletimize yönelik teveccühün ispatıdır. Türkiye, şu an yüzmilyonlarca insanın gündemindedir. Demir tavında dövülür prensibince, bu bilgiyi vakit kaybetmeden ihracat, turizm ve yatırım noktasında fırsata dönüştürmemiz gerekiyor. Fuarlarla, ticaret heyetleriyle, saha araştırmalarıyla, teknolojinin sağladığı imkanlardan da istifadeyle ihracatımızı artırmanın yollarını aramalıyız. Hiç şüpheniz bu gayretlerinizle yurt dışındaki ilk temas noktanız ticaret müşavirleriniz ve ataşelerimiz olacaktır. Yabancı ortaklara ulaşma, potansiyel pazarlar hakkında bilgi alma ve karşılaştığınız sorunlara çözüm bulma hususunda bu görevlilerimiz her zaman sizlerin emrindedir. Ticaret müşavirliklerimiz ve diplomatik temsilciliklerimiz vasıtasıyla sizlere her türlü desteği vermeyi sürdüreceğiz. Bu konuda ihmali veya kastı olanlardan da kimsenin gözünün yaşına bakmayacağız. Değerli Arkadaşlar, İhracatçımızın daha düşük maliyetli finansman imkânlarına kavuşmasının hedeflerimize ulaşmamızı hızlandıracağını biliyorsunuz. Bakanlığımız yanında Türk Eximbank ile çalışmalarımıza devam ediyoruz. Türk Eximbank, Türk bankacılık sektöründe en büyük kredi hacmine sahip 9’uncu banka ve Türkiye’nin en büyük alacak sigortası kuruluşudur. Eximbank’ın destek sağladığı ihracatçı sayısı 16 bine ulaşmıştır. Bu yıl Eximbank’ın KOBİ’lerimize sağladığı kredi hacim oranı yüzde 25,8’e yükselecektir. Finansman meselesinde sadece Eximbank ile de yetinmiyoruz, 2022 yılının Mart ayında faaliyete geçirdiğimiz İhracatı Geliştirme Şirketiyle ihracatçımıza finansman konusunda nefes aldırdık. Türk Eximbank ve İhracatı Geliştirme Şirketi kefalet sistemiyle teminat sorununa çözüm getirdik. İhracatçımız artık gayrimenkulünü bankaya ipotek vermek mecburiyetinde kalmıyor. İhracat desteklerine yönelik prefinansman modeli sayesinde firmalarımız önce ödeme alıp sonra harcama kolaylığına kavuştular. Bunun yanında, biliyorsunuz 2 ay önce açılışını yaptığımız İstanbul Finans Merkezi’yle Türkiye’yi finans alanında bir üst lige çıkaracak tarihi bir adım attık. Toplam 65 milyar liralık yatırım değeriyle ülkemizin en prestijli projesini hayata geçirmenin gururunu yaşadık. Yerli ve yabancı finans kuruluşlarının bölgede faaliyet göstermeye başlamalarıyla merkezimiz asıl fonksiyonunu daha etkin icra edecektir. İstanbul Finans Merkezi, uluslararası sermaye akışını kolaylaştırarak yatırım çekeme potansiyelimizi artıracaktır. İstanbul Finans Merkezi’nin fintek ve katılım finans alanlarında küresel bir çekim merkezi haline geleceği kanaatindeyim. Şu an itibarıyla henüz istenen, belirlenen hacme ulaşmış değiliz. Türk ekonomisinin tüm sektörleri gibi ihracatçılarımızın da İstanbul Finans Merkezi’nin oluşturduğu ekosistemden istifade edeceğine inanıyorum. Büyük hedeflerimizin olduğu bir diğer alan sağlık hizmeti ihracatıdır. Sağlık turizminde ülkemizi küresel bir merkez haline dönüştürmeyi arzu ediyoruz. Özellikle şehir hastanelerimizin birer birer devreye girmesiyle yabancı hasta sayımız da her yıl katlanarak artıyor. Şifasını ülkemizde arayan bu hastalar, turizmden gıdaya, ulaşımdan bakım hizmetlerine kadar pek çok alanda ciddi katma değer oluşturuyor. Gerek hastanelerimiz, gerek termal tesislerimiz, gerekse diğer sağlık hizmetlerimizle 10 milyar dolarlık bir turizmi hedefine şu an itibarıyla sahibiz. İnşallah 2023 yılında 2 milyon sağlık turisti ve 3 milyar dolar ihracata hep birlikte şahit olacağız. Aynı şekilde bu sene lojistik ihracatında 40 milyar dolara ulaşmayı hedefliyoruz. Bir diğer markamız olan müteahhitlik ve teknik müşavirlik sektörünün yurt dışındaki başarılarını ileriye götürecek çabaları teşvik edeceğiz. Değerli Arkadaşlar, Tüm bu hedeflerimize ulaşacağımızdan asla şüphe duymuyoruz. Millet olarak artık geleceğimize daha güvenle ve umutla bakıyoruz. Dünyada yıldızı giderek parlayan bir Türkiye gerçeğiyle karşı karşıyayız. İçimizdeki kimi gafiller anlamasa da, yurt dışından ülkemizi takip edenler bu hakikati daha net görüyor. 2023’ün Türkiye’sini halen 80’lerin, 90’ların kalıplarıyla okumaya çalışanlar idrak edemese de ülkemiz gümbür-gümbür geliyor. 14 Mayıs ve 28 Mayıs seçimleriyle Allah’a hamdolsun ihtiyacımız olan azmi, cesareti, kararlılığı ve iradeyi tekrar elde ettik. Her iki seçimde de ezici bir zafer kazanarak yasaması ve yürütmesiyle ülkemize 5 sene daha hizmet etme şerefine nail olduk. 28 Mayıs gecesi sandıkların kapanmasıyla birlikte Türkiye yüzyılının ilk adımını atmış bulunuyoruz. Kabinemizi de süratle oluşturarak, hedeflerimiz doğrultusunda çalışmaya başladık. İnşallah önümüzdeki 5 sene boyunca hiç durmadan çalışarak Türkiye yüzyılı vizyonumuzu inşa edeceğiz. Ülkemiz hizmetlerle, eserlerle, müjdelerle dolu-dolu geçireceği ilave bir 5 yıl daha kazanmıştır. Türkiye, sadece 21 yıllık değil, asırlık kazanımlarını tehlikeye atacak büyük bir kuşatmayı da parçalamıştır. Son seçim sonuçlarının milletimizin istikbal yolculuğu açısından önemini zamanla daha iyi idrak edeceğiz. Milletimizin verilmiş sadakasının olduğunu gün geçtikçe çok daha net göreceğiz. Sırf iktidara gelmek uğruna kimlerin kimlerle, hangi pazarlıklara giriştiği, kapalı kapılar ardında ne tür sözlerin verildiği, vatanın bekasının işporta malı gibi nasıl tezgaha konulduğu zamanla ortaya saçılacaktır. Ve hepsinden öte, terör örgütleriyle ne gibi pazarlıklar yapıldığı ortaya çıktıkça gerçekten verilmiş sadakamız varmış diyeceğiz. 28 Mayıs’tan bu yana muhalefet cephesinde yaşananlar ülkemizin nasıl bir felaketin eşiğinden döndüğünü zaten anlatıyor. Ve güya milleti barıştırmaktan bahsedenlerin seçim akşamı başlayan kavgası, o günden bugüne hiç durmadı. Millete demokrasi vaat edenler, iş koltuktan kalkamaya gelince bir gecede nasıl diktatör oldukları anlaşıldı. Ve çok daha ilginci, Halil İbrahim Sofrası, diyerek demokrasi mücadelesinin yapıldığı yeri böyle bir yemek sofrasına dönüştürmenin de ne kadar anlamsız olduğu ortaya çıktı. Millete pazarladıkları masanın tam anlamıyla bir kurtlar sofrası olduğu ortaya çıktı. İşte milletimiz o engin basiret ve ferasetiyle bunların asıl yüzünü görmüş, kendisinin ve evlatlarının geleceğini riske atmamıştır. Aynı tavrı muhalefetten de bekliyoruz; muhalefetin de hatalarını görüp kendilerini düzeltmelerini ümit ediyoruz. Millete karşı siyaset yapmak yerine ülke ve millet için siyaset yapmaları hem kendileri, hem de demokrasimiz açısından daha faydalı olacaktır. Türkiye, geride bıraktığımız 21 yılda pek çok açığı kapatmıştır. Demokrasiden hak ve özgürlüklere, altyapı yatırımlarından millet iradesinin kullanılmasına kadar nerede bir açık varsa onun üzerine gittik, ama ülkemizin en kronik sorunlarından olan muhalefet açığını maalesef bir türlü kapatamadık. Son seçim sonuçlarının Türkiye’deki muhalefet açığının kapanması için de bir fırsat teşkil ettiğine inanıyorum. Türkiye, artık her hayırlı işe karşı çıkan, mahkeme kapılarında nöbet tutan, istemezükçü bir muhalefet anlayışını hak etmiyor. Milletimiz iktidara gelebilmek uğruna terör örgütleriyle iş tutacak kadar muvazeneyi yitirmiş bir muhalefet pratiği görmek istemiyor. Evlatlarımız, umut vermek yerine sürekli yalan söyleyen, felaket tellallığı yapan, ülkeyi kötüleyen bir muhalefet söylemine maruz kalmak istemiyor. Parti içi çekişmelerden, baba-oğul arasında yaşanan taht kavgalarından bağımsız olarak Türkiye’nin yeni bir muhalefet anlayışına ihtiyacı var. Türkiye yüzyılında inşallah bunun da gerçekleşmesini temenni ediyorum. Rabbim yar ve yardımcımız olsun diyorum. Bu düşüncelerle tüm dünyada ülkemizin bayrağını dalgalandıran siz ihracatçılarımıza bir kez daha teşekkür ediyorum. Türkiye İhracatçılar Meclisi’nin 30. Olağan Genel Kurulunun başarılı geçmesini, hayırlı, uğurlu olmasını diliyorum. Ödül alan arkadaşlarımızı ve firmalarımızı tekrar tebrik ediyor, hepinizi sevgiyle, saygıyla selamlıyorum. Kalın sağlıcakla."
csb_0622,CSB,bakanlık,kahramanmaras,5_post_local,2024-04-15,"ÇEVRE, ŞEHİRCİLİK VE İKLİM DEĞİŞİKLİĞİ BAKANI MEHMET ÖZHASEKİ: “YIL SONUNA KADAR 200 BİN DEPREM KONUTUNU TESLİM EDECEĞİZ”

Çevre, Şehircilik ve İklim Değişikliği Bakanı Mehmet Özhaseki, deprem bölgesinde yürütülen çalışmaların ayrıntılı olarak ele alındığı “Afet Bölgesi ve Kentsel Dönüşüm Çalışmaları” toplantısına başkanlık etti. Depremden etkilenen illerde 76 bin kalıcı konutun teslim edildiğini belirten Bakan Özhaseki, tüm konutların teslim tarihini de açıkladı: “Yıl sonuna kadar 200 bin konutumuzu teslim etmiş olacağız. Konutlarımızın tamamını da 2025 yılının Eylül ayına kadar tamamlayıp anahtar teslimlerini gerçekleştireceğiz. Çabamız, önceliğimiz, işimiz deprem bölgesini bir an evvel ayağa kaldırmak.”

Çevre, Şehircilik ve İklim Değişikliği Bakanlığı, 6 Şubat 2023 tarihinde gerçekleşen Kahramanmaraş merkezli depremlerin hemen ardından bölgeyi yeniden ayağa kaldırmak için çalışmalarını aralıksız devam ettiriyor. Depremin ilk gününden itibaren tüm birimleriyle birlikte afet bölgesinde olan Bakanlık, bin yılın afetinden etkilenen şehirleri eski canlı günlerine döndürmek gece gündüz demeden çalışmalarını sürdürüyor. Bayramda da bölgede yürütülen çalışmaları yakından takip eden Bakan Mehmet Özhaseki, bugün de bakan yardımcıları, genel müdürler ve bürokratların katılımıyla, “Afet Bölgesi ve Kentsel Dönüşüm Çalışmaları” toplantısına başkanlık etti. Deprem bölgesindeki yürütülen çalışmaların ayrıntılı olarak ele aldığı toplantıya ilişkin açıklama yapan Bakan Özhaseki, “Çabamız, önceliğimiz, işimiz deprem bölgesini bir an evvel ayağa kaldırmak.” diye konuştu.

“YIL SONUNA KADAR 200 BİN KONUT TESLİM EDİLECEK”

Depremden etkilenen şehirlerde, bir yıl içerisinde tamamlanan 76 bin kalıcı konutu hak sahiplerine teslim ettiklerini hatırlatan Bakan Özhaseki, “Yıl sonuna kadar 200 bin konutumuzu teslim etmiş olacağız. Konutlarımızın tamamını da 2025 yılının Eylül ayına kadar tamamlayıp anahtar teslimlerini gerçekleştireceğiz inşallah.” ifadelerini kullandı.

“TÜM GÜCÜMÜZLE DURUP DİNLENMEDEN ÇALIŞIYORUZ”

Afet konutu ve köy evlerinin yapımına hızla devam ettiklerinin altını çizen Bakan Mehmet Özhaseki, “Tamamladığımız evlerimizi de hak sahiplerine etap etap teslim ediyoruz. Şehirlerimizin ihyasını sağlayacak altyapı çalışmalarımızı da aynı titizlikle sürdürüyoruz. Vatandaşlarımızı bir an evvel yuvalarına kavuşturmak, şehirlerimize eski canlılığını kazandırmak için tüm gücümüzle, durup dinlenmeden çalışıyoruz.” dedi."
hatay_bld_0196,Hatay Belediye,belediye,hatay,4_local_campaign,2024-02-01,"HBB’DEN RUH SAĞLIĞI VE PSİKOSOSYAL DESTEK TOPLANTISI’NA EV SAHİPLİĞİ

Hatay Büyükşehir Belediyesi (HBB), uluslararası ve ulusal yardım çalışmaları gerçekleştiren çeşitli kamu ve sivil toplum kuruluşları tarafından düzenlenen Ruh Sağlığı ve Psikososyal Destek Toplantısı’na ev sahipliği yaptı.

Hatay genelinde saha çalışmaları yürüten çeşitli kamu ve sivil toplum kuruluşları tarafından her ay düzenlenen Ruh Sağlığı ve Psikososyal Destek Toplantısı bu ay HBB Expo Yerleşkesi Hatay Planlama Merkezinde yapıldı.

HBB İşletme İştirakler Dairesi Kaynak Geliştirme ve Projeler Şube Müdürlüğünce UNİCEF ile ortaklaşa yürütülen “Erken Çocukluk Gelişimi ve Engelliliğin Tespiti” projesinde görevli psikologlardan oluşan ruh sağlığı ekibi de aylık düzenlenen toplantıya aktif katılım gösterdi.

6 Şubat depremlerinin travmatik izlerini silmek adına sahada tüm depremzedelere yönelik psikolojik destek çalışmalarını sürdüren HBB ruh sağlığı ekipleri, katılımcı kurum ve kuruşlarla bilgi alışverişinde bulundu.

“Yeşilay”ın bağımlılık konusu üzerine eğitimiyle başlayan toplantı; iyi uygulama örnekleri, sahada karşılaşılan güçlükler ve kurumlar arası yönlendirme mekanizmaları üzerine tartışmalarla devam etti.

Bünyesinde psikolojik danışman ve psikologların bulunduğu katılımcı kurumlar tarafından toplantıların bir sonraki tarihi ise 28 Şubat 2024 olarak belirlendi.

Not: Haberin fotoğraflarını aşağıdaki linkten indirebilirsiniz:

https://we.tl/t-vbcse3N6Zb"
adiyaman_val_068,Adıyaman Valiliği,valilik,adiyaman,5_post_local,2024-12-02,"VALİMİZ SAYIN DR. OSMAN VAROL’UN 3 ARALIK DÜNYA ENGELLİLER GÜNÜ MESAJI

Toplumsal farkındalığın artmasına vesile olması dileğiyle tüm engelli kardeşlerimizin, 3 Aralık Dünya Engelliler Günü’nü en içten dileklerimle tebrik ediyorum.
 
Bütün hizmet alanlarında ‘Önce insan’ anlayışıyla hareket eden ve insanı ‘Yaratılmışların en şereflisi’ olarak gören bir medeniyetin temsilcileri ve köklü bir geleneğin mensupları olarak her konuda engelli kardeşlerimize hizmet etme anlayışını benimseyerek onları mutlu ve memnun etmeye, onları hayatın her sahasına dâhil ederek yaşamlarını kolaylaştırmaya büyük önem veriyoruz.
 
Bu kapsamda, asrın felaketi olarak nitelendirilen, ülkemiz tarihinin en geniş alanda yıkıma ve en çok can kaybına yol açan 6 Şubat depremleri sonucu uzuv kaybı yaşayan hiçbir vatandaşımızı ne acısında nede hayatını yeniden düzene koyma noktasında asla yalnız bırakmadık bırakmıyoruz. Bu bağlamda uzuv kaybı yaşayan depremzede vatandaşlarımız için ilimiz merkez Altınşehir Mahallesinde özel bir şekilde dizayn edilip barınma ile birlikte bünyesinde fizik tedavi hizmeti de veren Fizik Tedavi ve Rehabilitasyon Merkezini kurduk. 
Bu duygu ve düşüncelerle, Dünya Engelliler Günü’nün zihinlerdeki engelleri kaldırmaya vesile olmasını temennisiyle engelli vatandaşlarımızı saygı ve muhabbetle selamlıyor kendilerine ve fedakâr ailelerine sağlık, huzur ve mutluluk dolu bir yaşam diliyorum."
csb_0119,CSB,bakanlık,adiyaman,1_post_quake,2023-04-12,"BAKAN KURUM: DEPREMZEDELER, ADIYAMAN’DA TOKİ VE EMLAK KONUT ELİYLE YAPILAN 2 BİN 588 BAĞIMSIZ BÖLÜMDEN OLUŞAN GEÇİCİ YAŞAM ALANINA YERLEŞMEYE BAŞLADI

Çevre, Şehircilik ve İklim Değişikliği Bakanı Murat Kurum, resmî sosyal medya hesabından Adıyaman’da depremzedelerin teslim edilen geçici barınma alanlarına yerleştirilmesini anlatan bir video paylaştı. Bakan Kurum, mesajında “Adıyaman’ımıza ne yapsak az! Her bir vatandaşımızın yüzü gülene kadar Adıyaman’dan elimizi çekmeyeceğiz!” dedi.

Çevre, Şehircilik ve İklim Değişikliği Bakanlığı, “asrın felaketi” Kahramanmaraş merkezli depremler sonrası 11 ilde kalıcı konutların inşa sürecini aralıksız yürütürken eş zamanlı olarak depremzedelerin geçici olarak yaşayacağı barınma alanlarının yapımına da hızla devam ediyor.

Bakan Kurum, resmî sosyal medya hesabından Adıyaman’da depremzedelere teslim edilen geçici barınma alanlarının anlatıldığı bir video yayımladı.

Videoda, Adıyaman’da TOKİ ve Emlak Konut eliyle yapılan 2 bin 588 bağımsız bölümden oluşan geçici yaşam alanında tamamlanan etaplara ailelerin yerleşmeye başladığını anlatıldı. Örnek geçici barınma alanlarının gösterildiği video paylaşımında, oturma odası, yatak odası, mutfak alanı ve banyo yer alıyor. Vatandaşların kalıcı konutlarına geçmeden önce ikamet edecekleri geçici barınma merkezinde sadece yaşam alanı değil; sağlık ocağı, cami, anaokulu, spor salonları ve sosyal donatılar da bulunuyor.

“Adıyaman’da depremin ardından toplamda 15 bin kişinin yaşayacağı geçici yaşam alanları inşa ediliyor”

Bakanlık açıklamasında, “Depremin yaşandığı bölgelerde alt yapı ve üst yapı çalışmaları tamamlanarak teslimine başlanan ve etaplar halinde teslimi devam eden 100 bin geçici barınma alanı ile yarım milyon vatandaşımızın daha sağlıklı ve iyi şartlarda barınabilecekleri yaşam alanlarına taşınması hedeflenmektedir.” denildi.

Adıyaman’da ise depremin ardından toplamda 15 bin kişinin yaşayacağı geçici yaşam alanları hafif çelik ve prefabrik olarak inşa ediliyor. Toplam 313 bin metrekare alana, yaklaşık 3 bin adet bağımsız bölüm yapılacak. Geçici yaşam alanı içerisindeki yapıların her biri 27 metrekare olacak.

“En ince ayrıntıya kadar düşünülmüş. Yani bir ev için gerekli olan her şey mevcut şu an. Kendi evimizde olduğu şekilde yani, aynısı.”

Vatandaşlar, geçici olarak yaşayacakları alanları teslim almaktan duydukları memnuniyeti dile getirerek, “Gayet her şey güzel yerli yerinde. En ince ayrıntıya kadar düşünülmüş. Yani bir ev için gerekli olan her şey mevcut şu an. Kendi evimizde olduğu şekilde yani, aynısı. Çok güzel, çok beğendik, çok mutluyum. Bu kadar hayal etmemiştim. Bayram öncesi büyük bir hediye oldu bizim için. Kim yapmışsa herkesten Allah razı olsun.” ifadelerini kullandı."
csb_0727,CSB,bakanlık,adiyaman,5_post_local,2024-07-12,"ÇEVRE, ŞEHİRCİLİK VE İKLİM DEĞİŞİKLİĞİ BAKANI MURAT KURUM, ADIYAMAN’DA KONUŞTU: “DEPREM BÖLGESİNİN AYAĞA KALKMASI BİZİM DERDİMİZDİR, DAVAMIZDIR”

Çevre, Şehircilik ve İklim Değişikliği Bakanı Murat Kurum, 85 milyon vatandaşın kalbinin depremzede kardeşleriyle birlikte attığını vurgulayarak, “21’inci yüzyılın en büyük deprem dönüşüm seferberliğini Cumhurbaşkanımız Sayın Recep Tayyip Erdoğan liderliğinde 11 ilimizde, ekiplerimizle birlikte el ele yürütüyoruz. Deprem bölgesinin ayağa kalkması bizim derdimiz, bizim davamızdır. Deprem bölgesindeki her bir kardeşim, bize depremde kaybettiğimiz şehitlerimizin emanetidir. Vatandaşlarımızın hedeflerini ve hayallerini inşallah Sayın Cumhurbaşkanımızın liderliğinde hep birlikte gerçekleştireceğiz. 11 ilimiz güçlü altyapısı, konutları, sanayisi ve turizmiyle bölgenin lider şehirleri konumuna gelecek. Bu bölge Türkiye'nin kalkınma ve refah bölgesi olarak anılacak. Asrın felaketini biz yaşadık, asrın kalkınmasını vatandaşlarımızla birlikte başaracağız.'' diye konuştu.

Çevre, Şehircilik ve İklim Değişikliği Bakanı Murat Kurum, depremden en çok etkilenen illerden biri olan Adıyaman’da, Koordinasyon Toplantısı’na katıldı. Vali, belediye başkanları, STK’lar, siyasi parti temsilcileri ile istişarelerde bulunan Bakan Kurum, daha sonra Türkiye’nin en büyük şantiyesi Adıyaman İndere’deki afet konutlarını inceledi. Bakan Murat Kurum, Adıyaman programı kapsamında örnek daireleri gezdi, Mara ve Musalla Mahallelerinde incelemelerde bulundu. Bakan Kurum İndere’de yaptığı basın açıklamasında, Adıyaman’a bir bakan olarak değil, bu milletin bir evladı olarak geldiğini belirterek, “Adıyaman'ın bir kardeşi olarak ve Adıyamanlı kardeşlerimizin ihtiyacını giderecek bir kişi olarak buradayız. Kardeşlerimizin yanındayız, dizinin dibindeyiz. İnşallah Adıyaman'ımız ayağa kalkana kadar elimizi, gönlümüzü, ayağımızı Adıyaman'dan çekmeyeceğiz.” diye konuştu.

“21’İNCİ YÜZYILIN EN BÜYÜK DEPREM DÖNÜŞÜM SEFERBERLİĞİNİ YÜRÜTÜYORUZ”

Göreve gelir gelmez ilk ziyaretlerini Malatya, Kahramanmaraş ve Hatay'a yaptıklarını, hafta sonu ise Gaziantep, Kilis, Osmaniye ve Adana'yı ziyaret edeceklerini belirten Bakan Kurum, bugün ise alimler ve aşıkların şehri Adıyaman'da bulunduklarını ifade etti. Bakan Murat Kurum, 6 Şubat’ta Anadolu coğrafyasının gördüğü en büyük felaketin yaşandığını belirterek, “85 milyon vatandaşın kalbin depremzede kardeşlerimizle birlikte attı. 21’inci yüzyılın en büyük deprem dönüşüm seferberliğini Cumhurbaşkanımız Sayın Recep Tayyip Erdoğan liderliğinde 11 ilimizde, ekiplerimizle birlikte el ele yürütüyoruz. Çok daha hızlı mesafe kat edeceğiz. Hedefimiz, 2025 yılı içerisinde 11 ilimizde, ilçelerimizde evine kavuşmayan depremzede kardeşimizin kalmaması. Bu anlayışla arkadaşlarımız gece gündüz çalışıyor. Adıyaman özelinde bugüne kadar 8 bin 174 yuvamızı vatandaşlarımıza teslim ettik, 45 bin 444 konutumuzun inşası da devam ediyor.” ifadelerini kullandı. 500 yaşındaki Ulu Cami'nin restorasyon çalışmalarının hızla devam ettiğini belirten Bakan Kurum, ayrıca, Tuz Hanı'nın da aslına uygun şekilde restore edileceğini söyledi. Bakan Kurum, Cendere Köprüsü etrafında bir düzenleme yapmak istediklerini ve bu düzenleme çerçevesinde orada tabiat parkını koruyacak bir doğa projesi yapmak istediklerini kaydetti.

“DEPREM BÖLGESİNDEKİ HER BİR KARDEŞİM, BİZE DEPREMDE KAYBETTİĞİMİZ ŞEHİTLERİMİZİN EMANETİDİR”

""Deprem bölgesinin ayağa kalkması bizim derdimiz, bizim davamızdır.” diyen Bakan Murat Kurum şunları söyledi: “Deprem bölgesindeki her bir kardeşim, bize depremde kaybettiğimiz şehitlerimizin emanetidir. Şehitlerimizin emanetine canımız pahasına sahip çıkacağız. Onların hedeflerini, onların hayallerini inşallah Sayın Cumhurbaşkanımızın liderliğinde hep birlikte gerçekleştireceğiz. Bu bölge deprem bölgesi olarak anılmayacak. 11 ilimiz güçlü altyapısı, konutları, sanayisi ve turizmiyle bölgenin lider şehirleri konumuna gelecek. Bu bölge, Türkiye'nin kalkınma ve refah bölgesi olarak anılacak. Asrın felaketini biz yaşadık asrın kalkınmasını vatandaşlarımızla birlikte başaracağız.”"
kmaras_bld_0744,Kahramanmaraş Belediye,belediye,kahramanmaras,3_inter_election,2023-09-29,"Büyükşehir Belediyesi, ‘Çözüm Bakanlığı’ adlı tiyatro gösterisini NFK Kültür Merkezi’nde minik tiyatroseverlerle buluşturdu. Etkinlikten duyduğu memnuniyeti belirten çocuklar, Büyükşehir Belediyesi’ne teşekkür etti.

Deprem sonrası özellikle çocuklara yönelik psiko-sosyal desteklerini sürdüren Kahramanmaraş Büyükşehir Belediyesi, bu noktada anlamlı bir etkinlik daha düzenledi. Hollanda Büyükelçiliği ile ortak düzenlenen proje çerçevesinde, Hollandalı çocuk edebiyatı yazarı Sanne Rooseboom’in ‘Çözüm Bakanlığı’ adlı eserinden sahneye uyarlanan tiyatro gösterisi Necip Fazıl Kısakürek Kültür Merkezi’nde miniklerle buluştu. İlham verici, eğlenceli ve macera dolu hikâyesiyle akran zorbalığına göğüs geren bir grup arkadaşın yaşadığı olayları konu alan oyun, çocukları bir yandan eğlendirirken bir yandan da eğitici mesajlar verdi. Yoğun katılımla gerçekleştirilen gösteride, Sahne Maraş Tiyatro Okulu oyuncuları performansıyla minik tiyatroseverlerden yoğun alkış aldı. Gösteri sonrası çocuklara, Sanne Rooseboom’in ‘Çözüm Bakanlığı’ adlı kitabı da hediye edildi. Etkinlikten duyduğu memnuniyeti belirten çocuklar, Büyükşehir Belediyesi’ne teşekkür etti."
csb_0496,CSB,bakanlık,kahramanmaras,3_inter_election,2024-01-06,"BAKAN ÖZHASEKİ ‘EŞİMİN, ÇOCUĞUMUN MEZARINA YAKIN OTURMAK İSTİYORUM’ DİYEN DEPREMZEDE KADINLARIN İSTEĞİNİ GERİ ÇEVİRMEDİ

Devlet, Kahramanmaraş merkezli depremlerin yaralarını sarmak ve bölgeyi hızla ayağa kaldırmak için gece gündüz demeden çalışmalarını sürdürüyor. Gaziantep’in İslahiye ilçesinde depremde eşlerini ve çocuklarını kaybeden Elif Duran ve Ayşe Şahin isimli depremzedelerin, mezarlığa yakın bölgeden ev isteklerini geri çevirmeyen Çevre, Şehircilik ve İklim Değişikliği Bakanı Mehmet Özhaseki, “Her bir depremzede kardeşimiz bize emanettir. Depremde kaybettiğimiz canlarımızı geri getiremeyiz ama onların emanetleri Elif ve Ayşe gibi nice kardeşlerimizin her zaman yanında olacağız.” dedi.

Asrın felaketinin hemen ardından deprem bölgesinin ihya ve inşası için başlatılan çalışmalar yoğun şekilde devam ediyor. Devlet, bütün kurumlarıyla depremin yaralarının sarılması ve bölgenin hızla ayağa kaldırılması için çalışmalarını gece gündüz demeden sürdürüyor.

Çevre, Şehircilik ve İklim Değişikliği Bakanı Mehmet Özhaseki, depremzedelerin bir an önce sıcak yuvalarına kavuşmaları için yoğun mesai yapıyor. Açılış ve incelemelerde bulunmak üzere Gaziantep’e gelen Bakan Mehmet Özhaseki, Nurdağı ve İslahiye ilçelerinde inşaatı tamamlanan kalıcı konutları yerinde inceledi. Depremzedelerin en kısa sürede TOKİ eliyle yapılan depreme dayanıklı, sağlam ve güvenli konutlara kavuşacağını belirten Bakan Özhaseki, “Bir an önce evleri yapıp vatandaşımızı oturtmaya gayret ediyoruz. Sayın Cumhurbaşkanımız da biz de gece gündüz demeden depremzede vatandaşlarımız için uğraşıyoruz.” şeklinde konuştu.

EŞLERİNİN VE ÇOCUKLARININ MEZARINA YAKIN EV İSTEDİLER

Bakan Mehmet Özhaseki, İslahiye’deki TOKİ Afet Konutları ziyareti sırasında depremzedeler ile de görüştü. Vatandaşlarla sohbet eden Bakan Özhaseki, yanına gelen 2 depremzedenin taleplerini dinledi. Kahramanmaraş merkezli depremlerde eşlerini ve çocuklarını kaybeden Elif Duran ve Ayşe Şahin, Bakan Özhaseki’den TOKİ tarafından yapılan deprem konutlarından verilecek evlerinin eşlerinin ve çocuklarının mezarlarına yakın bölgeden olmasını istediler. Kimselerinin kalmadığını ve akrabalarıyla aynı binada yaşamak istediklerini belirten depremzede kadınların talebi üzerine Bakan Mehmet Özhaseki, AFAD Başkanı Okay Memiş ve TOKİ Başkanı Ömer Bulut ile görüşerek konuyla ilgilenmeleri için talimat verdi. Bakan Özhaseki, “Her bir depremzede kardeşimiz bize emanettir. Depremde kaybettiğimiz canlarımızı geri getiremeyiz ama onların emanetleri Elif ve Ayşe gibi nice kardeşlerimizin her zaman yanında olacağız.” dedi.

Bakan Özhaseki, bir depremzede ailenin de evine misafir oldu. Aile ile sohbet eden Bakan Özhaseki, bölgede yapılan konutlar hakkında da bilgi verdi. Depremzedeler, konutları çok beğendiklerini ifade ederek Bakan Özhaseki’ye teşekkür etti.

Bakan Mehmet Özhaseki, ayrıca helikopter ile Nurdağı ve İslahiye’de yapımı süren deprem konutlarını havadan inceledi."
kmaras_bld_0598,Kahramanmaraş Belediye,belediye,kahramanmaras,3_inter_election,2023-08-15,"Büyükşehir Belediyesi, Yıldızevler Konutları’na ulaşım sağlayan yaklaşık 2 kilometrelik arterde asfalt öncesi zemin hazırlıklarını sürdürüyor.

Şehrin tekrar ayağa kaldırılması noktasında alt ve üstyapı çalışmalarını aralıksız sürdüren Kahramanmaraş Büyükşehir Belediyesi, Doğukent Mahallesi’nde bulunan Yıldızevler Konutları’nın ulaşımını iyileştirmek için de çalışmalarına devam ediyor. Fen İşleri Dairesi Başkanlığı’nca yürütülen çalışmalarla, Yıldızevler’e ulaşım sağlayan yaklaşık 2 kilometre uzunluğa ve 10 metre genişliğe sahip yolda asfalt öncesi zemin hazırlıkları gerçekleştiriliyor. Arterde hazırlıkların tamamlanmasının ardından gerçekleştirilecek asfalt serimiyle Yıldızevler Konutları’nın ulaşım standardı artırılacak."
kmaras_bld_0179,Kahramanmaraş Belediye,belediye,kahramanmaras,1_post_quake,2023-04-16,"Ekinözü ve Nurhak’ta bir dizi ziyaret ve incelemelerde bulunan Başkan Güngör, “Sayın Cumhurbaşkanımızın liderliğinde bakanlarımız, milletvekillerimiz, kurum ve kuruluşlarımız ve kardeş belediyelerimizle şehrimizi, ilçelerimizi, mahallelerimizi yeniden güzelleştireceğiz” dedi.

Kahramanmaraş Büyükşehir Belediye Başkanı Hayrettin Güngör, şehir merkezi ve ilçelerde depremzedelerle bir araya gelmeyi, taleplerini dinlemeyi ve acılarını paylaşmayı sürdürüyor. Bu kapsamda Başkan Hayrettin Güngör, Ekinözü’nde bir dizi ziyaret ve incelemelerde bulundu. İlçede geçici barınma merkezlerini ziyaret ederek depremzedelerle bir araya gelen Başkan Güngör, depremde hasar alan bölgelerde yapılacak çalışmaların planlanması için de alanlarda ön incelemelerde bulundu.

Nurhak Geçici Barınma Merkezi Ziyareti

Başkan Hayrettin Güngör ve beraberindeki heyet, Ekinözü programının ardından Nurhak’a geçti. Burada ilk olarak geçici barınma merkezini ziyaret ederek alanda yürütülen çalışmaları yerinde inceleyen Başkan Güngör, Kullar ve Tatlar mahallelerinde geçici barınma merkezlerinde depremzedelerle bir araya geldi. Vatandaşlarla sohbet eden ve taleplerini dinleyen Başkan Güngör, geçmiş olsun dileklerini ileterek acıları paylaştı.

Yaralarımızı Hızla Sarıyoruz

Ekinözü ve Nurhak ziyaretlerine ilişkin açıklamalarda bulunan Başkan Hayrettin Güngör, “Sayın Cumhurbaşkanımızın liderliğinde tüm kurum ve kuruluşlarımızla birlikte yaralarımızı hızla sarmaya çalışıyoruz. Nurhak ilçemizde de 154 konteynerden oluşan geçici barınma merkezine hemşehrilerimiz taşınmaya başladı. Bolu Valimiz Sayın Erkan Kılıç koordinesinde tüm ekiplerimizle birlikte el birliğiyle bir çalışma yürütüyoruz. Büyükşehir Belediyesi olarak bizler de geçici barınma merkezimizde asfalt ve kilit parke çalışmalarımızı sürdürüyoruz. Kalıcı konutların inşası tüm hızıyla sürüyor. Hemşehrilerimiz bir yıl içerisinde kalıcı konutlarına kavuşacak. Sayın Cumhurbaşkanımızın liderliğinde bakanlarımız, milletvekillerimiz, kurum ve kuruluşlarımız ve kardeş belediyelerimizle şehrimizi, ilçelerimizi, mahallelerimizi yeniden imar edeceğiz” ifadelerini kullandı."
kmaras_bld_0256,Kahramanmaraş Belediye,belediye,kahramanmaras,2_pres_campaign,2023-05-09,"Dulkadiroğlu ve Onikişubat’ta oluşturulan geçici iş yerlerinin tahsisi için gerçekleştirilen kura çekiminde konuşan Başkan Güngör, “Şehir merkezimizde 2 bin 275, ilçelerimizde de bin 619 olmak üzere şehir genelinde toplamda 3 bin 894 çarşı planlandı. Merkezde bunların bin 854’ü, ilçelerimizde bin 369’u tamamlandı. Bugün de 83 iş yerimizin kura çekimini gerçekleştiriyoruz. İş yerlerimizde hak sahibi olan esnaflarımıza hayırlı, uğurlu olsun” dedi.

Şehirde ticaretin canlanması ve depremde iş yerleri hasar alan esnafların ticari faaliyetleri sürdürmesi noktasında çalışmalarını kesintisiz sürdüren Kahramanmaraş Büyükşehir Belediyesi, kurum ve kuruluşlar ile kardeş belediyelerin de destekleriyle şehre yeni geçici çarşılar kazandırmaya devam ediyor. Bu kapsamda Onikişubat ilçesinde Şazibey ve Hayrullah mahalleleri ile Dulkadiroğlu’nda Trabzon Caddesi’ne inşa edilen toplamda 83 geçici iş yerinin tahsisi için kura çekimi gerçekleştirildi. Büyükşehir Belediyesi Meclis Salonu’nda gerçekleştirilen kura çekimi programına Büyükşehir Belediye Başkanı Hayrettin Güngör’ün yanı sıra Tarım ve Orman Bakanı Prof. Dr. Vahit Kirişci, AK Parti İl Başkanı Fırat Görgel, esnaf odası başkanları ve depremde iş yerleri hasar alan esnaflar da katıldı. 3 farklı noktaya inşa edilen toplamda 83 geçici iş yeri kura çekimiyle hak sahiplerine teslim edildi.

Daha Güzel Bir Kahramanmaraş

Programın açılış konuşmasını yapan Başkan Hayrettin Güngör, “Büyük bir felaketin ardından devlet millet iş birliğiyle hızlı bir şekilde yaralarımızı sarmaya çalışıyoruz. Şehrimizde her alanda çok ciddi çalışmalar yürütülüyor. Daha güzel bir Kahramanmaraş için gayret ediyoruz. Esnaflarımızın ticari faaliyetlerini sürdürmeleri noktasında da geçici çarşılar oluşturuyor ve kura çekimiyle hak sahiplerimize teslim ediyoruz. Büyükşehir Belediyesi olarak bu süreçleri daha sağlıklı ve koordineli şekilde yürütmek için Ticaret ve Sanayi Dönüşüm Ofisi oluşturduk. Şehir merkezimizde 2 bin 275, ilçelerimizde de bin 619 olmak üzere şehir genelinde toplamda 3 bin 894 çarşı planlandı. Merkezde bunların bin 854’ü, ilçelerimizde bin 369’u tamamlandı. Bugün de 83 iş yerimizin kura çekimini gerçekleştiriyoruz. Kura sonucu geçici iş yerlerimizde hak sahibi olan esnaflarımıza hayırlı, uğurlu olsun” cümlelerini kaydetti.

Sanayimizi Ayağa Kaldırıyoruz

Başkan Güngör konuşmalarının devamında, “Bir taraftan şehrimizde ticari hayatı canlandırmaya çalışırken bir yandan da sanayimizi ayağa kaldırmaya gayret ediyoruz. OSB’lerimizle ilgili Sayın Bakanımızın da çok büyük destekleriyle ciddi bir çalışma yürütülüyor. Yeni iş yerleri için de peyderpey ihaleye çıkılıyor. Kalıcı konutlarla ilgili çok hızlı bir çalışma yürütülüyor. Hükümetimizin, depremden etkilenen şehirlerimizin kalkınmasına yönelik bir çalışması var. Bu kapsamda Savunma Sanayi Başkanlığı’mız bu bölgelerde yatırım yapmak için gerçekten çok büyük bir gayret gösteriyor. Önemli bir yol alındı. İnşallah bu alanda şehrimizde önemli bir yatırım gerçekleştirilecek” ifadelerini kullandı.

Daima Esnafımızın Yanındayız

Programda konuşan Bakan Prof. Dr. Vahit Kirişci; “Esnafların iş yerlerinde faaliyetlerini sürdürüyor olması şehrin canlılığı, dinamizmi ve ekonomisi adına çok önemli bir husus. Biz esnaflarımızı ekonomimizin can damarı olarak görüyor ve bu çerçevede de her daim esnafımızın yanında oluyoruz. Şehir merkezinde ve ilçelerde oluşturulan geçici çarşıların da esnaflarımız için son derece önemli olduğunu düşünüyorum. Bu noktada Hayrettin Güngör Başkanımıza teşekkür ediyorum. Şehrimizi tekrar ayağa kaldırma noktasında kısa, orta ve uzun vadeli projelerimiz var. Şehrimizin alt ve üstyapısının yenilenmesi, tarihi yapıların restorasyonu gibi projelerimizi bakanlıklarımızın da desteğiyle hayata geçireceğiz. Savunma sanayi alanında da inşallah önümüzdeki süreçte şehrimize çok büyük yatırımlar kazandırılacak ve şehrimiz bu alanda gelişecek” dedi."
hatay_bld_0104,Hatay Belediye,belediye,hatay,3_inter_election,2023-10-24,"Hatay Büyükşehir Belediyesi, Kahramanmaraş ve Hatay Depremlerinin Oluşturduğu Etkileri Belirleme ve Afet Sonrası Yönetim Modeli Oluşturma Projesi kapsamında Antakya EXPO Meclis Salonu’nda çalıştay gerçekleştirdi.

Yıldız Teknik Üniversitesi işbirliği ile yapılan çalıştayda, 15 farklı disiplinden 126 akademik personelin Hatay’ın yeniden ve daha sağlıklı yapılaması ile ilgili yapılan araştırmalar, hazırlanan çalışmalar hakkında bilgiler verildi.

Çalıştayın açılış konuşmasını yapan HBB Başkanı Lütfü Savaş, “ Yaşadığımız deprem bağıra bağıra geliyorum diyordu. Maalesef toplum, yöneticiler ve siyasetçiler olarak hangi kategoriye bakarsak bakalım bu depremin geleceğini bildiğimiz halde önlem alamamanın acizliği içindeyiz. Ama bir musibet bin nasihatten iyidir. Bundan sonraki süreçleri nasıl yöneteceğimize dair multudisipliner çalışma içindeyiz. Depremin ilk günlerinden itibaren Yıldız Teknik Üniversitesi hassas davranarak şehrimiz için 15 kategoride önemli çalışmalar yaptı” dedi.

SAVAŞ: BİLİM İNSANLARI VE UZMANLAR DEPREMLERİN DEVAM ETTİĞİNDEN DOLAYI İNŞAAT YAPILMASINI UYGUN BULMUYOR

Şehrin yeniden sağlıklı ve güvenli yapılanması için çalışmalarını sürdürdüklerinin altını çizen Savaş, “ Hatay’ımızın tarihi dokusu, kültürel birikimi ve medeniyeti nasıl ayağa kaldırabiliriz düşünerek hareket ediyor ve çalışmalar yapıyoruz. Yıkılan şehrimizin eskisinden daha güzel, modern ve güvenli bir şekilde ayağa kaldırmak istiyoruz. Belki yavaş gidiyoruz ama bilim insanları ve uzmanlar depremlerin devam ettiğinden dolayı inşaat yapılmaması gerektiğini söylüyor. Şimdi yapılacak inşaatların sakat doğacağını söylüyorlar. Birkaç ay içerisinde çalışmalarımızı bitirerek şehrimiz ve ülkemiz için en güzelini muhataplarla paylaşacağız. Bizlere bu güne kadar en çok destek veren sivil toplum kuruluşlarımız ve üniversitelerimize çok teşekkür ederim. Bu çalışmaların şehrimize ve depremden etkilenen illerimize önemli katkılar sağlayacağını düşünüyorum. Bundan sonraki afetlerde inşallah daha sağlıklı yapılanırız ve can kayıplarımız olmaz. Teknolojiden ve bilimden maksimum faydalanacağız” dedi.

Yıldız Teknik Üniversitesi İnşaat Fakültesi Dekan Yardımcısı ve Proje Yönetici Prof. Dr. Nabi Yüzer, Hatay’da yapılan çalışmalar ve araştırmalar hakkında bilgiler vermek amacıyla sunum yaptı.

YÜZER: BÜTÜN KURUMLARIN BİR ARADA HAREKET ETMESİ LAZIM

Prof. Dr. Nabi Yüzer konuşmasında , “Depremden sonra arkadaşlarımız araştırma ve çalışmalarını gerçekleştirmek üzere Hatay’daydı. 40 araştırmacı şehirde çok önemli saha ziyaretleri yaptı. Hatay ve diğer depremden etkilenen iller için bütün kurumların bir arada hareket etmesi lazım. Disiplinler bir araya gelerek disiplinlerarası çalışma yapılması gerekiyor. Bu şekilde toplamda 6 fakülteden 15 faklı disiplinden 126 akademisyenle bir araya geldik. Hatay’daki depremlerin oluşturduğu etkilerin ve afet sonrası için yapay zekâ tabanlı karar destek mekanizması kurmaya çalışıyoruz. İnşallah yapacağımız çalışmalar diğer iller için de kullanılabilir bir model olur” dedi.

ERSOY: JEOLOJİK DURUM İHMAL EDİLMEDEN HAREKET ETMEK LAZIM

Hatay’ın jeolojik yapısı hakkında da önemli bilgiler aktaran Yıldız Teknik Üniversitesi İnşaat Fakültesi Dekanı ve Jeoloji Profesörü Dr. Şükrü Ersoy, “ Hatay’ın tarihine ve doğal güzelliklerine baktığımız zaman söylenecek çok şey var. Hatay’ımızın eşsiz bir jeolojisi var. İnsanlarımız kriz yönetiminde maalesef zayıf durmakta. Dağ oluşumlarımız devam ettiği içim deprem riskleri devam edecektir. Hatay’da yaşanan büyük depremde Samandağ, Defne, Antakya, Kırıkhan ve Hassa üzerinde uzun süre deprem olmayacak. Çünkü çok büyük bir enerji boşalması oldu. Yapılarımızı deprem tehlike haritasına göre yapıyoruz. Yer seçimlerine dikkat edilerek yapılaşma olması lazım ve burada zemin de oldukça önemli. Jeolojik durum ihmal edilmeden hareket etmek lazım. Yüzyılın depremi söyleniyor ama bu deprem Erzincan depreminden daha büyük, yabancı kaynakların de dediği gibi son iki bin yılın en etkili depremi” açıklamalarında bulundu.

Haberin fotoğraf ve videosunu aşağıdaki linkten indirebilirsiniz.

https://we.tl/t-KuwfA7nNZQ

https://sendgb.com/DCg9rlaW5Hb"
tccb_046,TCCB,cumhurbaskanligi,hatay,1_post_quake,2023-03-26,"Sözlerime asrın felaketi 6 Şubat depremlerinde hayatını kaybeden 50 binin üzerindeki vatandaşımıza bir kez daha Allah’tan rahmet, yakınlarına başsağlığı ve sabır dileyerek başlamak istiyorum. Başı rahmet, ortası mağfiret, sonu ebedi azaptan kurtuluş olan mübarek Ramazan ayına depremin yol açtığı can kayıplarının ve yıkımların üzüntüsüyle girdik. Manevi huzur, bedeni arınma, maddi yardımlaşma ve dayanışma ayı olan Ramazan’da gerek deprem bölgelerindeki, gerek diğer şehirlerimizdeki mağdur kardeşlerimizle gönül köprülerimizi güçlendirmemiz şarttır. Deprem gününden sonra geçen yaklaşık 1,5 ayda arama-kurtarma çalışmalarını tamamladığımız, acil yardım dağıtımlarını düzene soktuğumuz, enkazları süratle kaldırdığımız, geçici barınma merkezlerini oluşturmayı sürdürdüğümüz, kalıcı konutların inşasına başladığımız, özetle yaraları hızla sarmaya başladığımız bir süreç yaşadık. Ülkemizin 11 ilinde 14 milyon insanı doğrudan etkileyen böylesine büyük bir felaket karşısında böylesine hızlı bir toparlanmayı sağlamak kolay değildir. Devletimiz, tüm kurumlarını, imkânlarını, gerekli tüm personelini deprem bölgesinde görevlendirmiştir. Milletimiz sivil toplum kuruluşlarıyla ve bireysel inisiyatifleriyle ilk günden beri depremzede vatandaşlarımızın yanındadır. Dost ve kardeş ülkeler başta olmak üzere uluslararası yardımları da asla unutmayacağız. Depremzedelerimiz de, milletimiz de şundan emin olsun ki; oradaki arkadaşlarımız insanüstü bir gayretle çalışarak her eksiği gidermenin, her talebi karşılamanın mücadelesini yürütmüştür. Buna rağmen felaketin etkilediği alanın genişliği, nüfusun çokluğu, iklim şartları gibi sebeplerle elbette birtakım eksikler, sıkıntılar yaşanmıştır. Kısa bir sürede bunların da telafisi zaten yapılmıştır. Amacımız bir yıl içinde altyapısıyla, tüm sosyal ve ticari birimleriyle 319 bin konut, toplamda da 650 bin konut inşa ederek deprem bölgesini ayağa kaldırmaktır. Yerinde dönüşecek yerleri de tarihi ve kültürel dokuya uygun şekilde, sağlam ve güvenli yapılarla şehirlerimize kazandıracağız. Ramazan vesilesiyle ziyaret ettiğimiz şehirlerimizde kalıcı konutlarımızın temel atma törenlerini de gerçekleştiriyoruz. Kahramanmaraş’ı, Hatay’ı, inşallah yarın da Adıyaman’ı, Malatya’yı, Gaziantep’i ve depremde zarar gören diğer tüm şehirlerimizi yeniden inşa ve ihya edene kadar gece-gündüz çalışacağız. Deprem bölgesindeki vatandaşlarımdan şehirlerine sahip çıkmalarını istiyorum. Kullanılmayacak hale gelen evler ve artçı sarsıntıların yol açtığı huzursuzluk sebebiyle başka yelere giden milyonlarca vatandaşımız var. Vatandaşlarımızın bir kısmı da burada olduğu gibi Gençlik ve Spor Bakanlığımızın yurtlarında kalıyor. Ayrıca, otellerde, kamu misafirhanelerinde, evlerde kalan vatandaşlarımız bulunuyor. Bunların da bir an önce geri dönerek yuvalarına, işlerine, hayatlarına yeniden kavuşmalarını hedefliyoruz. Sanayi kuruluşlarının üretime başlamasıyla, geçici ticaret merkezlerinin ve sağlam dükkânların açılmasıyla, tarımsal çalışmaların yoğunlaşmayla geri dönüşlerin süratleneceğine inanıyorum. Dağıttığımız çadırlarla, kurduğumuz konteyner kentlerle, inşa ettiğimiz prefabrik yapılarla geçici barınma ihtiyaçlarını karşılamaya çalışıyoruz. Hasarsız binalarda zaten oturulabiliyor, az hasarlı binalar da küçük tadilatların ardından kullanılabiliyor. Kalıcı konutların devreye girmeye başlamasıyla, inşallah bu şehirlerimizin önünde yepyeni bir dönem başlatacağız. Ölen canları geri getiremeyiz, ama bunun dışında yıkılan her şeyi yeniden yaparak, Allah’ın izniyle bu felaketin yaralarını tamamen saracağız. Kardeşlerim, Milletimizin birlik, beraberlik, kardeşlik hasletlerinin ne kadar güçlü olduğunu son deprem felaketinde bir kez daha gördük. Ramazan ayı, bu hasletlerin zirveye çıktığı bir dönemdir. Ülkemizin dört bir yanında insanlarımız bu ayın feyzinden, bereketinden istifade ederken, deprem bölgesindeki kardeşlerini de unutmuyor. Belediyelerimiz, Ramazan boyunca hizmet vermek üzere deprem şehirlerimizi ilçe-ilçe, köy-köy paylaştı. İftarıyla, sahuruyla, sohbetiyle, Ramazan ayını en güzel şekilde değerlendirecek programlar yapılıyor. Aynı şekilde, diğer şehirlere gitmiş depremzedelerimiz de ihmal edilmiyor. Bu kardeşlerimizin Ramazan ayında mahzun kalmaması için bugün burada yaptığımız iftar gibi programlar düzenleniyor. Tabii Ramazan ayının sembolü olduğu birlik ve kardeşlik ikliminin, bizim medeniyetimizde çok müstesna bir yeri var. Ülkemizin dört bir yanında ve yurt dışındaki insanlarımız arasında bu iklimin güçlendirilmesi için çalışıyoruz. Türkiye’nin, Cumhuriyetimizin ilk asrındaki demokrasi ve kalkınma eksiklerini tamamladığı ve yeni bir katılıma hazırlandığı bir dönemde böyle bir kucaklamaya her zamankinden daha çok ihtiyacımız bulunuyor. Türkiye yüzyılı diye ifade ettiğimiz ülkemizin ve milletimizin önümüzdeki asrına dair hayallerimiz, vizyonlarımız, hedeflerimiz için kritik bir tercihin arifesindeyiz. Bizi girdiğimiz hiçbir mücadelede yalnız bırakmayan milletimizin bu defa da desteğiyle yanımızda yer alacağına yürekten inanıyorum. Bu duygularla Ramazan-ı Şerifinizi tebrik ediyorum. Rabbimden bizleri Ramazan’a olduğu gibi Kadir Gecesine ve ardından bayrama da sağ salim eriştirmesini, dertlilerimize deva, hastalarımıza şifa vermesini diliyorum. Hepinizi tekrar sevgiyle, saygıyla selamlıyorum. Kalın sağlıcakla."
csb_0442,CSB,bakanlık,adiyaman,3_inter_election,2023-11-20,"BAKAN ÖZHASEKİ: “HAFİF ÇELİKTEN KÖY EVLERİMİZİN YAPIMI İÇİN İLK KAZMAYI VURDUK”

Çevre, Şehircilik ve İklim Değişikliği Bakanı Mehmet Özhaseki, deprem bölgesinde hafif çelikten yapılacak köy evleri için ilk kazmayı vurduklarını bildirdi. Bakan Özhaseki, “Adıyaman Sincik'te ‘Yerinde Dönüşüm’ projemize başvurarak hibe ve kredi desteği alan vatandaşlarımız, ‘Bakanlığımızın denetiminde ve TOKİ güvencesinde’ ilk etapta 14 adet çelikten köy evinin yapımına başladı. Daha sağlam, daha güvenli ve daha enerji verimli olarak inşa edeceğimiz köy evlerimizin bir kısmı da ahırlı olacak.” dedi.

Çevre, Şehircilik ve İklim Değişikliği Bakanlığınca, deprem bölgesinde hasar gören köy evlerinin yerine yapılacak olan 100 bin hafif çelikten köy evi için ilk kazmalar, Adıyaman’ın Sincik ilçesinde vuruldu.

Çevre, Şehircilik ve İklim Değişikliği Bakanı Mehmet Özhaseki, resmî sosyal medya hesabından yaptığı paylaşımda, hafif çelikten köy evlerinin yapımına başladıklarını duyurdu. Adıyaman’ın Sincik ilçesinde hafif çelikten köy evlerinin yapımı için ilk kazmaların vurulduğunu belirten Bakan Özhaseki, “Hafif çelikten köy evlerimizin yapımı için ilk kazmayı vurduk. Adıyaman Sincik'te ‘Yerinde Dönüşüm’ projemize başvurarak hibe ve kredi desteği alan vatandaşlarımız, ‘Bakanlığımızın denetiminde ve TOKİ güvencesinde’ ilk etapta 14 adet çelikten köy evinin yapımına başladı. Daha sağlam, daha güvenli ve daha enerji verimli olarak inşa edeceğimiz köy evlerimizin bir kısmı da ahırlı olacak.” dedi.

“ÇELİK EVLERİN EN BÜYÜK AVANTAJI DEPREME DAYANIKLI OLMASI”

Bakan Mehmet Özhaseki’nin sosyal medya hesabında paylaştığı videoda da, hafif çelik köy evlerinin inşa süreçlerinin görüntülerine yer verildi. Videoda, özel bir firmanın Proje Sorumlusu Şükrü Serkan Afacan, ayrıca çalışmalarla ilgili bilgi verdi. Afacan, ‘Yerinde Dönüşüm’ projesine yapılan başvuruları onaylanan vatandaşlar için inşa edilecek hafif çelik köy evlerinin, bazı bölgelerde tek katlı, bazı bölgelerde ise ahırlı ve 2 katlı yapılacağını ifade etti.

“Çelik evlerin en büyük avantajı depreme dayanıklı olması.” diyen Afacan, çelik evlerin yalıtım bakımından da çok güçlü olduğu için ısı ve ses yalıtımında da büyük avantaja sahip olduğunu belirtti. Afacan, bu yönüyle de hafif çelik köy evlerinin, enerji verimliliğine fayda sağlayacağını söyledi. Çelik evlerin dünyada da en çok uygulanan sistem olduğunu ifade eden Afacan, yapımına başladıkları çelik evlerin, vatandaşlara yakın zamanda A’dan Z’ye her şeyi ile anahtar teslimini yapacaklarını kaydetti."
tccb_138,TCCB,cumhurbaskanligi,adiyaman,3_inter_election,2023-07-28,"Polis Akademisinin Değerli Yöneticileri ve Hocaları, Saygıdeğer Büyükelçiler, Kıymetli Ailelerimiz, Sevgili Öğrencilerimiz, Değerli Misafirler, Sizleri en kalbi duygularımla, saygıyla, muhabbetle selamlıyorum. Bu gurur gününüzde sizlerle beraber olmaktan, sizlerin coşkusuna, mutluluğuna şahitlik etmekten büyük bir bahtiyarlık duyuyorum. Bugünkü törenimizle Polis Meslek Yüksekokullarında 6. dönem olarak eğitimlerini tamamlayan polis memurlarımızı mezun ediyoruz. 2 yıl süren zorlu ve eğitim süreçlerini başarıyla bitiren 497’si kadın, 1592’si erkek, toplam 2 bin 89 polis memurumuzu kutluyorum. Dereceye giren öğrencilerimizi özellikle tebrik ediyorum. Sizlerin mezuniyetine vesile olan tüm hocalarınıza, amirlerinize ülkem ve milletim adına teşekkür ediyorum. Aynı şekilde sizleri vatana, millete, devlete onurla hizmet edecek şuura sahip şahsiyetler olarak yetiştiren ailelerinize şükranlarımı sunuyorum. Bugün kendi evlatlarımızla birlikte dünyanın 16 farklı ülkesinden toplam 87 misafir öğrencimizi Akademiden mezun etmenin sevincini yaşıyoruz. Polis Amirleri Eğitim Merkezi’nde gerek Türkçe dil becerilerini, gerekse mesleki eğitimlerini başarıyla tamamlayan kardeşlerimizi de canıgönülden tebrik ediyorum. Misafir polis amirlerimiz Akademide aldıkları üst düzey eğitimle kendi ülkelerine en güzel şekilde hizmet edeceklerdir. Biliyorsunuz bizim bir prensibimiz var; biz ülkemizde eğitim gören hiçbir öğrenciye yabancı gözüyle bakmadık, bakmıyoruz. İster üniversitede okusun, ister kamu kurumlarında eğitim alsın, tüm uluslararası öğrencileri misafirimiz olarak görüyoruz. Türk misafirperverliğini onlara hissettirmenin çabası içerisindeyiz. Misafir öğrencilerimiz de hüsnükabulümüzün karşılığı onu fazlasıyla verdiler. Türkiye’nin gönül elçileri sıfatıyla ülkelerimiz arasındaki münasebetlerin gelişmesine katkı sağladılar. Bugünkü mezunlarımız da inşallah aynı gayreti sergileyeceklerdir. Mezun olan misafir öğrencilerimize bundan sonraki meslek hayatlarında başarılar diliyorum. Bugün bünyesine katılan 2 bin 89 yeni polis memurumuzla birlikte Emniyet Teşkilatımız daha da güçlenecektir. Rabbim sizleri her türlü kazadan, beladan, saldırıdan muhafaza buyursun diyorum. Bu vesileyle ülkemizin dört bir köşesinde, 81 vilayetimizin tamamında asayişi, güvenliği ve huzuru sağlamak amacıyla gece-gündüz demeden fedakârca görev yapan tüm polislerimize teşekkür ediyorum. Milletçe kendimizi huzur ve güvende hissediyorsak, bunun arkasında tüm birimleri ve kademeleriyle Emniyet Teşkilatımızın emeğinin yer aldığını çok iyi biliyoruz. Polislerimiz, sorumluluğu ağır bir mesleği şanla şerefle yaparak insanın en başta gelen ihtiyacı olan güvenlik talebini karşılıyor. Sizler, ifa ettiğiniz ve edeceğiniz görevlerle aynı zamanda devletimizin bekasının, milletimizin esenliğinin, toplumsal barışımızın da teminatısınız. Ekonomide elde ettiğimiz başarıların, ticarette yakaladığımız ivmenin, turizmde ardı ardına gelen güzel haberlerin, terör örgütlerine karşı verdiğimiz başarılı mücadelenin, hasılı asayişle birlikte diğer alanlarda sağladığımız kazanımların başaktörlerinden biri mensubu olduğunuz Emniyet Teşkilatımızdır. Güvenlik güçlerimizin hayatımızda ne kadar kritik bir rol oynadığını 6 Şubat depremlerinde bir kez daha gördük. Asrın felaketi olarak nitelenen depremler sonrasında Emniyet birimlerimiz süratle harekete geçti. Kendi mesai arkadaşlarını depremde şehit vermelerine rağmen polisi, bekçisi, jandarması, korucusu, askeriyle tüm güvenlik güçlerimiz depremzedelerimize yardım için adeta seferber oldu. Polislerimiz arama-kurtarma çalışmalarından yardım dağıtımına, yağmacılardan mücadeleden asayişin teminine kadar acil ihtiyaç duyulan her konuda aktif sorumluluk üstlendi. Depremin 11 ilimizi ve 14 milyon insanımızı etkilediği dikkate alındığında, birkaç münferit hadise dışında süreç suhuletle yönetilmiştir. Dünyanın diğer ülkeleriyle karşılaştırıldığında, afet sonrasında güvenlik hizmetlerinin sağlanmasında Türkiye başarılı bir imtihan vermiştir. Bu vesileyle depremde yıkıntıların altında kalarak hayatını kaybeden 216 Emniyet mensubumuzu rahmetle yâd ediyorum. Rabbim bizleri bir daha benzer afetlerle karşı karşıya bırakmasın niyazında bulunuyorum. Yine bu vesileyle 14 Mayıs ve 28 Mayıs seçimleri dönemindeki özverili çalışmaları dolayısıyla tüm Emniyet güçlerimizi tebrik ediyorum. Türkiye, depremden sadece 3 ay sonra üst üste iki seçimi demokrasisine yakışır bir olgunlukla, yüzde 90’ları bulan rekor katılım oranlarıyla hamdolsun hiçbir sorun, sıkıntı yaşamadan başarıyla yapmıştır. Kardeşlerim, Önceki hafta Cumartesi günü tarihimizin en büyük ihanetlerinden olan 15 Temmuz darbe girişiminin 7. yıldönümünü geride bıraktık. 7 sene önce uçak ve silah sesleriyle başlayan karanlık bir geceyi milletimizin direnişi sayesinde kardan daha aydınlık bir sabaha çevirdik. Demokrasi tarihine altın harflerle yazılan 15 Temmuz kıyamımızı 85 milyon olarak hep beraber yeniden hatırladık. Kayıplarımızın dinmeyen sızısı yüreğimizi kavururken, maruz kaldığımız ihanetin büyüklüğü karşısında öfkemiz daha da arttı. Hem tanklara karşı meydan okumanın gururunu, hem de kendi silahıyla vurulmanın acısını beraber yaşadık. Üstünden değil 7 yıl, 70 yıl da geçse 15 Temmuz’u unutmayacağımızı tüm dünyaya bir kez daha ilan ettik. Bilhassa Özel Harekât Başkanlığı ve Havacılık Dairesi Başkanlığı’na yönelik yapılan kalleşliği hiçbir zaman unutmayacağız. Şehitlerimizin aziz hatıralarına daima sahip çıkacağız. 15 Temmuz gecesi 253 vatan evladını şehit verdik. Şehitlerimiz arasında 63 polisimiz bulunuyordu. Sadece Gölbaşı’nda 51 kahramanımız şehit edildi. Şehitlerimizden geriye kalan eşyalar, o gece burada yaşanan vahşetin, FETÖ’cülerin canavarlığının boyutunu bizlere hatırlatmaktadır. İnsanlık, böyle bir ihanet, böyle bir alçaklık görmemiştir. Hal böyle iken, 15 Temmuz’a kontrollü darbe iftirası atanları milletimizin vicdanına havale ediyorum. Buradan ayrıca kendilerine şu çağrıyı yapmak istiyorum: 15 Temmuz’da sizler televizyon karşısında kahvenizi yudumlarken, bu milletin evlatlarının nasıl bir mücadele verdiğini görmek istiyorsanız, gelin hemen yanı başımızdaki müzeyi ziyaret edin. Türkiye’nin o gece nasıl büyük bir badire atlattığını, istiklal ve istikbali uğrunda milletimizin ne bedeller ödediğini gelin burada görün. 15 Temmuz’la ilgili yalanlarınızı, iftiralarınızı, FETÖ’cülere destek veren beyanlarınızı şayet yüzünüz varsa, gelin burada da söyleyin. Siyasi hesaplarla masum ilan ettiğiniz FETÖ’cü mankurtların Türk milletine yaşattığı acıları gelin burada kendi gözlerinizle görün. Terörü öven gazeteci kılıklı tetikçilere ve 6-8 Ekim olaylarının faillerine gösterdiğiniz vefanın binde birini gelin vatanımız için toprağa düşen kahramanlara da gösterin. Milletimiz şu gerçeğin farkındadır: O geceyi bizzat yaşamasa dahi FETÖ’cü hainlerin işlediği cürümlere şahit olan birinin FETÖ’ye müsamahakâr davranması mümkün değildir. FETÖ ile mücadelede oluşacak en küçük bir zafiyetin bize neye mal olabileceğini hemen yanımızdaki gazi mekânda görebiliyoruz. Bir daha benzer ihanetlere maruz kalmamak için hem hafızamızı diri tutmamız, hem de tedbiri elden bırakmamız gerekiyor. 15 Temmuz darbe teşebbüsünü boşa çıkarmamızı, 17-25 Aralık girişimi sonrasında aldığımız önlemlere borçluyuz. Şayet o dönem Polis Akademisini yeniden yapılandırmamış, hassas birimlerde tasfiyelere gitmemiş olsaydık, daha büyük bedeller ödemek zorunda kalırdık. Nasıl vakitlice alınan tedbirler devletimizi işgal girişiminden kurtardıysa, 15 Temmuz sonrası atılan adımlar da güvenlik birimlerimizin görevlerini daha iyi yapmalarını, milletimize daha iyi hizmet etmelerini sağlamıştır. Bir taraftan Polis Teşkilatımızı FETÖ’cü unsurlardan temizlerken, aynı zamanda Emniyet hizmetlerinde sıkıntıya mahal vermedik. Darbe girişiminden bugüne toplam 41 bin Emniyet mensubunun kurumla ilişiği kesildi. Teşkilatımızı güçlendirmek için 31 bin çarşı ve mahalle bekçisi aldık. Komiser yardımcısı, polis memuru ve sivil personel olarak ise toplam 128 bin personel alımı gerçekleştirildi. Böylece farklı unvanlarda toplam 158 bin 682 personel alımı yaparak, Emniyet Teşkilatımızın eskilerini, eksikliklerini fazlasıyla giderdik. Hâlihazırda 340 bin Emniyet personelimiz görev yapıyor. Güvenlik sistemimizi nitelikli insan kaynağıyla, yeni uzmanlık birimleriyle, teknik kapasiteyle sürekli geliştiriyoruz. Bunun neticelerini başta terörle mücadele olmak üzere güvenliğimize dair her konuda bizzat tecrübe ediyoruz. FETÖ’nün devlet içindeki uzantılarının önemli bir kısmını tasfiye ettik. Mahrem yapılanmasına yönelik operasyonlarımız kesintisiz sürüyor. Bölücü terör örgütüne katılım neredeyse durma noktasına geldi. Eğer bugün Gabar’da, Cudi’de, Tendürek’te, Beslerderesi’nde bütün bu teröristlerin inlerine giriyor ve bu inlerde bunları yok ediyorsak, işte bunun faili sizlersiniz. Sizlerin kahramanlığı, sizlerin başarısı inanıyorum ki bu inlere onları mahkûm edecektir. Ve bundan sonraki süreçte de evvel Allah Güneydoğu, Doğu, bütün buraları bu teröristlerden temizliyoruz, temizleyeceğiz. Örgütü sadece sınırlarımız içinde değil Irak ve Suriye sahasında da başını kaldıramaz hale getirdik. Terörü kaynağında kurutma stratejimiz çerçevesinde, nerede bir terör kümelenmesi varsa hemen yok ediyoruz. Döktükleri şehit kanlarının ve vatandaşlarımıza yaşattıkları acıların bedelini bölücü örgüt mensuplarına misliyle ödetiyoruz. Polis memurumuz Fethi Sekin’in, diplomatımız Osman Köse’nin ve daha nice kahramanımızın şehadetinde parmağı olanların hepsine alçaklıklarının hesabını tek-tek sorduk, soruyoruz ve soracağız. Türkiye’ye uzanan kirli elleri nerede olursa olsun kırmakta kararlıyız. Amacımız; terör örgütlerini ülkemize yönelik bir tehdit unsuru olmaktan tamamen çıkarmaktır. Sevgili Kardeşlerim, Türkiye’nin emperyalist güçler tarafından başına salınan terör belasından kurtulması hayati derecede önemlidir. Sadece güvenliğimize değil ekonomiden demokrasiye, dış politikadan milli birlik ve bütünlüğümüze yönelik girişimleri akamete uğratmamız, terör belasını tamamen defetmemize bağlıdır. Terör örgütleri varlığını sürdürdükçe, kendimizi emniyette hissedemeyiz. İçeride veya sınırlarımızın ötesinde terör unsurları oldukça, Türkiye yüzyılı vizyonumuzu arzu ettiğimiz hızda hayata geçiremeyiz. Kandil’deki terör baronlarının sesleri kesilmedikçe, iç siyasetimizi dizayn etme çabalarının önünü alamayız. İşte görüyorsunuz, 14 yaşında, 15 yaşında, 16 yaşında kızları annelerinden-babalarından kaçırarak Kandil’e getiriyor ve terör baronları orada bunları taciz ediyorlar. Eğer dünyanın en büyük 10 ekonomisinden birisi olacaksak, turizmde yıllık 100 milyar dolar gelire ulaşmayı hedefliyorsak, küresel sistemde söz sahibi bir ülke olmayı istiyorsak terör sorununu çözmemiz şarttır. Aynı şekilde, Türkiye’de belli çevrelerin özellikle seçim döneminde istismar ettiği göçmen meselesinin çözüme kavuşturulmasının yolu da terör örgütleriyle başarılı mücadeleden geçmektedir. Kardeşlerim, şunu unutmayın: Suriye’de ölümden kaçarak bizlere sığınan, bizi ensar olarak gören bu kardeşlerimize ne yazık ki ülkemizde Ana Muhalefetin yaklaşımı insani bir yaklaşım değildir, İslami bir yaklaşım hiç değildir. Suriye ve Irak’ta terör saldırıları devam ettikçe, sığınmacıların kendi topraklarına dönmesi beklenenden daha fazla vakit alacaktır. Şu anda 500 bine yakın konutu oralarda inşa ediyoruz. Güvenlik ve istikrar sağlandıkça gönüllü ve onurlu geri dönüşler artacaktır. Bunu Suriye’nin kuzeyinde gördük, terörden arındırıp güvenli hale getirdiğimiz yerleşim yerlerine şimdiye kadar 600 bine yakın sığınmacı geri döndü. Sivil toplum kuruluşlarımızın öncülüğünde yürütülen Briket Evler Projesiyle 90 bine yakın aileye barınma imkânı sağlandı. 2 ay önce temelini attığımız konut projesi kapsamında ise 240 bin ailenin, yani 1 milyon sığınmacının geri dönüşünü hedefliyoruz. Katar’ın finansman desteğiyle hayata geçirdiğimiz kalıcı konut projelerinde inşa çalışmaları devam ediyor. Bir taraftan bu adımları kararlılıkla atarken, diğer taraftan düzensiz göçün engellenmesine yönelik çabalarımızı yoğunlaştırdık. Başta İstanbul olmak üzere büyükşehirlerimizde denetimler sıkı bir şekilde yapılıyor. Turizm, yatırım, eğitim, sağlık amacıyla ülkemize gelenlere veya geçici koruma altında olanlara yönelik menfi yaklaşımımız söz konusu değildir. Türkiye’ye ve Türk ekonomisine katkı sağlayan herkese kapımız açıktır. Suça karışanlar, toplumun huzurunu bozanlar ile illegal olarak ülkemizde bulunalar ise sınır dışı ediliyor. Son 2 ayda 36 bin düzensiz göçmen yakalandı, bunların 16 bini sınır dışı edildi, kalanların işlemleri devam ediyor. İnşallah bu meseleyi kültürümüze, inancımıza, hukuka ve hakkaniyete uygun bir şekilde hal yoluna koyacağız. Her vesileyle ifade ettiğim bir hususu burada tekrar etmek istiyorum; biz tarih boyunca dara düşene, başı sıkışana, zulme uğrayana kucak açmış âlicenap bir milletiz. Irak’taki kardeşlerimiz 1990’larda zulme uğrayınca bunu yaptık, Suriyeli komşularımız canlarını kurtarmak için bize sığındığında bunu yaptık. Dün akşam bir televizyon kanalında bir babayı dinliyordum, “öldürün bizi” diyordu. “Esed’in katliamından kurtulmaktan siz kardeşlerimize sığınıyoruz, kabul etmiyorsanız öldürün bizi.” Ukrayna’da savaş başladıktan sonra ülkemize gelen yerlerinden edilmiş kişilere biz kapılarımızı açtık. Yarın Allah korusun bir başka komşumuzun başına benzer felaketler gelirse, insanlık ve komşuluk vazifemizi yine gerine getiririz. Atalarımızdan miras aldığımız bu vicdani duruşu hiçbir fitne tüccarı, hiçbir provokatör, hiçbir faşizm heveslisi değiştiremez, değiştiremeyecektir. Sığınmacılara yönelik nefret söylemlerine prim vermek bir Müslümana, bir Müslüman Türk’e yakışmaz. Mazlumları rengine, kökenine, dinine göre yargılamak bize yakışmaz. Batıda kendi insanımızı tehdit eden yabancı düşmanı fikirlere meyletmek bize yakışmaz. Burada çizgimiz son derece nettir; ne güvenliğimizden taviz vereceğiz, ne vatandaşımızı sıkıntıya sokacağız, ne de milletimize –lütfen buna dikkat edin- Boraltan Köprüsü faciası gibi utançlar yaşatacağız. Mazlum ve mağdura kucak açarken, gerçekçi politikalarla yasadışı göç sorununa kalıcı çözümler üretmeyi sürdüreceğiz. Değerli Kardeşlerim, Polislik mesleğine ilk adımınızı attığınız bugün, aynı zamanda hayatınızda yeni bir safhaya geçiyorsunuz. Zor olduğu kadar fedakârlık gerektiren ulvi bir göreve talip olduğunuzun inanıyorum ki hepiniz bilincindesiniz. Bu bakımdan mesleğinizde birbirinize destek olmanız, yardımlaşmanız, birbirinize göz kulak olmanız çok önemlidir. Görevinizi layıkıyla yapabilmeniz için eğitimleriniz sürecinde amirleriniz ve hocalarınız sizleri her türlü duruma karşı hazırladılar. Mesleğin inceliklerini, vazifenizi ifa ederken hassasiyetle takip etmeniz gereken kuralları sizlere anlattılar. Polis meslek yüksekokullarında aldığınız eğitimlerin dünyada bu alanda verilen en iyi, en kapsamlı eğitimlerden biri olduğu tartışmasız bir gerçektir. Ancak yine de bazı şeyleri görerek, yaşayarak öğreneceksiniz. Teorik eğitimlerinizi tecrübe kazanarak zamanla tekemmül ettireceksiniz. Bu süreçte sizlerden şu hususlara her zaman dikkat etmenizi istiyorum: Bizim devlet geleneğimizin 6 asırdır değişmeyen esası, “insani yaşat ki devlet yaşasın” prensibidir. İnsanımızı ne kadar korursanız, ne kadar yüceltirseniz, devletimiz de o derece büyüyecek, gelişecek, güvenli ve huzurlu bir yer haline gelecektir. Ne vatandaşına tepeden bakan jakoben anlayışın, ne insanına zulmeden ceberut zihniyetin bizim tasarrufumuzda ve tasavvurumuzda yeri yoktur. Kendi vatandaşını tehdit kaynağı gören yaklaşımları 2002 yılı itibariyle bir daha geri gelmemek üzere tamamen terk ettik. Sizlerden görevinizi icra ederken özgürlük-güvenlik dengesini muhafaza etmenizi beklediğimi vurgulamakta fayda görüyorum. Kanunların size verdiği yetkiyi kullanırken asla sınırları aşmayın. Meslek hayatınız boyunca kanundan, hukuktan, ahlaktan ve sizlere daima doğru yolu gösterecek vicdan pusulanızdan ayrılmayın. Milletin canına, malına, namusuna kast eden vicdansızlara karşı tavizsiz, kurallara riayet eden insanlarımıza karşı her zaman müşfik davranın. Milletimizin desteği yanınızda olduğu müddetçe hainlerle, teröristlerle ve suçlularla çok daha kolay mücadele edeceğinizi unutmayın. Mahşeri vicdanı yaralayan olayların önüne geçilmesinde adli birimlerimizle birlikte sizlerin çabaları belirleyici rol oynayacaktır. Adaletin tecellisinde ancak Emniyetimiz ve yargımız el ele, omuz omuza çalıştığı takdirde suçlular hak ettiği cezaya çarptırılır. Diğer türlü mağdurların yüreğinde yanan ateşi söndüremeyiz. Diğer türlü verilen cezaların caydırıcı olmasını sağlamayız. Diğer türlü devletimize olan güveni istediğimiz seviyeye çıkartamayız. Türk polisinin vicdan, merhamet, adalet ve asalet bakımından dünyada eşi benzerinin bulunmadığını hepimiz çok iyi biliyoruz. Üzerinizde gururla taşıdığınız üniforma, milletimizin gönlüne huzur veren, güven aşılayan bir şeref timsalidir. Kimliğinizin, üniformanızın, mesleğinizin onurunu ve saygınlığını korumak, daima önceliğiniz olsun. Sizlerden tek millet, tek bayrak, tek vatan, tek devlet diye ifade ettiğimiz ilkelerimize de sıkı sıkıya sahip çıkmanızı bekliyorum. Buradaki her bir kardeşimin görevini bu ilkeler temelinde aşkla yapacağına yürekten inanıyorum. Şimdi tüm velilerimize sesleniyorum; her şeyden önce yavrularınızı bizlere emanet ettiniz ve bizler de tüm hocalarımızla birlikte kalite ise kalite, verimse verim, eğitimden öğretime bütün bunlarla birlikte hamdolsun şu Polis Akademimizde en ideal şekilde yavrularımızı yetiştirdik. Sizler bize güvendiniz, bizler de size inandık ve şimdi de kendileri ülkemizin dört bir yanına dağılacaklar ve dört bir yanında hamdolsun bu toprakların, bu milletin adeta güvence kaynağı olacaklar. Sizlere şahsım, milletim adına anneler-babalar, çok teşekkür ediyorum. Rabbim yar ve yardımcımız olsun diyorum. Bu düşüncelerle aziz şehitlerimizi bir kez daha rahmetle, minnetle yâd ediyorum. Törenimizi teşrif eden tüm misafirlerimize tekrar şükranlarımı sunuyorum. Sizleri vatana ve millete hayırlı birer evlat olarak yetiştiren ailelerinizi tekrar tebrik ediyorum. Misafir öğrencilerimize ülkelerine döndüklerinde yöneticilerine ve halklarına bizden selam götürmelerini rica ediyorum. Allah yar ve yardımcınız olsun diyor, hepinize sevgi ve selamlarımı sunuyorum. Kalın sağlıcakla."
tccb_125,TCCB,cumhurbaskanligi,adiyaman,3_inter_election,2023-06-14,"Aziz Milletim, Değerli Basın Mensupları, Sizleri en kalbi duygularımla, hürmetle, muhabbetle selamlıyorum. Sizleri beklettik, kusura bakmayın. 8,5 saat süren bir Kabine Toplantısı oldu, zira bütün bakan arkadaşlarım hazırlıklarını etraflıca anlatma imkânını buldular. Böylece şu anda Kabinedeki arkadaşlarımın, Dışişleri Bakanımız hariç hepsi hazırlıklarını sundular, Dışişleri Bakanımı da ayrıca dinleyeceğim. Tabii bir de şu iki-üç gün içerisinde bakan arkadaşlarımın yardımcılarıyla ilgili hazırlıklarını kendilerinden dinleme fırsatım olacak. Tabii ekranları başında bizleri takip eden vatandaşlarıma bu vesileyle selam ve sevgilerimi iletiyorum. 6 Haziran’daki toplantımızın ardından yeni Kabine üyelerimizin de yemin etmesiyle ülkemize hizmet davamıza kaldığımız yerden devam ediyoruz. 28 Mayıs seçimlerinin üzerinden daha 10 gün bile geçmeden yürütme organındaki tüm görevlendirmeleri süratle tamamladık. Hiçbir sorun yaşanmadan, hiçbir gecikmeye mahal vermeden Türkiye yüzyılını inşa edecek kadroları belirledik, belirliyoruz. 16 Nisan 2017 referandumuyla ülkemize kazandırdığımız yeni yönetim modelimizin avantajlarını böylece bir kez daha tecrübe ettik. Cumhurbaşkanlığı Hükümet Sisteminin Türk siyasetinde gerçekleştirdiği tarihi dönüşümü tekrar görme imkânı bulduk. Yaklaşık üç ay süren seçim belirsizliğinin sandıkların kapanmasıyla birlikte tamamen geride bırakılması, çok önemli bir başarıdır. Ülkemizin 3 Kasım 2002 seçimleriyle elde ettiği siyasi istikrar ortamı, yeni sistem sayesinde artık kurumsallaşmıştır. Türk siyasi tarihine baktığımızda, başlı başına bu bile büyük bir devrimdir. Haftalar boyunca koalisyon görüşmelerinin sürdüğü, siyasi partiler arasında al gülüm-ver gülüm pazarlıklarının döndüğü, mutabakata varılamadığı için sürekli krizlerin çıktığı, esnafın, çiftçinin, işçinin, iş dünyasının bir türlü önünü göremediği, yani siyaset rayına girmediği için ülkenin de toparlanamadığı eski günler hamdolsun tamamen geride kalmıştır. Seçim gecesi sonuçların belli olmasıyla Türkiye’yi kimin yöneteceği sorusunun cevabı da netleşmiştir. Aynı şekilde üç-beş ayda hükümetlerin değiştiği dönemler de sona ermiştir. Türkiye’ye vakit ve enerji kaybettiren ne varsa artık tarih olmuştur. Bunda hiç şüphesiz en büyük pay vatandaşlarımıza aittir. Milletimiz 14 Mayıs ve 28 Mayıs’ta iki kez ortaya koyduğu iradesiyle eski sisteme dönüş önerilerini reddetmiştir. Parlamenter sistem tartışmaları bir daha açılmamak üzere kapanmıştır. Cumhuriyetimizin 100. Yılı’nı Cumhurbaşkanlığı Hükümet Sistemiyle karşılamamızın faydalarını inşallah zamanla daha iyi göreceğiz. Bundan sonra hedeflerimize daha hızlı koşacağız. Asırlık hayallerimizi daha süratle gerçekleştireceğiz. Projelerimizi, planlarımızı daha kısa sürede hayata geçireceğiz. Zorlukların, engellerin üstesinden çok daha kolay geleceğiz. Vatandaşımızın hayatına dokunan hizmetleri daha çok artıracağız. Vatanımızın bekasına yönelik saldırıları daha kararlı püskürteceğiz. Terör örgütleriyle içeride ve dışarıda daha kararlı mücadele edeceğiz. Türkiye’nin hak ve hukukunu küresel planda daha cesur savunacağız. Dünya beşten büyüktür iddiamızı daha gür bir seda ile dillendireceğiz. Bölgemizin barış ve istikrarına daha etkin bir şekilde katkıda bulunacağız. Demokrasi, hak ve özgürlükler alanındaki reformlarımıza daha sıkı sahip çıkacağız. Türkiye yüzyılımızı inşa ederek ülkemizi muasır medeniyetler seviyesinin de üzerine taşıma vizyonumuzu daha hızlı gerçeğe dönüştüreceğiz. Aziz Milletim, Bugün dünden daha güçlü, daha özgüvenli bir duruş sergileyebiliyorsak, bunu yeni yönetim sistemimizin sağladığı kazanımlara borçluyuz. Bugün geçmişe göre her alanda iddia sahibi bir ülke konumuna geldiysek, siyasi istikrarımızı korumamız sayesindedir. Siyasette güven ve istikrar, ekonomiden diplomasiye her alanda başarının anahtarıdır. Türkiye, 2002 öncesinde her ikisinin eksikliğinin faturasını çok ağır ödemiş bir ülkedir. Bugün hatırlamak istemediğimiz pek çok sıkıntının temelinde siyasette güven ve istikrar açığı vardı. Biz 2002’den itibaren güven ve istikrarı tahkim eden hamlelerimizle işte bu açığı kapattık. Türkiye’yi sadece prangalarından kurtarmadık, aynı zamanda gücünü tam kapasite kullanabileceği bir iklime kavuşturduk. Cumhurbaşkanlığı Hükümet Sistemiyle ise tüm bu kazanımları kalıcı hale getirdik. Eski Türkiye’nin sorunlarını bilen vatandaşlarımız, yeni sistemin kıymetini de çok iyi biliyor. Aynı şekilde yıllarca hak etmedikleri gücü kullananlar da her fırsatta yeni sistemden duydukları rahatsızlığı ortaya koyuyorlar. Son seçimler bunun en müşahhas örneğini teşkil etmiştir. Millet, oyunu görmüş, sandıkta son sözünü söylemiş ve kararını vermiştir. Muhalefetin de hakikatleri görmesini ve kabullenmesini temenni ediyoruz. Unutmayalım ki iktidarı ve muhalefetiyle siyaset kurumunun asli görevi; seçmenin sesine kulak vererek çizdiği istikamette yürümektir. Bunun da ilk işareti, milletin takdirini baş tacı edip samimi bir özeleştiriyle hatadan dönmektir. Ancak 28 Mayıs’tan beri yapılan açıklamaların ümitlerimizi kırdığını ifade etmek istiyorum. Muhalefetin seçim atmosferinden ve uğradığı ağır hezimetin şokundan hâlâ çıkamadığını görüyoruz. Son 1 aydır sırf oy tercihinden dolayı hakarete uğramadık toplum kesimi bırakmadılar. AK Parti’nin özellikle kırsal kesimin oylarıyla bu seçimi kazandığını iddia edecek kadar sefil hale geldiler. Bir taraftan biz Gazi Mustafa Kemal’in partisinin başkanıyız diyeceksin, öbür taraftan Gazinin “Köylü, milletin efendisidir” ifadesini görmezden geleceksin. Bu ne menem iştir? İşte siz mi bu millete bu şekilde hakaret ediyorsunuz, bu millet de sandıkta size kırsaldaki de, şehirdeki de en güzel cevabı veriyor. 14 Mayıs’ın hıncını depremzedelerimizden çıkarmışlardı, 28 Mayıs’ın öfkesini de kırsaldaki vatandaşlarımıza yüklediler. Gazi Mustafa Kemal’in ifadesiyle, “milletin efendisi” diyerek onurlandırdığı köylülerimize yönelik hakaretleri biz kabul etmiyoruz. Vatandaşı 500 liraya oyunu satmakla itham etmenin hiçbir izahı yoktur. Bu hezeyanın adında halk olan, amblemindeki altı oktan biri güya halkçılık olan bir siyasi partinin Genel Başkanından gelmesi ayrı bir skandaldır. Merhum Aşık Veysel’i kıyafeti sebebiyle Kızılay’a almayan zihniyetin, 2023 senesinde bile varlığını sürdürmesi hem ürkütücü, hem de gerçekten utanç vericidir. Ülke değişiyor, dünya değişiyor, ama bunların millete bakışı asla ve asla değişmiyor. Milleti hizmete ve hürmete layık görmeyen zihniyetin Türkiye yüzyılında yeri yoktur. Bu çevrelerin her seçim yenilgisi sonrasında nükseden seçmeni suçlama hastalığından bir an önce kurtulmasını diliyoruz. Muhalefetin millete ve milletin tercihlerine saygı duymayı artık öğrenmesi gerektiği kanaatindeyiz. Ülkedeki istikrar ve güven ortamına zarar verecek söylemlerden herkesin uzak durması önemlidir. Vatandaşın kapattığı defterleri tekrar açma yerine, demokratik kazanımları güçlendirmenin daha doğru bir yaklaşım olacağına inanıyoruz. Bizim Hükümet olarak bu konularda hiçbir kompleksimiz, hiçbir bu noktada zaafımız yok. Biz, son 21 yıldır olduğu gibi bugün de her türlü müspet teklife, her türlü yapıcı eleştiriye açığız. Biz, musafaha var ya, buna da açığız. Bu yönde atılacak her türlü adıma misliyle mukabele etmeye de hazırız. Biz, Türkiye yüzyılının inşasına yapılacak her türlü katkıyı hüsnüniyetle değerlendirmeye varız. Dünyanın en büyük 10 ekonomisinden biri olma hedefimize beraber yürüyelim istiyoruz. Türkiye’nin birliğini, dirliğini ve demokrasisinin standartlarını yükseltecek adımları 85 milyon olarak hep beraber atalım diyoruz. Ülkemizi darbe mahsulü mevcut Anayasasından hep birlikte kurtaralım istiyoruz. Cumhuriyetimizin ikinci asrındaki yolculuğumuzu sivil, özgürlükçü, kuşatıcı, toplumumuzun tüm kesimlerinin sahipleneceği bir anayasanın rehberliğinde kat edelim istiyoruz. Türkiye, artık bunu gerçekleştirebilecek siyasi atmosfere kavuşmuştur. Demokrasimiz, ayağına vurulan son zinciri de kıracak güce ulaşmıştır. 14 Mayıs ve 28 Mayıs seçimleriyle Türkiye, artık yeni bir lige yükselmiştir. İnşallah görev süremiz boyunca Cumhur İttifakı’ndaki ortaklarımızla birlikte Türkiye’yi sivil bir anayasayla buluşturmak için çalışacağız. Aziz Milletim, Daha önce ciddi vakit alan hükümet kurma, kritik atamaları yapma işlerini rekor sürede bitirerek gündemimizdeki asıl konulara odaklandık. Bakan arkadaşlarımızı kendi alanlarında yetkin, tecrübeli ve vizyoner isimlerden belirledik. Bir önceki Kabinemizin ülkemize kazandırdığı eser ve hizmetlerin üzerine yenilerini eklemek için hemen işe koyulduk. Geçen haftaki Kabine Toplantımız akabinde emeklilerimiz ve çiftçilerimizle ilgili müjdelerimizi kamuoyuyla paylaşmıştık. Buğday ve arpa alım fiyatlarımızın üreticilerimiz tarafından memnuniyetle karşılandığını görüyoruz. İnşallah bundan sonra da çiftçimizi, üreticimizi, köylümüzü desteklemeye devam edeceğiz. Türkiye’nin kalkınmasına omuz veren kim varsa, hiçbir ayrım yapmadan tüm imkânlarımızla yanında olacağız. Biz, bu milletin efendisi değil hizmetkârıyız, işte bizim aramızdaki fark bu. Ülkemize on yıllar boyunca hizmet etmiş, bu uğurda saçlarını ağartmış emeklilerimizi enflasyona ezdirmeyeceğiz. Temmuz ayı engelli ve engelli yakını aylığı ile yaşlı aylıklarının ödemesini erkene alıyor, toplam 1,4 milyon kardeşimizi Kurban Bayramı’ndan önce sevindiriyoruz. Sadece Haziran ayı içerisinde ihtiyaç sahibi vatandaşlarımıza toplam 19 milyar lira ödeme gerçekleştireceğiz. Geçen haftaki açıklamamız sonrasında, Asgari Ücret Komisyonumuz çalışmalarına başladı, görüşmeler yapıcı bir zeminde ilerliyor. İnşallah tüm tarafların içine sinecek hayırlı bir neticeye ulaşacağımıza inanıyorum. Memur maaş artış oranlarıyla ilgili Meclis sürecini yakında başlatıyoruz. Grubumuzun Meclis’in takdirine sunacağı ilk hususlardan biri bu olacaktır. Geçen haftaki takdimlerin ardından, bugün de her bakanlıkla ilgili kapsamlı değerlendirmeler gerçekleştirdik. Bakan arkadaşlarımızdan önümüzdeki döneme dair kısa, orta ve uzun vadeli planlarını dinleme fırsatı bulduk. Tüm projelerimizi belli bir takvim çerçevesinde tek-tek hayata geçireceğiz. Yeni dönemde ekonomimizi şahlandıracak kurmay kadromuzu hamdolsun kısa sürede oluşturduk. Merkez Bankası’ndan BDDK’ya kadar ilgili kurumlara alanında temayüz etmiş isimleri atadık. Muhalefetin seçim dönemine kadın hakları konusunda yaydığı yalanların tamamen temelsiz olduğunu bir kez daha gösterdik. Kadınlar, yeni dönemimizde bürokrasiden siyasete, iş dünyasından aileye kadar her alanda öncü rol oynamaya devam edecektir. Türkiye yüzyılı inşallah ülkemiz kadınlarının omuzlarına yükselecektir. Aziz Milletim, Güçlü Kabinemizle, yenilenen Meclis’imizle devletimizi güçlendirirken, milletimizin de refahını arttıracağız. Tayin ettiğimiz hedeflere belli bir plan dahilinde emin adımlarla ilerleyeceğiz. Cumhurbaşkanı Yardımcımız Cevdet Beyi Hükümet Programımızı hazırlamak üzere görevlendirdik. 12. Kalkınma Planımızdan orta vadeli programa, yıllık programdan yatırım programına kadar yol haritamızı milletimizle paylaşacağız. Biz bugüne kadar hep ahdine ve kavline sadık bir yönetim olarak tebarüz ettik. Seçimlerde önüne gelene bol keseden vaat dağıtıp, milletten yetki alınca bunları unutanlardan olmadık. Sandıkta verilen görevin hakkını sahada ter dökerek, koşarak, koşturarak ödemeye gayret ettik. İstanbul Büyükşehir Belediye Başkanlığımızdan beri yaklaşık 30 senedir hangi makamda olursak olalım bu duruşumuzu korumayı başardık. İnşallah gelecek 5 sene boyunca milletimize verdiğimiz tüm sözleri yerine getirmekte kararlıyız. Gençlerimizden iş dünyamıza, ev hanımlarından üreticilerimize, kamu görevlilerimizden depremzedelerimize kadar kime neyi taahhüt etmişsek Allah’ın izniyle hepsini tek tek gerçeğe dönüştüreceğiz. Cumhuriyetimizin 100. Yılı’na atfen açıkladığımız projelerin vaktinde bitirilmesine özellikle ihtimam gösteriyoruz. Kampanya döneminde bir tarafta seçim çalışmalarımızı yaparken, diğer taraftan bu projelerimizin bazılarını hizmete aldık. Yaşadığımız deprem felaketine rağmen hizmet ve eser siyasetimizin kesintiye uğramasına müsaade etmedik, seçimlerden sonra da yatırımlarımıza yenilerini eklemeyi sürdürdük. Ülkemizin 81 vilayetine toplam 100 milyon metrekare büyüklüğe sahip 500 adet millet bahçesi kazandırmak en önemli hedeflerimiz arasındadır. 5-9 Haziran tarihlerindeki Türkiye Çevre Haftasını toplam büyüklüğü 1 milyon 466 bin metrekareyi aşan 9 millet bahçemizin açılışıyla kutladık. Adıyaman’la birlikte 9 farklı şehrimize 9 ayrı millet bahçesi kazandırmanın sevincini yaşadık. Şehirlerimizin güzelliğine güzellik katan millet bahçelerimizin bir kez daha hayırlı olmasını diliyorum. Bu eserlerin inşasında emeği geçen Çevre, Şehircilik ve İklim Değişikliği Bakanlığımıza, TOKİ’mize, yüklenici firmalara, mühendisinden mimarına, işçisine herkese şükranlarımı sunuyorum. Millet bahçelerimizle özellikle büyük şehirlerde yaşayan vatandaşlarımıza nefes alabilecekleri, sevdikleriyle keyifli vakit geçirebilecekleri, spor yaparak sağlıklı hayat sürebilecekleri adeta vahalar oluşturuyoruz. Bu alandaki vizyon projemiz Atatürk Havalimanı’na yapmakta olduğumuz 7,7 milyon metrekare büyüklüğündeki millet bahçemizdir. Londra’nın Hyde Park’ı, New York’un Central Park’ı, bu ayarda dünya çapında bir eseri İstanbul’umuza kazandırıyoruz. İstanbul’un marka değerini daha da artıracak bu eserimizi inşallah etap-etap devreye alacağız. Aziz Milletim, Türkiye’nin statükoyu değiştirdiği alanların başında dış politika vardır. İçe kapanık bir ülkeyi hükümetlerimiz döneminde oyun kuran, gerektiğinde oyunbozan bir müessir güç haline getirdik. Bölgemizde Türkiye’nin hesaba katılmadığı, katkısının alınmadığı bir denklemin kalıcı olması mümkün değildir. Sahada ve masada güçlü Türkiye idealimiz artık hayalden çıkıp gerçeğe dönüşmüştür. Bugün ülkemizin nüfuz alanı sınırlarının çok ötesine taşmıştır. Son seçimlerin Afrika’dan Asya’ya, Avrupa’dan Latin Amerika’ya, Türk dünyasından İslam alemine kadar dünyanın dört bir tarafında çok yakından takip edilmesi bunun en net ifadesidir. Bizimle fiziki bağı olmasa da gönül bağı olan yüz milyonlar geleceklerini Türkiye’de görüyor. Başarılarımız en az bizim kadar bu ülkelerde yaşayan kardeşlerimizi, dostlarımızı da sevindiriyor. Göreve başlama törenimize iştirak eden devletlerin sayısında ve temsil düzeyinde buna tanık olmuştuk. Dün ve önceki yaptığımız yeni dönemimizin ilk yurt dışı ziyaretlerinde bu gerçeğe tekrar şahitlik ettik. Kuzey Kıbrıs Türk Cumhuriyeti’nde Kıbrıs Türkü kardeşlerimiz bizleri havalimanından itibaren muhteşem bir coşkuyla bağırlarına bastılar, sevgileriyle seçim zaferimizin milletimizle birlikte Kıbrıs Türk halkının da zaferi olduğunu gösterdiler. Biz de Cumhurbaşkanı Sayın Tatar ile görüşmelerimizde Kıbrıs davamıza olan güçlü desteğimizi açıkça ifade ettik. Önümüzdeki döneme dair kırmızı çizgilerimizi burada uluslararası kamuoyuyla bir kez daha paylaştık. Türk milletinin ayrılmaz bir parçasını teşkil eden Kıbrıs Türk halkıyla yan yana, omuz omuza mücadelemizi sürdüreceğiz. Anavatan ile yavru vatan arasındaki entegrasyonun derinleştirilmesi için hukuki, ekonomik ve siyasi her türlü adımı atacağız. Ne ülkemizin, ne de Kuzey Kıbrıs Türk Cumhuriyeti’nin haklarının gasp edilmesine asla izin vermeyeceğiz. Lefkoşe’deki ziyaretimizin ardından doğrudan Bakü’ye geçtik. Tek millet, iki devlet şiarıyla hareket ettiğimiz can Azerbaycan’la münasebetlerimiz tüm dünyada gıptayla takip ediliyor. Ne zaman Azerbaycan’ın başı dara düşse ilk koşan hep biz olduk. Biz de ne vakit ihtiyacımız olsa Azerbaycanlı kardeşlerimizi yanımızda bulduk. Asrın felaketi olan 6 Şubat depremlerinde sokaktaki vatandaşından Devlet Başkanı’na kadar Azerbaycan’ın sergilediği dayanışmayı asla unutamayız. Aracının üstüne varını yoğunu sarıp da yollara düşen, kızının çeyizini depremzedelerimize bağışlayan, bizimle sevinip bizimle ağlayan o yüce gönüllü insanları daima şükranla, minnetle yâd edeceğiz. Özellikle İlham kardeşimin tüm bu süreçlerde bir an olsun esirgemediği manevi desteği kalbimizin başköşesindedir. Azerbaycan ziyaretimize devletimizin teamüllerinin ötesinde bir teşekkür borcunun ifası olarak da bakıyoruz. İlham Aliyev kardeşimle yaptığımız görüşmelerde ikili ilişkilerimizi her alanda geliştirecek pek çok önemli karar aldık. Ticaret hacmimizi 15 milyar dolara çıkarmayı ortak hedef olarak belirledik. İki lider olarak özellikle Türkiye-Azerbaycan Üniversitesinin kurulmasına büyük önem veriyoruz. Ermenistan’la devam eden normalleşme sürecine desteğimizi vurguladık. Bölgemizde barış ve istikrarın tesisine dair güçlü beklentilerimizi bir kez daha teyit ettik. Yaklaşık 30 yıllık işgalin ardından Karabağ’da bugün gururla dalgalanan Azerbaycan Bayrağını kardeşliğimizin sembolü olarak görüyoruz. Can Azerbaycan ile ilişkilerimizin kurumsallaşmış bir ekonomik ve siyasi entegrasyon modeline dönüşmesi için daha çok çalışacağız. Merhum İsmail Gaspıralı’nın yaklaşık 1,5 asır önce çerçevesini çizdiği “dilde, fikirde, işte birlik” hedefiyle Türk dünyasıyla bağlarımızı perçinleyecek yeni projeleri devreye alacağız. Aziz Milletim, Bugünkü Kabine Toplantımızda bu hususlarla birlikte geniş bir yelpazede detaylı durum değerlendirmesi yaptık. Deprem bölgesindeki 11 ilimizin altyapısı ve üstyapısıyla yeniden ayağa kaldırılması birinci önceliğimizdir. Gözümüz, kulağımız ve kalbimiz her zaman bölgedeki kardeşlerimizledir. Tüm bakanlıklarımızın depremden etkilenen şehirlerimizde yürüttüğü çalışmalarda gelinen son durumu görüştük. Bugüne kadar afetzedelerimize yaptığımız nakdi yardımların toplam tutarı 61 milyar lirayı buluyor. Depremzedelerimizi bir an önce yuvalarına kavuşturmak istiyoruz. Deprem konutlarının inşasını hızlandıracak farklı alternatifler üzerinde mütalaalarımız sürüyor, yakında bunları milletimizin takdirine sunacağız. Depremde zarar gören organize sanayi bölgeleri, sanayi siteleri ve fabrikaların hasar tespit taramalarını zaten tamamlamıştık. Bölge ekonomisinin canlanması ve üretim çarklarının yeniden dönmesi amacıyla iş dünyamıza yönelik desteklerimizi artırmıştık. Şimdi yeni bir adım daha atıyoruz; yayınladığımız kararnameyle 2 bin 430 hektarlık alanda 11 yeri daha sanayi sahası olarak ilan ediyoruz. Depremin ardından ilan ettiğimiz sanayi alanı sayısını 18’e yükseltiyoruz. Yeni sanayi alanlarımızın deprem bölgesindeki tüm kardeşlerimize hayırlı olmasını diliyorum. Başkaları ne yaparsa yapsın, biz afetzedelerimizi kesinlikse sahipsiz ve çaresiz bırakmayacağız. Gençlerimizin büyük ilgi gösterdiği yaz kampları, yaz spor kampları ve seyahat sever programlarımızı bu sene de devam ettiriyoruz. Eğitimde kaliteyi yükseltecek projelere önümüzdeki dönem de artık daha fazla yoğunlaşacağız. Geleceğimizin teminatı olan evlatlarımızı emanet ettiğimiz değerli öğretmenlerimizin yetiştirme süreçlerini yeniden ele alıyoruz. Lisans programlarından öğretmen istihdamı ve hizmet içi eğitime kadar tüm aşamaları Türkiye yüzyılına uygun şekilde gözden geçireceğiz. TEKNOFEST gençliğinin yetişmesi için elimizdeki tüm imkânları seferber edeceğiz. Bu düşüncelerle toplantımızın ve aldığımız kararların milletimize hayırlı olmasını diliyorum. Cuma günü karne sevinci yaşayacak tüm öğrencilerimizi şimdiden tebrik ediyorum. Evlatlarımızı vatana, millete ve insanlığa hayırlı bireyler olarak yetiştiren saygıdeğer öğretmenlerimize, emekleri ve fedakârlıkları için teşekkür ediyorum. Yine bu hafta sonu Yükseköğretim Kurumları Sınavı’na girecek tüm gençlerimize Allah’tan muvaffakiyetler niyaz ediyorum. Rabbim yar ve yardımcımız olsun diyorum. Sizleri bir kez deha muhabbetle selamlıyor, Allah’a emanet ediyorum. Kalın sağlıcakla."
csb_0621,CSB,bakanlık,adiyaman,5_post_local,2024-04-14,"DEPREMDE EVLERİ AĞIR HASAR ALAN ADIYAMANLI YÜCEL AİLESİ YENİ YUVALARINA KAVUŞTU

Çevre, Şehircilik ve İklim Değişikliği Bakanı Mehmet Özhaseki, deprem bölgesinde hafta sonu, bayram tatili demeden 7/24 sürdürülen çalışmalarla afetzedeleri yeni yuvalarına kavuşturmaya devam ettiklerini söyledi. Adıyamanlı Yücel ailesini de diğer depremzede aileler gibi sağlam ve güvenli yeni konutlarına kavuşturduklarını ifade eden Bakan Özhaseki, “Vatandaşımızın mutluluğu ve duası en büyük gücümüz. Söz verdiğimiz gibi deprem bölgesinde konutlarımızı teslim etmeye devam ediyoruz. Adıyaman’da Yücel ailesi de yeni evlerine kavuştu. Sağlıkla, huzurla ve güvenle otursunlar.” dedi.

Çevre, Şehircilik ve İklim Değişikliği Bakanlığı, bin yılın felaketi 6 Şubat depremlerinden sonra, depremzede vatandaşlara sıcak yuvalarını bir an evvel teslim etmek için çalışmalarını gece gündüz demeden sürdürüyor. 76 bin kalıcı konutu bir yıl içerisinde tamamlayarak depremzedelere teslim eden Bakanlık; Adıyamanlı Yücel ailesini de sağlam ve güvenli yeni evlerine kavuşturdu.

“DEPREM KONUTLARIMIZI TESLİM ETMEYE DEVAM EDİYORUZ”

Deprem bölgesinde hafta sonu, bayram tatili demeden 7/24 sürdürülen çalışmalarla afetzedeleri yeni yuvalarına kavuştuklarını ifade eden Çevre, Şehircilik ve İklim Değişikliği Bakanı Mehmet Özhaseki, söz verdikleri gibi kalıcı konutları kısa sürede tamamlayarak teslim etmeyle devam ettiklerini söyledi. Adıyamanlı Yücel ailesinin de evini depremin birinci yılında tamamlayarak teslim ettiklerini belirten Bakan Özhaseki, “Vatandaşımızın mutluluğu ve duası en büyük gücümüz. Söz verdiğimiz gibi deprem bölgesinde konutlarımızı teslim etmeye devam ediyoruz. Adıyaman’da Yücel ailesi de evlerine kavuştu. Sağlıkla, huzurla ve güvenle otursunlar.” dedi.

“ALLAH DEVLETİMİZİN EKSİKLİĞİNİ GÖSTERMESİN”

Yeni evlerine kavuşan Adıyamanlı Mehmet Yücel ise, devletin bir yılda evlerini teslim etmesinden dolayı mutlu olduklarını dile getirdi. Mehmet Yücel, “Depremin hemen ardından devletimizin evleri kısa bir sürede yapacağı ve evlerin bir yıl gibi bir sürede verileceği söylendi. O binaların, aynı anda, bu kadar kısa sürede yükseleceğini beklemiyordum. Ancak, evlerimiz söz verildiği gibi bir yılda teslim edildi. Devletimizin yaptığı evler tartışmasız en güzel ve en sağlam evler oldu. İnsanlar gönül rahatlığıyla oturabiliyor, ben de gönül rahatlığıyla yatağımda yatabiliyorum. Allah devletimizin eksikliğini göstermesin. Emeği geçen herkese sonsuz teşekkür ediyorum. Allah hepsinden razı olsun.” ifadelerini kullandı."
hatay_bld_0035,Hatay Belediye,belediye,hatay,2_pres_campaign,2023-05-23,"HATAY- Millet İttifakının 13. Cumhurbaşkanı Kemal Kılıçdaroğlu, 6 Şubat depreminden sonra 5’inci defa Hatay’ı ziyaret etti.

Kemal Kılıçdaroğlu’nun Hataylılara hitabından önce kürsüye gelen Hatay Büyükşehir Belediye Başkanı Lütfü Savaş, Hatay’ın ‘Kırk asırlık Türk yurdu’ olduğunu hatırlattı.

Gazi Mustafa Kemal Atatürk'ün en büyük iki özelliğinin vatanseverlik ve milli ruhla tüm Türkiye'ye sahip çıkması olduğunu kaydeden Savaş, ‘’Gazi Mustafa Kemal Atatürk benim bedenimin babası Ali Rıza Efendi, ruhumun babası Namık Kemal’ demiştir. ‘Fikirlerimin babası Ziya Gökalp’ demiştir. Bir tanesi Trakyalı bir tanesi Diyarbakırlı. Kuruluş mücadelesini verirken bu vatan evlatlarının her rengini Türkiye Cumhuriyeti bayrağı altında bir araya toplanmıştır’ dedi.

SAYIN CUMHURBAŞKANI ADAYIMIZ DERDİMİZLE DERTLENDİ, HATAY İÇİN MÜCADELE EDİYOR

Hatay’da 12 yıldır yaklaşık 500.000 Suriyeli’nin olduğunu vurgulayan Savaş, büyük bir deprem yaşandığını Cumhurbaşkanı adayı Kemal Kılıçdaroğlu’nun 6 Şubat’tan bu yana 5’inci defadır Hatay'a geldiğini belirtti. Savaş, ‘’Sayın Genel Başkanımız derdimizle dertlendi ve Hatay'ın ayağa kalkması için elinden gelen mücadeleyi yapıyor’’ dedi.

Hatay’da seçimi az bir farkla Kılıçdaroğlu’nun önde kapadığını anlatan Savaş,

‘’Hem Hatay'ın hem de Türkiye'nin tekrardan birlik beraberlik ve bütünlük içinde ayağa kalkması lazım. Bunun için, Gazi Mustafa Kemal Atatürk'ün kuruluş felsefesinin Türkiye'de hüküm sürmesi lazım. Bunun için de Sayın Genel Başkanımızın 13. Cumhurbaşkanı olarak Pazar akşamı o nişanı alması lazım. Hataylılar en büyük şekilde, öncekinden daha fazla fark atarak sayın 13.Cumhurbaşkanımıza destek verecek’’ diye konuştu.

‘’MİLLİYETÇİLİK ÜZERİNDEN OY ALANLAR, TIPIŞ TIPIŞ MİLLİYETÇİLİĞİ AYAKLAR ALTINA ALANLARIN YANINA GİDİYOR’’

Son dönemlerde Türkiye'de milliyetçilik konusunda bir kavram kargaşası yaşandığını kaydeden Savaş, şunları söyledi;
‘’Vatanseverlik, milliyetçilik, Atatürkçülük adına, günü gelince, saati gelince, dakikası gelince bu kavramı kullanıp geçiyorlar. Bizim 12 yıldan beri sınırlarımız delik deşik oldu, sığınmacılara Türk pasaportu Türk kimliği vererek bizim seçimlerimizde oy kullandırıyorlar. Bu insanlar Türkçe bilmiyor, hiçbiri kültürümüzü, tarihimizi bilmiyor ama Türk kimliği ile oy kullanıyorlar. Son 20 yılda Türkiye'yi yönetenler var, zaman zaman milliyetçiliğe sığınıyorlar. Son zamanlarda milliyetçilik adına oy alan arkadaşlarımız da her türlü milliyetçiliği ayakaltına alanların yanına tıpış tıpış gidip milliyetçilik kavramını birlikte doldurmaya çalışıyorlar. Milli bayramlarda bile Gazi Mustafa Kemal Atatürk'ün adını ağzına alamayanların, yanına sığınanlar var’’

‘’BİZ, BU ÜLKEYİ BİR VE BÜTÜN YAPACAK LİDERİN PEŞİNDEYİZ, BİZ KEMAL KILIÇDAROĞLU’NUN PEŞİNDEYİZ’’

İkinci tur seçimi ‘’gerçek vatanseverlerin, gerçek milliyetçilerin, gerçek Atatürkçülerin, gerçek inananların seçimi’’ olarak niteleyen Lütfü Savaş, ‘Biz inananların, Atatürk felsefesinin ve bu ülkeyi bir ve bütün yapacak liderin peşindeyiz. Sayın Kemal Kılıçdaroğlu'nun peşindeyiz. Hep birlikte bu pazar zaferimizi kutlayacağız’ şeklinde konuştu.

KILIÇDAROĞLU: HATAY’IN DAHİL OLDUĞU DEPREM BÖLGESİNİ ÜRETİM ÜSSÜ YAPACAĞIZ

KİMSEDEN 5 KURUŞ ALMADAN EVLERİ İŞ YERLERİ YIKILANLARA EV, İŞYERİ YAPACAĞIZ

Millet İttifakı'nın cumhurbaşkanı adayı, CHP Genel Başkanı Kemal Kılıçdaroğlu konuşmasında, deprem bölgesine yönelik özel planlamalar yaptıklarını vurguladı.

Kılıçdaroğlu şunları söyledi;

""Bu konuda bütün çalışmalarımız tamamlanmış durumda. Evleri, iş yerleri, ahırı yıkılan herkesin evini, iş yerini, ahırını 5 kuruş almadan yapıp, teslim edeceğiz. Hiç kimse endişe etmesin. Söz verdim mi mutlaka ama mutlaka yapacağım. Adıyaman’dan başlayarak, Kahramanmaraş, Şanlıurfa, Osmaniye, Adana, Hatay tüm bu bölgelerin yeni bir üretim üssü olmaları için ayrıca çaba harcayacağız…İktidar sahipleri diyorlar ki; ‘Biz sığınmacıları göndermeyeceğiz.’ Önümüzdeki seçim bu bağlamda önemlidir. Elini vicdanına koyan ve gerçekten de sığınmacıların, ırkçılık yapılmadan kendi ülkelerine gönderilmelerini sağlayan projemiz hazır. Bu konuda da liderler karar verdik. En geç 2 yıl içinde herkesi kendi ülkelerine göndereceğiz.

KILIÇDAROĞLU: KİM TERÖRE DESTEK VERİYORSA ALLAH BELASINI VERSİN

Siyasete girmeden önce de terörü her yerde ve her ortamda bir insanlık suçu olarak ifade ettiğini belirten Kılıçdaroğlu, sözlerini şöyle sürdürdü: ""Kim teröre destek veriyorsa, kim teröristlerle yan yana duruyorsa, kim onların musluğuna su taşıyorsa Allah bin belasını versin. Terör nereden gelirse gelsin, nasıl gelirse gelsin, hepimizin ortak mücadele etmesi lazım… Daha düne kadar bizim terör örgütleriyle iş birliği yaptığımızı söylediler. Bununla ilgili sahte videolar hazırladılar ve dün televizyona çıkan kişi, evet montajlı görseller yaptıklarını ve bunu vatandaşlarla kullandıklarını, onlara anlattıklarını ifade ettiler. Allah’a sığınıyorum.’"
hatay_val_308,Hatay Valiliği,valilik,hatay,5_post_local,2024-06-15,"Hatay Valiliğimiz olarak deprem sonrası yetim ve öksüz kalan çocuklarımıza sahip çıkmak, onların yeniden hayata tutunmalarına destek olmak için hayata geçirilen “Yüreğimizdeki Işık” projemiz kapsamında Antakya İlçemizin Serinyol Mahallesi Yıldırım Mesire Alanı’nda Piknik ve Şenlik Programı gerçekleştirildi.

Valimiz Mustafa MASATLI ve eşleri Esra MASATLI Hanımefendi ile birlikte Vali Yardımcımız Bekir Sıtkı DAĞ ve Vali Yardımcılarımızın eşleri, projemize destek veren STK’lar ve geleceğimizin teminatı çocuklarımızın katılımıyla gerçekleştirilen etkinlikte açıklamalarda bulunan Valimiz, “Valiliğimizce yürütülen ve tüm Türkiye’ye örnek teşkil edecek nitelikte önem arz eden ‘Yüreğimizdeki Işık’ projemizin hayata geçirilmesinden bu yana Hatay’ımız genelinde; Bu proje ile beraber öncelikli olarak sahada öksüz ve yetim veya hem öksüz hem yetim olan 6.447 çocuğumuzu tespit ettik. Tespit ettikten sonra başta şahsım, eşim, Vali Yardımcılarımız ve onların eşleri, Kaymakamlarımız ve onların da eşleriyle birlikte bu çocuklarımızın tamamını bir anlamda paylaştık. Paylaştıktan sonra hane ziyaretlerimize başladık. Hane ziyaretlerine Milli Eğitim, Sağlık, Gençlik ve Spor, Müftülük de dahil müdürlüklerimiz ile bir yazılım programı ile ilişkilendirmede bulunduk. Bu programlarda yaptığımız hane ziyaretlerinde öncelikli olarak bu çocuklarımızın fiziki ihtiyaçları, eğitim ihtiyaçları, psikolojik, sağlık ve spor ihtiyaçları yani bu çocuklarımızın hayata tutunarak normal çocuklarımız gibi yaşayabilmeleri için gerekli olan her ne varsa sistem üzerine kaydederek ilgilisinin takibine sunduk.” diyerek yaklaşık 120 çocuğumuza farklı bir gün, farklı bir anı yaşatmak; hem bir karne hediyesi olarak hem de çocuklarımızın psikolojisine olumlu katkı sağlamak olmak için yani bir manada buradaki çocuklarımızın ruhen iyileşmelerine destek olabilmek için çok çaba sarf edildiğini vurguladı.

“Bu çocuklar, bizim çocuklarımız. Biz böyle görüyoruz. Dolayısıyla kendi çocuklarımızla ilgili neler düşünüyor ve neler yapıyorsak onlar için de aynı şeyleri düşünüyor ve yapıyoruz. Başta Devletimiz olmak üzere Sayın Cumhurbaşkanımızın bizlere talimatıdır. Biz de hem şahsi olarak hem de ilin valisi olarak kendim ve eşim, Vali Yardımcılarımız ve eşleri, Kaymakamlarımız ve eşleri dahil çocuklarımıza elimizden gelen her türlü katkıyı ve desteği vermek için çabalıyoruz.” diyen Valimiz, bugüne kadar 2490 hane ziyareti gerçekleştirildiğini, Valiliğimizin koordinasyonunda 15 ilçemizdeki 1.000 öğrencimize eğitim öğretim hayatlarına katkı sağlaması amacıyla tablet dağıtımı gerçekleştirildiğini, bunun yanında Gençlik ve Spor İl Müdürlüğümüz koordinasyonunda 100’e yakın kız çocuğumuza Arsuz Uluçınar Gençlik Kampımızda gerçekleştirilen kamp ile spor eğitimlerinin takibinin sağlandığını belirtti.

Valimiz, “Gaziantep ve İstanbul illerimize düzenlediğimiz kültür ve tarih gezileri ile yine 100 çocuğumuzun ülkesini, milletini ve medeniyetini daha yakından tanımasına katkı sağladık. Altınözü ilçemizde yakın tarihte gerçekleştirdiğimiz piknik ve şenlik etkinliği ile yine 400’den fazla çocuğumuzun ve gencimizin iyi olma haline destek sağladık. Bu etkinliklerimizin ve 6.447 çocuğumuzun takiplerinin her daim yapıldığını ve yapılacağını bir kez daha ifade etmek isterim. Geleceğimizin teminatı gençlerimiz bizlerin emanetindedir ve onlara bakmak, gelişimlerini takip etmek; vatanına ve milletine hayırlı bir vatandaş olmasını sağlamak bizlerin sorumluluğudur. Bu sorumluluk bilinci, yaptığımız her çalışmada ve projede etkisini göstermektedir.” İfadelerinde de bulundu.

Açıklamalarının sonunda, öncelikle anne ve babasını kaybetmiş çocuklarımız ve gençlerimiz başta olmak üzere tüm çocuklarımızın ve kıymetli Hataylı hemşerilerimizin yaklaşan Kurban Bayramı’nı tebrik eden Valimiz, öğrencilerimizin de karne tatillerini en güzel şekilde değerlendirmelerini temenni etti.

Valimizin açıklamalarının sonrasında, Piknik Programı’nda Valimiz Mustafa MASATLI ve eşleri Esra MASATLI Hanımefendi, Vali Yardımcımız Bekir Sıtkı DAĞ ve Vali Yardımcılarımızın eşleri ile birlikte tüm katılımcılar, çocuklarımızın eğlencelerine ve coşkularına ortak olarak onların hoşça vakit geçirmelerine vesile oldular. Valiliğimizce yürütülen ve “Öksüz ve Yetimlerimizin Yarınlarına Destek Oluyoruz, Birlikte Geleceğe Güç Veriyoruz.” şiarıyla hayata geçirilen “Yüreğimizdeki Işık” projemizin aydınlık yarınlarımızın güvencesi olan çocuklarımız için ne kadar ehemmiyetli olduğuna herkes tarafından bir kez daha şahitlik edildi."
kmaras_val_202,Kahramanmaraş Valiliği,valilik,kahramanmaras,4_local_campaign,2024-02-28,"Valiliğimiz koordinesinde Büyükşehir Belediye Başkanlığımızın ev sahipliğinde Kahramanmaraş Aile ve Sosyal Hizmetler İl Müdürlüğümüz ile Erzurum Gönüllü Anneler Derneği iş birliğinde ilimiz depremlerinde anne ve babalarını kaybeden çocuklara yönelik Şairler Tepesi’nde program düzenlendi.
 
Programa katılan Valimiz Mükerrem Ünlüer’in eşi Dr. Selma Ünlüer hanımefendi, eski İçişleri Bakanı Selami Altınok’un eşi Gülhan Altınok hanımefendi, Büyükşehir Belediye Başkanı Hayrettin Güngör’ün eşi Leyla Güngör, Aile ve Sosyal Hizmetler İl Müdürü Müslüm Ferdi Bozkurt ve Gönüllü Anneler, program öncesi masaları tek tek dolaşarak çocuklarla sohbet ettiler. 
 
Kahramanmaraş depremlerinin hemen sonrasında sorumluluk üstelenerek devlet-millet iş birliğinin en büyük örneklerinden birini sergileyen Erzurum Gönüllü Anneler Derneği, gönüllülerinin topladığı yardımları depremzede vatandaşlarımıza ulaştırdı.
 
Depremlerde anne-babasını kaybeden çocuklarımızı evlerinde ve Konteyner Kentlerde ziyaret eden Erzurum Gönüllü Anneler Derneği üyeleri, çocuklara anne şefkati ile yakınlık gösterip onların her zaman yanlarında olacaklarını ifade ettiler. 
 
Programda bir konuşma yapan Gülhan Altınok, “Bilindiği üzere çok büyük iki deprem yaşadık. Depremlerin üzerinden bir yıl geçti. Bugün çocukları ve aileleri ziyaret etme fırsatı bulduk. Depremlerin ilk gününden itibaren depremzede vatandaşlarımız için neler yapabiliriz, onların acılarını nasıl dindirebiliriz diye çok düşündük. Bu acıları ve zorlukları hep birlikte aşacağımızı düşündük ve hemen onların yanında olduk. Erzurum Gönüllü Anneler Derneği olarak bir sorumluluk üstlendik. Gönüllü anneler olarak yaptığımız el emeği göz nuru ürünler ve topladığımız yardımlarla onların ihtiyaçlarına koşmaya çalıştık. Bugün de depremzede çocuklarımızla bir arada olmak ve hüzünlerini paylaşmak için buradayız. Gönüllü Anneler olarak çocuklarımızın her zaman yanında olacağız. Sizlerin karınca kararınca yanınızda olacaklarının bir ifadesi olarak Erzurumlu bir çocuğumuz da kumbarasını buradaki bir çocuğumuza gönderdi. Biz Erzurumlu Gönüllü Anneler ve Erzurumlular olarak sizlerin yanında olmaya devam edeceğiz. Buraya gelmemize vesile olan Dr. Selma Ünlüer hanımefendi başta olmak üzere programlarımıza katkı sunan Leyla Güngör hanımefendiye, İl Müdürlüğümüze ve destek veren herkese teşekkür ediyorum. Erzurumlu Dadaşların selamlarını ve sevgilerini iletiyor, tüm Kahramanmaraşlı kardeşlerimize geçmiş olsun diliyorum.” dedi.
 
Dr. Selma Ünlüer Hanımefendi ise “Bugün birçok ailemizi ve çocuğumuzu ziyaret etme fırsatı bulduk. Onların hüzünlerini paylaştık. Bu program vesilesiyle de sizlerle bir arada olmaktan büyük memnuniyet duyduğumu ifade etmek istiyorum. Çok acı iki büyük depremi yaşadık ve yüreğimiz çok yandı. Fakat devlet-millet iş birliğinin en kıymetli örneklerine de yine bu depremlerde şahit olduk. Anne ve babalarını kaybeden çocuklarımızı tüm Türkiye bağrına bastı. Depremzede vatandaşlarımızın ilk günden beri yanında oldular. Erzurum Gönüllü Anneler Derneğimiz de bu süreçte çocuklarımıza anne şefkati ile yaklaştı ve onların yanında oldu. Bu anlamda Gülhan Altınok hanımefendi nezdinde tüm dernek üyelerimize ve kıymetli annelere şükranlarımı sunuyorum. Çocuklarımız bizlere emanet, onların her zaman yanlarında olacağız. Ailelere ve çocuklarımıza sabırlar diliyorum. Rabbim bizleri her türlü afetten korusun.” diye konuştu. 
 
Erzurum’dan kumbarasını gönderen çocuğumuz Buse Naz Akbay’ın kumbarası kura ile bir çocuğumuza teslim edildi. 
 
Dr. Selma Ünlüer hanımefendi ise Buse Naz Akbay ile kumbarayı teslim alan çocuğumuz Ünal’ı telefonda görüştürdü. Dr. Selma Ünlüer Hanımefendi ve Ünal ise Buse Naz Akbay’a ince düşüncesi ve kıymetli hediyesi için teşekkür ederek, nazik düşüncesinden dolayı duydukları memnuniyeti ifade ettiler.
 
Program, çocuklarla hatıra fotoğrafı çekimi ile sona erdi."
csb_0534,CSB,bakanlık,adiyaman,4_local_campaign,2024-02-09,"BAKAN MEHMET ÖZHASEKİ, ADIYAMAN’DA “YERİNDE DÖNÜŞÜM” PROJESİ İLE EVİNİ YERİNDE YENİDEN YAPAN KÜRKOĞLU AİLESİNİ ZİYARET ETTİ

Çevre, Şehircilik ve İklim Değişikliği Bakanı Mehmet Özhaseki, deprem bölgesinin hızla ayağa kaldırılması için hayata geçirdikleri “Yerinde Dönüşüm” projesine başvurarak aldığı hibe ve kredi desteğiyle evini yerinde dönüştüren Adıyamanlı Kürkoğlu ailesini ziyaret etti. Bitmek üzere olan evlerini inceleyen Bakan Mehmet Özhaseki “Son derece memnun olduk. Güle güle otursunlar, Allah ağız tadıyla oturmayı nasip etsin. Cenab-ı Hak bir daha böyle afet göstermesin.” dedi.

Çevre, Şehircilik ve İklim Değişikliği Bakanı Mehmet Özhaseki, depremin en çok yıkıma uğrattığı şehirlerden olan Adıyaman’da düzenlenen ‘Deprem Konutları Kura ve Anahtar Teslim Töreni’nin ardından şantiye alanlarını ziyaret etti. Adıyaman’da Alitaşı Mahallesi’nde inşaat alanında incelemelerde bulunan Bakan Özhaseki, deprem bölgesinin ihya ve inşası için hayata geçirilen “Yerinde Dönüşüm” projesine başvuran Abdurrahman Kürkoğlu’nun, aldığı hibe ve kredi desteği ile mahallesinden ayrılmadan yerinde yaptığı evini ziyaret etti.

“ALLAH AĞIZ TADIYLA OTURMAYI NASİP ETSİN”

Kürkoğlu ailesinin, 6 Şubat depremlerinde ağır hasar gören 4 katlı aile apartmanlarını yıkarak yerine yeniden yaptıkları evlerini gezen Bakan Özhaseki, çalışmalar hakkında bilgi aldı. ‘Yerinde Dönüşüm’ projesiyle yapılan evin kısa sürede tamamlanma aşamasına geldiğini ifade eden Bakan Özhaseki, “Son derece memnun olduk. Güle güle otursunlar, Allah ağız tadıyla oturmayı nasip etsin. Cenab-ı Hak bir daha böyle afet göstermesin.” dedi.

“BİRÇOK VATANDAŞIMIZ SÖZÜMÜZE İTİMAT EDEREK EVLERİNİ YAPMAYA BAŞLADI”

‘Yerinde Dönüşüm’ projesi kapsamında 1,5 milyon liralık destek paketi açıkladıklarını hatırlatan Bakan Özhaseki, “Deprem bölgelerinde birçok vatandaşımız bizim bu sözümüze itimat ederek evlerini yerinde yapmaya başladı. Bu bizim için sevindirici. Bunun 750 bin lirası hibe, 750 bin lirası da kredi. Ancak böyle bir kredi imkanı tabii ki her zaman bulunamaz. Herkes evini yapıp bitirdikten sonra, 2 sene geçecek ve 10 yıl boyunca sıfır faizle parayı geri ödeyecek. Böyle olunca vatandaşlar bunu çok değerli buldular. Vatandaşlarımız bu fırsattan istifade ederek de evlerini yerlerinde yapıyorlar.” diye konuştu.

Bakan Mehmet Özhaseki, daha sonra Emlak Konut’un merkez şantiyesi ile İndere şantiyesini ziyaret ederek incelemelerde bulundu. Bakan Özhaseki, Emlak Konut eliyle yapılan deprem konutlarının inşaatı hakkında yetkililerden bilgiler aldı."
csb_0078,CSB,bakanlık,adiyaman,1_post_quake,2023-03-18,"ADIYAMAN'DA ENKAZ KALDIRMA VE HASARLI BİNALARIN YIKIM ÇALIŞMALARI SÜRÜYOR

""Asrın felaketi"" olarak nitelendirilen Kahramanmaraş merkezli 6 Şubat'taki depremlerden etkilenen Adıyaman'da, enkaz kaldırma ve hasarlı binaların yıkım çalışmaları devam ediyor.

Çevre, Şehircilik ve İklim Değişikliği Bakanlığı, Karayolları Genel Müdürlüğü ve belediyelerden görevlendirilen iş makineleriyle, depremlerde ağır hasar gören ve tehlike oluşturan binalar kontrollü şekilde yıkılıyor.

Yıkım işleminin sürdüğü bölgelerde polis ekipleri güvenlik önlemleri alıyor, yollar trafiğe kapatılıyor.

Altınşehir Mahallesi'ndeki ağır hasarlı bir site de geniş güvenlik önlemleriyle yıkılmaya başlandı.

Ekipler bir yandan da enkaz kaldırma çalışmalarını gerçekleştiriliyor.

Bilirkişi heyetlerinin savcılar gözetiminde demir ve beton numuneleri almasının ardından kepçelerle kamyonlara yüklenen enkaz, belirlenen depolama alanlarına taşınıyor."
hatay_bld_0742,Hatay Belediye,belediye,hatay,5_post_local,2024-10-09,"HBB HATAY BÜLTEN’İ YAYIN HAYATINA BAŞLADI

ŞEFFAF BELEDİYECİLİK ANLAYIŞIYLA HİZMETLER TANITILIYOR

Hatay Büyükşehir Belediyesi (HBB), bünyesindeki daire başkanlıklarının gerçekleştirdiği çalışmalar ve projeleri halka duyurmak amacıyla “Hatay Bülten” adlı dergiyi çıkardı.

HBB Başkanı Mehmet Öntürk’ün liderliğinde Büyükşehirin faaliyetleri hakkında vatandaşların daha fazla bilgi edinmesini hedefleyen dergi, yayın hayatına başladı.

Şeffaflık ve hesap verebilirlik anlayışı temel alınarak hazırlanan derginin ilk sayısında; 1 Nisan- 31 Ağustos tarihleri arasında HBB’nin hizmetleri kapsamlı bir şekilde ele alınıyor.

Ayrıca dergide konut yapımı, fen işleri, yol bakım, mezarlıklar, su yönetimi, eğitim, ulaşım, ilaçlama, spor, çevre, sağlık, gıda denetimi, tarım, parklar ve gastronomi gibi çeşitli konulara dair bilgilendirmeler yer alıyor.

Başkan Öntürk, Hatay Bülten dergisinin ön sözünde, “Geçmişten aldığımız güç ve ilhamla, geleceğe umutla bakarak Hatay’ımızı daha güzel yarınlara taşımak için çıktığımız bu yolda, birlik ve beraberlik içinde yürüyoruz.” sözleriyle hemşehrilerine güven ve umut aşıladı.

Hatay Bülten dergisi HBB’nin hizmetleriniresmî kurumlar, sivil toplum kuruluşları, meslek odaları ve vatandaşlarla belirli aralıklarla buluşturacak.

Not: Haberin video ve fotoğraflarını aşağıdaki linklerden indirebilirsiniz:

Video: https://we.tl/t-EW07S4jDiO

Fotoğraf: https://we.tl/t-FRt3u5x8Ki"
csb_0563,CSB,bakanlık,kahramanmaras,4_local_campaign,2024-03-07,"ÇEVRE, ŞEHİRCİLİK VE İKLİM DEĞİŞİKLİĞİ BAKANI MEHMET ÖZHASEKİ: “İZMİR’DE YAPTIĞIMIZ BÜYÜK YATIRIMLARI DEVAM ETTİRECEĞİZ”

Çevre, Şehircilik ve İklim Değişikliği Bakanlığı, Dünya Bankası ile imzaladığı anlaşma kapsamında İstanbul, İzmir, Manisa, Kahramanmaraş ve Tekirdağ’ın kentsel dönüşümüne büyük bir katkı sunacak olan “İklim ve Afetlere Dayanıklı Şehirler Projesi”ni başlatıyor. İklim değişikliğinin ülkemize etkilerini en aza indirmek ve şehirleri afetlere dirençli hale getirmek için 330 milyon 500 bin Euro bütçe ayrılan projede, pilot il İzmir olacak. İklim dostu ve afetlere dayanıklı konut ve iş yeri yapımı için hak sahiplerine uygun maliyetli finansman imkânı sağlanacak. Proje kapsamında, aylık yüzde 0,69 faiz ve 180 ay vadeyle 2,5 milyon TL’ye varan kredi desteği verilecek.

Projenin müjdesini İzmir’den veren Bakan Özhaseki, “Elimizi İzmir’den çekmeyeceğiz. Hükümet olarak elimizden ne gelirse yapmaya devam edeceğiz. İzmir’de yaptığımız büyük yatırımları devam ettireceğiz. Sadece kentsel dönüşüm alanında değil, çevre ve iklim konusunda da çabamız devam edecek.” dedi.

Çevre, Şehircilik ve İklim Değişikliği Bakanlığı, Dünya Bankası ile imzaladığı anlaşma kapsamında İstanbul, İzmir, Manisa, Kahramanmaraş ve Tekirdağ’ın kentsel dönüşümüne büyük bir katkı sunacak olan “İklim ve Afetlere Dayanıklı Şehirler Projesi”ni hayata geçiriyor. Bakan Mehmet Özhaseki, projenin müjdesini İzmir’de verdi. Bakan Özhaseki, 5 ilin dönüşümünü sağlayacak olan proje kapsamında hak sahiplerine aylık yüzde 0,69 faiz ve 180 ay vadeyle 2,5 milyon TL’ye varan kredi desteği verileceğini açıkladı.

“KENTSEL DÖNÜŞÜMÜ DOĞRU ŞEKİLDE UYGULAMALIYIZ”

İzmir’de düzenlenen Türkiye İklime ve Afetlere Dayanıklı Şehirler Projesi Tanıtım Toplantısı’na katılan Bakan Mehmet Özhaseki, Bakanlık olarak deprem gerçeğini bilerek hareket ettiklerini ve şehirleri geleceğe hazırlayacak çalışmalar yürüttüklerini söyledi. Türkiye’deki yapı stokunun sağlıklı bir şekilde yenilenmesi konusunda kentsel dönüşüme vurgu yapan Bakan Özhaseki, “Kentsel dönüşümü doğru bir şekilde uygulayabilirsek; şehirlerimizi, yaşadığımız konutlarımızı, iş yerlerimizi dirençli hale getiririz.” diye konuştu.

“HAYDİ KENTSEL DÖNÜŞÜMÜ BİRLİKTE YAPALIM”

Bakan Mehmet Özhaseki, hazırlanan raporlarda İzmir’de 6 ve üzeri bir şiddette deprem üretebilecek 20’den fazla fay hattı olduğunun belirtildiğini kaydederek, “36 bin binanın acilen dönüşmesi lazım. El birliğiyle hareket etmeliyiz. Bu işin de 3 ayağı var. Bakanlık, belediyeler ve şahıslar. Ne yazık ki üzülerek söylüyorum; belediye tarafındaki ayağımız eksik. İsteriz ki gelsinler, dönüşümleri baştan sona beraber yapalım. Fakat, çok kolay bir slogan bulmuşlar, o da ‘Bizler kentsel dönüşme değil, rantsal dönüşüme karşıyız.’ Ne güzel bir kaçış cümlesi. Rica ederim, haydi, kentsel dönüşümü birlikte yapalım.” ifadelerini kullandı.

“İZMİR İÇİN, HÜKÜMET OLARAK ELİMİZDEN NE GELİRSE YAPMAYA DEVAM EDECEĞİZ”

İstanbul, İzmir, Manisa, Kahramanmaraş ve Tekirdağ’ın kentsel dönüşümüne büyük bir katkı sunacak olan “İklim ve Afetlere Dayanıklı Şehirler Projesi”nin başlatıldığını ifade eden Bakan Özhaseki, şunları söyledi:

“İçerisinde 5 il bulunan projede, İzmir, pilot il seçildi. Dünya Bankası tarafından ilk etapta 330 milyon 500 bin Euro kredi verilecek. İnşallah, önümüzdeki günlerde bu rakamı güncelleyip, daha yukarı çekeceğiz. Evini yenilemek isteyen herkese aylık yüzde 0,69 faizle, 180 ay vadeli kredi temin ediyoruz. Bu krediden istifade etmek isteyen vatandaşlarımız için müracaat şartlarını önümüzdeki günlerde açıklayacağız. İzmir’imiz için hayırlı olsun. Elimizi İzmir’den çekmeyeceğiz. Biz bundan sonra da hükümet olarak inşallah elimizden geleni yapacağız. Yerel yönetimler şimdiye kadar ihmalkar davranmış olabilir. Bu işleri ciddiye almamış olabilirler. Bugünün Türkiye’sinde eğer bir belediye başkanı oturduğu 5 sene içerisinde eline mührü almışsa elbette vatandaşla bir arada olacak. Ancak, bu makamdan ayrılacağı zaman geriye dönüp şu soruyu sorması lazım; ‘Benim bulunduğum bölgede depreme dayanıksız evler var. Bunlar için ben ne yaptım?’ Kentsel dönüşüm için gayret içerisinde olmuşsa teşekkür ederiz, değilse vebalden kurtulamaz. Biz, İzmir için hükümet olarak elimizden ne gelirse yapmaya devam edeceğiz. İzmir’de yaptığımız büyük yatırımları devam ettireceğiz. Sadece kentsel dönüşüm alanında değil çevre ve iklim konusunda da bütün çabamız devam edecek.”

Bakan Mehmet Özhaseki, daha sonra canlı bağlantı ile İzmir proje ofisinin açılışını gerçekleştirildi."
csb_0350,CSB,bakanlık,hatay,3_inter_election,2023-09-08,"BAKAN ÖZHASEKİ: “İNŞAATI BAŞLAYAN KONUTLAR 3 AY SONRA PEYDERPEY DAĞITILACAK”

Çevre, Şehircilik ve İklim Değişikliği Bakanı Mehmet Özhaseki, deprem bölgesinde 200 bini aşkın konutun inşaatına başlanıldığını belirterek, “İnşallah onlar 3 ay sonra başlamak üzere peyderpey hak sahiplerine dağıtılacak.” dedi.

Bakan Mehmet Özhaseki, Kayseri’de Kocasinan Belediyesi 38 Yeni Araç Teslim Töreni’ne katıldı. Burada yaptığı konuşmasında Kocasinan Belediyesini, modern ve geniş otomobillerle araç filosunu güçlendirdiği için tebrik eden Bakan Özhaseki, yerel yöneticilerin zamanın ruhunu okumasının önemine vurgu yaparak, ‘şehirleri, yerel yöneticilerin ufukları ileriye taşır’ mesajı verdi. Konuşmasında, 6 Şubat depremlerine değinen Özhaseki, 14 milyon insanın etkilendiğini ve 18 şehrin zarar gördüğünü vurgulayarak, “680 bin civarında konut yıkıldı. 170 bin kadar da dükkân, iş yeri ve ahır gibi tek katlı yerlerimiz yıkıldı. 50 binden fazla canımızı toprağa verdik, bunun acısını söylemeye gerek yok. Maddi hasarı sorarsanız, 100 milyar doların üzerinde olduğu her seferinde ifade ediliyor. Kolay değil.” diye konuştu.

“AK PARTİLİ OLMAYAN İLÇELERE BİLE KOŞTUK”

Deprem gecesi AK Partili Belediyeleri bölgeye sevk ettiklerini ifade eden Özhaseki, parti ayrımı yapmaksızın AK Parti’nin olmadığı ilçelere bile yardıma koştuklarını vurguladı. Özhaseki, “O geceden itibaren bütün belediyelerimizi deprem bölgesine sevk ettik. Kayseri'mizi ilçeleriyle beraber Kahramanmaraş'a, Göksun'a, Elbistan'a, Pazarcık'a doğru hücum ettiler. Sadece Hatay'da 254 bin ev yıkılmış. 50 binden fazla iş yeri yıkılmış. Antakya'nın neredeyse yüzde doksanı yok arkadaşlar. Şu anda ayakta bulunan binalarda sırasını bekliyor yıkılmak için. Dehşet bir hasar. Oraya da Konya Belediyemizi, Kocaeli Belediyemizi, Bursa Belediyemizi, İskenderun'a da Denizli Belediyemizi görevlendirdik. Yüze yakın da ilçe belediye başkanı arkadaşlarımız orada aylarca görev yaptılar. Üstelik bazı ilçelerde AK Parti hiç yok. Meclis üyemiz bile yok. Defne'de, Samandağ'da vesaire. Ama olsun, biz hizmet ettik orada. Çünkü insan bizim insanımız. Aynı bayrağın altında yaşıyoruz. Aynı toprağı paylaşıyoruz. Çok şükür ülkülerimiz de aynı bizim. Hedeflerimiz de aynı. İnsanımıza hizmet ediyoruz. Her bir tarafa koştuk, gayret ettik.” şeklinde konuştu.

“200 BİNDEN FAZLA KONUTUN İNŞAATI BAŞLADI”

Deprem bölgesini hızla ayağa kaldırmak için çalıştıklarını ve şu anda 200 binden fazla konutun da inşaatını başlattıklarını ifade eden Bakan Özhaseki, sözlerini şöyle sürdürdü: “İnşallah onlar 3 ay sonra başlamak üzere peyderpey hak sahiplerine dağıtılacak. Bu arada ‘yerinde dönüştürmek isteyenlere de biz destek vereceğiz.’ dedik. 200 binden fazla vatandaşımız da ‘evet, biz yerinde yapacağız, bize destek verin.’ dediler. Onlar için de zaten şimdi çalışma başlıyor. Kurallarımızı koyduk, yapacaklarımızı ifade ettik. Orada çok hızlı vaziyet alarak, devlet olarak, hükümet olarak ne yapılması icap ediyorsa emin olun en hızlı biçimde yapıyoruz. Her gittiğimiz yerlerde de vatandaşlar bizlere teşekkür ediyorlar. ‘Allah razı olsun’ diyorlar. Yaptığımız evlerde de özellik arıyoruz. İyi olsun diye çalışıyoruz, gayret ediyoruz. Çünkü biz büyük devletler kurmuş, büyük medeniyetlere imza atmış bir milletin çocuklarıyız. Bizim ecdadımızın en önemli isimlerinden biri de Mimar Sinan'dır. En zor zamanlarda yaptığı eserler 400 sene, 500 sene ayaktadır. Şimdi nasıl olacak da bizler seneler sonra 300, 400 sene sonra geleceğiz, çok kötü işler yapacağız ve o evler de deprem geldiğinde yıkılacak? Bunlar bize yakışmaz. ”

“BİZ İŞİMİZİ GÜZEL YAPACAĞIZ”

Kur'an-ı Kerim'de de buyurulduğu gibi işleri en güzel şekilde yapanlardan olmayı önemsediklerini dile getiren Özhaseki, “Allah işini güzel yapanı sever diyor. Biz de işimizi güzel yapacağız. Kayseri'de ne yaparsak güzel yapacağız. Deprem bölgesinde ne yaparsak güzel yapacağız, iyi yapacağız. Sonra da insanlarımızın duasını alarak, inşallah Cenabıhakk'ın huzuruna yüz akıyla çıkacağız.” dedi.

Konuşmaların ardından, Bakan Özhaseki ve davetliler dualar eşliğinde Kocasinan Belediyesinin 38 yeni aracının teslimini gerçekleştirdi."
hatay_bld_0200,Hatay Belediye,belediye,hatay,4_local_campaign,2024-02-02,"BÜYÜKŞEHİR YOL BAKIM VE ONARIM ÇALIŞMALARINA DEVAM EDİYOR

Hatay Büyükşehir Belediyesi (HBB), Samandağ ve Antakya ilçelerinde vatandaşların güvenli ulaşımını sağlamak adına yol bakım ve onarım çalışmalarına kararlıkla devam ediyor.

HBB Fen İşleri Daire Başkanlığı tarafından Samandağ ilçesi Tomruksuyu Bedi Sabuncu Caddesi’nde başlatılmış olan beton asfalt çalışmaları tamamlanmış olup aynı mahallede bulunan Sivriler Caddesi’nde asfalt serimi öncesi zemin hazırlık çalışmalarına ise devam ediliyor.

Ayrıca HBB ekipleri, Antakya Akasya Mahallesi’nde depremden sonra tahribata uğrayan ve yayaların yürümekte zorluk çektiği kaldırımların onarım çalışmalarını gerçekleştiriyor.

İl genelinde vatandaşların konforlu ve güvenli ulaşımına yönelik tedbirler aldıklarını ifade eden Büyükşehir yetkilileri, şehir yaşamının iyileştirilmesi amacıyla ulaşım altyapılarını güçlendirme çalışmalarının yoğun bir şekilde devam ettiğini belirtti.

Yetkililer, çalışmalarına mesai kavramına bağlı kalmadan geceleri de devam ettiklerini vurguladı.

NOT: Haberin fotoğraflarını aşağıdaki linkten indirebilirsiniz:

Fotoğraf: https://we.tl/t-G6OUtwEdQ8"
kmaras_val_367,Kahramanmaraş Valiliği,valilik,kahramanmaras,5_post_local,2024-09-18,"Valimiz Mükerrem Ünlüer, beraberindeki heyetle birlikte Nurhak ilçemizde bir dizi ziyaret ve temaslarda bulundu.
 
Vali Ünlüer'e ziyaretlerinde, Büyükşehir Belediye Başkanı Fırat Görgel, İl Jandarma Komutanı Tuğgeneral Ali Gemalmaz, İl Emniyet Müdürü Nurettin Gökduman , AFAD İl Müdürü Tayfun Temur ve Çevre, Şehircilik ve İklim Değişikliği İl Müdürü Ahmet Şahin eşlik etti.
 
İlk olarak Nurhak Kaymakamlığını ziyaret eden Vali Ünlüer, Kaymakam Oray Güven’den, eğitim, sağlık ve asayiş hizmetleri başta olmak üzere ilçede yürütülen kamu hizmetleri hakkında bilgiler aldı.
 
Hükümet Konağı inşaatını da gezerek son durumu hakkında bilgiler alan Vali Ünlüer, Hükümet Konağının bir an önce bitirilerek Nurhak halkının hizmetine sunulması için çalışmalara hız verilmesi talimatında bulundu.
 
Daha sonra Nurhak Belediyesi’ne geçen Vali Ünlüer, Nurhak Belediye Başkanı İlhami Bozan ile bir süre görüşerek Nurhak Belediyesince yürütülen hizmetleri, imar çalışmalarını ve ilçede planlanan kamu yatırımlarında yürütülecek ortak çalışmaları istişare etti.
 
Belediye ziyaretinin ardından Sağlık Bakanlığımız tarafından deprem sonrası yatırım programına alınan ve yapımı devam eden 56 Yataklı Nurhak Acil Durum Hastanesi inşaatında incelemelerde bulunan Vali Ünlüer, firma yetkililerinden hastane inşaatının son durumu hakkında bilgiler aldı.
 
İlçeye bağlı Tatlar Mahallesi’nde yapımı devam eden köy konutlarının inşaatını da yerinde inceleyen Vali Ünlüer, afetzede vatandaşların yeni evlerine bir an önce kavuşmaları için tüm ilçelerimizde olduğu gibi Nurhak ilçemizde de hummalı bir çalışma sürdürüldüğünü söyledi.
 
Nurhak İlçe Jandarma Komutanlığı yeni hizmet binası inşaatında incelemelerde bulunarak bilgiler alan Vali Ünlüer, yaptığı ziyaret ve temasların ardından ilçe ziyaretini tamamladı. 
 
Vali Ünlüer, Kaymakam Oray Güven, Belediye Başkanı İlhami Bozan ve ilçe yöneticilerine çalışmalarında başarılar diledi."
tccb_031,TCCB,cumhurbaskanligi,kahramanmaras,1_post_quake,2023-03-06,"Aziz Milletim, Değerli Basın Mensupları, En kalbi duygularımla, saygıyla selamlıyorum. Cumhuriyet tarihinin en çok can kaybına, yıkıma, acıya yol açan 6 Şubat depremleri ve sonrasındaki artçı sarsıntılar sebebiyle milletimize bir kez daha geçmiş olsun dileklerimizi sunuyorum. Depremde hayatını kaybeden 46 bin 104 vatandaşımıza Allah’tan rahmet, yakınlarına sabır ve başsağlığı diliyoruz. Kahramanmaraş’ın Pazarcık ilçesi merkezli olarak 6 Şubat saat 04:17’de yaşadığımız 7,7 büyüklüğündeki ilk deprem anından itibaren devlet ve millet olarak tüm imkânlarımızı seferber ettik. Bakanlıklarımızın, kurumlarımızın, kuruluşlarımızın tamamının sahip oldukları tüm arama-kurtarma, yardım, destek kapasitelerini deprem bölgesine yönlendirdik. Yaklaşık 9 saat sonra meydana gelen Elbistan merkezli 7,6 büyüklüğündeki ikinci deprem felaketin sonuçlarını daha da ağırlaştırdı. Üst üste gelen bu iki deprem yakın tarihteki diğer afetlerden farklı olarak 11 ilimizdeki 62 ilçe ve 10 bin 190 köyümüzde birden yıkıma yol açtı. Depremin ülkemizde ve özellikle de bölgede ağır kış şartlarının hüküm sürdüğü günlerde yaşanması, işleri daha da güçleştirdi. Yıkımın ulaşımdan iletişime ve enerjiye kadar temel altyapıda yol açtığı hasarlar da ayrıca bir sıkıntı olarak karşımıza çıktı. Şehirlerimizin afetlere acil müdahalede bulunacak kamu ve sivil toplum insan kaynağının önemli bir kısmının da deprem yıkıntıları altında kalması ise hem trajik, hem pratik sonuçlarıyla zorlukları artırdı. Buna rağmen depremden özellikle de şehirlerdeki kamu personeliyle acil müdahale ekipleri süratle toparlanarak kendi acılarını bir kenara bırakıp milletimizin yardımına koştular. AFAD’ın koordinasyonunda ülkemizin 81 vilayetinin tamamındaki kamu gücünü saatler içinde deprem bölgesi için harekete geçirdik. Depremin hemen ardından yola çıkan bakanlarımız sabah 9’dan itibaren deprem sahasındaki şehirlere ulaşıp koordinasyonu üstlendiler. Her şehrimize en az bir, bazı illerimize daha fazla sayıda bakanımızı daimi olarak görevlendirdik. Ayrıca, tüm bakanlarımız deprem bölgesi şehirlerine defalarca giderek kendi sorumluluk alanlarıyla ilgili eksikleri tespit edip bunları hızla tamamlarken milletimizin acılarını da paylaştılar. Valiliklerimiz ve kaymakamlıklarımız başta olmak üzere tüm birimlerimizi ülkemizin dört bir yanından görevlendirdiğimiz mülki idare personeliyle takviye ettik. Milletvekillerimizin her birini hemen deprem bölgesi illerinde görevlendirerek, çalışmalara katkı vermelerini, depremzedelerimizin yanında olmalarını sağladık. Askerimiz depremden dakikalar sonra harekete geçerek diğer bölgelerden gelen takviyelerle birlikte üzerine düşen görevi bihakkın yerine getirdi, getirmeye devam ediyor. Polisimiz ve jandarmamız hem güvenliğin ve düzenin sağlanması, hem arama-kurtarma çalışmalarındaki destekleri, hem yardım faaliyetlerinin yürütülmesindeki hayati rolleriyle adeta destan yazdılar. Sağlık personelimiz kimi yerlerdeki zarar gören hastanelerimize rağmen yıkıntıların altından yaralı olarak kurtarılan insanlarımıza şifa dağıtmak için insanüstü bir gayretle çalıştı, çabaladı. Belediyelerimiz hem arama-kurtarma, hem yardım çalışmaları için başkanı, personeli, araç-gereçleri ile deprem şehirlerine koştu. Tüm AFAD ekiplerinin yanı sıra madencilerimizi, ormancılarımızı, DSİ ekiplerimizi, Karayolları ekiplerimizi arama-kurtarma çalışmalarına katılmak için hemen bölgeye gönderdik. Bölgede getirdiğimiz 18 bin iş makinesi, 116 helikopter, 75 uçak, 38 gemi de çalışmalara katıldı. Gerekli eğitime ve donanıma sahip tüm sivil arama-kurtarma potansiyelimizi değerlendirdik. Uluslararası yardım çağrımıza cevap veren NATO ve Avrupa Birliği dâhil, 90 ülkeden 11 bin 500’e yakın personele sahip profesyonel arama-kurtarma ekiplerini hızla sahaya dağıttık. Böylece toplamda 35 bin kişiyle dünyada eşi benzeri görülmemiş bir arama-kurtarma gücünü bir araya getirdik. Yardım ve destek personeliyle toplamda 271 bin kamu görevlimiz ve gönüllümüz deprem bölgesinde vazife üstlendi. Bireysel olarak gelenlerle yaklaşık yarım milyon insanın depremzedelerin imdadına koştuğu bir dönem yaşadık. Milletimizin bu zor günlerde gösterdiği tarihi dayanışma, geleceğimize daha bir güvenle bakmamızı sağlamıştır. Ancak yıkım öylesine çok, yıkım alanı öylesine büyük, iklim ve saha şartları öylesine zorluydu ki yine de çalışmaların ilk anlarında arzu ettiğimiz hıza ve etkinliğe ulaşamadık. Şartların önümüze çıkardığı engellere elbette teslim olmadık. Kapanan yolları süratle açarak, yıkılan altyapıyı hızla kullanılabilir hale getirerek, kamunun ve özel sektörün elindeki tüm araç ve insan gücünü devreye alarak kısa sürede düzeni sağladık. Önceliğimizi arama-kurtarma çalışmalarına verdik. İdeal bir arama-kurtarma ekibinin 80 kişiden, en az da 20 kişiden oluşması gerekiyor. Bir başka ifadeyle asgari personel sayısıyla bile aynı 1750 binaya müdahale imkânı vardı. Yıkılan ve dolayısıyla arama-kurtarma yapılması gereken bina sayısı ise, bırakın ekip sayısını toplam arama-kurtarma personeli sayısı kadardı. Buna rağmen ekiplerimiz yıkıntılar altındaki son canlı insanımızı da oradan sağ salim çıkartabilmek için günlerce durup dinlenmeden çalıştı, çabaladı. Sonuçta belki de bu çapta bir felakette dünyada örneği olmayan bir şekilde, neredeyse depremin 10. gününde arama-kurtarma çalışmalarının çoğunu tamamlamayı başardık. Yıkıntıların altından çıkan her canlı insanımızla 85 milyon hep birlikte sevinç gözyaşlarına boğulduk. Hayatını kaybeden her bir insanımızla da yüreklerimiz dağlandı, üzüntümüz gözyaşı olup yanaklarımızdan süzüldü. Bugün depremin dördüncü haftasını geride bırakırken geriye dönüp baktığımızda yaşadığımız afetin büyüklüğünü daha iyi görüyor, kayıplarımızın acısını daha derinden hissediyoruz. Rabbim ülkemizi ve milletimizi her türlü afetten, kazadan, beladan muhafaza etsin diye duada bulunuyoruz. Aziz Milletim, Depremin yol açtığı geniş yıkım, geride kalan insanlarımızın hayatını da fevkalade zorlaştırdı. Deprem bölgesindeki 11 ilimizde yıkık, acil yıkılacak ve ağır hasarlı, yani artık kullanılamaz hale gelmiş bina sayısı 230 bini, buralardaki bağımsız bölüm sayısı da 645 bini buluyor. Evi hasarsız veya az hasarlı olan vatandaşlarımızın bir kısmı da devam eden artçı sarsıntılar sebebiyle yaşadıkları kaygıyla evlerine giremiyor. Hâlihazırda 3 milyon 320 bin insanımız deprem bölgesinden tahliye edilerek diğer illerimize gitti. Bölgedeki 800 bin insanımız ise şehirlerden ayrılarak köylerine sığındı. Deprem bölgesinde kalan 1,5 milyonu aşkın insanımız çadırlarda, 53 bin insanımız konteynerlerde, 123 bin insanımız milli eğitim kurumları başta olmak üzere kamu tesislerinde hayatını sürdürüyor. Ülke genelinde Gençlik Spor Bakanlığı yurtlarımızda 160 bine, otellerde 137 bine yakın depremzedeyi misafir ediyoruz. Bölgede faaliyet yürüten kamu ve sivil yardım kuruluşlarımız her gün 5 milyon 800 bin insanımıza hizmet veriyor. Çadırlarda barınmanın zorluğu ile diğer şehirlerimize giden insanlarımızın bir an önce evlerine geri dönmek istediklerini bildiğimiz için konteyner şehirlerin kurulumuna hız verdik. Konteyner kentleri elektriğiyle, suyuyla, kanalizasyonuyla, yoluyla, sosyal tesisleriyle, adeta yeni bir yerleşim yeri altyapısıyla kuruyoruz. Tabii bu da biraz vakit alıyor. Amacımız, 2 aya kadar 100 bin konteyner kurarak, yarım milyon depremzedeyi daha iyi şartlarda barınabilecekleri bu alanlara taşımaktır. Gerekirse konteyner sayısını daha da artırabiliriz. Ülkemizdeki üretimi ve yurt dışından gelen hibeleri bu doğrultuda seferber ettik. Ve bu noktada barınma sorunu yanında şehirlerimizin günlük hayatlarının ayrılmaz bir parçası olan ticari faaliyetlerin ayağa kaldırılması konusuna da önem veriyoruz. Esnafımız hasarsız iş yerlerini açmaya, fabrikalarımız üretime başladı. Yıkılan veya kullanılamaz hale gelen iş yerleri için de mobil çözümler geliştiriyoruz. Bugüne kadar 6 bin geçici ticarethane kurarak esnafımızın hizmetine verdik. Ayrıca, TESKOMB’un sponsorluğunda 3 bin konteynerden oluşan çarşılar kuruyoruz. Bölgenin ayağa kaldırılmasında kritik öneme sahip sanayi tesisleri, fabrikalar, işletmeler ve diğer istihdam alanları için gereken tüm destekleri sağlayacağız. Şehirlerimizi inşa ve ihya çalışmalarımızı yeni organize sanayi bölgeleri, sanayi siteleri, ticaret merkezleriyle birlikte planlıyoruz. Deprem bölgesindeki işletmelerin KOSGEB’e olan 2023 borçlarını felakette hayatını kaybeden işletmecilerimizin ise tüm borçlarını siliyoruz. Cazibe merkezleri destekleme programını tüm deprem bölgesi ilçelerimize teşmil ederek hepsinin de altıncı bölge desteklerinden yararlanabilmesini temin ediyoruz. Kalkınma ajanslarımızın tüm kaynaklarını afet bölgesi şehirlerine aktararak, projelerin finansmanındaki devlet katkısını en üst seviyeye çıkartıyoruz. Bireysel ve KOBİ kredilerinin ödemelerindeki ertelemeler yanında, daha önce açıkladığımız 250 milyar liralık KGF destekli kredi paketine 100 milyar lira daha ilave ettik. Depremde ağır hasara uğrayan yerlerde dükkânlarını hemen faaliyete geçirmek isteyen esnaf ve sanatkârlarımıza 250 bin liraya kadar 12 ayı ödemesiz 60 ay vadeli, yarısını da Hazine’nin ödeyeceği yüzde 7,5 faizli kredi veriyoruz. Kısa çalışma ödeneği ve nakdi ücret desteği uygulamalarını da bölgedeki istihdamı güçlendirmek için devreye alıyoruz. Toplum yararına çalışma programıyla bölgeye sağladığımız istihdamı özellikle ihtiyaç sahibi ailelere öncelik vererek 50 bin kişiye çıkartıyoruz. Aynı şekilde çocuklarımızın eğitiminin aksamaması için de gayret gösteriyoruz. Çadırlarda, konteynerlerde kurduğumuz eğitim yuvalarında evlatlarımızı hem yeniden okula hazırlıyor, hem depremin ruh dünyalarında yol açtığı tahribatı gidermeye çalışıyoruz. İllerin okulların binalarının durumlarına göre kademeli olarak ilk ve orta dereceli eğitim kurumlarımızı açmaya başladık. İlk etapta 3 ilimizde 1 Mart’ta başlayan eğitim-öğretim, 3 ilimizde 13 Mart’ta, 4 ilimizde ise 27 Mart’ta devreye girecek. Depremzede vatandaşlarımıza psikososyal destek vermek için 8 bin personelimiz sahada görev yapıyor. Sağlık hizmetlerini, hastaneler yanında ihtiyaç duyulan yerlerde kurulan mobil sağlık merkezlerinde eksiksiz olarak sunmanın gayreti içindeyiz. Çiftçilerimizin üretime devam edebilmelerini temin amacıyla, kendilerine destek ödemelerinin peşin yapılmasından yem ve gübre katkısına kadar her türlü kolaylığı gösteriyoruz. İnsanlarımızın barınma taleplerini karşılarken, diğer ihtiyaçlarını da ihmal etmiyoruz. Bugüne kadar 1 milyon 61 binden fazla depremzedeye hane başına 10 bin lira acil yardım ödemesi yaptık. Evleri kullanılamaz hale gelen depremzedelerimize hane başı 15’er bin lira taşınma yardımı ödemesine başladık. Kiraya çıkan depremzedelere 3 bin lira ile 5 bin lira arasında destek veriyoruz. Yakınları vefat eden depremzedelerimize de 100’er bin lira ödüyoruz. Diğer şehirlere giden depremzedelerimize hem valilik ve kaymakamlıklarımız, hem belediyelerimiz, hem sivil toplum kuruluşlarımız, hem vatandaşlarımız sahip çıkıyor. Bu insanlarımızın barınmadan gıda ve giyime kadar tüm ihtiyaçlarının el birliği ile karşılandığı dünyaya örnek olacak bir dayanışma görüyoruz. Hiç şüphesiz, gerek depremin ilk günlerinde, gerek daha sonraki süreçte canımızı acıtan istisnai örneklere de şahit olduk. Aldığımız tedbirler, hayata geçirdiğimiz uygulamalar ve gösterdiğimiz kararlı duruşla bunları kısa sürede aştık. Devletimizin gücü ve milletimizin alicenaplığı öylesine büyüktü ki, bu kötü emsaller önemsiz birer teferruat olarak kaldı. Hamdolsun, 4 haftanın sonunda arama-kurtarma çalışmalarını tamamladığımız, barınma ve gıda sorunlarını çözdüğümüz, enkaz kaldırma çalışmalarına hızla devam ettiğimiz bir yere geldik. Sadece yıkık ve acil yıkılacak olarak hızla enkazını kaldırmamız gereken 50 bin bina var. Bir yandan da insanlarımızı en kısa sürede yeni evlerine taşımak istiyoruz. Bunun için en önemli gündemimiz, insanlarımızı bir an evvel güvenle ve huzurla yaşayacakları yeni evlerine kavuşturmaktır. Amacımız, önümüzdeki 2 ay içinde 244 bin konutun ve 75 bin köy evinin inşasına başlamaktır. Bugün itibariyle bunlardan yaklaşık 22 bininin inşasına geçilmiştir. Mevcut planlamaya göre 405 bini konut ve 83 bini köy evi olmak üzere toplamda 488 bin yeni hane yaparak vatandaşlarımıza teslim edeceğiz. Hatta bu sayıya yaklaşık 40 bin binadaki 164 bin orta hasarlı bağımsız bölümü ekleyecek çalışmayı da başlatıyoruz. Kamu binalarını da öncelik sırasına göre yine TOKİ eliyle yapacağız. Hasar tespit çalışmaları tamamlandığında bu sayı kesinleşecektir. Yeni yerleşim yerlerini yüksekliği 3 veya 4 katı geçmeyecek binalarda 3 oda 1 salon olarak yerel mimariye uygun şekilde altyapısıyla, okuluyla, sağlık merkeziyle, camisiyle, çarşısıyla, parkıyla başlı başına bir yaşam alanı olarak tasarlıyoruz. Yıkılan binaların olduğu yerlerdeki ihya çalışmalarını zemini uygunsa seyreltilmiş yoğunluğa göre yürüteceğiz. Hak sahiplerine konutlarını bir yıl içinde teslim etmeyi hedefliyoruz. Deprem bölgelerindeki şehirlerimizin yeniden inşası ve ihyası sürecini, son 20 yıldaki tecrübelerimiz ışığında hamdolsun hızla ve etkin şekilde yürütebilecek bir birikime sahibiz. Bugüne kadar 1 milyon 180 bin insanımızı ev sahibi yapan TOKİ, teknik yeterliliği ve uygulama kabiliyetiyle depremden alnının akıyla çıktı. Son olarak TOKİ vasıtasıyla 500 bin konut, 1 milyon altyapılı arsa ve 50 bin işyeri projesiyle milletimizin huzuruna çıkmıştık. Depremde yıkılan şehirlerimizi yeniden ayağa kaldırma sürecini de TOKİ vasıtasıyla yaparak ülkemizin elindeki bu imkânı en iyi şekilde değerlendireceğiz. Hayatını kaybeden vatandaşlarımızı geri getiremeyiz, ama bunun dışındaki tüm yıkımları, tüm zararları, tüm kayıpları telafi etme kararlılığına sahibiz. Deprem bölgesindeki şehirlerimizde hayat tamamen normale dönmeden, bize durmak, dinlenmek haramdır. Aziz Milletim, Hükümet olarak bugüne kadar ülkemizi depreme ve diğer afetlere hazırlamak için kapsamlı çalışmalar yaptık. Deprem yanında sel, yangın, heyelan, kuraklık gibi tabiat olaylarıyla çevremizdeki siyasi ve sosyal krizlerin ülkemize muhtemel etkilerine karşı alacağımız tedbirleri sonraki müdahale adımlarıyla detaylıca planlıyoruz. Nitekim bizi şuradan hatırlamanız lazım: Van, Elazığ, Malatya, İzmir depremlerinde, Antalya, Muğla yangınlarında, Kastamonu, Bartın, Giresun sel afetlerinde bu konularda hükümetimiz çok ciddi ve başarılı sınavlar verdi. İlkini tam da deprem günü Kahramanmaraş’ta uygulamaya koyacağımız afete hazırlık planlarıyla ülkemizin tamamını kuşatan yeni hazırlıklar içindeydik. Yaklaşık 10 yıldır mücadelesini yürüttüğümüz kentsel dönüşüm projeleri de Türkiye’nin afet hazırlık çalışmalarından biriydi. Ancak, 6 Şubat’ta bir kez daha gördük ki felaketler bizim hazırlıklarımızı beklemiyor. Dolayısıyla artık her ne yapacaksak daha hızlı, daha kararlı, daha etkin şekilde hayata geçirmemiz gerekiyor. Tek başına kentsel dönüşüm projelerinde yaşadığımız sıkıntılar bile afetlerle mücadelede yeni bir anlayışı ve yöntemi hayata geçirmemizin şart olduğunu gösteriyor. Milletimiz şahittir, kentsel dönüşüm projelerinin bir an önce tamamlanması, bu adımlara engel olunmaması için adeta yalvardık. Bu konunun siyasetin malzemesi olamayacak kadar hayati öneme sahip bulunduğunu, kaybedilen her anının bizi göz göre göre gelen büyük yıkımlara ve kayıplara biraz daha yaklaştırdığını söyledik. Türkiye’nin İkinci Dünya Savaşı sonrası yaşadığı kontrolsüz köyden kente göç akını şehirlerimizin sadece çevresinde sağlıksız yapılaşmaya yol açmakla kalmamış, merkezlerini de felç etmiştir. Bu şekilde ortaya çıkan kalitesiz yapı stokumuz bir süre sonra en büyük baş ağrımız haline dönüşmüştür. Tek çözüm şehirlerimizi mümkün olan yerlerde mahallinde, mümkün olmayan yerlerde ise çevredeki uygun alanlarda tekrar inşa etmektir. Kentsel dönüşüm projeleriyle bugüne kadar yenilediğimiz 3,3 milyon konut elbette önemlidir. Biz sürekli 15 yıldır kentsel dönüşüm dedik, başta Ana Muhalefet olmak üzere yavru muhalefet onlar ise biz kentsel dönüşüme karşıyız dediler, bununla ilgili çeşitli kalkıp mitingler yaptılar, vatandaşı topladılar. Ve şimdi de o vatandaş bizim önümüzü kesiyor, ne olur gelin bizim de binalarımızı artık yıkın. Ama bak biz 10 sene önce, 15 sene önce size kentsel dönüşüm dedik, eğer o zaman bizim bu talebimize uysaydınız bugün bu binalar bitmiş olacaktı. İşte benim oturduğum yer, Üsküdar Burhaniye’de oturuyordum, yalvardım, ama kabul ettiremedim. Şimdi ise o çevrede dört dörtlük binalar yapıldı, binaların her biri birbirinden güzel, zemin+3, bu güzellikteki binalarla adet caddeler ağaçlandırmasıyla, yeşiliyle, bütün peyzajıyla çok çok farklı bir görüntü ortaya koyuyor. Bu hafta yine Vahdettin Köşkü’ne giderken vatandaş önümü kesti, ne olur işte bizim buraya da başlayın. Ama bak sonra vazgeçmeyin. Hayır, kime bizi havale ediyorsan et, Sayın Başkan, ne olur bizim buraya da başlayın. Tabii arkadaşlarımıza talimatı verdik, tamam dedik, inşallah buraya da başlayacağız. Yani zaman su gibi akıp gidiyor, öbür tarafta bakıyorsun bay bay Kemal gidiyor mitingler yapıyor, sakın ha diyor, burada denize nazır evler yapılacakmış diyor. Tabii ki denize nazır evler de yapılacak, ama kime yapılacak? Biz bunu kendimize yapmıyoruz ki, burada oturan vatandaşımıza yapacağız. Diyoruz ki; ne olur gelin şu anda oturduğunuz imara aykırı olan bu evlerden kurtulun ve size gerçekten yakışan evleri bir an önce yapalım. Basın mensuplarına da tavsiye ederim, Üsküdar Küplüce’ye gidin, Çamlıca Camii’nin altındaki yeni yapılan yerlere bir gidin, oraları görmenizde fayda var. Şu anda halen 81 ilimizde 250 bin konutun yenilenmesi, ayrıca TOKİ’nin sosyal projelerinizde de ilave 250 bin konutun inşası sürüyor. Yıllarca önümüzü kestiler. Fikirtepe, bir kısmı Kadıköy’de, bir kısmı Üsküdar’da; yaptırmadılar, ama şimdi yapılıyor. Eğer önümüz kesilmemiş olsaydı, oralar da bitmiş olacaktı. Öyle mi Sayın Bakanım? Ama hep önümüzü kestiler. Son depremlerde yıkılan binaların yüzde 98’nin 2000 yılı öncesi inşaatlar olması, son dönemde özel sektörümüzün de bu konuda mesafe kat ettiğine işaret ediyor. Bunun istisnası olan her hadiseyi yakından takip ediyor ve gereğinin yapılmasını sağlıyoruz. Ama şu gerçeğin altını bir kez daha çizmemiz de şarttır: Kimi muhalefet partilerinin, kimi belediyelerin, kimi sivil toplum kuruluşu görünümlü ideolojik yapıların, hatta kimi de tahriklere kapılan vatandaşımızın kurbanı kentsel dönüşüm projelerindeki kayıplar bizi büyük bir tehditle karşı karşıya bıraktı. İstanbul başta olmak üzere ülkemizde 6,5 milyon yapının acilen dönüşmesi gerçeği karşımızda dururken, siyasi hesaplar ve bireysel hırslarla süreci geciktirmenin vebali çok ağırdır. Buradan bir kez daha tüm vatandaşlarıma 6 Şubat acılarını tekrar yaşamamak için eski ve riskli binalarını en kısa vakitte kentsel dönüşüme sokmaları çağrısında bulunuyorum. Özellikle de hep İstanbul konuşuluyor, ama ben buradan şimdi Ana Muhalefetin başındaki zata da konuşuyorum; İzmir, İzmir’in Karabağlar semti. Karabağlar’ın süratle bir kentsel dönüşüm ve değişime ihtiyacı var. Hadi bakalım İzmir’in belediyesi zat-ı şahanelerinde, niye burayla ilgili bir çalışma yapmadınız? Hadi yapın çalışmayı. Karabağlar’ı şöyle bir değiştirin, dönüştürün, bir adım atın be; yok yok. Orada yaşayan insanlar insan değil mi? Onlar için ideal konutlara kavuşma ve bunların içinde yaşama hakları yok mu? Oranın aynı zamanda milletvekilisin ve şu anda da Ana Muhalefet olarak baştasın, hadi bakalım. Büyükşehir Belediye Başkanı’na söyle ne yapacaksa yapsın görelim, biz de alkışlayalım. Yapamazsınız, sizin öyle bir derdiniz yok, öyle bir aşkınız yok. Aynı şey Ankara için de geçerli, hadi yapın. Ankara Büyükşehir sizde, atın adımları. İstanbul’da KİPTAŞ’ın kurucusu benim, Belediye Başkanlığımda kurdum. Şimdi KİPTAŞ onlarda yapın bir şey ya, yok yapamazlar. Dertli olmak lazım dertli, eğer derdiniz yoksa hiçbir şey yapamazsınız. Kentsel dönüşüm projelerini hızlandırmak için uzun vadeli, sübvansiyonlu bir finans yönetimini de önümüzdeki günlerde hayata geçiriyoruz. Geçtiğimiz Cuma günü İstanbul’da Dolmabahçe’de farklı ihtisas alanlarından 110 bilim insanımız ve uzmanımızla yaptığımız toplantıda tüm bu hususları enine-boyuna değerlendirdik. Bu afetlere karşı nasıl tedbirler alacağız, tüm ilim adamlarıyla bunu değerlendirdik. Ve yaptığımız bu görüşmeleri hepsini kayda aldık. Bu vesileyle de Türkiye Ulusal Risk Kalkanı Modeli Toplantısına iştirak ederek katkı veren tüm bilim insanlarımıza ve uzmanlarımıza bir kez daha şahsım, milletim adına teşekkür ediyorum. Bu toplantıda afetler konusunda tespit ve tekliflerde büyük ölçüde fikir birliği olduğunu gördük. Ülkemizin karşı karşıya bulunduğu risklerin bütüncül bir anlayışla öncesi, afet anı ve sonrasıyla beraber değerlendirilerek hukuki altyapısı ve uygulama yöntemlerinin buna göre belirlenmesi gerekiyor. Biz de bu tabloya bakarak Cumhurbaşkanlığı politika kurullarına risk ve afet konularıyla ilgili çalışmaları takip edecek yeni bir kurul ekleyeceğimizi oradaki hazirunla paylaştık. Yeni bir kurul, Dolmabahçe’deki Türkiye Ulusal Risk Kalkanı Modeli Toplantısı’ndaki her tespiti ve teklifi dikkate alarak, yol haritamızı sürekli geliştirmek suretiyle çalışmalarımıza devam edeceğiz. Afet Yasasından afet yönetiminin özellikle de kurumsal yapısının güçlendirilmesine kadar pek çok alanda yapacağımız çalışmalar için şimdiden hazırlıkları başladık. Sadece şehirlerimizi değil toplumumuza da afetlere karşı dirençli hale getirmek istiyoruz. Bu da ancak Hükümeti, bakanlıkları, kurumları, belediyeleri, sivil toplumu, vatandaşı dahil tüm unsurlarıyla ülkemizde topyekûn anlayış birliği, uygulama bilinci, denetleme kararlılığı sağlamamızla mümkündür. İnşallah yeni dönümde bunu mutlaka başaracağız. Aziz Milletim, Tarih bize bir ülkenin her şeyi yerle bir olsa bile medeniyet ve kültür bilincine sahip tek bir ocaktan milletin yeniden dirilebileceğini, aksi bir durumda ise milyonluk yığınların anlam ifade etmeyeceğini gösteriyor. Deprem bölgelerimizin yeniden inşası ve ihyasını planlarken maddi telafiyle birlikte ruhlarımızda açılan yaraların tedavisini, yani manevi gücümüzü tahkim etmeye de önem veriyoruz. Türkiye 1999 depremini yaşadığında kişi başına, bakın burası çok önemli, kişi başına bizim milli gelirimiz neydi biliyor musunuz? 2800 dolar. Şimdi elhamdülillah 10 bin doları aştık; nereden nereye. Bu neyle oldu? İstikrar ve güvenle oldu. Kendimize inandık, azmettik. Peki, bu yeter mi? Hayır, bu da yetmez. Bizim bunu bir defa 15-20 buralara çıkarmamız gerekiyor ve bunu da inşallah önümüzdeki dönem de çıkaracağız, ama bunu istikrar ve güven ikliminden aldığımız güçle yapacağız. Ve değerli kardeşlerim; 20 yılda asırlık eksiklerini tamamladığımız sağlam bir altyapıya, bölgesel ve küresel düzeyde pek çok avantaja sahibiz. Böyle bir Türkiye sadece depremin yol açtığı sıkıntıları kısa sürede aşmakla kalmayacaktır. Milletçe yaşadığımız bu büyük felaketi çıkardığımız dersler ve geleceğimize olan güvenimizin verdiği motivasyonla daha büyük bir atılımın vesilesi haline getirebiliriz. Şehirlerimizi yeniden kurarken sadece beton ve demir yığınlarından oluşan binalar yapmayacak, maziden atiye uzatacağımız köprülerle onları ruh verecek, anlam katacak kimlikler de kazandıracağız. Bu akşam arkadaşlarımızla onu konuştum, bütün kamu binalarında lütfen şuna dikkat edeceğiz: Ne olursa olsun, nasıl bazı hastanelerimizde bizim şu anda ne var? Sismik izolatörler var. Bunu kamu binalarımızda, özellikle de hastanelerimizde, okullarımızda bunu yaygınlaştırmamız lazım. Yaygınlaştıralım ki huzur bulalım. Bizlere bu toprakları vatan olarak bırakan ecdadın ve deprem yıkıntıları altında hayatlarını kaybeden insanlarımızın emanetine ancak bu şekilde sahip çıkabileceğimize inanıyorum. Biz tarihin her döneminde olduğu gibi bugün de bir medeniyet tasavvuru, kültür ve sanat zevki olan bir milletiz. Şair öyle diyor: “Bir zamanlar biz de millet, hem nasıl milletmişiz: Gelmişiz, dünyaya millet, milliyet nedir öğretmişiz!” Biz böyle bir milletiz, bizi kimse öyle sağda, solda, sokakta bulmadı. Küllerinden ayağa kalkan bir milletiz. Evet, son 70 yılda siyasi, ekonomik, sosyal şartların getirdiği bir fetret dönemi yaşadık, ama bu ara dönem artık geride kaldı. Depremde yıkılanla birlikte tüm şehirlerimizi sadece maddi unsurları ve altyapısıyla değil medeniyet ve kültür değerleriyle de, dünüyle, bugünüyle, yarınıyla bir bütün olarak ayağa kaldırmak boynumuz borcudur. Tarihi ve kültürü fanus içine sıkıştırılamayacak kadar zengin bir coğrafyaya sahibiz. İşte Hatay, Antakya, düşünün tamamen orası bir kültürler coğrafyası. Müslüman var, Musevi var, öbür tarafta Hristiyan da var, hepsi bir arada, ibadethaneleri bir arada. Bu zenginliği yeni yerleşim yerlerimizde de yaşatacağız. Öncelikle depremin zarar verdiği tüm tarihi ve kültürel varlıklarımıza hassasiyetle sahip çıkacağız. İnsanımızın kimliğini biçimlendiren hiçbir maddi ve manevi kültür varlığımızı ihmal etmeyeceğiz. Yeni yerleşim yerlerini de kültür merkezleriyle, kütüphaneleriyle, müzeleriyle, camileriyle, velhasıl tüm donanımlarıyla medeniyet tasavvurumuzu hayatın her alanında gerçekleştirebileceğimiz şekilde kuracağız. Kentsel dönüşüm projelerinin de bu esaslar dahilinde yürütülmesini sağlayacağız. Fay hatlarına, dere yataklarına, heyelan bölgelerine bina yapıldığı dönem artık bitmiştir. Bu konuda sorumluluğu yerine getirmeyen kurumlardan hesap sormayı en önemli vazifemiz olarak kabul ediyoruz. Milyonların yüreğine ateş düşürmektense, kimliğine bakmaksızın istismar peşinde olan bir avuç muhterisin ve ihmali ile bu duruma sebebiyet verenlerin canını yakmaktan asla kaçınmayacağız. Tarihi tekerrür ettirmemek için, yaşadıklarımızdan, kayıplarımızdan, acılarımızdan ibret alacağız. Diğer yandan şu gerçeği de unutmamamız gerekiyor: Ülkemizin 6 Şubat’ta yaşadığı depremler 11 şehrimizde yol açtığı yıkım yanında, insani ve ekonomik sonuçlarıyla diğer 70 vilayetimizde de etkisi hissedilen genel bir afete dönüşmüştür. Türkiye’nin asrın felaketi olarak tanımlanan bu afetlerinin yaralarını sarması, doğrudan ve dolaylı etkilerini toparlaması için güçlü bir yönetime, güçlü bir siyasi iradeye ihtiyacı vardır. Yıkım alanı ve etkisi itibariyle dünyada eşi benzeri görülmemiş böyle bir felaketin üstesinden gelmek, devletimizle birlikte vatandaşımızın bekasını güvence altına almak, şehirlerimizi ve toplumumuzu afetlere karşı dirençli hale getirmek, tüm bunlar ancak siyasi istikrar ikliminin tahkimiyle mümkündür. Görüldüğü gibi, bizim tek gündemimiz depremdir, deprem yaralarını sarmaktır, ülkemizi ve şehirlerimizi afetlere hazırlamaktır. Aziz Milletim, Seçim süreci, beraberinde getirdiği yıpratıcı siyasi gerilimler ve gündemi uzunca bir süre kilitlemesi sebebiyle ister istemez bu çabaları gölgeme riski taşıyor. Hâlbuki Türkiye’nin ihtiyacı, deprem bölgesindeki yaraları saracak ve ülkenin tüm kayıplarını hızla telafi edecek bir odaklanmadır. Bunun için de gündem sapmasına yol açacak seçim sürecinin bir an önce geride bırakılması, ülkenin seçim gerilimi ve tartışmalarından hızla çıkması şarttır. Seçimlerin daha önce açıkladığımız 14 Mayıs tarihinde yapılmasının bize bu imkânı vereceğine inanıyoruz. Bizim seçim sürecindeki gündemimiz yine deprem olacaktır, yine depremin yol açtığı maddi ve manevi kayıpların telafisi olacaktır. Ülkemizin bir bölümü yıkılmış, 10 milyon insanımız evinden, işinden, huzurundan olmuşken, siyasi çekişmelerle, polemiklerle, kavgalarla örülü bir seçim kampanyası yapmayı içimize sindiremeyiz. Biliyorsunuz, depremin ilk gününden itibaren asla siyasi tartışmalara girmedik, söylenen her şeyi, sergilenen her tutumu not ettiğimizi belirtmekle yetindik. Milletimizi devletine karşı tahrik edenleri de, yalan ve iftiralarla çalışmaları tehlikeye atanları da, kamu görevlilerimiz ve vatandaşlarımız bölgede mücadele ederken rahat koltuklarında ahkâm kesenleri de, insanımız can derdindeyken mal bölüşümü derdine düşenleri de, kısacası gördüğümüz, duyduğumuz her şeyi not ettik. Depremzedelerimizin yaralarını sarıp yüzlerini güldürene kadar bu notları tutmayı sürdüreceğiz. Ülkemiz bu felaketin izlerini silip yeniden normal gündemine döndükten sonra ise herkese hak ettiği cevabı verecek, herkes hak ettiği muameleye tabii tutacağız. O güne kadar milletimize ve özellikle de depremzede vatandaşlarımıza olan hürmetimiz gereği başka bir gündemle, başka bir tartışmayla meşgul olmayacağız. Esasen Türkiye’nin böyle bir vakit kaybına, enerji israfına, dikkat dağınıklığına tahammülü de yoktur. Bunun için, Türkiye için hemen şimdi diyoruz, Kahramanmaraş için hemen şimdi diyoruz, Hatay için hemen şimdi diyoruz, Adıyaman için hemen şimdi diyoruz, Malatya için hemen şimdi diyoruz, Gaziantep için hemen şimdi diyoruz, Osmaniye için hemen şimdi diyoruz, Kilis için hemen şimdi diyoruz, Adana için hemen şimdi diyoruz, Şanlıurfa için hemen şimdi diyoruz, Diyarbakır için hemen şimdi diyoruz, Elazığ için hemen şimdi diyoruz, bunlarla birlikte ülkemizin diğer 70 vilayetinin her bir içi hemen şimdi diyoruz. İnşallah, 10 Mart Cuma günü anayasanın bize verdiği yetkiye dayanarak alacağımız seçim kararının ertesi gün Resmi Gazetede yayımlanmasıyla süreci başlatıyoruz. Tabii kararın yayımlandığı 11 Mart itibarıyla seçim takvimiyle ilgili hususlar Yüksek Seçim Kurulu’nun yetki alanına girmektedir. Bu süreçte başka ile taşınan, başka ildeki yurt ve misafirhane gibi yerlerde konaklayan, çocuğunun kaydını başka ile alan, sağlık nedeniyle başka ile giden, seçmen kütüğünü yaşadığı yere nakleden, velhasıl hangi sebeple olursa olsun 6 Şubat felaketinden sonra ikametgâhını veya seçmen kaydını değiştiren depremzedelerimizin kendilerine sağlanan hak ve imkânlardan mahrum kalmamalarını sağlayacak bir Cumhurbaşkanlığı kararnamesini de yayınlıyoruz. Depremle ilgili çalışmalarımızın ve seçim sürecinin ülkemize ve milletimize hayırlı olmasını diliyorum. Sözlerime son verirken, milletimizin ve tüm İslam âleminin bu gece idrak edeceğimiz Ramazan-ı Şerifin müjdecisi Leyle-i Berat’ını tebrik ediyorum. İnşallah Leyle-i Berat bütün bu afetlerden kurtuluşumuzun da bir vesilesi olsun. Bu mübarek gecenin ülkemize, milletimize ve tüm insanlığa hayırlar getirmesini Rabbim niyaz ediyorum. Hepinizi sevgiyle, saygıyla selamlıyorum, kalın sağlıcakla."
csb_0636,CSB,bakanlık,hatay,5_post_local,2024-04-25,"23 NİSAN ETKİNLİKLERİ, DEPREM BÖLGESİNDE DE DEVAM EDİYOR

Çevre, Şehircilik ve İklim Değişikliği Bakanlığı tarafından düzenlenen 23 Nisan etkinlikleri deprem bölgelerinde de devam ediyor. Hatay ve Kahramanmaraş’ta gerçekleştirilen etkinliklerde doyasıya eğlenen çocuklar, Sıfır Atık standına da büyük ilgi gösterdi. Çocuklar, “Çok eğleniyoruz, çok güzel vakit geçiriyoruz. Bu etkinliği düzenlediği için Çevre, Şehircilik ve İklim Değişikliği Bakanlığımıza çok teşekkür ediyoruz. Bakan amcamıza da sevgilerimizi iletiyoruz.” dedi.

Çevre, Şehircilik ve İklim Değişikliği Bakanlığı, 23 Nisan Ulusal Egemenlik ve Çocuk Bayramı nedeniyle Ankara’nın yanı sıra deprem bölgelerinde kutlama etkinlikleri düzenledi. Bakanlık Eğitim ve Yayın Dairesi Başkanlığı tarafından Hatay ve Kahramanmaraş’ta düzenlenen etkinliklerde oyun parkurundan tiyatroya, beceri ve zekâ oyunlarından bilgi yarışmasına kadar birçok aktivite düzenlendi. Afetzede çocuklar 23 Nisan etkinliklerinde gönüllerince eğlendi.

SIFIR ATIK ÇALIŞMALARINA YOĞUN İLGİ

Dün Hatay’da bugün de Kahramanmaraş’ta düzenlenen 23 Nisan Ulusal Egemenlik ve Çocuk Bayramı kutlama etkinliklerinde, çocuklar Sıfır Atık standına da büyük ilgi gösterdi. Cumhurbaşkanı Recep Tayyip Erdoğan’ın eşi Emine Erdoğan Hanımefendi’nin himayelerinde bir dünya markası haline gelen Sıfır Atık çalışmaları hakkında bilgilendirilen çocuklar, uygulamalı olarak atıkları ayrıştırma fırsatı da buldu. Birbirinden renkli etkinliklerde oyun parkını dolduran çocuklara ikramlar da yapıldı.

“BAKAN AMCAMIZA SEVGİLERİMİZİ İLETİYORUZ”

25 Nisan’da Hatay’da, 26 Nisan’da ise Kahramanmaraş’ta gerçekleşen etkinlere katılan çocuklar, doyasıya eğlendi. Depremzede çocuklar hem kaliteli hem de eğlenceli vakit geçirdiklerini belirterek, “Kaydıraktan kaydık, balon parkta oynadık, sihirbaz gösterilerini izledik. Her şey mükemmeldi. Çok eğleniyoruz, çok güzel vakit geçiriyoruz. Bu etkinliği düzenlediği için Çevre, Şehircilik ve İklim Değişikliği Bakanlığımıza çok teşekkür ediyoruz. Buradan Bakan Amcamıza sevgilerimizi iletiyoruz, tüm çocukların 23 Nisan Ulusal Egemenlik ve Çocuk Bayramı’nı kutluyoruz.” diyerek sevinçlerini paylaştı.

“ÇOCUKLARIMIZ MUTLU OLDUKÇA BİZLER DE MUTLU OLUYORUZ”

Çocuklar gibi etkinlikten mutlu ayrılan aileler de, “Çocuklar çok mutlu oluyor. Onlar mutlu olunca biz de mutlu oluyoruz. Buna vesile olanlardan Allah razı olsun.” açıklamalarında bulundular.

Depremzede çocukların yüzünü güldüren 23 Nisan etkinlikleri, 27 Nisan’da Adıyaman’da, 28 Nisan’da da Malatya’da da devam edecek."
kmaras_val_001,Kahramanmaraş Valiliği,valilik,kahramanmaras,1_post_quake,2023-04-03,"TBMM Başkanı Sayın Prof. Dr. Mustafa Şentop, bir dizi ziyaretlerde bulunmak ve depremzede vatandaşlarımızla iftar yapmak üzere ilimize teşrif etti.
 
İlk olarak Kahramanmaraş Afet Koordinasyon Merkezi'ni ziyaret eden TBMM Başkanı Sayın Şentop, şehirdeki son durum ve deprem sonrası yürütülen çalışmalar ile ilgili yetkililerden bilgi aldı.
 
Toplantı sonrası değerlendirmede bulunan TBMM Başkanı Sayın Şentop: “Burada son durumla ilgili hem merkezdeki ilçeler hem de diğer ilçeler dâhil olmak üzere arkadaşlarımızdan bilgi aldık. Daha önce de depremden 4-5 gün sonra da ziyaret etmiştim. Şimdi gördüğümüz tablo çok büyük ölçüde hizmetlerin sunumunda, özellikle barınma, diğer acil ihtiyaçların karşılanmasında, elektrik, suyun verilmesinde tamamen işler yoluna girmiş, organizasyon tamamlanmış gözüküyor. Tabi bölgede, çok büyük yıkımla, felaketle karşı karşıyayız. Kahramanmaraş başta olmak üzere illerimizde büyük bir yıkım var. Ama bunun en azından 2 ay içerisinde vatandaşlarımızın günlük temel ihtiyaçlarını karşılayacak bir şekilde organize edilmiş olması esasen büyük başarı. Sayın Cumhurbaşkanımızın da ifade ettiği gibi inşallah bir yıl içerisinde şehirlerimizi yeniden şekillendirilecek, canlandırılacak ve vatandaşlarımızın kalıcı konutlarda yaşamasını sağlayacak şekilde adımlar atılacak."" diye konuştu.

Karacasu Konteyner Kent ve KSÜ Avşar Kampüsü'nde kurulan çadır kenti de ziyaret eden TBMM Başkanı Sayın Şentop, burada depremzede vatandaşlarımızla sohbet etti. 
 
TBMM Başkanımız Sayın Mustafa Şentop ve İçişleri Bakanımız Sayın Süleyman Soylu ile birlikte KSÜ Avşar Yerleşkesi Çadır Kent’te Gaziosmanpaşa Belediyesi iftar çadırında depremzede vatandaşlarımızla iftar yaptı. 
 
Burada yaptığı konuşmada, Kahramanmaraş'ta yaşanan afette hayatını kaybedenlere Allah'tan rahmet, yaralılara şifa dileyen TBMM Başkanı Sayın Şentop: ""Bugün memnuniyetle öğrendim ki depremden sonra başka şehirlere giden vatandaşlarımızın da önemli bir kısmı geri dönmüş. Kahramanmaraşlı kardeşlerimizin bu anlayış ve şuurla hareket ettiğini gördüm. Bunun için çok teşekkür ediyorum. İftarı çadırda yaptık ama inşallah önümüzdeki senenin ramazanında iftarınızı evlerinizde yapacaksınız. Cumhurbaşkanımız bunu ifade etti. Bir yıl içerisinde kalıcı konutlar yapılacak. İnşallah önümüzdeki ramazan sizler evlerinizde olacaksınız, bizler de iftarda evlerinizde misafir olacağız."" dedi.
 
TBMM Başkanı Sayın Mustafa Şentop, iftar sonrasında Kahramanmaraş Sütçü İmam Üniversitesi (KSÜ) Avşar Yerleşkesi'ndeki Çadır kentte depremzede kanser hastası ve aileleri için oluşturulan ""Umut Sokağı""nı ziyaret etti.
 
Hobi bahçesi, kurs ve çocuk oyun alanları gibi sosyal mekanları bünyesinde barındıran sokakta, iftar sonrasında vatandaşlarla bir araya gelerek sohbet eden Sayın Şentop'a, İçişleri Bakanımız Sayın Süleyman Soylu, Valimiz Ömer Faruk Coşkun, Milletvekillerimiz, Koordinatör Valilerimiz ve protokol üyeleri de eşlik etti.
 
Sayın Şentop ve beraberindeki heyet, Kahramanmaraş Barolar Birliğini de ziyaret ederek, depremde 30 Avukat meslektaşlarını kaybeden Baro Başkanı Muhammed Burak Gül ve avukatlara başsağlığı ve sabır dileklerinde bulundu."
afad_032,AFAD,afad,hatay,3_inter_election,2023-11-01,"Türkiye’nin afet yönetimi ve uluslararası yardım kurumu: AFAD Afet ve acil durumlara ilişkin ülkenin yetkin ve yetkili teşkilatıdır.

AFAD, “Afetlerde Türkiye’nin Ortak Gücü” anlayışıyla afet yönetimi faaliyetlerini planlar, gerçekleştirir, yönlendirir ve koordine eder. Dünya genelinde arama kurtarma, insani yardım, tahliye ile transfer çalışmaları yürütür ve insani altyapılar kurar.

Dijital AFAD kütüphanesinde, afetlere hazırlanmak için gerekli bilgilerden afet yönetimi plan, rapor ve sözlüklerine kadar okunabilecek farklı içerikleri bulabilirsiniz. İnfografik, harita, dergi ve broşür gibi pek çok içeriğe çevirim içi raflarda erişebilirsiniz.

Afetlere, acil durumlara ve kurumsal gelişmelere dair son gelişmelere ulaşabilir, proje çağrılarını ve duyuruları inceleyebilirsiniz.

AFAD'ın merkez birimlerinin yanı sıra il ve birlik müdürlüklerinin iletişim bilgilerini elde edebilirsiniz.

Asya Afet Risk Azaltma Konferansı 20 Ekim 2023 tarihinde Tacikistan’ın başkenti Duşanbe’de yapıldı. Toplantıya Ülkemizi temsilen AFAD Deprem ve Risk Azaltma Genel Müdürü Prof. Dr. Orhan Tatar ve Dış İlişkiler Daire Başkanı Muhammed Maruf Yaman katıldı. Türkiye’nin de üye olduğu Asya Risk Azaltma Merkezi tarafından düzenlenen toplantıda çok sayıda ülke yer aldı. “Innovative Solutions for Resilient Societies: DRR Technologies for Earthquake and Geological Hazards” oturumunda Prof. Dr. Orhan Tatar, 6 Şubat 2023 Depremleri, AFAD’ın Risk Azaltma, Müdahale ve İyileştirme Süreçleri ile ilgili sunum gerçekleştirdi. Tacikistan Acil Durumlar ve Sivil Koruma Komitesi Başkanı Rustam Nazarzoda ile bir araya gelen heyet, toplantı sonrasında Duşanbe Büyükelçiliğimizi ziyaret ederek, Büyükelçimiz Umut Acar’a 6 Şubat depremleri ve sonrasında AFAD’ın yaptığı çalışmalar hakkında bilgi verdi.

Asya Afet Risk Azaltma Konferansına katılan ülkelerden bir heyet toplantı sonrası Ülkemizi ziyaret ederek deprem bölgesinde Gaziantep, Kahramanmaraş ve Hatay’da saha çalışmaları gerçekleştirdiler. Bu saha çalışmalarına AFAD Risk Azaltma Planları Daire Başkanı Aslan Mehmet Coşkun ile Dış İlişkiler Dairesi çalışanları da eşlik ettiler.

© 2026 T.C. İçişleri Bakanlığı Afet ve Acil Durum Yönetimi Başkanlığı"
kmaras_bld_0298,Kahramanmaraş Belediye,belediye,kahramanmaras,2_pres_campaign,2023-05-19,"Tarım ve Orman Bakanı Prof. Dr. Vahit Kirişci ile Samsun Çarşısı’nı ziyaret ederek esnaflarla bir araya gelen Başkan Güngör, “Şehir merkezinde 2 bin 436, ilçelerimizde ise bin 619 olmak üzere toplamda 4 bin 55 geçici iş yeri planlandı. Bunların büyük bir kısmı tamamlanarak kura ile esnaflarımıza teslim edildi ve faaliyetlere başladı. Esnaf kardeşlerimizin mağduriyet yaşamamaları noktasında yoğun gayret gösteriyoruz” dedi.

Kahramanmaraş Büyükşehir Belediye Başkanı Hayrettin Güngör, Tarım ve Orman Bakanı ve AK Parti Kahramanmaraş Milletvekili Prof. Dr. Vahit Kirişci ile Trabzon Caddesi’nde oluşturulan Samsun Çarşısı’nı ziyaret ederek geçici iş yerlerinde faaliyetlerini sürdüren esnaflarla bir araya geldi. AK Parti İl Başkanı Fırat Görgel’in de yer aldığı ziyarette Kirişci ve Güngör, esnaflarla sohbet ederek taleplerini dinledi ve hayırlı işler temennilerini iletti. Ziyarete ilişkin değerlendirmelerde bulunan Güngör, “Depremde iş yerleri yıkılan veya hasar alan esnaflarımızın ticari faaliyetlerini sürdürmeleri noktasında şehrimizde geçici çarşılar oluşturmayı sürdürüyoruz. Bugün de Tarım ve Orman Bakanımız Sayın Vahit Kirişci ve il başkanımızla birlikte Samsun Çarşısı’nı ziyaret ederek esnaflarımızla bir araya geldik. Tüm esnaflarımıza hayırlı, bereketli kazançlar diliyoruz. Daima esnafımızın ve hemşehrilerimizin yanındayız” dedi.

4 Bin 55 İş Yeri Planlandı

Geçici iş yerlerinin sayısının artmaya devam ettiğini belirten Güngör, “Kurum ve kuruluşlarımız ve kardeş belediyelerimizin de destekleriyle geçici çarşılarımızın kurulumu devam ediyor. Şehir merkezinde 2 bin 436, ilçelerimizde ise bin 619 olmak üzere toplamda 4 bin 55 geçici iş yeri planlandı. Bunların büyük bir kısmı tamamlanarak kura ile esnaflarımıza teslim edildi ve faaliyetlere başladı. Geçici çarşılarımızın sayısı sürekli artmaya devam ediyor. Esnaf kardeşlerimizin mağduriyet yaşamamaları noktasında yoğun gayret gösteriyoruz” ifadelerini kullandı."
kmaras_bld_0233,Kahramanmaraş Belediye,belediye,kahramanmaras,2_pres_campaign,2023-05-02,"TMO Kahramanmaraş Başmüdürlüğü’nün açılış programına katılan Bakan Vahit Kirişci, “TMO, Kahramanmaraş özelinde 2 bin 500 üreticimizden 200 bin ton hububat alımı yapmış ve bu çerçevede de 1,3 Milyar TL’lik bir ödemeyi çiftçilerimize gerçekleştirmiştir. TMO, depremde de üreticilerimizin yanında olmuş, desteklerini sürdürmüştür” dedi.

Kahramanmaraş Büyükşehir Belediye Başkanı Hayrettin Güngör, Tarım ve Orman Bakanı ve AK Parti 28. Dönem Kahramanmaraş Milletvekili Adayı Prof. Dr. Vahit Kirişci ile Toprak Mahsulleri Ofisi Kahramanmaraş Başmüdürlüğü’nün açılış programına katıldı. Vali Ömer Faruk Coşkun, AK Parti İl Başkanı Fırat Görgel ve bakanlık yetkililerinin katılımıyla gerçekleştirilen törende Bakan Kirişci’nin konuşmasının ardından kurdele kesilerek TMO Kahramanmaraş Başmüdürlüğü’nün açılışı gerçekleştirildi.

Yepyeni Bir Kahramanmaraş İnşa Ediyoruz

Açılış programında konuşan Bakan Kirişci, “Deprem sonrası yepyeni bir Kahramanmaraş inşa etmek için var gücümüzle çalışıyoruz. Bu çerçevede şehrimizin genelini ilgilendirecek yerleşim yerleri, sosyalleşme alanları, ticari alanlar, tarım ve diğer faaliyetler için plan çalışmaları tamamlandıktan sonra kültür, sanat, spor gibi tüm yönlerini çok daha net bir şekilde ortaya koyacak bir şehri kısa sürede inşa edeceğiz. Kısa süre içerisinde köy evlerinden başlamak üzere kalıcı konutları hemşehrilerimizin hizmetine sunar hale geldik. Devletimiz, milletimizle kucaklaşmış ve burada yapılacakların en hızlı şekilde yerine getirilmesi, yaraların sarılması, insanlarımızın kalıcı konutlarına kavuşması temel hedefimiz olmuştur. İnşallah bir yıllık sürede bunların hepsi birer birer gerçekleşecektir” ifadelerini kullandı.

Üreticilerimizin Yanındayız

Kirişci, konuşmasının devamında, “Kahramanmaraş’ın sahip olduğu üretim potansiyeli ve çevresiyle birlikte burada oluşturduğu kendi ekosistemi neticesinde TMO’nun Kahramanmaraş’ta ajans düzeyinden başmüdürlük düzeyine çıkarılmasına karar verdik ve bu çerçevede de Kahramanmaraş’ımıza bu başmüdürlüğümüzü kazandırdık. Kahramanmaraş’ımızda 6 noktada 220 bin ton kapasiteye sahip lisanslı depolarımız var. Buralarda tarım ürünlerimizin depolanması sağlanmakta ve özel şartlara haiz olduğu için de ürünlerimizin değer olarak kayba uğramasına müsaade edilmemekte. TMO’nun Kahramanmaraş’taki kapasitesi ise toplamda 24 bin ton. Bu kapasiteler gerekli durumlarda artırılacaktır. TMO, Kahramanmaraş özelinde 2 bin 500 üreticimizden 200 bin ton hububat alımı yapmış ve bu çerçevede de 1,3 Milyar TL’lik bir ödemeyi çiftçilerimize gerçekleştirmiştir. TMO, depremde de üreticilerimizin yanında olmuş, desteklerini sürdürmüştür” cümlelerini kaydetti."
csb_0909,CSB,bakanlık,adiyaman,5_post_local,2024-12-04,"BAKAN KURUM: DÜNYANIN ATEŞİNİN ÇIKMASINA ENGEL OLMAYA ÇALIŞIYORUZ

Çevre, Şehircilik ve İklim Değişikliği Bakanı Murat Kurum, Halkbank Gençİz Zirvesi’nde gençlere ‘sürdürülebilirliği’ anlattı. Bakan Kurum, “Bugün küresel ısınmayı 1,5 derecede tutmaya çalışıyoruz. Dünyayı bir insan gibi düşünürsek ateşinin 38 derecenin üstüne çıkmasına engel olmaya çalışıyoruz. Bizler gelecek nesillerimize, sizlere plastikle kaplı bir dünyayı miras bırakmak istemiyoruz” dedi.

Halkbank Gençİz Zirvesi İstanbul Volkswagen Arena’da düzenlendi. Programda konuşan Çevre, Şehircilik ve İklim Değişikliği Bakanı Murat Kurum, gençlere ‘sürdürülebilirlik’ başlığını açtı. “Sürdürülebilirlik doğanın dengesini korumaktır, bozmamaktır. Doğayla, çevreyle uyumlu bir yaşam sürmektir. Üretirken de tüketirken de gelecek nesilleri yani sizleri düşünmektir” diyen Bakan Kurum, insan ve doğanın kusursuz uyumunun sanayi devrimiyle birlikte bozulduğuna vurgu yaptı.

“BEBEKKEN KULLANDIĞINIZ EMZİK BİZİM ÖMRÜMÜZDEN 6 KAT DAHA UZUN ÖMÜRLÜ”

Birleşmiş Milletler (BM) İklim Raporu’ndan alıntılar yapan Bakan Kurum şöyle devam etti: Dünya kirleniyor. Aşırı hava olayları artıyor. İklim değişiyor. Türler yok oluyor. 100 yıl içerisinde deniz seviyesi bir metre yükselecek. Denizler 100 metre daha karaya doğru ilerleyecek. Yani, İstanbul adalara bölünecek. İzmir’in bir kısmı sular altında kalacak. Öyle bir dünyada yaşıyoruz ki; bebekken kullandığınız emzik bizim ömrümüzden 6 kat daha uzun ömürlü. Kredi kartınız doğada bin yıldan fazla kalıyor. Bugün atıklarımızın ömürleri ömrümüzün yüz katına ulaştı. Mesela bizler günlük ortalama 7 bin litre su tüketiyoruz. Bir yumurtanın üretimi için yaklaşık 200 litre, bir hamburger için 2 bin 500 litre, kot pantolon için 10 bin litre su tüketiyoruz. Bugünün dünyasında maalesef artık tüketim çılgınlığı diyeceğimiz bir çılgınlıkla karşı karşıyayız. Aslında kendi geleceğimizi yok ediyoruz.

“MODERN DÜNYADA İNSANIN EN BÜYÜK ESERİ MAALESEF PLASTİK”

Dünyada bugün küresel ısınmayı 1.5 derecede tutmak için çaba sarf edildiğinin altını çizen Bakan Kurum, bu doğrultuda sürdürülebilirlik kavramının 1992’de Rio Dünya Zirvesi’nde konuşulduğunu söyledi. Ardından BM İklim Değişikliği Çerçeve Sözleşmesi’nin hazırlandığını anlatan Bakan Kurum şunları söyledi:

Artık tüm dünya sürdürülebilirliği, ekonomik ve sosyal kalkınmanın ayrılmaz bir parçası olarak görmeye başladı. Yine ‘Dünya bir kriz yaşıyor. Mikroplastikler buzulların içine kadar girdi. Ormanlar yok oluyor. Su kaynakları tükeniyor. Bu enkazı birlikte kaldıralım’ denildi. Bu anlayışla Paris İklim Anlaşması imzalandı, BM Sürdürülebilir Kalkınma Hedefleri belirlendi. Sürdürülebilir kalkınma bu mücadelenin anahtar kavramı oldu.
İnsan yaradılışı itibariyle dünyaya bir iz, bir eser bırakmak ister. Örneğin Mısırlılar dünyaya miras olarak piramitleri bıraktı. Komagene Krallığı Adıyaman’a Nemrut’u bıraktı. Ecdadımız kaleler, su yolları, kemerler, muhteşem camiler, medreseler, külliyeler, hanlar, hamamlar, kütüphaneler bıraktı. Ancak modern dünyada insanın maalesef dünyaya bıraktığı en büyük eseri şüphesiz plastiktir. Öyle ki Pasifik Okyanusu’nda 80 milyon tonluk bir mikroplastik adası, atık adası oluştu. Bizler gelecek nesillerimize, sizlere plastikle kaplı bir dünyayı bırakmak istemiyoruz.

“ASİL MİRASIMIZI SİZLER KORUYACAKSINIZ”

Daha yaşanabilir bir dünya bırakmak için çevreyi korumanın bir tercih değil zorunluluk olduğunun altını çizen Bakan Kurum, “Doğanın insanın kölesi olmadığının, basit bir hammadde olmadığının farkında olmalıyız. Ağaçlar sınırsız değil, su, doğa, yeşil alanlar sınırsız değil. Bir gün tükenecek. Bu gidişata dur diyecek nesil sizlersiniz. Bizler doğayı insanın kölesi değil, insanı doğanın bir parçası olarak gören bir medeniyetin mensuplarıyız. Bizim medeniyetimizde insan, doğaya rakip değil dosttur. Bu dostluk öyle alelade bir dostluk değildir. Bu dostluk bazen Âşık Veysel’in ‘Benim sadık yârim kara topraktır.’ sözüyle ruh bulmuştur. Biz çok asil bir mirasa sahibiz ve bu mirası sizler koruyacaksınız” dedi.

“TÜKETİM KÜLTÜRÜNÜ ELEŞTİRİYE TABİ TUTMALISINIZ”

Hazreti Mevlana’nın, “Her şey birbirine bağlı, hepimiz bir zincirin halkalarıyız,"" sözüne atıfta bulunan Bakan Kurum, “Doğaya saygı, popüler bir akım ya da geçici bir trend değil tek kelime ile öze dönüşün simgesi olmalıdır. Tüketim kültürünün zihniyetini temelden eleştiriye tabi tutmalısınız. Bizim tüketim sınırımızı, kredi kartımızın limiti değil doğaya olan sorumluluğumuz belirlemelidir. Paranız, gücünüz, imkanınız olabilir ama bir yandan da doğaya karşı sorumluluğunuz sınırlarınızı belirlemek durumunda. Tek kullanımlık ürünlerden kaçınmamız, geri dönüştürülebilecek her materyalin çöp değil bir enerji kaynağı olduğunu görmemiz gerekiyor. Kullan at değil, kullan dönüştür. Geri dönüştürülebilecek her materyalin çöp değil enerji kaynağı olduğunu bilelim” diye konuştu.

TÜRKİYE’NİN İKLİM KRİZİYLE MÜCADELESİ

İklim kriziyle mücadelede Bakanlığın hayata geçirdiği İklim Elçileri Projesi’ne, Sıfır Atık Hareketi’ne, deprem bölgesinde asrın felaketinin izleri silinirken sıfır atık uyumlu yapıların inşa edilmesine ve Millet Bahçeleri projelerine dikkat çeken Bakan Kurum, Türkiye’nin 2053 yılına kadar, enerji sektöründe; birincil enerjide yenilenebilir enerjinin payını yüzde 50’ye, nükleer enerjinin payını ise yüzde 29’a çıkararak, kullanacak enerjinin yaklaşık yüzde 80’ini karbonsuz hale getirme hedefini hatırlattı.

“SERA GAZLARININ ÜRETİMİNDE TERTEMİZ BİR SİCİLİMİZ VAR”

Bakan Kurum, “Açık söylüyorum. Yunus Emre’nin diliyle; biz bu iklim ve çevre yükünü ‘ya bölüşeceğiz tok olacağız ya da bölüneceğiz ve yok olacağız.’ Dünya karbon emisyonlarına sadece yüzde 1 oranında katkıda bulunuyoruz. Türkiye Cumhuriyeti Devleti olarak dünyayı biz kirletmedik. Maalesef o gelişmiş ülkeler hoyratça, dünyanın kaynaklarını kullandılar. Ve tarihsel sorumluluklarına baktığınızda gerçekten dünyayı kirleten ülkelerin gelişmiş ülkeler olduğunu çok net bir şekilde görüyoruz. Sera gazlarının üretiminde hamdolsun tertemiz bir sicilimiz var. Çünkü bizim tarihimizde ne insana ne de doğaya karşı sömürgecilik var. Bizim medeniyetimiz fethettiğimiz topraklarda bile o ağacın ve çiçeğin hukukunu korumuştur. Bizler bu toprakları her zaman koruduk. Kirli bir sicilimiz olmadığı için de göğsümüzü gere gere hakkı ve hakikati her platformda haykırıyoruz. Sizler iklim kriziyle mücadelenin figüranı değil başrolleri olarak kritik bir öneme sahipsiniz. Tüketim alışkanlıklarınızı bugünden değiştirerek çocuklarınıza güvenli bir dünya bırakacaksınız” dedi.

“COP31 BAŞKANLIĞI HEDEFİMİZ GURUR VERİCİDİR”

Türkiye’nin COP31 başkanlığına adaylığına da konuşmasında yer veren Bakan Kurum sözlerini şöyle tamamladı: Zihniyet dönüşümü çağrımızı da daha adil bir dünya çağrımızı da güçlendirmek istiyoruz. Bunun için de 2026 yılında yapılacak COP31’in başkanlığına talibiz. Türkiye’nin iklim başkanlığı, sürdürülebilir, adaletli ve dirençli kent modelini geliştirmek, adaletli finans akışını gerçekleştirmek ve ülkeler arasında bağ oluşturmak adına çok önemli. Akdeniz, Asya, Pasifik gibi kırılgan bölgelerin de direncini artırmak istiyoruz. Bu hedefimiz, ülkemiz adına gerçekten gurur vericidir. İnşallah bu hedefimize ulaşmak için sizlerle birlikte çalışacağız. Doğanın anayasasında ilk madde şudur: Her şey birbiri için yaşar. İşte bizler de sadece kendimiz için değil hepimiz için sadece kendi ülkemiz için değil, tüm insanlık için çalışacağız. İnanıyorum ki, bu güç birliğiyle sadece bugünü değil, geleceğimizi de kurtaracağız.

Linke tıklayınız;"
hatay_bld_0042,Hatay Belediye,belediye,hatay,3_inter_election,2023-06-08,"Hatay Büyükşehir Belediyesinin Asi Nehri’ndeki kirlilik ile mücadele etmek için geliştirdiği proje Temmuz ayında tamamlanacak.

Hatay Büyükşehir Belediyesi, Birleşmiş Milletler, Doğa Koruma Merkezi ile Japon Hükümetinin desteklediği ‘’Hatay için İklim Eylemi Asi Nehrinden Kaynaklı Atıkların Azaltılması’’ projesinin Mart ayında tamamlanması planlanırken, 6 Şubat ve sonrasında yaşanan depremler nedeniyle 3 ay ertelendiğini açıkladı.

Proje kapsamında Asi Nehri’ne atık toplayıcı bariyer sistemleri kurulacak ve bariyerle tutulan atıklar sürekli toplanarak, şehir merkezinde biriken atıkların denize ulaşması engellenecek.

Ayrıca kirlilik bakımından en çok etkilenen Samandağ Balıkçı Barınağına Collecthor sabit atık toplayıcı sistem kurulacak ve barınak içindeki atıklar robotik sistemle toplanacak.

Asi Nehri şehir merkezinde ve sulak alanlarda atık toplayıcı akuatik robot ile temizlik yapılacak ve aynı zamanda öğrencilere çevre kirliliği eğitimleri verilerek farkındalık oluşturmuş olacak.

Hem suda hem karada çalışabilen amfibi makine ile Asi Nehrinde su sümbülleri ve benzeri atık toplama çalışmaları yapılacağını ifade eden HBB ekipleri, daha temiz ve daha yaşanabilir bir Hatay için projeler üretmeye ve var gücümüzle çalışmaya devam edeceklerini belirtti.

Projenin yanı sıra HBB Çevre Koruma ve Kontrol Daire Başkanlığı sağlıklı bir gelecek için çevre ve doğal kaynakların korunması, biyolojik çeşitlilik ve ekosistemin sürdürülebilirliği ve vatandaşların daha sağlıklı çevre de yaşaması amacıyla Asi Nehri’nde ve sahillerde çalışmalarını sürdürüyor.

İl genelindeki kıyıların, limanların ve plaj alanlarının temizlik çalışmalarını titizlikle yürüten Büyükşehir ekipleri, aynı zamanda Asi Nehri’nden gelen atıkların denize ulaşmasının engellenmesi amacıyla çalışmalar yaparak ulusal ve uluslararası kuruluşlarla iş birliği yapıyor"
kmaras_bld_2293,Kahramanmaraş Belediye,belediye,kahramanmaras,5_post_local,2024-12-27,"Şehir merkezindeki rezerv alanda yer alan esnaflar için Piazza AVM yanında oluşturulan geçici iş yerlerinin teslim süreci başladı. Noter huzurunda şeffaf bir şekilde yapılan kura çekimiyle, toplam 230 iş yerinin hak sahibi belirlendi.

Kahramanmaraş Büyükşehir Belediyesi öncülüğünde Piazza AVM yanında inşa edilen geçici çarşı projesinde sona yaklaşıldı. Şehir merkezindeki rezerv alanda iş yeri bulunan esnaflar için hazırlanan geçici iş yerlerinin teslim süreci, düzenlenen kura çekim töreniyle başladı. Büyükşehir Belediyesi Meclis Toplantı Salonu’nda gerçekleştirilen kura çekim törenine; Vali Yardımcısı Davut Sinanoğlu, Büyükşehir Belediyesi Genel Sekreter Yardımcısı Mutlu Kaya, noter yetkilileri ve esnaflar katıldı. Noter huzurunda şeffaf bir şekilde yapılan çekilişle; manav, gıda, giyim, ayakkabı, manifatura, mobilya, beyaz eşya ve elektronik gibi farklı sektörlerde faaliyet gösteren esnafların yeni iş yerleri belirlendi. Esnafın teşhir ve depo alanlarının büyüklüğü dikkate alınarak çekilen kurayla toplamda 230 iş yerinin hak sahibi belirlendi. Geçici çarşı, esnafların şehirdeki ticari faaliyetlerini aksatmadan sürdürebilmeleri için modern ve işlevsel bir şekilde tasarlandı."
csb_0122,CSB,bakanlık,kahramanmaras,1_post_quake,2023-04-13,"BAKAN KURUM: İSLAHİYE’DE 17 BLOKTAN VE 399 DAİREDEN OLUŞAN PROJELERİN ZEMİN ARTI 4 KATLI İLK BLOĞUNDA TÜNEL KALIP ÇALIŞMASI KAZMA VURULDUKTAN 40 GÜN SONRA TAMAMLANDI

Çevre, Şehircilik ve İklim Değişikliği Bakanı Murat Kurum, Gaziantep’in İslahiye ilçesinde inşa edilen deprem konutlarının hızla yükseldiğini anlatan bir video paylaştı. Bakan Kurum mesajında, ”Asrın felaketinden, 15 gün sonra ilk sözleşmeleri imzaladık.46. günde ilk temelleri attık. 365. günde vatandaşlarımıza teslim edeceğiz. Afet konutlarımız hızla yükseliyor.” dedi.

Çevre, Şehircilik ve İklim Değişikliği Bakanlığı, Kahramanmaraş’ın Pazarcık ve Elbistan ilçelerinde yaşanan depremlerin ardından 11 ilde meydana gelen yıkımların yaralarını sarmak için geçici yaşam alanlarının kurulumuna ve eş zamanlı olarak da kalıcı konutların yapımına hız kesmeden devam ediyor.

Bakan Murat Kurum, resmî sosyal medya hesabından Kahramanmaraş merkezli depremlerin büyük yıkıma uğrattığı Gaziantep’in İslahiye ilçesindeki Toplu Konu İdaresi Başkanlığı (TOKİ) tarafından başlatılan kalıcı konutların hızla yükseldiğini anlatan bir video yayımladı.

Videoda, Gaziantep’in İslahiye ilçesinde 3 bin 421 adet konutun ihale edildiği ve bu konutlardan 2 bin 306’sının yapımına hızlı bir şekilde başlanıldığı anlatıldı. İlçede 17 bloktan ve 399 daireden oluşan projelerin zemin artı 4 katlı ilk bloğunda tünel kalıp çalışması kazma vurulduktan 40 gün sonra tamamlandı. Tamamlanan blokta, ahşap işleri ve iç tesisat çalışmasına başlanıyor. Diğer bloklardaki temel ve uygulama işlemleri aralıksız devam ediyor.

“Mühendis ve mimarların gece gündüz demeden var gücüyle yürüttüğü inşa süreci sonunda, depremzede vatandaşlara güvenli, sağlıklı bir yaşam sunulması hedefleniyor”

Bakanlık açıklamasında, diğer iki blokta ise toplam 2 katın çıkıldığı belirtilirken binaların deprem yönetmeliğine, ilgili mevzuatlara uygun ve sağlam şehirler kurmak hedefiyle inşa edildiği vurgulandı.

Açıklamada, “11 ilde yeni şehirler kurulurken yatay mimariye önem veriliyor ve zemin artı 4 katı geçmeyecek şekilde konutların yapımı hedefleniyor. Konutlar yöresel mimariye ve dokuya uygun olarak inşa ediliyor. Mühendis ve mimarların gece gündüz demeden var gücüyle yürüttüğü inşa süreci sonunda, depremzede vatandaşlara güvenli, sağlıklı bir yaşam sunulması hedefleniyor.” ifadelerine yer verildi."
kmaras_val_014,Kahramanmaraş Valiliği,valilik,kahramanmaras,2_pres_campaign,2023-05-05,"Tarım ve Orman Bakanı Sayın Prof. Dr. Vahit Kirişci, Valimiz Ömer Faruk Coşkun, Cumhurbaşkanlığı Savunma Sanayi Başkanı Sayın İsmail Demir, Türk Havacılık ve Uzay Sanayi (TUSAŞ) Yönetim Kurulu Başkanı Prof. Dr. Rafet Bozdoğan, KMTSO Başkanı Mustafa Buluntu, Ticaret Borsası Başkanı Mustafa Narlı, protokol üyeleri, Savunma Sanayi yetkilileri ve iş insanlarının katılımıyla düzenlenen toplantıda, TUSAŞ’ın Kahramanmaraş’a yapacağı yatırımlar değerlendirildi.
 
Toplantı, KMTSO Başkanı Mustafa Buluntu’nun, TUSAŞ’ın ilimize yapacağı yatırımlar için teşekkür konuşması ile başladı.
 
Türk Savunma Sanayii’nin öncü şirketlerinden biri olan ve uçaklara yönelik ürettiği parçalarla adını dünyaya duyuran TUSAŞ’ın Kahramanmaraş’a yapacağı yatırımların kısa sürede başlayacağına vurgu yapan Cumhurbaşkanlığı Savunma Sanayi Başkanı Sn. İsmail Demir, Savunma sanayisinin Anadolu'nun çeşitli yerlerine yayılmasının önemli stratejilerinden biri olduğunu, bunu da deprem bölgesinden başlatacaklarını söyledi. 
 
Savuma Sanayi Başkanlığı'na bağlı şirketlerin bölgede yapacakları yatırımlarda istihdamın dışında iskan da oluşturacağını ifade eden Demir, bu çerçevede yatırımların hemen bitişiğinde çalışanlar için yerleşim yerleri inşa edileceğini belirtti.
 
TUSAŞ, ROKETSAN, ASELSAN, HAVELSAN şirketlerinin deprem bölgesindeki illerde yaklaşık 8 milyar liralık bir yatırım yapacağını ve istihdamda önceliğin afetzedelere verileceğini söyleyen Savunma Sanayii Başkanı İsmail Demir, ""İnşallah deprem bölgesindeki çeşitli illerimizde bunu hayata geçiriyor olacağız. İlk Kahramanmaraş'ta başladık çünkü en hızlı projenin gerçekleşeceği ve kolları sıvayıp da hem TUSAŞ şirketimizin hem Kahramanmaraşlı sanayicilerimizin çok hızlı hareket edebileceklerini gördük. O amaçla ilk planda TUSAŞ şirketimiz Kahramanmaraş'ta muhtelif uçak parçaları üretmek üzere bir yatırım yapacak. Şu anda Kahramanmaraş için yaklaşık 500 kişiye kadar bir istihdam planlıyoruz ama sanayicilerimiz daha uzun vadede daha geniş bir spektrum çizerlerse bu sayının artması mümkün ve yatırımın da inşallah 1 milyar liraya kadar ulaşması daha sonra belki daha fazla olması bekliyoruz” diye konuştu.

Tarım ve Orman Bakanı Sayın Vahit Kirişci ise Savunma Sanayii Başkanlığı'nın Kahramanmaraş ve depremden etkilenen diğer illerde yapacağı yatırımların çok önemli olduğunu ifade ederek, Başkan Demir ve beraberindeki heyete teşekkür etti.
 
Bakan Kirişci konuşmasının devamında “Kahramanmaraş işkolik bir şehir, işine aşık bir şehir. Üretmekten, istihdam sağlamaktan, ihracat yapmaktan ve bu memlekete hülasa hizmet etmekten onur duyan, gurur duyan bir şehir. Yıllarca tekstil üzerinden bu şehrin sanayisini ayakta tutmaya çalıştık ama burada bir sanayi alanındaki çeşitlendirme gerçekten bizi çok heyecanlandırıyor, çok motive ediyor. Gerçekten böyle bir özel günde deprem sonrası 90 günü bıraktığımız, kalıcı konutları yaparak vatandaşlarımızın iskanla ilgili konteyner kent sonrası süreci de hızla gerçekleştirmeye çalıştığımız bir dönemde tabir yerindeyse bu gelişiniz, buradaki bu açıklamalarınız bizleri ziyadesiyle motive etmiştir, heyecanlandırmıştır."" dedi."
kmaras_bld_0241,Kahramanmaraş Belediye,belediye,kahramanmaras,2_pres_campaign,2023-05-04,"Büyükşehir Belediyesi, depremzedelerin barınma ihtiyacının karşılanması için oluşturulan geçici konaklama merkezlerine toplamda 68 bin ton asfalt ve 45 bin metrekare kilit parke kazandırdı.

Şehrin yeniden imarı ve hayatın normale dönmesi noktasında altyapıdan ulaşıma, üstyapıdan su hizmetlerine tüm alanlarda faaliyetlerini yoğun bir şekilde sürdüren Kahramanmaraş Büyükşehir Belediyesi, depremzedelerin barınma ihtiyacının karşılanması noktasında şehrin farklı noktalarında oluşturulan geçici konaklama merkezlerinde de alt ve üstyapı çalışmalarına devam ediyor. Konteyner kurulumunun gerçekleştirildiği alanlarda asfalt, kilit parke ve çevre düzenleme çalışmalarının da tamamlanmasının ardından geçici barınma merkezleri vatandaşların hizmetine sunuluyor. Fen İşleri ve Kuzey İlçeleri Dairesi Başkanlığı tarafından şehir genelinde yürütülen çalışmalarla geçici barınma merkezlerine toplamda 68 bin ton asfalt ve 45 bin metrekare kilit parke kazandırıldı. Büyükşehir Belediyesi’nden yapılan açıklamada, geçici barınma merkezlerinde alt ve üstyapı çalışmalarının aralıksız devam edeceği belirtildi."
csb_0766,CSB,bakanlık,adiyaman,5_post_local,2024-08-21,"CUMHURBAŞKANI ERDOĞAN, BAKAN KURUM ARACILIĞIYLA ADIYAMANLI DEPREMZEDE AİLEYLE TELEFONLA GÖRÜŞTÜ

Cumhurbaşkanı Recep Tayyip Erdoğan, Çevre, Şehircilik ve İklim Değişikliği Bakanı Murat Kurum aracılığıyla Adıyamanlı depremzede aileyle telefonla görüştü. 78 yaşındaki Zeliha Yıldırım’a seslenen Cumhurbaşkanı Erdoğan, “Zeliha teyzeye söyleyin; Tayyip evladına çok dua etsin” dedi.

Çevre, Şehircilik ve İklim Değişikliği Bakanı Murat Kurum, Adıyaman’da depremzede Yıldırım ailesinin yeni evine misafir oldu. Ailenin talebini geri çevirmeyen Bakan Kurum, Cumhurbaşkanı Erdoğan’ı aradı. Cumhurbaşkanı Erdoğan, depremzede aileye baş sağlığı diledi. 78 yaşındaki Zeliha Yıldırım’la da görüşen Cumhurbaşkanı Erdoğan, “Zeliha Teyze’ye söyleyin; Tayyip evladına çok dua etsin” dedi. Zeliha Yıldırım da Cumhurbaşkanı Erdoğan’a “Benim dualarım kabul olur” diyerek samimi dileklerini iletti.

Linke tıklayınız;"
adiyaman_val_018,Adıyaman Valiliği,valilik,adiyaman,1_post_quake,2023-04-10,"Bugün, ülkemizde güven ortamının tesisine yönelik takdire şayan gayretler sergileyen Türk Polis Teşkilatımızın kuruluşunun 178'inci yılına ulaşmış olmanın onuru ve mutluluğunu yaşamaktayız.

Türk Polis Teşkilatının 178. Yıl Kuruluş Yıldönümü ve 10 Nisan Polis Haftası etkinlikleri kapsamında yeni Hükümet Konağı önündeki Atatürk anıtına çelenk konulmasının ardından İl Emniyet Müdürü İbrahim Ergüder, Müdür Yardımcıları ve teşkilat mensupları ile birlikte Vali V./Vali Yardımcısı Muhammet Tugay’ı makamında ziyaret ederek bir buket çiçek takdim edip, Emniyet Teşkilatına verdiği destekten dolayı teşekkür etti.
İl Emniyet Müdürü İbrahim Ergüder ve teşkilat mensuplarının ziyaretinden duyduğu memnuniyeti dile getiren Vali V./Vali Yardımcısı Muhammet Tugay, Türk Polis Teşkilatının kuruluşunun 178. yıldönümünü kutlayarak şunları söyledi; “Kurulduğu günden beri üstlendiği her türlü görevi layıkıyla yerine getiren polis teşkilatımız, emniyet ve asayiş hizmetlerinin sağlanmasında gösterdiği başarılı çalışmalarının yanı sıra asrın felaketini yaşadığımız bu süreçte fedakârca görev yaparak büyük bir özveri ile çalışmalarını sürdürmektedir. Şerefli mazisinden ve milletimizden aldığı güçle kendisine tevdi edilen görev ve sorumlulukları zaman ve mekân mefhumu gözetmeksizin her koşulda en iyi şekilde yerine getiren emniyet teşkilatımız, asırları aşan tecrübesi ve halkımızın da desteği ile şimdiye kadar olduğu gibi bundan sonrada huzur ve güven içinde yaşamamızın en büyük teminatlarından biri olacaktır. Kuruluşunun 178. yılı vesilesiyle ilimizin huzur ve güvenliğinin sağlanmasında üstün gayret ve başarı gösteren emniyet teşkilatımızın her kademesindeki bütün amir ve memurlarımızı kutluyor, aileleriyle birlikte sağlık, mutluluk ve başarılar diliyorum”"
tccb_057,TCCB,cumhurbaskanligi,adiyaman,1_post_quake,2023-04-03,"Saygıdeğer Milletvekili Arkadaşlarım, Saygıdeğer Misafirler; Sizleri en kalbi duygularımla, muhabbetle selamlıyorum. Ramazan-ı Şerifinizi tebrik ediyorum. Bugünkü iftarımızda 27. Dönem milletvekillerimiz ve depremzede vatandaşlarımızla bir aradayız. Millet ile vekillerini bir araya getiren iftarımızın 85 milyonun birliğinin, beraberliğinin, kardeşliğinin sembolü olduğuna inanıyorum. Depremzede vatandaşlarımıza bir kez daha geçmiş olsun dileklerimi ifade ediyorum. Asrın felaketi 6 Şubat depremlerinde kaybettiğimiz 50 binin üzerindeki insanımıza Allah’tan rahmet, yakınlarına başsağlığı ve sabır diliyorum. Bir anda evleri, yuvaları, iş yerleri yıkılan depremzedelerimize Allah’ın izniyle 1 yıl içinde yapacağımız 319 bin konut ve köy eviyle şehirlerimizi ayağa kaldırma sözümüzü tekrar veriyoruz. Evi kullanılamaz hale gelen vatandaşlarımız kalıcı konutları kendilerine teslim edilene kadar bize emanettir, bizim emanetimizdir. İsteyen kendi şehrindeki geçici barınma merkezlerinde, isteyen 81 vilayetimizdeki kamu misafirhanelerinde, yurtlarda, kiralanan evlerde hayatını sürdürebilir. İftar soframızı bizlerle paylaşan milletvekillerimize Meclis’imizin 27. Dönemi’nde ülkemize ve milletimize yaptığınız hizmetler için her birinize şahsım, milletim adına ayrı ayrı şükranlarımı sunuyorum. Ülkemizde milletvekilliği, hem Meclis çalışmaları, hem seçilen şehrin sorumluluğu, hem de genel siyasetin hengâmesi altında yükü oldukça ağır bir vazifedir. Millete hizmet etmenin ülkenin geleceğinin biçimlendirilmesine katkı sunmanın manevi hazzı bu görevi farklı bir konuma taşıyor. Bu Meclis, milli iradenin tecelligâhı, Cumhuriyetimizin kurucusu ve 15 Temmuz destanının ayrılmaz bir parçasıdır. Haziran-2018’den bu yana yasama, denetim ve bütçe faaliyetlerini bihakkın yürüten 27. Dönem Meclisimiz 14 Mayıs seçimleriyle birlikte tarihteki seçkin yerini almaya hazırlanıyor. Tabii bu dönemin bir diğer özelliği de, Cumhurbaşkanlığı Hükümet Sisteminin ilk Meclisi olmasıdır. Yasamanın temsilcisi Meclis ile yürütmenin temsilcisi Cumhurbaşkanı’nın uyumlu ve yapıcı bir şekilde çalıştığı, ülkeye beraberce çok önemli kazanımlar sağladığımız bir dönemi geride bıraktık. Biliyorsunuz henüz uygulamasını görmeden yeni yönetim sistemimize karşı çıkanlar vardı. Sistem ilk döneminde kovid-19 küresel salgınından savaşa pek çok krizle ülke içinde de bunların yansımalarıyla sınandı. Üstelik bir de asrın felaketi 6 Şubat depremlerinin canımızdan can kopartan, şehirlerimizi yıkan sonuçlarıyla karşı karşıya kaldı. Adıyaman milletvekilimiz Yakup Taş kardeşimiz tüm ailesiyle birlikte o yaşadığımız büyük felakette hayatını kaybettiler. Tüm vatandaşlarımıza bu vesileyle tekrar Allah’tan rahmet diliyorum. Bu depremlerde yakınlarını kaybeden pek çok milletvekilimiz olduğunu da biliyorum. Bu vesileyle kendilerine bir kez daha başsağlığı diliyorum. Rabbim ülkemizi her türlü afetten, kazadan, beladan muhafaza eylesin diyorum. Diğer sınamalar gibi deprem felaketinin de altında kalmadık, Allah’ın izniyle kalmayacağız. Şehirlerimizi kısa sürede ayağa kaldıracak, insanlarımızın geleceklerine umutla bakmalarını temin edeceğiz. Sistemin sağladığı hızlı karar alma ve güçlü icra kabiliyeti sayesinde ülkemiz küresel krizlerden en az kayıpla ve en çok faydayla çıkmayı başarmıştı. İnşallah deprem felaketinin de üstesinden aynı şekilde geleceğiz. Kardeşlerim, Coğrafyamızdaki bin yıllık varlığımızın ve hükümranlığımızın her safhası ayrı bir mücadeleyle geçmiştir. Altı asırlık Osmanlı’nın tarih sahnesinden çekilmesinin ardından kurduğumuz son devletimiz Cumhuriyetimizin de ilk asrını geride bıraktık. Cumhuriyetimizin bu ilk asrı da kendi içinde epeyce inişli çıkışlı geçti. Tek parti devrinden çok partili siyasi hayata geçişimiz, ardından başlayan darbeler, muhtıralar silsilesi, demokrasi ve kalkınma hamleleri, ekonomik sıkıntılar, terör saldırıları yaşadık. Dünyada ve bölgemizde ortaya çıkan hadiselerin ülkemize olan yansımalarından komşularımızla ve müttefiklerimizle yaşadığımız gerginliklere kadar daha pek çok başlığı buna ilave edebiliriz. Türkiye’nin bugün geldiği yer, geride bırakmakta olduğumuz ilk asrının zirvesi, ama bundan sonra hedeflediğimiz Türkiye yüzyılının ilk adımıdır. Bugüne kadar 2023 hedeflerimizin ışığında ilerledik, bundan sonra Türkiye yüzyılı vizyonuna doğru yürüyeceğiz. Esasen son yıllarda ardı ardına maruz kaldığımız sıkıntılar olmasaydı bugün hedeflerimize çok daha yakın bir yerde bulunabilirdik. Buna rağmen gelişmiş ülkeler başta olmak üzere büyük ekonomilerin dahi altından kalkmakta zorlandığı dalgalanmaları biz avantaja çevirebiliyoruz. Salgında bunu yaptık, bölgemizde patlak veren kriz ve çatışmalarda bunu yaptık. Ekonomimize kurulan tuzakları kendi modelimizle aşarken yine bunu yaptık. Depremin yıkımının altından da Allah’ın izniyle bu şekilde kalkacağız. Geçtiğimiz 20 yılda kurduğumuz güçlü demokrasi ve kalkınma altyapısının verdiği imkânları kullanarak kayıplarımızı hızla telafi edebileceğimiz bir dinamizm yakaladık. Hiçbir engelin bu yükselişin önüne geçmesine, bizi geriye savurmasına izin vermeyeceğiz. Önümüzdeki dönemde ülkemizi dünyanın en büyük 10 ekonomisi arasına çıkarma hedefimize Allah’ın izniyle daha emin adımlarla ilerleyeceğiz. Bu süreçte elde ettiğimiz tecrübeler önümüzdeki dönemde sistemi daha ileriye taşımak, daha etkin çalışır hale getirmek için yapacağımız restorasyonlarda bize rehber olacaktır. Cumhurbaşkanı ve milletvekilleriyle milletin temsilcilerinin dimdik durduğu, hedeflerine doğru emin adımlarla yürüdüğü bir dünyada hiçbir tuzağın Türkiye’yi yolundan çevirmeyeceğine, önümüzü kesemeyeceğine açık ve net bunu tüm dünyaya gösterdik. Cumhuriyetimizin ilk asrını tamamladığımız 2023’ü Türkiye yüzyılının başlangıcı kılma kararlılığımızın gerisinde beraberce yürüttüğümüz çalışmalar vardır. İnşallah 14 Mayıs’tan sonra yeni dönem Meclisimizde sizlerle ve aranıza yeni katılacak arkadaşlarımızla aynı kararlılıkla yolumuza devam edeceğimize inanıyorum. Başı rahmet, ortası mağfiret, sonu ebedi azaptan kurtuluş olan mübarek Ramazan-ı Şerifinizi tekrar tebrik ediyorum. Bir kez daha 27. Dönem Meclisi’nin üyeleri olan siz değerli kardeşlerime Parlamento çatısı altındaki hizmetler, ülkemize yaptığınız katkılar için şahsım ve milletim adına teşekkür ediyorum. Depremzede kardeşlerimden de, şehirlerimizi yeniden ayağa kaldırma mücadelemizde bize destek vermelerini bekliyorum. Leyle-i Kadrinizi ve Ramazan Bayramınızı şimdiden tebrik ediyorum. Hepinizi sevgiyle, saygıyla selamlıyorum. Kalın sağlıcakla."
tccb_157,TCCB,cumhurbaskanligi,kahramanmaras,3_inter_election,2023-09-15,"Kıymetli Bilim İnsanları, Sivil Toplum Kuruluşlarımızın Kıymetli Temsilcileri, Değerli Misafirler, Hanımefendiler, Beyefendiler, Sizleri en kalbi duygularım, muhabbetle selamlıyorum. Deprem Gerçeği ve Kentsel Dönüşüm Şurası’nın ülkemiz, milletimiz, bilhassa de deprem geçiren ve deprem tehdidi altında olan şehirlerimiz için hayırlara vesile olmasını Allah’tan diliyorum. Birikimleriyle, tespit ve teklifleriyle Şuramıza katkı verecek bilim insanlarımıza, uzmanlarımıza, sivil toplum temsilcilerimize, medya mensuplarımıza teşekkür ediyorum. Komisyonlarda yapılacak tartışmaların ve ortaya çıkacak raporların kentsel dönüşüm çalışmalarımıza ışık tutacağına inanıyorum. Şura boyunca yürütülecek müzakerelerden hazırlıklarına başladığımız deprem yasası için de en geniş şekilde istifade edeceğiz. Amacımız insanlarımızı ve şehirlerimizi tehdit eden deprem gerçeğine karşı elimizdeki en önemli araç olan kentsel dönüşümü en sağlıklı, hızlı ve adil bir şekilde yürütecek hukuki altyapıyı kurmaktır. Sizler de şahit oluyorsunuz, bir kısmı zaten aramızda olan bilim insanlarımız yaklaşan tehlikeye karşı kamuoyunu her gün ikaz ediyor. Yürütme olarak biz her ikaza kulak veriyoruz. Çıkacak kanunla yasama, yani Meclisimiz de üzerine düşeni yapmış olacak. Yargının da bu sürece çalışmaları zorlaştırıcı değil, kolaylaştırıcı bir anlayışla dahil olacağına inanıyorum. Kentsel dönüşüm yürütülen yerlerde yaşayan vatandaşlarımızdan beklentimiz, devletin tüm unsurlarıyla sahip çıktığı bu çalışmalara destek vermesidir. Küçük hesaplarla veya netice getirmeyecek taleplerle geciktirilen her kentsel dönüşüm projesinin deprem gerçeğiyle yüzleştiğimizde enkaza dönen binalar, kaybettiğimiz canlar, kararan gelecekler, yıkılan umutlar olarak karşımıza çıkacağını unutmamalıyız. Bilim insanlarımızın son dönem de sık sık dile getirdiği bir gerçeği daha burada hatırlatmakta fayda görüyorum. Biliyorsunuz ülkemizin deprem haritasında belirli fay hatları var. Uzun yıllar boyunca depremle ilgili çalışmalar bu haritalara göre yürütüldü. Ancak son dönem de bu haritalara göre sarsıntı yaşanmaması gereken pek çok yerde deprem meydana geldi. Dolayısıyla, artık ülkemizin 81 vilayetinin tamamını deprem bölgesi olarak kabul ederek çalışmaları yürütmemiz gerekiyor. Ülkemiz tarihinin en büyük afeti olan 6 Şubat depremlerinde gördük ki, şehirlerimizde yapıların önemli kısmı şiddetli bir depreme dayanacak durumda değildir. Bilhassa 1999 depremi öncesi mevzuata göre yapılan binaların durumu gerçekten vahimdir. Nitekim 6 Şubat depremlerinde yıkılan yapıların yüzde 90’dan fazlası 1999 öncesi inşa edilenlerdir. Değerli Dostlar, Can kaybımızın 50 binin üzerinde olduğu 6 Şubat depremlerinin bilançosunu şöyle kısaca hatırlamak bile bize karşı karşıya olduğumuz facianın boyutlarını göstermeye yeterlidir. Kahramanmaraş merkezli 6 Şubat depremlerinde 580 bini konut, 170 bini ticari alan olmak üzere 850 bin bağımsız bölüm kullanılamaz hale gelmiştir. Depremden etkilenen nüfus sayısı 14 milyonu, konteyner kentlerde yaşayan depremzede sayısı 1,9 milyonu bulmuştur. İfade ettiğimiz rakamlar Avrupa’daki kimi ülkelerin toplam konut ve ticari alan büyüklüğünden fazladır. Bir başka değişle, biz 6 Şubat depremlerinin ardından adeta orta büyüklükte bir ülkeyi yeni baştan inşa etmekle karşı karşıya kaldık. Şu ana kadar afet bölgesinde 200 bin konutun inşasına bir fiil başladık. Ayrıca 210 bin konut için de yerinde dönüşüm başvurusu aldık. Yerinden dönüşüm projeleri, ruhsattan oturuma kadar tüm aşamalarıyla Bakanlığımızın sıkı denetimi altında yürütülecektir. Hazırlıkları tamamlanan rezerv alanlarda yeni temeller atmayı sürdürüyoruz. Önümüzdeki aylarda inşası tamamlanan konutları hak sahiplerine teslim ederek şehirlerimizin yeniden inşası yolunda yeni bir safhaya geçeceğiz. Amacımız temeli atılan her konutu bir yıl içinde hak sahibine teslim etmektir. Konut inşaatları bitene kadar depremzedelerimizin tüm ihtiyaçlarını karşılayacak mekanizmaları da oluşturduk. Bugün itibarıyla bölgede yaklaşık 186 bin konteynerden oluşan 345 konteyner kent kurduk, artık çadır yok, çadırları tamamen kaldırdık ve konteynere dönüştük. Rekor sıcakların yaşandığı bir yıl geçirdiğimiz için konteynerlerimizin 160 bine yakınına klima da taktık. Faaliyette olan konteyner kentlerimizle 580 bin vatandaşımız barınıyor. Yaptığımız kira yardımından yaklaşık 327 bin hanedeki 1 milyon 310 bin vatandaşımız yararlandı. Bugüne kadar 6 milyar 276 milyon lira kira yardımı ödemesi gerçekleştirdik. Destek, taşınma, vefat, enkaz, yıkım ve diğer başlıklar altında depremzedelerimize 82 milyar lira mali yardımda bulunduk. Bu yardımların yaklaşık yarasını bağışlardan, diğer yarısını bütçeden karşıladık. Konteyner kentlerdeki vatandaşlarımızdan sosyal yardım hakkı olanlar ile emeklilere market alışverişlerinde kullanılmak üzere içine her ay 3 bin lira yüklenen Esen Kart dağıtımına başladık. Bugüne kadar 53 bin 500 vatandaşımıza ulaştırdığımız Esen Kart’ın dağıtımı halen sürüyor. Temmuz ayındaki ek bütçe ile deprem bölgesine 762 milyar lirayı ayırdık. 2024 yılında afet bölgesi için 1 trilyon liralık kaynak tahsis edeceğiz. Geçen hafta kamuoyumuzla paylaştığımız Orta Vadeli Programda da önceliği deprem bölgesinin yaralarının sarılmasını verdik. Daha burada sayamadığımız pek çok kalem destekle yeni yuvalarına kavuşana kadar vatandaşlarımızın yanında olmaya devam edeceğiz. Böylesine geniş çaplı bir afette dünyanın başka hiçbir yerinde bu derece hızlı, kapsamlı ve sürekli destek, yardım, inşa faaliyeti yürütülmediğine inanıyorum. Allah devletimiz zeval vermesin. Milletimizin birliğini ve beraberliğini daim kılsın, kardeşliğimizi güçlendirsin. Değerli Misafirler, Tabii biz deprem bölgesinde sadece konut yapmıyoruz, ticari alanlarıyla, meydanlarıyla, kültür ve sanat yapılarıyla, spor tesisleriyle, parkları ve bahçeleriyle medeniyetimizin şehir anlayışını modern çizgilerle yoğuran geleceğin şehirlerini de inşa ediyoruz. Rantın değil, insanın ön planda olduğu şehircilik anlayışından en küçük bir taviz vermeden deprem bölgelerinden başlayarak 81 ilimizin tamamının çehresini kentsel dönüşümle değiştirmekte kararlıyız. Son dönemde sıkça şikayet aldığımız konut ve kira fiyatlarındaki akılla, mantıkla, ahlakla izah edilemeyecek artışların önünü de böylece keseceğimize inanıyorum. Sadece felaketler değil, unutmayın imkânlar da bir imtihandır. Rabbimiz Kur'an-ı Kerim’de, herkes kendi mizaç ve karakterine iş yapar buyurmaktadır. Biz, milletimiz ve ülkemiz için en iyisini yapmanın peşindeyiz. Küçük menfaatler için ellerindeki imkanı milletin ve ülkenin huzurunu kaçıracak şekilde kullananlara karşı gereken idari ve hukuki yaptırımları uyguluyoruz. Bu tür yollara tevessül edenler asıl cezayı ise mahşeri vicdanda yargılanarak alacaklardır. Gönül dünyamızın sultanlarından Niyâzî-i Mısrî şöyle buyuruyor: “Kimseye bâkî değildir mülk-i devlet, sîmu zer, Bir harap olmuş gönlü tamir etmektir hüner.” Evet, gönülleri tamir etmenin, gönüller yapmanın şanı, şerifi, itibarı, manevi kazancı ne malla, ne mülkle, ne altınla, ne gümüşle mukayese edilebilir. Milletçe bu ahlaka sahip çıktığımız müddetçe hiçbir felaket, hiçbir kriz, hiçbir saldırı bizi yıkamaz, deviremez, geriletemez. Bu ahlakı kaybettiğimizde ise zaten içi çürümüş, boşalmış, kökleri kurumuş bir ağaç gibi kendi kendine yıkılıp gitmeye mahkumuz demektir. 6 Şubat depreminde gördük ki, milletimiz değerlerine hala sıkı sıkıya bağlıdır. Bu tablo tek başına geleceğimize ümitle bakmamız için bize yeterlidir. Eksikleri, aksaklıkları, yanlışları düzelterek yolumuza devam edecek, Türkiye yüzyılını her alanda olduğu gibi afetlerle mücadele konusunda da hedeflerimize ulaştıracağız. Elbette bunları yaparken dostlarımızı, kardeşlerimizi ve ihtiyaç sahiplerini ihmal etmeyeceğiz. Türkiye’nin sadece 780 bin kilometrekareden ibaret olmadığını yaşanan her hadisede tekrar tekrar görüyoruz. 6 Şubat depremlerinde dünyanın 100’ü aşkın ülkesinden yardımlar geldi, arama-kurtarma ekipleri afetzedelerimiz için seferber oldu. Biz de hiçbir karşılık beklemeden deprem, yangın veya sel felaketiyle mücadele eden kardeşlerimizin imdadına koşuyoruz. Köklü tarihi bağlarımızın olduğu Libya, geçtiğimiz günlerde çok büyük bir felaketle sarsıldı. Gerek Libya makamlarının açıklamaları, gerekse bizim sahadan aldığımız bilgiler şu an 12 bin olan vefat sayısının daha da artacağını gösteriyor. Haberi alır almaz AFAD’a, Kızılay’a, Silahlı Kuvvetlerimize ve diğer ilgili birimlerimize gereken talimatları verdik. Uçaklarımız, gemilerimiz şu anda Libya’daki bu felaket için tüm imkânlarımızla oradayız. Libya’ya insani yardım kapsamında şu an itibariyle 3 uçak ve 3 gemi görevlendirdik. Deniz Kuvvetlerimize ait Sancaktar ve Bayraktar gemilerimiz dün akşam itibariyle Libya’ya intikale başladı. Bu gemilerimiz aralarında 10 ambulans, 30 kurtarma ve müdahale aracı, 12 tırın da olduğu toplam 122 aracı Libya’ya ulaştırıyor. Gemilerimizde ayrıca 360 personel, 3 sahra hastanesiyle muhtelif iaşe, barınma ve sıhhi malzemeler gönderiyoruz. Bu zor günleri kısa sürede atlatmaları için Libyalı kardeşlerimize yardımlarımız aralıksız devam edecek. Bir kez daha Libya halkına geçmiş olsun dileklerimi iletiyor, hayatını kaybedenlere Allah’tan rahmet, yaralılara acil şifalar diliyorum. Türkiye’nin yardım eli olarak sahada fedakârca çalışan görevlilerimize ve sivil toplum kuruluşlarımızın mensuplarına teşekkür ediyorum. Rabbim bizleri ve tüm insanlığı bu tür afetlerden korusun diyorum. Bu duygularla bir kez daha Deprem Gerçeği ve Kentsel Dönüşüm Şuramızın hayırlara vesile olmasını diliyor, şurayı düzenleyen ve katkıda bulunan herkese teşekkür ediyorum. Depremde kaybettiğimiz canlarımızı rahmetle yad ediyorum. Şehirlerimizin yeniden inşasına ve özellikle kentsel dönüşüm projelerimize destek veren, verecek olan herkese şükranlarımı sunuyorum. Sizleri sevgiyle, saygıyla selamlıyorum. Kalın sağlıcakla."
kmaras_bld_0036,Kahramanmaraş Belediye,belediye,kahramanmaras,1_post_quake,2023-02-25,"Milli Savunma Bakanı Hulusi Akar ile birlikte çadır ve konteyner kentleri ziyaret ederek depremzedelerle bir araya gelen Başkan Güngör, “Daima depremzede kardeşlerimizin yanındayız. İnşallah bu zor günlerin de üstesinden el birliğiyle geleceğiz” dedi.

Kahramanmaraş Büyükşehir Belediye Başkanı Hayrettin Güngör, incelemelerde bulunmak için şehre gelen Milli Savunma Bakanı Hulusi Akar ile bir araya geldi. Kahramanmaraş Valisi Ömer Faruk Coşkun, Garnizon Komutanı Tuğgeneral Emin Mehmet Terzioğlu ve AK Parti Kahramanmaraş Milletvekili Habibe Öçal’ın da yer aldığı ziyarette heyet; Karacasu Konteyner Kent, Avşar Kampüsü Çadır Kent, KAFUM Çadır Kent ve Vali Saim Çotur Stadı Çadır Kentte incelemelerde bulundu. Çadır ve konteyner kentlerde depremzedelerle bir araya gelen heyet, geçmiş olsun dileklerini ileterek her zaman yanlarında olduklarını belirtti.

Devlet Milletinin Yanında

Ziyarete ilişkin açıklamalarda bulunan Kahramanmaraş Büyükşehir Belediye Başkanı Hayrettin Güngör, “Milli Savunma Bakanımız Sayın Hulusi Akar, Valimiz Ömer Faruk Coşkun, Garnizon Komutanımız Emin Mehmet Terzioğlu ve Milletvekilimiz Habibe Öçal ile birlikte şehrimizdeki çadır ve konteyner kentleri ziyaret ederek hemşehrilerimizle bir araya geldik. Her zaman ifade ettiğimiz gibi Sayın Cumhurbaşkanımızın liderliğinde hükümetimiz, bakanlıklarımız, milletvekillerimiz ve yerel yönetimler olarak bizler daima hemşehrilerimizin yanındayız. Onları yalnız bırakmadık, bırakmayacağız. İnşallah bu zor günlerin de üstesinden el birliğiyle geleceğiz. Devlet milletinin yanında” ifadelerini kullandı."
csb_0762,CSB,bakanlık,hatay,5_post_local,2024-08-18,"BAKAN MURAT KURUM: ASİ NEHRİ’NİN ÇEVRESİNİ TARİHİ SİLUETİNE KAVUŞTURACAĞIZ

Hatay ve İskenderun’da temaslarda bulunan Çevre, Şehircilik ve İklim Değişikliği Bakanı Murat Kurum, Hatay’da eylül ayında 12 bin 259 konutun daha teslim edileceğini açıkladı. Bakan Kurum, Asi Nehri çevresinde yapılacak düzenlemeleri anlattı. Depremde çökme yaşanan İskenderun sahilindeki projenin hızlandırılacağı müjdesini verdi.

Bakan Murat Kurum, Hatay temasları kapsamında İskenderun’daki Cebike Mahallesindeki TOKİ afet konutları alanında incelemelerde bulundu. İskenderun sahilini vatandaşlarla birlikte dolaşan ve taleplerini dinleyen Bakan Kurum, ardından basın açıklaması yaptı. Bakan Kurum, konuşmasında Hatay’da şehrin demografik yapısının korunacağının altını çizerek, “Yıllardır bu sokaklarda, bu evlerde oturan vatandaşlarımız yine burada, komşularıyla beraber oturmaya devam edecekler. Bu tarih şehrinin demografisi korunacak; böylece kültürel yaşam, sosyal hayat tüm güzellikleriyle yeni yüzyıllara taşınacak” dedi.

“ASİ NEHRİ’NİN YAKIN ÇEVRESİNİ TAMAMEN KORUYORUZ”

Bakan Kurum, Asi Nehri çevresindeki evleri yıkılan vatandaşların yakın bölgelerde kurulacak yerleşim yerlerine taşınacağını anlattı. Nehir kenarının sosyal donatılarla korunacağını dile getiren Bakan Kurum şunları söyledi:

Eskiden Asi Nehri’nin kıyısına kadar yerleşim yerleri vardı. Şimdi yeni yaptığımız planlamayla Asi Nehri’nin yakın çevresini tamamen koruyoruz. Bu bölgeyi yeşil alanlarıyla, parklarıyla, bisiklet ve yürüyüş yolları ile yeniden ihya ediyoruz. Burada daha önce yaşayan vatandaşlarımızı da mağdur etmeden alanda en yakın yere onları taşımak suretiyle oradaki doğal güzellikten yine eskisi gibi faydalanmalarını sağlamış olacağız. Bu kapsamda Asi Nehri'nin doğusunda kentin tarihi ve kültürel mirasının yer aldığı Hatay kent merkezinin yeniden vatandaşlarımız tarafından kullanılmasını arzu ediyoruz, amaçlıyoruz. Sonuç olarak büyük yıkıma uğrayan Asi Nehri’nin çevresinde kalan bölgede caddelerimizi, sokaklarımızı inşallah eski tarihi hüviyetine ve siluetine kavuşturuyor olacağız.

TARİHİ ALANLAR İHYA EDİLECEK

Bakan Kurum, Hatay’ın tarihi kent merkezinde yıkımın izlerinin silineceğini, bölgenin yeniden aslına döneceğini anlattı:

Bu amaçla gerek Tarihi Uzun Çarşı bölgesi, gerekse Kurtuluş Caddesi üzerinde ve Kemalpaşa Caddesi’nde bulunan gerek tescilli yapılar, gerek tescilli olmayan tarihi alanlarımızın ihyasını inşallah hazırladığımız projelerle hayata geçiriyor olacağız.

“İSKENDERUN SAHİL PROJEMİZİ HIZLANDIRIYORUZ”

Bakan Murat Kurum, depremin ardından İskenderun sahilinde 80 santimetreye varan çökme meydana geldiğini hatırlatarak bu bölgedeki projeyi hızlandırma sözü verdi. Bakan Kurum, “Ulaştırma Bakanlığımız deniz dibindeki tahkimatı gerçekleştirdi. Ancak sahilimizde o İskenderun güzelliğini yansıtacak ve vatandaşımızın sahille, denizle birleşmesini sağlayacak bir projeyi de inşallah gerçekleştiriyor olacağız. Bugün bu müjdeyi de tüm Hatay'a, tüm İskenderun'a vermek istiyorum. Biz sahilimizi korumak, oradaki tarihi yapıları gün yüzüne çıkarmak, oradaki ağaçlarımızı, doğal yapıyı korumak suretiyle İskenderun sahil projemizi inşallah hızlandıracağız ve bu projemizle hem sahille şehir arasındaki güvenliği sağlamış olacağız hem de denizden buradaki doğal güzelliklerden tüm Hatay'ın istifade etmesine imkan vermiş olacağız” dedi.

“HATAY’DA EYLÜLDE 12 BİN 259 YENİ KONUTUMUZU DAHA TESLİM EDECEĞİZ”

Bakan Murat Kurum, 6 Şubat depremlerinden etkilenen 11 ilde 296 bin 755 konutun inşasını sürdürdüklerini belirterek, 76 bin konutu teslim ettiklerini, eylül ayında 24 bin konutu daha bitirip, teslim sayısını 100 bine ulaştıracaklarını kaydetti. Hatay’da ise 11 bin 366 yeni konutu vatandaşlara teslim ettiklerini bildiren Bakan Kurum, “Sayın Cumhurbaşkanımız Recep Tayyip Erdoğan’ın teşrifleriyle, eylül ayında 12 bin 259 yeni konutumuzu daha teslim ederek, teslim edilen konut sayımızı 23 bin 625’e ulaştıracağız. Antakya, Defne, İskenderun, Altınözü, Kırıkhan, Reyhanlı ve Samandağ’da devam eden 152 bin 486 yeni yuva ve iş yerimizi de tamamlayacağız” diye konuştu.

“MİLLETİMİZE VERDİĞİMİZ SÖZLERİ TUTMAK İÇİN GECE GÜNDÜZ ÇALIŞACAĞIZ”

Bakan Murat Kurum, Türkiye Yüzyılı'nda şehirleri afetlere karşı dirençli yapmaya kararlı olduklarını, bunun yolunun da deprem bölgesinin ihya edilmesinden geçtiğini dile getirdi. Bu konudaki gayretlerinin depremzedeler tarafından yakından takip edildiğini belirten Bakan Kurum, şunları kaydetti:

Başta deprem bölgesi olmak üzere ülkemizde tek bir sağlıksız yapı kalmayıncaya kadar, deprem bölgesindeki az önce ziyaret ettiğimiz gibi tüm ailelerimizin yüzü gülene kadar burada olacağız. Aklımız, fikrimiz burada olacak. 2 Temmuz'da Sayın Cumhurbaşkanı'mızın görevi tevdi etmesinden yaklaşık 45-50 gün geçti. Biz ikinci Hatay ziyaretimizi gerçekleştiriyoruz. Her ay bu ziyaretleri gerçekleştireceğiz. Ekiplerimiz, milletvekillerimiz, belediye başkanlarımız her an vatandaşımızın, milletimizin yanında olacak ve milletimize ne söz verdiysek o sözleri tutmak için bu kadrolar, ekipler gece gündüz çalışmaya devam edecektir.

İncelemede Vali Mustafa Masatlı, Büyükşehir Belediye Başkanı Mehmet Öntürk ve bazı milletvekilleri yer aldı.

Linke tıklayınız;"
hatay_bld_0226,Hatay Belediye,belediye,hatay,4_local_campaign,2024-03-07,"Hatay Büyükşehir Belediyesi ev sahipliğinde Afetten Sonra Yaşam Forumu Antakya EXPO HBB Yerleşkesi’nde gerçekleşti.

Lıfe After Dısaster, DASİFED, Hayata Destek Derneği ve ATABAY işbirliği ile düzenlenen forumda özel sektör, sivil toplum kuruluşları ve birçok meslekten vatandaşlar katılarak önemli bilgiler paylaştı.

Mesut Bilgili moderatörlüğünde gerçekleşen forumda, afet yönetimi ve toplumsal dayanıklılık konularında etkili çözümler üretebilmenin, özel sektör ve sivil toplum kuruluşlarının iş birliği ile güçlenileceği vurgusu yapıldı.

Ayrıca ilgili tüm paydaşları bir araya getirerek, afetler sonrası yeniden yapılanma süreçlerinde karşılaşılan zorluklara yenilikçi çözümler bulunması, sürdürülebilir stratejilerin geliştirilmesi ve etkili iş birliklerinin kurulması konusunda derinlemesine tartışıldı.

Forumda etkinlikler, panel tartışmaları, atölye çalışmaları, vaka sunumlar ve ağ oluşturma fırsatları gibi çeşitli oturumlar da yapıldı.

Katılımcılar 6 Şubat depreminde yaşanılan afet sonrası sorunları gündeme getirirken alanda yapmış oldukları çalışmalar ile ilgili bilgiler paylaştı.

Haberin fotoğraflarını aşağıdaki linkten indirebilirsiniz.

https://we.tl/t-QjmUPxcuQy"
tccb_089,TCCB,cumhurbaskanligi,kahramanmaras,1_post_quake,2023-04-22,"Sevgili Kahramanmaraşlılar, Değerli Kardeşlerim, Ede’ler, Sizleri en kalbi duygularımla, muhabbetle selamlıyorum. Ramazan Bayramınızı tebrik ediyorum. Yaşadığımız 6 Şubat depremleri sebebiyle bu yıl Ramazan ayını ve bayramı buruk bir şekilde yaşadık. Bu felaketlerde hayatını kaybeden 50 binin üzerindeki vatandaşımızı bir kez daha Allah’tan rahmet, yakınlarına başsağlığı diliyorum. Rabbimden ülkemizi ve milletimizi bir daha böyle ağır imtihanlara maruz bırakmasın diyorum. Depremin ardından arama-kurtarma faaliyetleriyle, acil yardım ve geçici barına ihtiyaçlarının karşılanmasıyla, enkaz kaldırma ve kalıcı konutların inşasıyla geceli-gündüzlü bir çalışma yürüttük. Çok geniş bir yıkım alanına ve ağır kayıplara rağmen hamdolsun bu yükün altında kalmadık. Asrın felaketini devlet ve millet olarak sergilediğimiz asrın dayanışmasıyla göğüsledik. Şu anda yaklaşık 3,5 milyon insanımızı geçici barınma merkezlerinde, kamu tesislerinde ve yurtlarda tüm ihtiyaçlarını karşılayarak misafir ediyoruz. Yapılan tespitler ışığında deprem bölgesindeki şehirlerimizi 650 bin yeni konut ve köy evi yaparak ayağa kaldırmayı planlıyoruz. Henüz depremin ikinci haftasında kalıcı konutların inşasına başladık. Depremin 75. gününde 105 binin üzerinde kalıcı konutun yapım sürecine start verdik, bunların yaklaşık yarısının da temelini attık. Hatta bugün inşası tamamlanan köy evlerinden bazılarının hak sahiplerine anahtarlarını teslim ettik. Bundan sonraki her gün, her hafta, her ay bu şekilde devam edeceğiz. Önümüzdeki yılın bu vakitlerine kadar inşallah 319 bin konut ve köy evini depremzedelerimizin hizmetine sunmuş olacağız. Sakın bizi deprem turistleriyle karıştırmayın ha. Cumhur İttifakı zillet ittifakına benzemez Cumhur İttifakı ne derse onu yapar. Deprem bölgesine gelerek sadece görüntü veren, şov yapan, sonra da bir daha dönüp buraya bakmayan deprem turistlerini sizler zaten iyi biliyorsunuz. Bizler buraya hem acıları paylaşmayı, hem acıları sarmaya çalışıyoruz. Yapılan her işi adım adım takip ediyor, sizlerin aktardığı ve kendi gördüğümüz aksaklıkları, eksiklikleri anında düzeltiyoruz. Esasen deprem bölgesinde sadece konut yapmıyoruz, burada asıl yaptığımız şey, iş yerleriyle, altyapısıyla, tarihi ve kültürel dokusunu koruyarak adeta yeni şehirler kurmaktır. Türkiye’nin tarihi bir seçim arifesinde olduğu bir dönemde biz önceliğimizi depremzedelerimizin yaralarının sarılmasına vermekten asla vazgeçmedik, vazgeçmeyeceğiz. Türkiye yüzyılı vizyonumuzun ilk maddesine de bunu yerleştirdik. Ülkemizi afetlere karşı dirençli hale getirecek çalışmaları illerimizin tamamına yayıyoruz. Geçtiğimiz günlerde İstanbul’da dönüşüm ve rezerv alan projesi olarak çok sayıda konutun ve dükkanın teslimini yaptık, temelini attık. Deprem bölgesi şehirlerini ihya ederken, İstanbul’dan başlayarak diğer şehirlerimizi hızla depreme karşı dayanaklı hale getirmek için yeni destek programının müjdesini de milletimizle paylaştık. Buna göre, riskli yapısını dönüştürmek isteyen vatandaşlarımıza maliyetin yarısını devlet olarak biz vereceğiz. Konutun büyüklüğüne göre 750 bin lirayla 900 bin lira arasında değişen bu hibe desteğinin kalan yarısı için de çok uygun şartlarda kredi imkanı sağlayacağız. Amacımız, İstanbul’da bir yıl içinde 300 bin konutun, 5 yılsonunda da 1,5 milyon konutun dönüşümünü tamamlamadık. Avrupa ve Asya yakasındaki rezerv alanların belirlenmesinden yerinde dönüşüme kadar tüm planlarımızı buna göre yaptık. Deprem bölgesindeki inşaatların da 1 yıl içinde söz verdiğimiz şekilde tesliminin gerçekleşmesiyle Türkiye’yi afetlere karşı dirençli hale getirme hedefimize büyük ölçüde yaklaşmış olacağız. Türkiye yüzyılı yolunda hiçbir engel tanımadan eksikleri tamamlayarak, hataları düzelterek hedeflerimizi birer birer gerçekleştireceğiz. Bunun için, 14 Mayıs’ta, durmak yok, yola devam diyor muyuz? Doğru adımlarla yola devam diyor muyuz? Türkiye yüzyılı için yarın değil, hemen şimdi diyor muyuz?) Maraş bizimle oldukça Allah’ın izniyle Türkiye yüzyılı şafağının doğuşunun önüne kimse geçemez. Değerli Kardeşlerim, Milletimize hizmetlerimizi, müjdelerimi sadece afetlerle mücadeleyle sınırlı tutmuyoruz. Biliyorsunuz, dün ne oldu? Karadeniz gazının keşfi ve kullanıma sokulmasıyla ülkemiz enerji bağımsızlığı yönünde tarihi bir ilerleme kaydetti. Vatandaşlarımıza bu büyük devrimin sadece gururunu yaşatmakla kalmayıp somut neticelerini günlük hayatına da yansıtmak için önemli bir karar aldık, dedi ki, bir ay boyunca konutlarda kullanılan gazın tamamı, bir yıl boyunca da mutfak ve su ısıtma amaçlı kısmı ücretsiz olacak. Ama bay bay Kemal buna inanmadı, bay bay Kemal’in yanındakiler inanmadı. Hele hele yavrucuklar var yanında, onlar da dediler ki, hani Karadeniz gazı, nerede, ne zaman çıkacak? Ya gözünüz var, kör müsünüz, işte doğal gaz yanıyor. Ama bunların gözleri var görmez, kulakları var duymaz, kalpleri var mühürlü. Öyleyse benim milletim görüyor ya yeter. Milletimizin bu sevincini paylaşmaya bile yanaşmayıp yapılan hizmete çamur atmaya kalkanları kendi kin ve nefret çukurlarında debelenmeye bırakıyoruz. Birileri varsın Londra tefecilerinin kapasında 300 milyar dolansın, bunların buralardan böyle bir para getireceğine inanıyor musunuz? 14 Mayıs’ta bunlara bunun hesabını sormaya var mısınız? Bunlara biz bu milletin kaderini yalancıların, tefecilerin eline bırakmayız demeye var mısınız? Kardeşlerim, Biz sadece Karadeniz gazıyla ülkemize değerli 500 milyar dolar ile 1 trilyon dolar arasında hesap edilen yerli, milli, anamızın ak sütü gibi helal bir kaynağı kazandırdık. Şimdi Gabar’dan da çıkıyor, ama onlar buna da inanmazlar. Gabar’dan elhamdülillah rezerv 1 milyar doları aşkın çıkıyor. Biz ülkemizin ve devletimizin imkanlarını büyüttükçe, milletimizin refahını, huzurunu güvenliğini güçlendirmeye devam edeceğiz. Ne diyoruz biz? Durmak yok... Durmak yok... Durmak yok... Bu anlayışla Karadeniz gazını ülkemize kazandırırken yeni bir adım daha atıyoruz, kaynağını Karadeniz gazı ve kendi ürettiğimiz petrolden alacak bir de şimdi, aile ve gençlik bankası kuruyoruz. Ailenin taşıyıcısı olan ev kadınlarımızın emekliliğine buradan destek vereceğiz. Gördüğünüz gibi kaynağı söylüyorum ve bu kaynaktan çıkanın da nereye gideceğini de söylüyorum. Ne diyoruz? Aile ve gençlik bankası, öyle laf ola beri gele yok. Bunun benzerini bu kardeşiniz nerede gördü? Norveç’te gördü. Norveç petrolünün belli bir kısmını gençler için rezerv ediyor ve o başka bir şey için kullanılmıyor ve buradan elde edilen imkânı gençlik için bunlar kullanıyorlar. Biz de inşallah Karadeniz gazının, Gabar’ın belli bir oranını kimler için kullanacağız? Aile ve gençler için kullanacağız. Gençliğimizin eğitimine, istihdamına, evlenmesine buradan katkı sağlayacağız. Bir başka ifadeyle, geleceğimize güvenle bakmamızı sağlayacak aile ve gençlik politikalarını buradan finanse edeceğiz. Terör örgütlerine göz kırparak, sapkın akımları arkalarına alarak ülkenin kazanımlarına fütursuzca saldırarak Türkiye’yi çökertmek isteyenler, emin olun bundan da rahatsız olacaklar. Her konuda olduğu gibi bu hususta da kimin ne dediğine değil, milletimizin ne istediğine, milletimizin bize hangi istikameti gösterdiğine bakacağız. Siz her şeye layıksınız evvel Allah. Bunlar LGBT’ci, öyle mi? Biz LGBT’nin karşısındayız, MHP LGBT’nin karşısında, Cumhur İttifakı olarak biz LGBT’nin karşısındayız, çünkü biz ailenin kutsiyetine inanıyoruz, ailelerimize leke sürdürmeyeceğiz. Varsın olanlar LGBT’ci olmaya devam etsinler, CHP’si de olsun, İP’i de olsun, öbür tarafta HDP’si de olsun, kim olursa olsun, biz kendimize bakacağız. Çünkü milletleri millet yapan güçlü ailelerdir ve bu güçlü ailelerin içinde LGBT olmaz. Gençler; dikkat ederseniz her iyi ve güzel gelişmeyi değersizleştirmek için çırpınan bir kesim var, bunlar kuduruyor. Mesela İHA, SİHA yapıyoruz… İşte şu anda bu gördüğünüz bütün konteynerler, evet, AFAD’a Baykar tarafından teslim edildi, kendilerinden Allah razı olsun. TCG Anadolu gemisini denize indiriyoruz, Kızılelma’yı gökyüzüne çıkartıyoruz, bunlar hemen tezvirata başlıyor. Neymiş, savunma sanayi ürünleri karın mı doyururmuş? Bunların dünyadan haberi yok. Savunma sanayi alanındaki her bir gelişme aynı zamanda Türkiye’nin milli teknoloji hamlesinde attığı yeni bir adımdır. Teknolojide ilerlemek demek, tasarımından üretimine tüm safhalarında gençlerimizin birikimlerinin ve enerjilerinin değerlendirilmesi demektir. Türkiye’nin gençleri, şu gençler var ya şu gençler, bunlar tasarladıkça, ürettikçe, katma değer oluşturdukça milletimizin ve devletimizin kazancı da artacaktır. Başkaları yaptığında hayranlıkla seyrettikleri teknolojik gelişmelerin altında kendi ülkemizin, kendi insanımızın imzasının olmasından rahatsızlık duyanların gerisindeki haletiruhiyeyi ve siluetleri sizler iyi biliyorsunuz. PKK’sından FETÖ’süne terör örgütleriyle pazarlık yapınca, elbette bunlardan rahatsız olurlar. Küresel emperyalizmin temsilcisi kurumlara sözler verince, elbette bunlardan rahatsız olurlar. Dikkat ederseniz, bu karanlık pazarlıklarını gizlemek için durduk yere etnik köken tartışması açıyorlar, durduk yere mezhep tartışması açıyorlar, durduk yere yalan ve iftira mahsulü kampanyalar başlatıyorlar. Halbuki bu ülkede kimse kimseye kökenini de, mezhebini de sormaz. Bugüne kadar Erdoğan’ın ağzından böyle bir şey duydunuz mu? Yani Ana Muhalefetin başındaki zat hangi mezhepten olursa olsun, bizi hiç düşündürmez, saygı duyarız. Ama bunu kalkıp istismar vasıtası yapmak, bir mutfak pozisyonu içerisinde bunu anlatmanın ne anlamı var. Seccade nedir, secde nedir bilmeyenlerin, ağızlarından çıkanlardan bihaber olanların seçim öncesi havayı bozmak için başlattıkları bu istismar siyaseti ülkemizde zemin tutmaz. Sen seccadeye ayakkabınla basabilirsin, kıblesi Kâbe olmayanın seccadesi de bu şekilde olur. İnşallah, bize de bir seccade hediye ettiler, dedik ki, inşallah bu seccadeyi biz 15 Mayıs’ta şükür secdesinde kullanacağız. Çünkü Türkiye fotoğrafı, 85 milyonun tüm renkleriyle ortaya çıkan bir zenginliktir. Ülkemiz siyasetinin değerlerin istismarıyla yönlendirildiği dönemler geride kaldı. Gazi Mustafa Kemal Atatürk’ün isminin arkasına sığınarak bu ülkeye faşizmin en ilkel şeklini dayatanların devri kapanalı çok oldu. Kahramanmaraş sadece depremin fay hatlarının değil, geçmişte siyasi ve sosyal fay hatlarında yapılan tahriklerin de acısını çekmiş bir şehrimizdir. Şimdi birileri tekrar eski Türkiye’nin diğer tüm hastalıkları gibi bu konuları da kaşımanın, kanatmanın, insanları birbirine düşman etmenin peşinde. Ne kadar uğraşırlarsa uğraşsınlar, inşallah buna da izin vermeyeceğiz. Kardeşlerim, Türkiye’nin 21 yıllık emeğinin mahsulü olan demokrasi ve kalkınma kazanımlarına el uzatılmasına göz yummayacağız. Ülkenin ve milletin geleceğine teminat olan, şöyle bir ellerinizi kaldırın bakalım, gür sedayla olsun. Tek millet… Tek bayrak… Tek vatan… Tek devlet… Bir olacağız… İri olacağız… Diri olacağız… Kardeş olacağız… Hep birlikte Türkiye olacağız ve böylece de bu oyunların üstesinden geleceğiz. Milletimizle birlikte bu terör örgütlerini Cudi’de mağaralara gömdük mü? Gabar’da gömdük mü? Tendürek’te gömdük mü? Beslerderesi’nde gömdük mü? Hiç endişeniz olmasın, bundan sonra da bu terör örgütlerini gömmeye devam edeceğiz. Asıl bunların rahatsızlığı nereden? Şimdi Kandil bunlara destek veriyormuş, hale bak. Kandil’den terörist başları bay bay Kemal’e destek veriyor, biz diyorlar bay bay Kemal’in yanındayız. Ne kadar güzel, iyi ki bunu söylüyorlar. Benim milletim de bu teröristlerin destek verdiği bir CHP’ye, bir İP’e, bir HDP’ye ben inanıyorum ki destek vermeyecektir. Diğerlerini zaten saymaya gerek var mı? Yok. Ama biz hep birlikte Cumhur İttifakı’na şöyle sapsağlam yanında yer alırsak, dimdik durursak, 14 Mayıs inanıyorum ki bizim zaferimizle neticelenecektir. Bu terör örgütleri ve emperyalist kan emiciler destekli tek parti faşizmi artığı zihniyeti hep beraber sandığa gömmeye var mıyız? Maraş’ın her mücadelemizde olduğu gibi 14 Mayıs’ta da en güçlü şekilde bizim yanımızda yer alacağından şüphe etmiyorum. Bu duygularla bir kez daha Ramazan Bayramınızı tebrik ediyorum. İnşa halinde bulunan, teslim edilen ve edilecek olan konutların hak sahiplerine hayırlı olmasını diliyorum. Sevginiz, coşkunuz, ahde vefanız, kadirşinaslığınız, metanetiniz için her birinize şükranlarımı sunuyorum. Geciktik kusura bakmayın, hakkınızı helal edin. Ve yine söylüyorum, durmak yok... Durmak yok... Sizleri sevgiyle, saygıyla selamlıyorum, Allah’a emanet ediyorum. Kalın sağlıcakla."
hatay_bld_0251,Hatay Belediye,belediye,hatay,5_post_local,2024-04-16,"Hatay Büyükşehir Belediye Başkanı Mehmet Öntürk, Hatay Valisi Mustafa Masatlı'yı makamında ağırladı.

Vali Masatlı, 31 Mart Mahalli İdareler Genel Seçimleri’nin sonuçlarının ilanıyla HBB Başkanlığına seçilen Mehmet Öntürk’ü tebrik ederek yeni görevinde başarılar diledi.

Görüşmede Vali Masatlı, anı defterine “31 Mart 2024 Yerel Seçimlerinde Hatay’ımıza Büyükşehir Belediye Başkanı olarak seçilen Sayın Mehmet Öntürk kardeşimi canıgönülden kutluyorum. Tarihinin en zor döneminde ‘Şehir Emini’ olarak seçilen Başkanımıza Allah (C.C.) yar ve yardımcı olsun.” ifadelerine yer vererek anı defterini imzaladı.

6 Şubat depremleri sonrası büyük kayıpların yaşandığı Hatay’da şehrin yeniden ayağa kaldırılması adına çalışmaların tüm hızıyla devam ettiğini aktaran Vali Masatlı, il genelinde belediye hizmetlerinin daha etkin bir şekilde koordine edilmesi ve vatandaşlara daha iyi hizmet sunulması için el birliğiyle çalışacaklarını iletti.

Hatay’da herkesin acıları olduğunu belirten Öntürk; şehir yeniden ayağa kaldırıldığında acıların da bir nebze de olsa azalacağını bu noktada devletin tüm birimleriyle uyum içinde çalışacaklarını bildirdi.

Görüşmenin ardından Başkan Öntürk, Vali Masatlı'ya nazik ziyaretlerinden dolayı onur duyduklarını aktararak teşekkürlerini iletti.

Not: Haberin video ve fotoğraflarını aşağıdaki linklerden indirebilirsiniz:

Video: https://we.tl/t-eCMgvbnmLF

Fotoğraf: https://we.tl/t-eL37y2MDIJ"
hatay_bld_0246,Hatay Belediye,belediye,hatay,5_post_local,2024-04-11,"DOĞRU AİLESİNE BAŞKAN ÖNTÜRK'TEN MANEVİ DESTEK

Hatay Büyükşehir Belediye Başkanı Mehmet Öntürk, Ramazan Bayramı'nın huzurunu paylaşmak ve dayanışma ruhunu güçlendirmek amacıyla 6 Şubat depremlerinde kayıplar yaşamış aileleri ziyaret ediyor.

Asrın felaketinde oğlunu, gelinini ve üç torununu kaybeden Müzeyyen ve Mehmet Doğru çiftini, Antakya Gülderen Mahallesi’ndeki evlerinde ziyaret eden Başkan Öntürk, ailenin acısına ortak olarak bayramlarını kutladı.

Doğru ailesi ile dertleşerek yüreklerine bir nebze de olsa su serpen Başkan Öntürk, Doğru çiftinin ve depremlerde yakınlarını kaybeden tüm aileler birlikte deprem nedeniyle sağlık sorunları yaşayan tüm vatandaşların yanlarında olmaya devam edeceğini vurguladı.

BÜYÜK ACILARI HEP BİRLİKTE AŞACAĞIZ

Dayanışma ve birlik ruhunu şehrin her köşesine yayacaklarını aktaran Başkan Öntürk HBB Başkanı Öntürk, “Büyük yıkımlar sonrası yaşadığımız büyük acıları hep birlikte ve sevgiyle aşacağız. Öncelikle tüm deprem şehitlerimizin mekânı cennet olsun. Bu kutsal bayramın manevi atmosferinde ve sonrasında, acılara ortak olmak ve desteklerimizi sunmak için Hatay’ımızı adım adım gezmeye devam edeceğiz.” dedi.

NOT: Haberin fotoğraflarını aşağıdaki linkten indirebilirsiniz:

https://we.tl/t-lfyWVA5jcb"
csb_0561,CSB,bakanlık,hatay,4_local_campaign,2024-03-06,"ÇEVRE, ŞEHİRCİLİK VE İKLİM DEĞİŞİKLİĞİ BAKANI MEHMET ÖZHASEKİ ELAZIĞ’DA MUHALEFETE SESLENDİ: “YAPILACAK EN GÜZEL İŞ KENTSEL DÖNÜŞÜMDÜR”

Çevre, Şehircilik ve İklim Değişikliği Bakanı Mehmet Özhaseki, Cumhurbaşkanı Recep Tayyip Erdoğan’ın teşrifleriyle gerçekleşen Elazığ mitinginde muhalefetin kentsel dönüşüme yönelik tavrını eleştirdi. Bakan Özhaseki, “Bütün belediyelere ‘Yapılacak en güzel iş kentsel dönüşümdür. Hangi partiden olursanız olun kapımız açık. Söz veriyorum. Gelin size yardım edeceğim’ diyorum. Sadece bizim arkadaşlar geliyor, öbür arkadaşlardan ses yok.” dedi.

Çevre, Şehircilik ve İklim Değişikliği Bakanı Mehmet Özhaseki, Cumhurbaşkanı Recep Tayyip Erdoğan’ın katılımıyla gerçekleşen Malatya mitinginin ardından Elazığ’a geçti. Elazığ mitinginde konuşan Bakan Özhaseki, 6 Şubat 2023’te Kahramanmaraş merkezli meydana gelen ikiz depremlerde 850 bin bağımsız birimin zarar gördüğünü belirterek, bu sayının nerdeyse 7-8 tane Elazığ kadar büyük olduğunu ifade etti.

Bakan Mehmet Özhaseki, Türkiye’nin deprem ülkelerinden biri olduğunu belirterek, muhalefetin kentsel dönüşüme karşı tavrını eleştirdi. Bakan Özhaseki, “Bütün belediyelere ‘Yapılacak en güzel iş, kentsel dönüşümdür. Hangi partiden olursanız olun kapımız açık. Söz veriyorum. Gelin size yardım edeceğim’ diyorum. Sadece bizim arkadaşlar geliyor, öbür arkadaşlardan ses yok. Öğrenmişler, ‘Biz kentsel dönüşüme karşı değiliz, rantsal dönüşüme karşıyız’ diyorlar. ‘Hadi siz rantsal değil kentsel dönüşüm yapın’ diyoruz, yine ortada yoklar.” diye konuştu.

“HATAY’DA KETSEL DÖNÜŞÜME MANİ OLDULAR”

Yıllar önce Hatay’da kentsel dönüşüm yapacakları zaman da muhalefetin engel olduğunu hatırlatan Bakan Özhaseki, “Hatay'a gitmiştim. Kentsel dönüşüm yapacaktık. Gösteriler yaptılar. Koca koca mahallelerde yapacağımız işlere mani oldular. Depremde, Aksaray Emek Mahallesi yıkılmıştı. Ne olur ‘rantsal dönüşüm’ diyerek kenara kaçıp saklanmasanız da iş yapsanız. Bir tane bile iş yapan görmedim.” şeklinde konuştu."
tccb_088,TCCB,cumhurbaskanligi,hatay,1_post_quake,2023-04-22,"Sevgili Gaziantepliler, Nurdağı’nın Saygıdeğer Güzel İnsanları, Değerli Kardeşlerim, Sizleri ne kalbi duygularımla, hürmetle, muhabbetle selamlıyorum. Ramazan Bayramınızı tebrik ediyorum. Bu yılki Ramazan ayını ve Ramazan Bayramını 6 Şubat depremlerinin yüreklerimizde açtığı yaraların ve evlerimizde sebep olduğu yıkımların gölgesi altında geçirdik. Depremlerde hayatını kaybeden 50 binin üzerindeki vatandaşımıza bir kez daha Allah’tan rahmet, yakınlarına sabrı cemil niyaz ediyorum. Şimdi şurada bir pankart görüyorum, “gemiler yürür işte karadan vazgeçilir mi hiç yapılamaz denilenleri yapan adamdan.” Bir tane daha görüyorum, ”yarım kalan çeşme heykeli Bay Kemal’in de bir hatırası olsun istedik.” Bir tane daha görüyorum, “Bay Kemal, gölge etme oradan…” Neyse altına devam edelim mi? Diyor ki, “bir cacık olmaz altılı masadan.” Ama bir genç diyor ki, “tıpış tıpış değil, gümbür gümbür sandığa gideceğiz.” Allah razı olsun. Bin yıllık vatanımız Anadolu’nun nice güzellikleriyle beraber afetleriyle bizimle yaşıyor, yaşayacak. Ülkenin yöneticileri ve vatandaşları olan bize düşen görev, binalarımızı sağlam yaparak, derelerimizin önünü kesmeyerek, tabiatla barışık yaşayarak afetlere karşı hazırlıklı olmaktır, gerisi Rabbimizin takdiridir. Son deprem felaketinin ardından hemen kolları sıvadık, insanımızı güvenli binalara kavuşturmak için depremin 15. gününden itibaren temelleri atıp inşaatlara başladık. Yaptığımız tespitler doğrultusunda derem bölgesinde 507 bini konut ve 143 bini köy evi olmak üzere 650 bin yeni yuva yapıyoruz. Bunlardan 319 binini 1 yıl içinde teslim ederek şehirlerimizi ayağa kaldırmayı planlıyoruz. Nitekim deprem bölgesine yaptığım son ziyaretlerin tamamında her şehrimizde yeni konutlarımızın ve köy evlerimizin temel atma törenlerini gerçekleştirdik. Şu ana kadar 105 binin üzerinde konutun yapım sürecini başlattık, bunların yarıya yakınının temelini de attık. Sadece konut yapmıyoruz, okuluyla, sağlık merkeziyle, çarşısıyla, pazarıyla, yeşil alanıyla, parkıyla yepyeni hayat alanları inşa ediyoruz. Yine sadece depremde yıkılan yerlerin değil, bölgedeki şehirlerimizin tamamının altyapısını da yeniliyoruz. Küçük sanayi siteleri kurarak, konutla birlikte istihdamı da gözetiyoruz. Cumhuriyet tarihinin bu en büyük konut ve şehircilik seferberliğini Allah’ın izniyle anlımızın akıyla tamamlayacağız. Biliyorsunuz daha önce pek çok depremde, selde, yangında vatandaşlarımızı kısa sürede yeni evleriyle buluşturmuştuk. İnşallah burada da aynısını yapacağız. Van’da bunu yaptık mı? Bingöl’de bunu yaptık mı? Antalya’da, Manavgat’ta, Muğla’da bunları yaptık mı? Kütahya’da, Simav’da bunları yaptık mı? Değerli kardeşlerim, bay bay Kemal’in milletvekili olduğu İzmir’de bunu yaptık mı? Hadi sen de yap; yapamaz, bunların nasibi yok. Ayrıca, biliyorsunuz geçtiğimiz günlerde yeni bir kentsel dönüşüm kampanyasının müjdesini milletimizle paylaştık. Riskli binalarda yaşayan İstanbullu kardeşlerimize dönüşüm bedelinin yarısını devlet olarak bizim karşılayacağımız, yarısını da çok uygun şartlı borçlanma imkânı getirdiğimiz bir teklif sunduk. Bir kısmı yerinde, bir kısmı rezerv alanlarda yürütülecek bir çalışmayla yılda 300 bin konutu dönüştürerek, 5 yılda İstanbul’da riskli bina bırakmamayı amaçlıyoruz. Şimdi bakalım kentsel dönüşüm konusunda kim ne demiş, kim ne yapmış, şöyle ekrandan izleyelim. … Gördünüz, değerli kardeşlerim, bay bay Kemal ve avenesinden bu ülkeye fayda gelmez. Ne İstanbul’un başındaki Belediye Başkanından, ne Ankara’nın başındaki Belediye Başkanından, ne İzmir’in başındaki Belediye Başkanından hiçbir şey olmaz. Bunlar, çöp, çukur, çamur demektir. Bunlar, susuzluk demektir. Bunlar, Allah göstermesin, şöyle bir yağmur olduğu zaman her tarafı lağımın götürdüğü şehirler demektir, hep bunları yaşadık. Ve biz iş yapmanın, insanlarımızı güvenli ve huzurlu konutlara kavuşturmanın peşindeyiz, bunlar da her konuda yaptıkları gibi kentsel dönüşümde de projelerimize takoz olmanın peşinde. Milletimiz her iki zihniyeti de görüyor, biliyor. İşte ben İstanbul’a Belediye Başkanı olduğum zaman, İstanbul’da ne vardı? Susuzluk vardı, çöp vardı, çamur vardı ve meşhur Ümraniye çöplüğünün patlaması neticesinde 39 vatandaşımızın ölümü vardı. Kimdi? CHP, Büyükşehir’de de o vardı, ilçede de o vardı. Biz oraları şu anda park, bahçe haline getirdik. Değerli Kardeşlerim, Bunlara 5 tane koyun teslim edemezsiniz, teslim ederseniz kaybeder gelirler. Ülkemizin tüm yerleşim yerlerini afetlere dirençli hale getirene kadar kimsenin bizi engellemesine izin vermeden çalışmayı sürdüreceğiz. Kardeşlerim, Bugün Ramazan Bayramının ikinci, depremin 75. günündeyiz ve bütün 11 vilayeti Cumhur İttifakı olarak defaatle dolaştık, durmak yok... Durmak yok... İlk temelleri atışımızın 60. gününde inşasını 45 günde tamamladığımız 10 köy evinin anahtarlarını teslim ediyoruz. Mimarisi, inşası ve diğer tüm özellikleriyle gerçekten çok güzel eserler olan bu köy evlerimizin hak sahiplerine hayırlı olmasını diliyorum. Bugün aynı zamanda çiftçilerimize 10 yeni müjde veriyoruz. Evet, ilk olarak bugün burada hepsi de özgün mimari eseri olan ahırı, köy konağı, akıllı tahtası, camisi, peyzajıyla akıllı köy evleri örneklerini milletimizin takdirine sunuyoruz. Bu projeyle, gelişmiş altyapısı, internet destekli teknolojisi, yenilebilir enerjisi, sıfır atık uygulaması, sürü yönetim sistemi, entegre meteoroloji yazılımı ve daha çok pek özellikleriyle yeni bir model ortaya koyuyoruz. İkinci olarak, afet alanlarındaki köy evlerimizde hayatını sürdürecek çiftçilerimize Ziraat Bankamız vasıtasıyla sıfır faizli hayvancılık kredileri verecek, hayvan ve yem alımlarını destekleyeceğiz. Böylece, ahırlar dolacak, üretim artacak, çiftçilerimizin kazançları yükselecek. Üçüncü olarak, afet alanları dışındaki bölgelerde buralarda yaşayan gençlerimiz başta olmak üzere tüm vatandaşlarımızdan bu kırsal dönüşümden yararlanmak isteyenlere de el uzatıyoruz. Bu kardeşlerimize ilk evim kampanyası şartlarıyla akıllı köylerden ev sahibi olma imkanı getiriyoruz. Dördüncü olarak, halen köylerde yaşayan vatandaşlarımızdan mevcut evini yıkıp bu modele uygun sağlam, güvenli, teknoloji destekli eve kavuşmak isteyenlere de uygun şartlı finansman sağlayacağız. Beşinci olarak, ülkemizdeki et ve süt fiyatlarının izahı olmayan seviyelere çıkmasına yol açan sıkıntıya çözüm getirecek bir adım atıyoruz. Kırsal dönüşüm kapsamında 50 baş üzeri büyükbaş ari damızlık üretim merkezleri haline getirecek teşvikler vereceğiz. Böylece bir yandan hayvan varlığımızı yükseltirken, diğer yandan da en az yüzde 30 verim artışı hedefliyoruz. Altıncı olarak, sözleşme üretim modeliyle aile tipi işletmelerde büyükbaş ve besi hayvancılığını destekleyerek her haneye en az bir asgari ücret garantisi vereceğiz. Yedinci olarak, tarımsal üretimde basınçlı sulama altyapısını güçlendirerek birim alanda daha çok rekolte ve gelir elde edilmesini sağlayacağız. Sekizinci olarak, sözleşmeli üretimi yaygınlaştırarak hem üreticimizin gelirini garanti altına alacak, hem arz güvenliğini temin edecek, hem de gıdadaki fiyat dalgalanmalarının önüne geçeceğiz. Dokuzuncu olarak, jeotermal organize sanayi bölgeleri başta olmak üzere sebze ve meyve yetiştirme amaçlı sera yatırımlarındaki desteği artıracağız. Onuncu olarak, tarımsal üretimin en büyük girdisi olarak üre gibi azotlu gübrelerdeki dışa bağımlılığımızı azaltacak önemli bir projeyi devreye alıyoruz. Nasıl, iyi mi? Şimdi Karadeniz gazından üre sağlayacak bir fabrikayı Zonguldak’ta kuruyoruz. Bay bay Kemal ve onun yandaşları ne diyor? Hani diyorlar doğal gaz, hani Karadeniz’den doğal gaz çıkacaktı? İki akşamdır, üç akşamdır doğal gazın nasıl yandığını Karadeniz’de Sakarya’da görmedin mi? Ama bunlarda göz var bakar kör, kulak var duymaz, kalpleri var değerli kardeşlerim, kesinlikle mühürlü. Özel sektör yatırımı olarak kurulan bu fabrikayla ilgili süreçler tamamlandı, yakında onun da inşasına başlıyoruz. Kırsal dönüşüm projemizin en önemli özelliği, teknolojik altyapıyla kırsaldan giderek kopan gençlerimizi yeniden üretimle buluşturacak olmasıdır. Şimdi gelin kırsal dönüşüm projemizle yapacaklarımızı bir de görüntülü olarak izleyelim, akıllı köyler. … Evet, amacımız, Türkiye yüzyılını üretimin yüzyılı yapmaktır. Amacımız, Türkiye yüzyılını üreticinin yüzyılı yapmaktır. Bu projenin ülkemize, çiftçilerimize ve gençlerimize hayırlı olmasını diliyorum. Kardeşlerim, Ülkemizin artık felaketlerin yıkıcı etkilerine teslim olmadığının en güzel örneği, işte burada gördüğünüz manzaradır. Görüldüğü gibi, bir yandan temel atıyor, bir yandan anahtar teslim etmeye başlıyoruz, bir yandan da tarihimizin en önemli kırsal dönüşüm projelerinden birini hayata geçiriyoruz. Bundan sonraki günlerde de biten her köy evini, önümüzdeki aylardan itibaren bitmeye başlayacak her konutu sahipleriyle buluşturarak yolumuza devam edeceğiz. Dünyada bu kadar büyük bir afetin ardından bu kadar kısa sürede arama-kurtarmadan enkaz kaldırmaya, geçici barınma alanlarından kalıcı konut inşasına kadar her alanda kat edilen böyle bir mesafe yoktur. Allah’a hamdolsun, artık Gaziantep’te neredeyse çadır kent kalmadı, her yer konteyner kentlerle dayandı, döşendi. Hatay dışında her yerde enkaz kaldırma çalışmalarını tamamladık. Deprem bölgesinin her köşesinde yeni konutlarımızın inşaatları hızla yükseliyor. Geçici barınma merkezlerinde 3,5 milyon vatandaşımızın tüm ihtiyaçlarını karşılayarak hayatlarını sürdürmelerini sağlıyoruz. Hava şartlarının da düzelmesiyle beraber bölgemizde hayat yavaş yavaş normal seyrine girmeye başladı. İnşallah önümüzdeki yıl bu vakitlerde tüm şehirlerimiz eski canlılığına, eski dinamizmine kavuşmuş olacak. Biz bazı deprem turistleri gibi buraya fotoğraf çektirmeye, görüntü vermeye gelmiyoruz. Biz, hem acıları paylaşmaya, hem yaraları sarmaya geliyoruz. Bu anlayışla, yüreklerindeki sızının hiçbir zaman dinmeyeceğini bildiğimiz depremzede vatandaşlarımızın daima yanlarında olmayı sürdüreceğiz. Acılarını paylaşırken hayatlarını daha iyiye götürecek her türlü desteği ve imkanı kendilerine sağlamaya devam edeceğiz. Rabbimden ülkemizi bu tür afetlerden, her türlü kaza ve beladan muhafaza eylemesini diliyorum. Değerli Kardeşlerim, Gaziantep sadece bu bölgemizin değil, ülkemizin üretim, istihdam, ihracat merkezleri arasında giderek yıldızı daha da parlayan bir şehrimizdir. Şehirde faaliyette olan 1240 fabrikaya sürekli yenileri ilave ediliyor, kuruluş safhasındaki 6. Organize Sanayi Bölgesi de devreye girdiğinde bu rakam 2 bine çıkacak. Şehrin ihracatı aylık 1 milyar doları buldu. Sanayiden turizme, tarımdan insani yardımlara kadar her alanda şehrimizin başarılarını yakından takip ediyoruz. Ülkemize böylesine büyük katkılar yapan bir şehrin önünü açacak projelere destek olmak da boynumuzun borcudur. Bu kapsamda, bir diğer deprem bölgemiz Hatay için de büyük önem taşıyan Amanos Tünellerinin inşasına yakında başlıyoruz. Amanos Tünelleri Gaziantep’in sanayideki üretim gücünü İskenderun Limanıyla katlayarak artıracaktır. Aynı şekilde bu tüneller Hatay’ın muazzam potansiyelini Anadolu’yla buluşturarak şehrin kısa sürede deprem durgunluğunu özellikle üzerinden atmasına vesile olacaktır. Kardeşlerim, Depremde Gaziantep’te en çok yıkıma maruz kalan ilçeleri Nurdağı ve İslahiye’ye ekonomik katkı sağlayacak projelere de özel destek veriyoruz. İslahiye’de birinci ve ikinci organize sanayi bölgelerini zaten hayata geçirmiştik, şimdi Nurdağı’nda da bir organize sanayi bölgesi kuruyoruz. Her iki ilçemizin yatırımcılar için cazibesini artırmak gayesiyle ilave teşvikleri devreye alacağız. Biliyorsunuz, Adana-Osmaniye-Gaziantep hızlı tren hattının duraklarından biri de Nurdağı’dır, bu hattın yapımını da hızlandırıyoruz. Depremin yaralarını sarmak için bu iki ilçemizde yapacağımız 50 bin konuta ilave olarak Gaziantep şehir merkezinde de 50 bin konutluk bir proje planlıyoruz. Görüldüğü gibi, tüm şehirlerimiz, Gaziantep’i ve ilçelerini de deprem öncesinden daha iyi bir konuma getirmek için gece-gündüz çalışıyoruz. Ülkemizi son 21 yılda hayata geçirdiğimiz demokrasi ve kalkınma atılımlarıyla Türkiye yüzyılı için hazırladık. Değerli Kardeşlerim, Şu anda teslimini yapacağımız buradaki köy evleriyle elhamdülillah bir adımı açık ve net attık. Ama hepsinden öte, Türkiye yüzyılı vizyonumuzla önceliklerimizin başına Karadeniz doğal gazını geçirdik mi? Geçirdik. Karşımızdaki muhalefet inansa da-inanmasa da biz Karadeniz doğal gazını elhamdülillah karayla buluşturduk. Şimdi ise Karadeniz gazının ve petrol üretimimizin gelirlerinin bir kısmıyla ne yapıyoruz biliyor musunuz? Aile ve gençlik bankasını kuruyoruz. Bir taraftan Karadeniz doğal gazı, bir taraftan da Gabar’da karadan çıkacak olan petrol, bunlarla artık Türkiye çok daha vakur, çok daha kararlı bir şekilde geleceğe yürüyor. Bu banka, ev hanımlarımızın emekliliğini desteklemeden gençlerimizin eğitimine, istihdamına, evliliğine bedelsiz katkı sağlamaya kadar pek çok alanda milletimize hizmet verecek. Ev hanımlarımızın emekliliğini de, gençlerimizin istihdamını ve evliliğini, aile yapımızın güçlü bir şekilde devam etmesi hususunda kritik önemde görüyoruz. AK Parti LGBT’ye karşı mı? Milliyetçi Hareket Partisi LGBT’ye karşı mı? Cumhur İttifakı LGBT’ye karşı mı? Peki, CHP LGBT’ye karşı mı? İP karşı mı? Bunun yanında HDP karşı mı? Bunlar LGBT’ci, bunlar bizim kutsal aile yapımıza karşı. İşte 14 Mayıs bunun için çok önemli. 14 Mayıs, LGBT’cilere, kadına şiddetin yanında olanlara ders verme günü olacaktır. Bugüne kadar girdiğimiz her mücadeleyi milletimizle aynı istikamete bakarak, aynı hassasiyetleri paylaşarak, aynı amaçla yol yürüyerek kazandık. İnşallah 14 Mayıs seçimlerinde de milletimizle birlikte zafere ulaştıktan sonra deprem şehirlerimizi beraberce ayağa kaldırmayı sürdürecek, Türkiye yüzyılını beraberce inşa edeceğiz. Rabbim yar ve yardımcımız olsun. Bu duygularla bir kez daha bayramınızı tebrik ediyorum. Köy evlerini teslim ettiğimiz vatandaşlarımıza yeni yuvalarında güle güle oturmalarını diliyorum. Depremde evini kaybeden her bir vatandaşımıza bu mutluluğu yaşatana kadar durmadan, dinlenmeden, tereddüt etmeden çalışacağımızın altını bir kez daha çiziyorum. Sizleri sevgiyle, saygıyla selamlıyorum, kalın sağlıcakla."
kmaras_bld_0127,Kahramanmaraş Belediye,belediye,kahramanmaras,1_post_quake,2023-03-28,"Karacasu Geçici Barınma Merkezi’ni ziyaret ederek vatandaşlarla bir araya gelen Başkan Güngör, “Geçici barınma merkezlerimizde 600 binin üzerinde hemşehrimiz kalıyor. Bu sayı gün geçtikçe artıyor. TOKİ tarafından yapımına başlanan afet konutlarında da çalışmalar devam ediyor” dedi.

Kahramanmaraş Büyükşehir Belediye Başkanı Hayrettin Güngör, şehre inşa edilen en büyük geçici barınma merkezlerinden Karacasu Konteyner Kent’i ziyaret ederek incelemelerde bulundu. Ağrı Valisi Dr. Osman Varol ile AK Parti Trabzon Milletvekili Bahar Ayvazoğlu’nun da yer aldığı ziyarette Başkan Hayrettin Güngör, Karacasu Geçici Barınma Merkezi’nde tamamlanarak hizmete alınan bölümlerde vatandaşlarla bir araya gelerek sohbet etti. Depremzedelerin taleplerini tek tek not alan Başkan Güngör, çocuklarla da yakından ilgilendi.

600 Binin Üzerinde Vatandaşın Barınması Sağlanıyor

Ziyaret sonrası açıklamalarda bulunan Büyükşehir Belediye Başkanı Hayrettin Güngör, “Hemşehrilerimizin barınmadan ulaşıma, gıdadan hijyene tüm ihtiyaçlarının karşılanması noktasında tüm paydaşlarımızla birlikte yoğun gayret gösteriyoruz. Hamdolsun bu noktada çok önemli aşama kat ettik. Geçici konaklama merkezlerimizde 600 binin üzerinde hemşehrimizin barınmasını sağlıyoruz. Bu sayı gün geçtikçe artıyor. Konteyner kurulumları tüm hızıyla sürüyor. Bugün de Karacasu Geçici Konaklama Merkezi’mizi ziyaret ederek hemşehrilerimizle bir araya geldik. Bu süreçte tüm imkân ve kabiliyetiyle yanımızda olan kamu kurum ve kuruluşlarımıza, STK’larımıza ve kardeş belediyelerimize canı gönülden teşekkür ediyoruz” ifadelerini kullandı."
csb_0279,CSB,bakanlık,kahramanmaras,3_inter_election,2023-07-06,"BAKAN ÖZHASEKİ: DEPREM BÖLGESİNDE YILSONUNA KADAR 319 BİN KONUT TAMAMLANACAK

Çevre, Şehircilik ve İklim Değişikliği Bakanı Mehmet Özhaseki, Toplu Konut İdaresi Başkanlığı (TOKİ) tarafından Kahramanmaraş merkezli depremlerden etkilenen 11 ilde evleri yıkılan ya da ağır hasar görenlerin konut ihtiyacının karşılanması için yaklaşık 180 bin konut ve köy evinin inşasına başlandığını, yaklaşık 140 bin konutun da proje aşamasında olduğunu bildirdi.

Bakan Özhaseki, 6 Şubat'ta meydana gelen ve 11 ili etkileyen depremlerin ardından bakanlık olarak, bölgede yapımı başlayan konut inşa çalışmalarına ilişkin bilgi verdi.

Depremde 11 ilde 872 bin 59 bağımsız birimin yer aldığı 311 bin binanın yıkıldığını anımsatan Bakan Özhaseki, bölgede çalışmaların tüm hızıyla sürdüğünü aktardı.

Göreve yeniden gelmesinin ardından birinci önceliklerinin ""deprem bölgesinde hayatı normale döndürmek"" olduğunun altını çizen Bakan Özhaseki, şunları kaydetti:

""Deprem bölgesinde amacımız, vatandaşlarımızı bir an evvel sağlam ve güvenli yuvalarına yerleştirmek. Bunun için durup dinlenecek vaktimiz yok. Bu kapsamda, depremden etkilenen 11 ilimizde yaklaşık 180 bin konutun inşasına başladık. Bu konutların 120 bin 389'unu TOKİ'miz eliyle, 21 bin 921'ini Emlak Konut ve 37 bin 129 köy evini ise Yapı İşleri Genel Müdürlüğümüz eliyle yapıyoruz. 139 bin 561 konutumuz da şu an proje aşamasında. Böylece yıl sonuna kadar 319 bin konutumuzu tamamlayarak, vatandaşlarımızı güvenli ve sağlam konutlarına kavuşturacağız.""

EN ÇOK KONUT HATAY'DA YAPILACAK

Bakan Özhaseki, TOKİ tarafından bölgede inşasına başlanan konutların, illere göre dağılımına ilişkin bilgi vererek, ""TOKİ eliyle bölgede en çok konutu, depremlerde ağır yara alan Hatay'ımızda inşa edeceğiz. Buna göre Hatay'da 32 bin 715 konut, Kahramanmaraş'ta 24 bin 321, Gaziantep'te 20 bin 319, Malatya'da 14 bin 338, Diyarbakır'da 6 bin 278, Osmaniye'de 4 bin 892, Adıyaman'da 4 bin 629, Şanlıurfa'da 4 bin 469, Adana'da 3 bin 638, Elazığ'da 2 bin 936, Kilis'te 1854 konutumuzun inşasına başladık."" ifadesini kullandı.

TOKİ, 1 YILDA 223 BİN 79 KONUT İNŞA EDECEK

Bakanlıktan yapılan açıklamaya göre TOKİ, bölgede bir yıl içerisinde Adana'da 9 bin 456, Adıyaman'da 6 bin 204, Diyarbakır'da 9 bin 610, Elazığ'da 6 bin 962, Gaziantep'te 24 bin 148, Hatay'da 73 bin 971, Kahramanmaraş 43 bin 194, Kilis 1974, Malatya 31 bin 19, Osmaniye 6 bin 131, Şanlıurfa 10 bin 410 konut olmak üzere 223 bin 79 konut inşa edecek.

Ayrıca Çevre, Şehircilik ve İklim Değişikliği Bakanlığı Emlak Konut GYO tarafından, Adıyaman'da 21 bin 921 konutun inşasına başlandı ve 4 bin konutta da proje çalışmaları sürüyor.

37 BİN 129 KÖY EVİNİN İNŞASI BAŞLADI

Ayrıca Bakanlık, kentlerin yanı sıra köylerde de hayatın normale dönmesi için çalışmalarına devam ediyor.

Yapı İşleri Genel Müdürlüğünce yöresel mimariye uygun olarak 37 bin 129 köy evinin yapımına başlandı. 32 bin 871 konutun ise proje çalışmaları devam ediyor. Deprem bölgesinde toplam 143 bin 271 köy evi, ahırlarıyla birlikte yapılacak.

Buna göre, Adana'da 24 ahır ve 209 köy evi, Adıyaman'da 848 ahır ve 6 bin 290 köy evi, Diyarbakır'da 180 ahır ve 609 köy evi, Gaziantep'te 989 ahır ve 4 bin 707 köy evi, Hatay'da 942 ahır ve 6 bin 847 köy evi, Kahramanmaraş'ta 1471 ahır ve 8 bin 158 köy evi, Kilis'te 486 köy evi, Malatya'da 740 ahır ve 7 bin 550 köy evi, Osmaniye'de 270 ahır ve 1356 köy evi, Şanlıurfa'da 267 ahır ve 917 köy evi inşa edilecek.

Gaziantep Nurdağı ilçesi Belpınar ve Mesthüyük köyleri ile Kahramanmaraş Türkoğlu ilçesi Özbek köyünde 100'e yakın köy evi depremzedelere teslim edildi.

DEPREM KONUTLARI YÖRESEL MİMARİYE UYGUN VE AZ KATLI OLARAK İNŞA EDİLECEK

Deprem konutlarının inşası, merkeze yakın, şehrin sosyolojisine, kültürel yapısına, demografik yapısına ve vatandaşın ihtiyacına göre belirlenen rezerv alanlarda yapılıyor.

Zemin artı 3-4 katı geçmeyecek konutlar, balkonlar hariç 105 metrekare brüt, 85 metrekare net, 3 artı 1 olarak planlanıyor.

Köy evleri ise bölgesel olarak farklı ihtiyaçlara göre 5 farklı tip olarak tek katlı, verandalı, yöresel mimari ve yaşam koşulları göz önüne alınarak inşa ediliyor."
csb_0243,CSB,bakanlık,adiyaman,3_inter_election,2023-06-08,"BAKAN ÖZHASEKİ ADIYAMAN’DA EMLAK KONUT İDARESİ OFİSİ'NDE BRİFİNG ALDI

Çevre, Şehircilik ve İklim Değişikliği Bakanı Mehmet Özhaseki, Adıyaman'da ziyaretlerde bulundu.

Emlak Konut İdaresi Ofisi'ne gelerek yetkililerden bilgi alan Bakan Özhaseki daha sonra Şahinbey Çarşısı'nı gezerek esnaf ile sohbet etti."
kmaras_val_218,Kahramanmaraş Valiliği,valilik,kahramanmaras,4_local_campaign,2024-03-19,"Cumhurbaşkanımız Sayın Recep Tayyip Erdoğan’ın Canlı Bağlantısı ve İçişleri Bakanımız Sayın Ali Yerlikaya’nın katılımıyla Akyar TOKİ alanında düzenlenen programda, Deprem Konutları Kura Çekimi ve Anahtar Teslim töreni gerçekleştirildi.

Cumhurbaşkanımız Sayın Recep Tayyip Erdoğan’ın canlı bağlantısı öncesi bir konuşma yapan İçişleri Bakanımız Sayın Ali Yerlikaya, 
 
Depremlerin yaşandığı ilk andan itibaren devletin bütün imkanlarını seferber ettiğini aktaran Yerlikaya, şöyle konuştu: ""Sayın Cumhurbaşkanımız hemen depremin ikinci günden itibaren hem geçmiş olsun hem başsağlığı hem de arama kurtarma çalışmalarıyla ilgili gelip şehirlerimizi gördüğü zaman şunu söyledi. Dedi ki 'Hiçbir vatandaşımızı, hiçbir depremzedemizi acılarıyla baş başa bırakacak değiliz. Şu yıkılan evlerin daha iyisini, daha sağlamını Allah'ın izniyle en kısa zamanda yapacak ve siz kıymetli hak sahiplerine Allah'ın izniyle teslim edeceğiz.' Allah onun sözünü yerde koymadı. Daha birinci yılında 46 bin konutu, birazdan 30 bin konutu sahiplerine kavuşturacağız. 13 ayda 76 bin konut. Bakın yine Cumhurbaşkanımızın ifadesi, 'Allah'ın izniyle bu yılın sonuna kadar değerli kardeşlerim 200 yüz bin konut ve ev sayısına ulaşacağız'. Bunların kurasını çekip anahtarını teslim etmekle ilgili hedefimiz var. Toplam 389 bin hak sahibimiz var. Demek ki 2024'te 200 bin, 2025 yılında da kalan konutlarında kura ve anahtar teslimlerini yapacağız. Cumhurbaşkanımızın liderliğinde sizin destek ve dualarınızla inancınızla, sabrınızla bunu başarıyoruz ve Allah'ın izniyle de göreceksiniz tamamına erdireceğiz. Kahramanmaraş'ta 6 Şubat'ta çekilen konut ve ev sayısı 9 bin 286 idi. Şimdi de 8 bin 303 kura çekeceğiz. Toplam 17 bin 600'ü geçtik. Hak sahibimiz 69 bin. Vatandaşlarımıza hayırlı olsun.""
 
Bakan Sayın Yerlikaya, 2025 yılı sonu itibariyle Kahramanmaraş'taki tüm hak sahiplerinin evlerine kavuşacağının altını çizerek, şöyle devam etti: ""Valilik binamızı, kaymakamlık, diğer bölge müdürlüğü, il müdürlüğü yani artık size hadim olan devlet görevlilerimizin içinde bulunduğu bağışlayın beni devletin de size hizmet için hizmet sunduğu, devletin evlerini de yapmakta kararlıyız. Şimdi yakın zaman içerisinde Kahramanmaraş'ımıza mükemmel bir valilik binasının ihalesini çıkıyoruz. Çok güzel olacak inşallah. Tıpkı yapımı başlamış, devam eden veya ihalesi yeni yapılacak olan diğer binalar gibi. Yeniden Kahramanmaraş, yeniden modern bir şehir, tarihi kadim dokusuna uygun, şehriyle bütünleşip ve şehriyle hemhal olan Kahramanmaraş'ımızı Allah'ın izniyle yüz akıyla yapmakta kararlıyız."" dedi.
 
Cumhurbaşkanımız Sayın Recep Tayyip Erdoğan, Deprem Konutları Kura ve Anahtar Teslim Töreni’ne canlı bağlantı ile katılarak bir konuşma yaptı.
 
Konuşmasına deprem bölgesindeki depremzedeleri selamlayarak başlayan Cumhurbaşkanımız Sayın Erdoğan, vatandaşlarımızın Ramazanı tebrik etti.
 
""Asrın felaketi"" olarak ifade edilen 6 Şubat depremlerinde hayatlarını kaybedenleri rahmetle ve hasretle yâd eden Cumhurbaşkanımız Sayın Erdoğan, sözlerini şöyle sürdürdü: ""Rabbim hepsini cenneti ve cemaliyle müşerref eylesin. Depremin ardından sabırla, metanetle, fedakârlıkla, iline, ilçesine, mahallesine, köyüne, sokağına, evine, işine sahip çıkan vatandaşlarımızın her birine şükranlarımı sunuyorum. Geçici olarak gittikleri yerlerden ilk fırsatta dönerek şehirlerine ve ailelerine dört elle sarılan vatandaşlarıma da teşekkür ediyorum. Depremin ardından aylar boyunca bölgede kalarak hem depremzede kardeşlerimize destek olan hem yardım ve yeniden inşa çalışmalarını koordine eden kamu personelimize de buradan teşekkürlerimi iletiyorum."" dedi.
 
Cumhurbaşkanı Sayın Erdoğan, afeti takip eden süreçte dünyanın en başarılı iyileştirme operasyonunu gerçekleştirdiklerini söyleyerek, şöyle devam etti: ""Geçtiğimiz ayın başlarında yapımı tamamlanan 46 bin konut ve köy evinin kurasını çekerek anahtarlarını teslim etmiştik. Bugün de biraz önce başlattığımız kurayla 30 bin 723 vatandaşımızı daha evlerine kavuşturuyoruz. Kahramanmaraş'ta 7 bin 858'i konut ve 445 köy evi olmak üzere 8 bin 303 konutun ailelerimize yeni yuvalarının hayırlı, uğurlu, bereketli olmasını diliyorum."" diye konuştu.
 
Konuşmasının ardından canlı bağlantıyla Deprem Konutları Kura ve Anahtar Teslim Töreni gerçekleştiren Cumhurbaşkanımız Sayın Recep Tayyip Erdoğan, kura töreniyle anahtarlarını teslim alacak vatandaşlarımıza hayırlı uğurlu olmasını diledi.
 
Bakanımız Sayın Ali Yerlikaya’nın teşrifleriyle düzenlenen programa, İçişleri Bakan Yardımcısı Münir Karaloğlu, Valimiz Mükerrem Ünlüer, önceki dönem Tarım ve Orman Bakanı Sayın Prof. Dr. Vahit Kirişci, Kahramanmaraş Milletvekilleri Ömer Oruç Bilal Debgici, Mevlüt Kurt, Tuba Köksal, Mehmet Şahin ile Büyükşehir Belediye Başkanı Hayrettin Güngör ve ilgililer katıldı."
tccb_341,TCCB,cumhurbaskanligi,hatay,5_post_local,2024-11-10,"Aziz Milletim, Değerli Basın Mensupları, Sizleri en kalbi duygularımla, hürmetle, muhabbetle selamlıyorum. Ülkemizin ve dünyanın dört bir köşesinde radyo kanallarından, televizyon ekranlarından, sosyal medya mecralarından bizleri takip eden tüm vatandaşlarıma selam ve sevgilerimi gönderiyorum. Kader birliği yaptığımız gönül ve kültür coğrafyamızdaki tüm kardeşlerime aynı şekilde muhabbetlerimi ifade ediyor, her birini yürekten selamlıyorum. Sözlerime başlarken, 86. Vefat Yıl Dönümü’nde Milli Mücadelenin Başkomutanı, Cumhuriyetimizin Kurucusu Gazi Mustafa Kemal Atatürk’ü bir kez daha rahmetle yâd ediyorum. Bin yıldır bu toprakların vatanımız olarak kalması için mücadele eden ecdadı, bilhassa kahraman şehit ve gazilerimizi kemali edeple anıyorum. Büyük ve güçlü Türkiye hedefini hayata geçirerek ecdada olan minnet borcumuzu hep birlikte ödemenin gayreti içindeyiz. Aziz Milletim, Hep söylediğimiz gibi Cumhuriyet Türkiye’si bizim bu topraklardaki ilk değil son devletimizdir. Daha önemlisi, Türkiye’nin Edirne’den Kars’a, Trabzon’dan Hatay’a uzanan vatan topraklarından ibaret olmadığını hepimiz gayet iyi biliyoruz. Bu gerçeğe her yurt dışı seyahatimizde tekrar tekrar şahitlik ediyoruz. Türkiye, gelişen ekonomisi, artan itibarı, güçlenen askeri ve savunma yetenekleri, tarihinin ve kadim değerlerinin rehberliğinde takip ettiği ilkeli dış politikasıyla bölgesinin güven kaynağı olarak bir yıldız gibi parlıyor. Türkiye yüzyılı ülkümüz sadece milletimizin fertleri arasında değil, gönül coğrafyamızda da beklentilerin çıtasını yükselttiğini görüyoruz. Ülkemize ve milletimize yönelik umutları Allah’ın izni ve yardımıyla boşa çıkarmayacağız. Milletimizin takdiriyle 3 Kasım 2002’de bismillah dediğimiz Türkiye’ye hizmet yolculuğumuzda 3 Kasım 2024 tarihi itibarıyla 22 seneyi geride bıraktık. Hükümeti devraldığımız günden bu yana her seneyi bir önceki yıldan daha ileri bir seviyede tamamladık. İktidardaki her yeni yaşımıza daha büyük umutlarla, daha büyük hedeflerle girdik. Son 22 yılda saymakla bitiremeyeceğimiz sayısız projeyi, tesisi, hizmeti, yatırımı ve icraatı Türkiye’ye kazandırmanın bahtiyarlığını yaşadık. Vesayetle mamul bir demokrasi yerine milli iradenin üstünde hiçbir gücün, hiçbir odağın olmadığı gerçek demokrasiyi ülkemizde egemen kıldık. Yönetime istikrar getirmek suretiyle Türkiye’ye güç ve enerji kaybettiren oligarşik yapıların vesayet heveslerini kamçılayan, özellikle ömrü 1-2 seneyi dahi bulmayan yamalı koalisyonlar dönemine biz son verdik. Cumhurbaşkanlığı hükümet sistemine geçerek yönetimde istikrarın kurumsallaşmasını, kalıcı ve sürekli hale gelmesini sağladık. Şunu bugün bir kez daha büyük bir gururla söylemek istiyorum: Türkiye, hükümetlerimiz dönemimde tartışmasız bütün alanlarda rekordan rekora koşmuş, tarihe altın harflerle yazılacak başarılara imza atmıştır. 2002 ila 2024 arasında geçen 22 yıl Cumhuriyet tarihimizin en parlak, en görkemli hizmet, eser, yatırım, reform ve refah noktasında en velut yıllar olarak hafızalara kazanmıştır. Siz bakmayın birilerinin eski Türkiye güzellemesi yaptığına, onların derdi milletin eski Türkiye’de yaşadığı mahrumiyetler ve zulümler değil, kendi şahsi ve zümrevi çıkarlarıdır. Ülkemizin son 22 yılının önemli bir kazanımı da milletin ortak değerlerini, bu süfli gayeleri için kullananların yüzlerindeki maskeleri indirmemizdir. Tam 22 yıldır milletin emanetine layıkıyla sahip çıkmanın, milletin teveccühüne ve güvenine mazhar olmanın, Türkiye’ye hizmet sancağını şanla, şerefle, iftiharla taşımanın, yani insanımıza olan şükran borcumuzu en güzel şekilde ödemenin derdindeyiz, bunun hasbi mücadelesini veriyoruz. Elbette bugünlere kolay gelmedik, vesayetin tuzaklarından darbe girişimlerine, teröre kadar nice ihanetlere maruz kaldık, nice sinsi saldırıyı püskürttük, tek başına 15 Temmuz gecesinde istiklalimize ve istikbalimize kasteden bir alçak saldırıyı, bir alçak planı içerideki ve dışardaki planlayıcılarının başlarına geçirmiş olmamız bile tarihi bir başarıdır. İktidar ve ittifak olarak milletin emanetine sık sıkıya sahip çıkmaya devam edeceğiz. Rabbim ömür, milletimiz de onay verdikçe Türkiye’ye ve Türk milletine hizmete devam edeceğiz. Bu vesileyle, 3 Kasım 2002’den bugüne kadar hükümetlerimizde görev almış, büyük ve güçlü Türkiye davamıza omuz vermiş, ülkemizin kalkınması için taş üstüne taş koymuş her bir arkadaşıma, Bakanlar Kurulu ve Kabine üyelerimizin tamamına buradan teşekkür ediyorum. Beraber çalıştığımız, beraber mücadele ettiğimiz arkadaşlarımızdan vefat edenlere Rabbimden rahmet ve mağfiret niyaz ediyorum. Aynı şekilde 15 Temmuz meydanlarda kurduğumuz ittifakımızdaki ortağımız Milliyetçi Hareket Partisi Genel Başkanı’na ve mensuplarına da teşekkürlerimi iletiyorum. Şüphesiz en büyük şükranımız aziz milletimizedir. Hizmetkârı olmaktan daima şeref duyduğumuz necip milletimize bize olan güvenlerinden, bize olan teveccühlerinden dolayı özellikle şükranlarımı sunuyor, Allah razı olsun diyor, Mevla dayanışmamızı ve muhabbetimizi daim eylesin diyorum. Değerli Basın Mensupları, Son Kabine Toplantımızdan bugüne dek yurt içinde ve yurt dışında yoğun programlarımız oldu. Cumhuriyetimizin ilanının 101. Yıl Dönümünü 81 ilimizde, Kuzey Kıbrıs Türk Cumhuriyeti’nde ve yurt dışı temsilciliklerimizde coşkuyla kutladık. TUSAŞ’ın Kahramankazan’daki tesislerini ziyaret ederek TUSAŞ çalışanlarına terör saldırısından dolayı geçmiş olsun dileklerimizi ilettik. Bu vesileyle, yerli ve milli imkanlarla geliştirilen Gökbey helikopterlerimizden ilkinin Jandarma Genel Komutanlığımıza teslimini de gerçekleştirdik. Yılsonuna kadar 2 adet Gökbey daha Jandarmamıza teslim edilecek. AK Parti Grup Toplantımızda gündemdeki meselelere dair duruşumuzu ve fikirlerimizi kamuoyumuzla paylaştık. Grup konuşmamızda detaylıca çizdiğimiz çerçeveye önümüzdeki dönem siyasetinin yol haritası olarak bakılmalıdır. Cumhuriyetimizin 101. Yılını 85 milyon olarak büyük bir kucaklaşmanın vesilesi haline dönüştürmek arzusundayız. Terörün olmadığı, bölücü örgütün karanlık gölgesinin siyasetin ve toplumun üzerinden tamamen çekildiği müreffeh, huzurlu ve güvenli bir iklimi ülkemiz genelinde mutlaka tesis ve tahkim edeceğiz. Grup Toplantımızda da belirttiğim üzere, Türkiye’nin geleceğinde terörizme yer olmadığı gibi, terör destekli siyasete de yer yoktur. Türkiye, Kandil’deki terör baronlarının körüklediği bu kanlı ve kalleş ölüm tezgahını darmadağın etmekte kararlıdır, bundan da geri adım atmayacaktır. Mücadelemiz sadece askerimize, polisimize, güvenlik korucularımıza ve sivil vatandaşlarımıza kurşun sıkanlarla sınırlı değildir. Bizim asıl mücadelemiz, teröristler yanında bunları üzerimize salanlarla, terör belasını 40 yıldır bu milletin başına musallat edenlerledir. Bakınız, üzerine basa basa ifade ediyorum, bölgemizde sınırlar kanla, bombalarla, siyasi suikastlarla yeniden çizilmeye çalışılırken devlet ve millet olarak yolumuza eski tas eski hamam devam etmeyeceğiz. Küresel sistem soğuk savaştan beri en büyük değişimini yaşarken bizim gelişmeleri tribünden seyretme gibi bir lüksümüz bulunmuyor. Ya bu süreci cesur adımlarla bir şekilde kendi lehimize çevireceğiz ya da Allah korusun istikbalimizi ipotek alacak bu sorunlarla karşılaşacağız. Bunun önündeki engellerin en başında bölücü terör belası vardır. Uhdemizde bulunan tüm imkân ve araçlardan istifade etmek suretiyle bu terör kamburundan ülkemizi inşallah ebediyen kurtaracağız. Bu konuda hem iktidarımızın, hem de partimizin ve Cumhur İttifakı’nın iradesi, azmi, kararlığı, dayanışması en üst düzeydedir. Tabii bu arada şu hususun altını bir kez daha ve kuvvetle çizmek istiyorum: Demokrasiyle şiddet, sivil siyaset ile terör aynı kapta bir arada bulunmaz, bulunamaz. Dünyanın hiçbir medeni ülkesinde sırtını terör örgütüne dayayarak siyaset yapılmasına müsaade edilmez. Avrupa dahil dünyanın her yerinde böyle bir tavır siyasi partiler için kapatma, bu siyaseti yapanlar için cezai takip sebebidir, çünkü demokrasinin ilk ve öncelikli şartı şiddeti ret etmek, terörle araya kalın duvarlar örmektir. Ülkemizde sivil siyasetin meşru kapıları ardına kadar açıkken, hileli yöntemlerle bölücü örgüte kuklalık yapanlara müsamaha gösterilmesi asla beklenemez. Şu tutarsızlık bizim gibi milletimizin de gözünden kaçmıyor: Yargının ve idarenin bazı belediyelerle ilgili aldığı hukuki ve idari tedbirler konusunda 2 haftadır ortalığı ayağa kaldıranlar maalesef Kandil’den yerel yönetimlere uzanan kirli ve kanlı elleri ısrarla görmezden gelmektedir. Seçilmiş başkanlar değil, örgütün atadığı ne idiğü belirsiz tipler tarafından yönetilen belediyelerin şehirleri yerine terör örgütüne hizmet edeceği izahtan varestedir. Milletin boğazından kısarak ödediği vergilerden belediyelere tahsis edilen helal kaynağın bölücü haramzadelere aktarılmasına asla izin vermeyiz. Terör örgütünün belediye gücüyle haraç mekanizmaları kurmasına göz yumamayız. Bölücü örgüt komiserlerinin belediye binalarının mahzenlerinde başkan tokatladığı, belediye araç-gereçlerinin hizmet için değil çukur kazmak için kullanıldığı bir manzarayı bu ülkeye ve şehirlerimize kesinlikle yaşatmayacağız. İnanıyorum ki, böyle bir tabloya bizim gibi akıl ve vicdan sahibi hiç kimse rıza göstermez, hiç kimse kayıtsız kalamaz, bunu tasvip edemez. Aziz Milletim, Görevden alınan tüm belediyelerde olan işte budur. Esenyurt Belediye Başkanının kağıt üzerinde bir başka partinin mensubu gözükmesi bu hakikati değiştirmiyor. Asıl üzüntü verici olan ise, devletin bu çerçevede hayata geçirdiği meşru tasarrufları karşısında adeta aslan kesilenlerin polisimize, jandarmamıza atılan taşlar, bombalar karşısında süt dökmüş kediye dönmeleridir. Kürsüden savcıları, kaymakamları, valileri pervasızca tehdit edenlerin bölücü örgütün şehirdeki uzantılarının estirdikleri terör karşısında tek bir cümle dahi kurmadıklarını, daha doğrusu kuramadıklarını ibretle takip ediyoruz. Bunun adı korkaklıktır, ikiyüzlülüktür. Teröre teslim olmak, kendi çıkarları için koskoca bir milletin geleceğini tehlikeye atmaktır. Meselenin daha vahim tarafı, ülkenin ikinci büyük partisinin dümeni kırılmış gemi gibi misali sürekli sağa-sola savrulmasıdır. Bakıyorsunuz bir gün bu partinin Sayın Genel Başkanı Ankara’da vatan, millet, bayrak, Cumhuriyet edebiyatı yapıyor, aynı kişi ertesi gün bakıyorsunuz ülkenin bir başka köşesinde Türkiye’yi açıkça tehdit edenlerle, alçak terör eylemlerini övenlerle ve şehir eşkıyalarıyla aynı otobüsün üzerinde korsan miting düzenliyor. Esasında tüm bu yaşananlar bize şunu gösteriyor: Ülkenin en eski partisinin birilerinin kişisel kariyeri uğruna kurduğu ittifakın müttefiklerini özellikle Türkiyelileştirmek yerine ana muhalefetin kendisini enfekte etmekte, zehirlemekte, kurucu değerlerinden saptırmaktadır. Görüyoruz ki artık ana muhalefet yok tabii, muhalefet var, bu parti giderek ittifak ortaklarının rengini alıyor. Nitekim bu benzerlik siyaset diline ve üslubuna da yansımıştır, yani ataların deyimiyle üzüm üzüme bakarak kararıyor. Bu dejenerasyona söz konusu partinin kendi bünyesinden de haklı itirazların yükseldiğini duyuyoruz, okuyoruz. Tekrar söylüyorum, hangi siyasi partiye mensup olursa olsun milletten sandıkta aldığı yetkiyi millet için kullananlarla hiç kimsenin bir sorunu olamaz. Teröre, teröristlere ve Kandil’in komiserlerine iradesini teslim etmeyenlere devlet olarak gereken desteği sağlamaktan imtina etmeyiz. Nitekim bu doğrultuda irade gösteren belediye başkanlarına seçildiği yere bakmaksızın devletimiz tüm imkanlarıyla sahip çıkmakta, destek vermektedir. Ama milletin emanetinin, ülkenin ve milletin imkanlarının terör baronlarına peşkeş çekilmesine de yine partisine bakmaksızın kusura bakmasınlar eyvallah edemeyiz. Bugüne kadar tüm adımlarımızı hukuk ve demokrasi çerçevesinde attık, yargı ve mahkeme kararları çerçevesinde attık, bundan sonra da hukukun üstünlüğü ve milli iradenin hakimiyeti ilkesine göre hareket edeceğiz. Aziz Milletim, Grup Toplantımızdan hemen sonra bu sene 9. düzenlenen Uluslararası Hafızlık ve Kur’an-ı Kerimi Güzel Okuma Yarışması’nda dereceye giren kardeşlerimize ödüllerini takdim ettik. Yarışmaya katılan 54 ülkeden 94 hafız ve karinin tamamını tebrik ediyor, yarışmanın tertiplenmesinde emeği geçenleri ayrıca tebrik ediyorum. Senegal Cumhurbaşkanının ülkemize gerçekleştirdiği ilk resmi ziyaret oldukça başarılı ve verimli geçti. Senegal ile Türkiye arasında Yüksek Düzeyli Stratejik İş Birliği Konseyi kurulmasını kararlaştırdık. Ortak bildiri dahil imzalanan 5 anlaşmayla ilişkilerimizi ileriye taşıdık. Kasım ayının ilk günü İstanbul’da kabul ettiğimiz Irak Başbakanı Sayın Sudani’yle olan istişarelerimiz de aynı şekilde kritik öneme sahipti. Komşumuz, kardeşimiz, yakın dostumuz olan Irak’la dayanışmamız, terörle mücadele, enerji, ulaştırma ve ticaret başta olmak üzere her alanda güçleniyor. Bugüne kadar en zor zamanında yanında olduğumuz Irak’ı bundan sonra da tüm imkanlarımızla destekleyeceğiz. İslam dünyasının en önemli ekonomik ve ticari iş birliği platformu olan İSEDAK’ın 40. Bakanlar Toplantısına İstanbul’umuzda ev sahipliği yaptık. İslam ülkeleri arasındaki ticari ve ekonomik iş birliğimizi ilerletmenin çabasındayız, hedeflerimize ulaşana kadar da gayretlerimizi artırarak sürdüreceğiz. Değerli Basın Mensupları, Türk dünyasının birlik ve bütünlüğüne büyük önem veriyoruz. Nitekim Türk Devletleri Teşkilatı’nın kurulmasıyla bu yönde tarihi bir adım attık. Teşkilatın 11. Devlet ve Hükümet Başkanları Zirvesi’ni Kırgızistan’ın Başkenti Bişkek’te Sayın Caparov’un ev sahipliğinde başarıyla icra ettik. Zirve vesilesiyle 8 yeni anlaşma imzalandı. Kırgızistan’la Yüksek Düzeyli Stratejik İş Birliği Konseyi 6. Toplantısı’nı da zirvenin bir gün öncesinde gerçekleştirdik. Bu toplantıda Kırgızistan’la ilişkilerimizi kapsamlı stratejik ortaklık seviyesine yükselterek 19 belgeye imza attık. Manas Üniversitemizde tamamlanan projelerin toplu açılışıyla 150 yataklı Türk-Kırgız Dostluk Hastanesi’nin resmi açılışını da bu ziyaret vesilesiyle yaptık. Bişkek’ten Macaristan’ın Başkenti Budapeşte’ye geçerek Avrupa Siyasi Topluluğu’nun 5. Zirvesi’ne iştirak ettik. Budapeşte’de aralarında Fransa, Hollanda, Danimarka’nın da olduğu çok sayıda devlet ve hükümet başkanıyla ikili görüşmelerimiz oldu. Görüşmelerimizin tamamında Gazze ve Lübnan’da devam eden katliama dikkat çektik. Avrupalı dostlarımızın güncel siyasi gelişmelerin de baskısıyla Türkiye’yle ilişkileri ilerletme noktasında çok istekli olduklarını gördük. Biz de kazan-kazan ve karşılıklı saygı temelinde Avrupa Birliği ve ülkeleriyle iş birliğimizi güçlendirmeye hazır olduğumuzu ifade ettik. Önümüzdeki dönemde bunun yansımalarını göreceğimize inanıyorum. Kadın ve Demokrasi Derneği KADEM’in düzenlediği uluslararası zirveler kadınlarla ilgili çok kritik meselelerin etraflıca irdelenmesini sağlıyor. Bu sene 6’ncısı tertiplenen zirvenin ana teması kadın ve yapay zekâydı. Teknolojinin hayatımızın her alanını kuşattığı günümüzde yapay zekânın mevcut adaletsizlikleri derinleştirmesinin önüne geçilmesi gerektiği anlaşılıyor. KADEM’in böyle güncel bir konuyu gündemine almasını takdirle karşılıyor, zirvenin tekrar tüm kadınlar için hayırlara vesile olmasını diliyorum. Bu sabah Atatürk Kültür Dil ve Tarih Yüksek Kurumu’nun yeni binasını hizmete açtık. Kabine Toplantımız öncesinde de Gazi Paşa’nın 1921-1932 yılları arasında Ankara’da ikamet ettiği Türkiye Cumhuriyeti’nin ilk resmi konutu da olan Atatürk Müze Köşkü’nün restorasyon sonrası açılışını gerçekleştirdik. Burada bir üzüntümü de ifade etmek isterim, ülkemizde bir kesim Cumhuriyetin özüne ve asli kimliğine dönmesinden ciddi manada rahatsızlık duymaktadır. Bizim gardırop Atatürkçüleri ve son dönemde de sosyal medya Atatürkçüleri olarak tarif ettiğimiz bu malum çevreler imtiyazlarını kaybetmemek uğruna ellerine geçirdikleri her fırsatı istismar ediyorlar. Rahatsızlıklarının sebebini açıkça söylemek yerine saçma sapan ikilikler ihdas ederek Türkiye’nin sembolleri arasında zıtlık çıkarmaya, daha doğru bir ifadeyle fitne çıkarmaya gayret ediyorlar. Bunun en son örneği Cumhurbaşkanlığı Külliyesi’yle Çankaya Köşkü’dür. 15 Temmuz gecesi FETÖ’cü alçaklar tarafından hedef alınan, etrafında 29 insanımızın şehit olduğu gazi bir mekânla Gazi’nin emaneti olan Çankaya Köşkü’nü karşı karşıya getirmek, nifak tüccarlığından başka bir şey değildir. Külliye milletin evidir, Köşk ise Gazi Mustafa Kemal’in ve bizden önce görev yapan cumhurbaşkanlarının hatırasının olduğu Cumhuriyetin anıt yapılarından birisidir. Biz, birini diğeriyle tokuşturmak, birini diğerinin karşısına konumlandırmak yerine, her ikisine de hak ettiği değeri veriyoruz, vereceğiz. İşte bugün tüm bu senaryoları yırtıp attığımız bir toplantıyı Kabinemizin 28. Toplantısı’nı burada gerçekleştirdik. Çankaya Köşkü’nü de, milletin evi ve kıvanç kaynağı olan Cumhurbaşkanlığı Külliyesi’ni de en verimli şekilde kullanmaya devam edeceğiz. Aziz Milletim, Değerli Basın Mensupları, Son toplantımızdan bu yana ekonomimizle ilgili sevindirici haberleri arka arkaya aldık. Kasım ayının ilk Cumartesi günü ihracat rakamları açıklandı. Ekonomimizin lokomotifi olarak gördüğümüz ihracatımızdaki yükseliş kesintisiz sürüyor. Ekim ayı ihracatımız geçen yılın aynı ayına göre yüzde 3,6 artış ile 23,6 milyar dolara çıktı. Ekim ayında da gelen rekor ile son 15 ayın 10’unda o ayın ihracat rekoru kırıldı. Yıllıklandırılmış ihracatımız ise yüzde 3,1 artışla toplam 262,3 milyar doları buldu. Ekim ayı itibarıyla son 12 ayda yıllıklandırılmış dış ticaret açığı geçen yılın aynı ayına göre 35,1 milyar dolar azaldı. Mal ihracatına bağlı olarak dünya hizmet ihracatında da payımızı istikrarlı bir şekilde artırıyoruz. Yılın ilk 8 ayında hizmet ihracatımız bir önceki yılın aynı dönemine kıyasla yüzde 7,3 artışla toplam 74 milyar dolara yükseldi. Ekim ayında yıllıklandırılmış cari işlemler açığının 9-10 milyar aralığına kadar gerilemesini öngörüyoruz. Merkez Bankamızın brüt rezervlerinin 159 milyar dolarla tarihimizin en yüksek seviyesine çıktığının müjdesini bugün sizlerle paylaşmak istiyorum. Türkiye, gerek uyguladığı program, gerekse sahip olduğu potansiyelle gelişmekte olan ülkeler içinde pozitif yönde ayrışmaktadır. Üç büyük kredi derecelendirme kuruluşu tarafından notu 2’şer kademe artırılan tek ülke olmamız elbette tesadüf değildir. Ekonomi programımızı kararlı bir şekilde uyguladıkça daha pek çok alanda olumlu neticeler almaya devam edeceğiz. Turizm yine bu dönemde başarı hikayesi yazdığımız bir başka alandır. Türkiye İstatistik Kurumu TÜİK tarafından açıklanan 2024 yılının 3 çeyrek turizm rakamları burada da çok ciddi bir ivme yakaladığımızı gösteriyor. Buna göre, Temmuz-Ağustos-Eylül dönemini kapsayan üçüncü çeyrek turizm gelirimiz bir önceki yılın aynı çeyreğine göre yüzde 3,9 oranında artarak 23,2 milyar dolara çıktı. Böylelikle bir çeyrekte elde edilen en yüksek turizm gelirine ulaştık. Ziyaretçi sayısı yine aynı dönemde 2023’ün aynı çeyreğine göre yüzde 3,5 artarak 23,2 milyon kişiye yükseldi. İlk 9 ayda toplam 47 milyar dolar turizm gelirine ulaşarak bu alanda da rekor kırdık. Turizmde 2024 sonu hedefimiz 61 milyon turist ve 60 milyar dolar turizm geliridir. Bölgesel krizlere rağmen inşallah bu rakamları yakalayacağız. Buradan tüm bu başarılara imza atan turizmcilerimize ve ihracatçılarımıza ülkem ve milletim adına kalpten teşekkür ediyorum. Kasım ayını yurt dışı toplantılar bağlamında oldukça yoğun geçiriyoruz. İnşallah yarın sabah İslam İş Birliği Teşkilatı ve Arap Ligi Ortak Zirvesi için Riyad’a gidiyoruz. Gazze başta olmak üzere işgal altındaki Filistin toprakları ve Lübnan’daki katliamları görüşeceğimiz toplantının hemen ardından Salı günü Dünya İklim Eylem Zirvesi’ne katılmak üzere Bakü’ye geçeceğiz, yani COP, orada olacağız. Hafta sonu ise G-20’nin Rio’da yapılacak liderler zirvesine iştirak etmek için Brezilya’ya hareket edeceğiz. Rabbim yolumuzu, bahtımızı açık etsin diyorum. Bu duygularla toplantımızın hayırlara vesile olmasını diliyor, bir kez daha hepinize sevgilerimi, saygılarımı sunuyorum. Kalın sağlıcakla."
csb_0083,CSB,bakanlık,adiyaman,1_post_quake,2023-03-20,"ADIYAMAN'DA 2 BİN 588 PREFABRİK KONUT İNŞA EDİLİYOR

Çevre, Şehircilik ve İklim Değişikliği Bakanlığınca konutlar, yaklaşık 12 bin depremzedeye geçici barınma imkanı sunacak. ""Asrın felaketi"" olarak nitelendirilen depremlerin yıkıma neden olduğu Adıyaman'da 2 bin 588 prefabrik konut yapılıyor.

Kahramanmaraş merkezli depremlerde çok sayıda evin yıkıldığı Adıyaman'da, Çevre, Şehircilik ve İklim Değişikliği Bakanlığı himayesinde Toplu Konut İdaresi Başkanlığı (TOKİ) ve Emlak Konut işbirliğiyle kent merkezi yakınlarında 325 dönüm alanda prefabrik konut yapılıyor.

İçinde sıcak su imkanı olan, kış ve yaz şartlarına göre hazırlanan, dayanıklı çelik malzemeden inşa edilen prefabrik konutlar, 1 artı 1 şeklinde, 25 metrekareden oluşuyor. Her biri banyosu, tuvaleti, mutfağı, ebeveyn yatak odası olacak şekilde tasarlanan prefabrik konut alanında altyapı çalışmaları da hızlı bir şekilde devam ediyor.

Spor alanlarından kültür komplekslerine kadar birçok ayrıntı ve sosyal alanın planlandığı ""prefabrik kent"", yaklaşık 12 bin depremzedeye geçici barınma imkanı sunacak.

Mutfak, banyo da bulunan konutların bir an önce teslim edilebilmesi için vardiyalı olarak 1000'e yakın işçi çalışıyor."
hatay_val_159,Hatay Valiliği,valilik,hatay,3_inter_election,2023-07-02,"Valimiz Mustafa MASATLI, Mübarek Kurban Bayramının son gününde zaman mefhumu gözetmeksizin ilimizin huzur ve güvenliğini sağlamak için görev yapan jandarma ve emniyet teşkilatının Kurban Bayramını tebrik etti.

Bu kapsamda yaptığı ziyaretlerde her rütbeden personel ile bayramlaşan Valimiz, deprem öncesi ve sonrasında ilimizin ve vatandaşlarımızın güven ve huzuru için çalışan fedakar personele teşekkür etti. Valimiz ziyaretlerinin sonunda İl Emniyet Müdürlüğü ile İl Jandarma Komutanlığı’nın ilimiz genelindeki faaliyetlerine ilişkin detaylı bir brifing aldı."
adiyaman_val_016,Adıyaman Valiliği,valilik,adiyaman,1_post_quake,2023-02-05,"İlimiz genelinde yoğun kar yağışının devam edeceği değerlendirildiğinden yollarda oluşabilecek buzlanma ve ulaşımda yaşanabilecek olumsuzluklar göz önünde bulundurularak ilimiz genelinde ilk ve orta dereceli okullarda 6 Şubat Pazartesi günü 1 gün ara verilmiştir.

Ayrıca, kamuda çalışan engelli ve hamile kamu personelleri de aynı gün idari izinli sayılacaktır."
hatay_bld_0184,Hatay Belediye,belediye,hatay,3_inter_election,2024-01-15,"HBB YOL YAPIM ÇALIŞMALARINA HIZ KESMEDEN DEVAM EDİYOR

ÇINARLI – ÇÖKEK MAHALLESİ ARASI BAĞLANTI YOLU ASFALTLANDI

Hatay Büyükşehir Belediyesi il genelinde yol yapım çalışmalarına hız kesmeden devam ediyor.

HBB Fen İşleri Daire Başkanlığına bağlı ekipler, alt yapısı tamamlanan bölgelerde yol iyileştirme ve asfaltlama çalışmaları gerçekleştiriyor.

Fen İşleri Daire Başkanlığı Yol Bakım ve Onarım Şube Müdürlüğü ekipleri bu kapsamda deprem, yağışlar ve çeşitli nedenlerle bozulan Defne ilçesine bağlı Çınarlı ve Çökek Mahalleleri arasındaki 6 kilometrelik bağlantı yolunda beton asfalt çalışmalarına başladı.

Bir yandan asfalt öncesi zemin iyileştirme çalışmaları yapılan yolda zemin iyileştirmesi tamamlanan kısımlarda ise beton asfalt serimi gerçekleştiriliyor.

Yetkililer ihtiyaç olan ve altyapıları tamamlanan bölgelerde çalışmaların ara vermeden devam edeceğini bildirdi.

Haberin fotoğraflarını ve videosunu indirmek için aşağıdaki linkleri tıklayabilirsiniz.

https://we.tl/t-5P0PbW2xAI

https://we.tl/t-WgfocPCZzL"
csb_0827,CSB,bakanlık,kahramanmaras,5_post_local,2024-10-05,"BAKAN KURUM KAHRAMANMARAŞ’TA KONUŞTU: SORUMLULUK SAHİBİ HERKESTEN RİCAMIZDIR, DEPREM BÖLGESİYLE İLGİLİ SİYASİ HIRSLARINI RAFA KALDIRMALILAR

Çevre, Şehircilik ve İklim Değişikliği Bakanı Murat Kurum, 6 Şubat’tan bu yana Kahramanmaraş’ın ihyası adına hep birlikte mücadele ettiklerini vurgulayarak, “Sorumluluk sahibi herkesten ricamızdır. Bir an önce herkes deprem bölgesiyle ilgili hesapları bir kenara bırakmalıdır. Siyasi hırslarını rafa kaldırmalıdır. Nasıl 6 Şubat’ta bir ve beraber olduysak, şimdi de vakit, deprem bölgesini ayağa kaldırma vaktidir” dedi. Bakan Kurum, Kahramanmaraş’taki Kapalı Çarşı’nın restorasyonunun ihalesinin önümüzdeki hafta, Demirciler Çarşısı’nın ihalesinin de 26 Kasım’da yapılacağını açıkladı.

Göreve yeninden geldiği 3 aylık sürede üçüncü kez Kahramanmaraş’a giden Çevre, Şehircilik ve İklim Değişikliği Bakanı Murat Kurum, Azerbaycan Bulvarı’ndaki Emlak Konut Yerinde Dönüşüm Şantiyesi’nde incelemelerde bulundu. Burada basın açıklaması yapan Bakan Kurum, Kahramanmaraş’ta şu ana kadar 20 bin 764 yeni konut ve iş yerini teslim ettiklerini söyledi. Bakan Kurum, Merkez, Elbistan, Afşin, Onikişubat, Dulkadiroğlu, Çağlayancerit, Pazarcık ve Türkoğlu’nda toplam 25 bin 772 konut ve iş yerinin inşasının devam ettiğini, yılsonuna kadar 11 bin 501 yeni konutun daha teslim edileceğini açıkladı.

“ALTINOVA’DA UYDU KENT KURMAYI PLANLIYORUZ”

Kahramanmaraş’ta yapılacak çalışmaları paylaşan Bakan Murat Kurum, “Onikişubat ilçemizin Altınova ve Hayrullah mahallelerinde sözler vermiştik. Her iki mahallemizde de çalışmalarımıza başladık. Altınova’da uydu kent kurmayı planlıyoruz. Şu anda 1.507 konutumuzun inşaatına başladık. Kalan 6 bin 493 konutu da 20 Kasım’a kadar ihalesini tamamlayıp, yapımına başlayacağız” dedi. Bakan Kurum, Toptancılar Sitesi’nin de ihalesinin gerçekleştirildiğini kaydetti.

“KAPALI ÇARŞI’DA 140 DÜKKANIN RESTORASYONUNU BAŞLATIYORUZ”

Bakan Kurum, Kapalı Çarşı’da 140 dükkanın ihalesinin önümüzdeki hafta yapılacağını belirterek, “Bir sonraki ziyaretimizde inşallah çarşının yapım törenini başlatacağız. İsadivanlı Mahallemizde 1003 konut ve 159 işyerimizin ihalesini 4 Kasım’da yapıp, inşasına başlayacağız. Demirciler Çarşı’mız için de bir söz vermiştik. 26 Kasım’da ihalesini yapacak, Demirciler Çarşı’mızı da restore edeceğiz” diye konuştu.

“KAHRAMANMARAŞ’TAKİ TÜM FAYLARI İNCELEDİK”

Doğukent Mahallesi’nde Emlak Konut eliyle 4 etap halinde proje çalışması yaptıklarını hatırlatan Bakan Kurum, “İlk 3 etapta toplam 4 bin 240 konut ve işyeri üretiyoruz. 1. etabın ihalesini tamamladık, bugün 464 konut ve 36 işyerimizin temelini atıyoruz” dedi. Bakan Kurum, Kahramanmaraş Mikrobölgeleme Etüd Raporuna ilişkin de bilgi verdi:

Raporumuzu bilim insanlarımızın görüşleri doğrultusunda tamamladık. Kahramanmaraş'taki tüm fayları inceledik. Fayların bazılarında deprem üretme potansiyeli gördük, bazılarında görmedik. Sonuç olarak; belediyelerimiz yerleşime uygunluk durumlarını göz önüne alarak imar planlarını düzenleyecek.

“ŞEHİTLERİMİZİN AİLELERİ BİZE EMANET”

“Deprem bölgesinin yüzü gülene kadar buradan ayrılmayacağız” diyen Bakan Kurum konuşmasını şöyle tamamladı:

Sorumluluk sahibi herkesten ricamızdır. Bir an önce herkes deprem bölgesiyle ilgili hesapları bir kenara bırakmalıdır. Siyasi hırslarını rafa kaldırmalıdır. Nasıl 6 Şubat’ta bir ve beraber olduysak, şimdi de vakit, deprem bölgesini ayağa kaldırma vaktidir. Cumhurbaşkanımız, bize sadece Bakanlığı emanet etmedi. Deprem bölgesindeki her bir kardeşimizi, şehirlerimizi bize emanet etti. Şehitlerimizin aileleri bize emanet edildi. Biz bu emanet şuuru ile çalışıyoruz. Şartlar ne olursa olsun depremin yaralarını sarmak için canla başla çalışacağız. Depremzede kardeşlerimizin ellerini ilk günden daha sıkı tutacağız.

Linke tıklayınız;"
kmaras_val_344,Kahramanmaraş Valiliği,valilik,kahramanmaras,5_post_local,2024-08-08,"Valimiz Mükerrem Ünlüer başkanlığında, İl Jandarma Komutanı Tuğgeneral Gökhan İnan ve İl Emniyet Müdürü Nurettin Gökduman’ın katılımıyla ""Güvenlik Bilgilendirme Toplantısı"" gerçekleştirildi.
 
Valimiz Mükerrem Ünlüer, Güvenlik Bilgilendirme toplantısında; terör, asayiş, narkotik, organize suçlar, mali ve ekonomik suçları, siber, kaçakçılık, göçmen kaçakçılığı ve trafik olaylarına ait temmuz ayı verilerini vatandaşlarımızla canlı yayında paylaştı.
 
Güvenlik Bilgilendirme verilerini paylaşmadan önce önemli bir duyurunun hatırlatmasını yapan Vali Ünlüer, kendilerine konut çıkan vatandaşlarımızın 29 Şubat’ta başlayan açık borçlandırma işleminin 10 Ağustos 2024 tarihinde sona ereceğini ifade etti.
 
Kimsenin bu konuda mağdur olmasını istemediklerini söyleyen Vali Ünlüer, yasal süre bitmeden ilgili birimlerimize başvuru yapmaları gerektiğini söyledi.
 
Terör Örgütleri İle Amansız Mücadelemiz Devam Ediyor

Daha sonra temmuz ayında ilimiz genelinde emniyet ve jandarma teşkilatımız tarafından yürütülen asayiş ve güvenlik faaliyetlerine ilişkin verileri paylaşan Vali Ünlüer, terör örgütlerine yönelik temmuz ayında 13 operasyon icra edildiğini, bu operasyonlarda, 13 şahıs hakkında adli işlem yapıldığını, 11 şahsın gözaltına alındığını ve 1 şahsın ise tutuklandığını söyledi. Vali Ünlüer, terör örgütleriyle amansız mücadelenin kararlılıkla devam edildiğini vurguladı. 
 
Vali Ünlüer konuşmasının devamında: “İlimiz genelinde Jandarma ve Emniyet bölgelerinde yürütülen asayiş hizmetlerine baktığımızda, toplam 3241 asayiş olayının meydana geldiğini görüyoruz. Bu olaylarda 3470 şahıs yakalanmıştır.
 
Narkotik Suçlar Kapsamında 391 Operasyon Gerçekleştirildi

Narkotik Suçlar kapsamında ilimiz genelinde 391 operasyon gerçekleştirilmiştir. Bu operasyonlarda 422 şahıs gözaltına alınmış, 24’ü tutuklanmış ve 9 şahsa ise adli kontrol işlemi uygulanmıştır. Yapılan operasyonlarda 6658 gr esrar, 320 gr bonzai, 15 gr eroin, 10 gr kokain, 571 gr metamfetamin, 1196 adet captagon, 2344 adet sentetik ecza ve 444 kök hint keneviri ele geçirilmiştir.
 
Organize suçlarda güvenlik güçlerimiz tarafından 3 operasyon gerçekleştirilmiş, operasyonlar sonucunda 12 şahıs gözaltına alınmış, 3 şahıs ise tutuklanmıştır. Bu operasyonlarda ayrıca 67 Adet tabanca, 113 adet tüfek, 2 adet uzun namlulu silah ve 394 adet fişek ele geçirilmiştir.
 
Mali ve Ekonomik Suçlar kapsamında ise 14 Operasyon gerçekleştirilmiş, 15 şahsa işlem yapılmıştır. Bu Operasyonlarda ayrıca 100 adet sahte belge, 2 adet sahte plaka, 2 adet sahte ehliyet, 4 adet sahte kimlik ve 62 adet sahte para ele geçirilmiştir.
 
Terör İltisaklı 26 Hesaba İşlem Yapıldı

Siber suçlar kapsamında ise toplam 807 Sosyal Medya Hesabı üzerinde çalışma yürütülmüş, bu hesaplardan terör iltisaklı 26 hesaba işlem yapılmış, 86 şüpheli şahıs tespit edilmiştir. 
 
27 Şahsa Kaçakçılıkla Mücadele Kapsamında İşlem
 
Kaçakçılıkla mücadele alanında temmuz ayında ilimizde 17 operasyon gerçekleştirilmiş, 27 şahsa işlem yapılmış, 13 şahıs ise gözaltına alınmıştır.
 
906 Araç Trafikten Men Edildi

Son olarak ilimiz genelinde yaşanan trafik olaylarına değinmek istiyorum. Temmuz ayında toplam maalesef 3 ölümlü ve 449 yaralanmalı trafik kazası meydana gelmiştir. Temmuz ayında ilimizde toplam 175.306 adet araç kontrol edilmiş, 16.575 sürücüye idari para cezası uygulanmış, 906 adet araç trafikten men edilmiş ve 266 adet sürücü belgesine ise el konulmuştur.” diye konuştu.
 
Amacımız Suçun İşlenmediği Huzurlu ve Güvenli Bir Şehir Oluşturmak 
 
Güvenlik güçlerimizle birlikte Kahramanmaraş’ın huzur ve güvenliği için gece gündüz demeden azim ve kararlılıkla çalıştıklarını söyleyen Vali Ünlüer, “Amacımız siz kıymetli hemşehrilerimizin huzur ve güven içerisinde yaşamasını sağlamak ve suçun işlenmediği bir şehir oluşturmaktır” ifadelerini kullandı.
 
İlimiz genelinde alacağımız tedbirlerle, suç işleyenlere, halkımızın huzurunu ve sükûnunu bozanlara göz açtırmayacaklarını vurgulayan Vali Ünlüer, “Aile birliğini derinden sarsan, gençlerimizin aydınlık yarınlarını çalan ve toplumsal bünyede iyileştirilmesi güç yaralar açan, bu organize suç örgütleri ve zehir tacirlerinin peşlerini, bırakmayacak ve mutlaka adalete teslim edeceğiz. Bu vesileyle, operasyonları yöneten Kaymakamlarımız, İl Jandarma Komutanımız ve İl Emniyet Müdürümüz başta olmak üzere, tüm güvenlik güçlerimize ve operasyonlarda bize destek veren hemşehrilerimize özverili çalışmalarından dolayı teşekkür ediyorum” dedi."
tccb_331,TCCB,cumhurbaskanligi,hatay,5_post_local,2024-10-26,"Değerli Kardeşlerim, Sizleri en kalbi duygularımla, hürmetle, muhabbetle selamlıyorum. Maşallah, bu coşkunuz, bu kararlılığınız son seçimlerde nereye gittiğinizi gösterdi ve son seçimlerden büyük bir zaferle çıkarak bugünlere geldik. Havalimanından buraya yol boyunca ilgi alaka maalesef 1,5 saat gecikmeyle huzurunuza gelmemizi sağladı. Hakkınızı helal edin. Sizlerin vasıtasıyla tüm ilçeleri ve mahalleriyle Hatay’ın tamamına selam ve sevgilerimi gönderiyorum. Bugün kardeşlik, barış ve tarih şehrimiz Hatay’ımızda çok önemli bir tören vesilesiyle beraberiz. Bizleri buluşturan Rabbime sonsuz hamdüsenalar olsun. Hatay’ı alın dedik ve aldınız ve Hatay 1 Nisan’da gerçek belediyecilikle tanıştı. Şimdi öncelikle Hatay’a olan şükran borcumuzu ödemek istiyorum. Bundan 7 ay önce çok çekişmeli geçen bir yerel yönetimler seçimi yaşadık. 31 Mart sürecinde en fazla örselenen, hırpalanan, tartışma konusu yapılan şehirlerimizin başında Hatay geliyordu. Geriye dönüp baktığımızda üzüntü verici hadiselere şahit olduk. Hataylı kardeşlerimiz depremin yaralarını sarmaya çalışırken maalesef başkaları da kendi aralarında koltuk kapmaca oynuyordu. Hatay, belediyecilik hizmetlerinde bakımsızlığa terk edilmişti. Hatay, gündelik siyasetin, ayak oyunlarının kurbanı olmuştu. Cumhur İttifakı olarak Hataylı kardeşlerimizin çığlıklarına kulak verdik. Tek gündemi Hatay’a hizmet olacak bir kadroyla sizlerin huzuruna çıktık. 31 Mart gecesi gözümüz, kulağımız hep Hatay’da oldu. Sizlerden gelecek müjdeli haberlerde oldu. Maşallah. “Sayende Reis, Anka Kuşu gibi yeniden küllerimizden doğuyoruz” diyor bir pankart. Hatay’a bakan bir çift göz lazım. Şimdi sizlere öyle bir belediye başkanı gönderdik ki milletvekilleriyle beraber inşallah çift göz de olacak, dört göz de olacak ve Cumhurbaşkanıyla beraber burası yeniden ayağa kalkacak. 31 Mart’ta Hatay’dan tüm Türkiye’ye örnek olacak bir sonuç bekliyorduk. Maşallah, Hatay halkı da bizim bu beklentilerimizi boşa çıkarmadı. Büyükşehir Belediyesiyle birlikte toplam 8 ilçemizin emaneti emin ve ehil ellere sayenizde teslim edildi. Cumhur İttifakı’nın gerçek belediyecilik vizyonuna güvenen Hatay halkına gönülden teşekkür ediyorum. AK Partili kardeşlerimle birlikte, Milliyetçi Hareket Partili kardeşlerime, bunun yanında muhalefetten umudunu keserek adaylarımıza destek olan tüm vatandaşlarıma teşekkürlerimi iletiyorum. Rabbim hepinizden, tüm Hataylı kardeşlerimden razı olsun. Bugün şu gerçeği üzerine basa basa tekrar söylüyorum: 31 Mart akşamı sandıkların kapanmasıyla birlikte seçim yarışı bitmiş, artık Hatay’a hizmet yarışı başlamıştı. Önemli olan Hatay’ın bir an önce ayağa kalkmasıdır. Buna var mıyız? Öyleyse mesele yok. Önemli olan Hatay halkının birliği, beraberliği ve dayanışmasıdır. Cumhur İttifakı olarak sizlerin teveccühüne layık olmaya çalışacağız. Beşeri ve kültürel zenginliğimizin sembol şehri Hatay, bundan sonra belediyecilik hizmetlerinde de artık parmakla gösterilecek. 31 Mart’ta 10 yıllık fetret devrinden kurtardığımız Hatay’ı hep birlikte çok daha güzel yerlere taşıyacağız. Hatırlayın “Oy yoksa hizmet de yok” diyenlerden değil, bize oy versin veya vermesin Hataylı kardeşlerimizin tamamına biz hizmet götürenlerden olacağız. Hataylı kardeşlerim şunu çok iyi bilsin: Bizde ayrımcılık olmaz, bizde ötekileştirme olmaz. Bizde insanları kökenine, meşrebine, görüşüne göre tasnif etmek olmaz. Bizde asıl olan milletimizin takdiridir, muhabbetidir, hayır duasını almaktır. Siz bize inandınız, bize itimat ettiniz, bize güvendiğinizi gösterdiniz. İnşallah biz de her günü fırsat bilecek ve sizlere aşkla hizmet edeceğiz. Sevgili Hataylılar, Kıymetli Kardeşlerim, 6 Şubat depremlerinin vurduğu şehirlerimizi yeniden ihya ve imar etmek için durmadan, dinlenmeden çalışıyoruz. Başkalarının gündemi ne olursa olsun iktidarımızın ve ittifakımızın birinci gündemi depremzedelerimizi süratle yeni yuvalarına kavuşturmaktır. Seçim dönemlerinde bile bu önceliğimizi geri plana almadık. Devletimizin tüm kapasitesini deprem bölgesine teşrif etmiş durumdayız. Burada bazı rakamları sizlerle paylaşmak istiyorum. Birileri halen yeterince kavrayamasa da Türkiye 6 Şubat’ta tam anlamıyla asrın felaketini yaşamıştır. Bakınız 2010 yılında 316 bin kişinin öldüğü Haiti’deki depremden 15 kat daha büyük enerji açığa çıkaran bir doğal afetle sarsıldık. Dünyanın 90 ülkesinden daha geniş bir alanı etkileyen bu depremden Hatay’ımız başta olmak üzere 11 ilimizde büyük yıkımlara yol açtı. O gün kimi kardeşlerimizin ifadesiyle hüznü, çaresizliği, kıyameti, kimine göre endişeyi, felaketi, acıyı yaşadık. Toprağın altında kalan canlarımızı hiçbir zaman unutmadık. Ama yüreğimizdeki acı, yaşadığımız yıkım çok büyük olsa da umudumuz daima diri tuttuk. Depremin hemen ardından 3 ay gibi kısa bir sürede 180 bin konutumuzun yapımına başladık. Böylece 11 ilimizi dünyanın en büyük şantiye sahasına dönüştürdük. Bugün deprem bölgemizde 1.900 şantiyede ve 4 bin 333 köyümüzde 160 bin mimar, mühendis ve işçi kardeşimiz canla başla çalışıyor. Şu ana kadar 350 bin 430 konut ve işyerimizin ihalesini gerçekleştirdik. Bunlardan 18 bin 404’ü Hatay’da olmak üzere, 101 bin 254 tanesini teslim ettik. Hazır mısınız? Tek millet… Tek bayrak… Tek vatan… Tek devlet… Bir olacağız… İri olacağız… Diri olacağız… Kardeş olacağız… Hep birlikte kardeş olacağız… Bugün de Hatay’ımızda 7 bin 856, Malatya’mızda 6 bin 759, Gaziantep’imizde 5 bin 259, Kahramanmaraş’ımızda 3 bin 135, Adıyaman’ımızda 3 bin 108, Adana’da 648, Diyarbakır’ımızda 641, Elâzığ’ımızda 569, Şanlıurfa’mızda 17, Kilis’imizde 9, Osmaniye’mizde 1.310 olmak üzere toplamda 29 bin 311 yuvamızın daha kuralarını çekerek hak sahiplerine teslim ediyoruz. Böylece 130 bininci afet konutumuzun anahtarlarını depremzedelerimize teslim etmenin bahtiyarlığını yaşıyoruz. Yeni evlerimizin depremzede kardeşlerimiz için, ailelerimiz ve evlatlarımız için hayırlı, uğurlu olmasını diliyorum. Kardeşlerim, Hatay’da toplam 152 bin 959 hak sahibimiz var. 11 ilimizde ise toplam 442 bin 709 hak sahibi bulunuyor. Bu yılın sonuna kadar 201 bin 688 ev ve işyerimizi daha anahtarlarını sahiplerine teslim edeceğiz. 2025 yılı sonunda 452 bin 958 konut, işyeri ve ahırı teslim etmiş olacağız. Deprem bölgesinde evine girmeyen hiçbir hak sahibimiz kalmayacak. Bir defa şunu çok açık ve net söylemek isterim: Biz meydanlarda verdiği sözü göreve gelince unutanlardan değiliz. Biz ahdine, vaadine, millete verdiği sözlere sadık bir yönetimiz. Biz bir şeyi yapacağız dersek, Allah’tan bir mani olmazsa yaparız. Çevre Bakanlığı’mızın yanı sıra AFAD’ımız, Kızılay’ımız, belediyelerimiz, sivil toplum kuruluşlarımız da şehirlerimizi ayağa kaldırmak için uğraşıyor. AFAD vasıtasıyla Hatay’a yaptığımız nakdi yardımların toplamı nedir biliyor musunuz? 36 milyar 150 milyon lirayı aştı. İmece usulüyle Hatay’ın ihtiyaçlarını gidermek için devlet-millet el ele vermiş durumdayız. Hataylı kardeşlerim bu konuda gönüllerini ferah tutsun. Deprem bölgemiz sanayisiyle, ticaretiyle, üretimiyle, kültürel zenginliğiyle yeniden ayağa kalkana kadar buradan asla ayrılmayacağız. Bu vesileyle depremde vefat eden tüm kardeşlerimize bir kez daha Allah’tan rahmet, yakınlarına sabrı cemil niyaz ediyorum. Bu yuvaların yapımında alın teri döken mimarlarımızı, mühendislerimizi, işçi kardeşlerimizi ve kurumlarımızı tebrik ediyorum. Aynı şekilde Hataylı kardeşlerimizin bir an önce yeni hayatlarına başlaması için desteklerini esirgemeyen savunma sanayimizin gururu Baykar’a, Doğuş Grubuna, Türkiye İş Bankası’na ve tüm hayırseverlere en kalbi şükranlarımı sunuyorum. Çok Değerli Kardeşlerim, Hatay’ın yetiştirdiği önemli münevverlerden olan merhum Cemil Meriç üstadımız, “Tarihimiz, mührü sökülmemiş bir hazinedir” diyor. Üstadın dediği gibi mazimiz dünyada eşi benzeri bulunmayan nadide bir hazinedir. Şehirlerimizi ayağa kaldırırken hafıza mekânları olan kültür varlıklarımızı da ihya ediyoruz. Habib-i Neccar Camiyi ve Meclis binasında çalışmalarımıza başladık, tüm hızıyla devam ediyor. Uzun Çarşı bölgesi, Kurtuluş Caddesi ve Kemalpaşa Caddesi gibi tarihi alanları restore ederek kültürel mirasımızı yaşatıyoruz. Asi Nehri’nin çevresini, altyapısı, yeşil alanları, parkları, bisiklet ve yürüyüş yolları yeniden canlandırılıyor. Deprem nedeniyle 80 santim çökme yaşanan İskenderun Sahilinde yeni bir projeyi daha hayata geçiriyoruz. Ulaştırma ve Altyapı Bakanlığımız, deniz dibindeki tahkimatı tamamladı. Çevre Bakanlığımız ise 303 bin metrekare alanda çalışmalarına devam ediyor. Projemizin tamamlanmasıyla yürüyüş yolları, çocuk oyun alanları, kafeteryaları ve restoranları vatandaşlarımızın hizmetine sunmuş olacağız. 2025’ten sonra da yüzlerce yıldır Harput Kalesinden yükselen o güzel selamlara Hatay Habib-i Neccar Caminin minareleri yine cevap verecek. Hatay’ı eskisinden çok daha güzel, daha modern, depreme daha dayanıklı hale getirene kadar bize durmak, dinlenmek yok. Burada şunu söylemek isterim: Altyapısı ve üstyapısıyla bu kadar çok çalışmayı aynı anda yürütmek öyle her babayiğidin harcı değildir. Gelişmiş denilen ülkelerin daha küçük afetlerde nasıl zorlandığını hepimiz görüyoruz. Bütün bu çalışmalar, devletimizin vatandaşına verdiği değer yanında organizasyon kapasitemizi de gösteriyor. Daha önemlisi, depremzedelerimizi yuvalarına bir an önce kavuşturma, şehirlerimizi bir an önce ayağa kaldırma irademizi gösteriyor. Biz işte bunun için Yeniden Daha Güçlü Anadolu diyoruz. Biz işte bunun için Büyük ve Güçlü Türkiye diyoruz. Biz işte bunun için Türkiye Yüzyılı diyoruz. Allah’ın izniyle bu iddialarımızın hiçbirinden vazgeçmeyeceğiz. Sevgili Kardeşlerim, Şunu herkes görsün ve anlasın: Ne kandan ve gözyaşından beslenen terör baronları, ne gözlerini Hatay’a diken emperyalizmin uşakları, ne de bölgemizi kana ve ateşe boğan terör devletleri, bunların hiçbiri Türkiye yüzyılı ülkümüzle aramıza giremez. Türkiye sadece tarihiyle, kültürüyle, birikimiyle değil, hadiseleri okuyuş tarzı itibariyle de çok büyük bir devlettir. Biz meseleleri başkaları gibi yarım asırlık, çeyrek asırlık tecrübeyle değil, 2.200 yıllık bu süreci aşan köklü bir hafızayla değerlendiriyoruz. Bin düşünüyor, bir söylüyoruz. İktidar ve ittifak olarak bir adım atmadan önce de her şeyi en ince detayına kadar hesaba katıyoruz. Önümüze çıkan engelleri aşarak, kurulan tuzakları bozarak hedeflerimize doğru emin adımlarla yürüyeceğiz. Ülkemizde olan tüm araçları, bütün imkanları kullanarak terörün olmadığı, şiddetin olmadığı, huzurun, demokrasinin ve kardeşlerin egemen olduğu bir Türkiye’yi mutlaka inşa edeceğiz. Hazır mıyız? Öyleyse unutmayın, bu topraklar üzerinde daha nice asırlar boyu Türk, Kürt, Arap, Alevi, Sünni demeden 85 milyon hep beraber kardeşçe yaşayacağız. Millet olarak birlik ve beraberliğimiz her türlü hainliğin, her türlü alçaklığın, her türlü sabotaj girişiminin fevkindedir. Terör örgütleri bizi maşa gibi kullanamayacak. Hedeflerine ulaşamayacaklar. İç cephemizi sarsamayacaklar. Ezeli ve ebedi kardeşliğimize pusu kuramayacaklar. Aramıza nifak tohumları ekemeyecekler. Hep beraber Türkiye olmamızı engelleyemeyecekler. Kardeşliğimizi bozamayacaklar. Öyleyse, emin adımlarla yarınlara yürüyor muyuz? Rabbim yar ve yardımcımız olsun diyorum. Hatay’dan güçlü bir destek bekliyorum. Rabbim yolumuzu, bahtımızı açık etsin diyorum. Bu vesileyle dün gece İsrail saldırganlığının hedefi olan komşumuz İran’a ve İran Hükümetine geçmiş olsun dileklerimi iletiyorum. Batılı güçler tarafından iyice şımartılan Siyonist İsrail Hükümeti bu tarz saldırılarla bölgesel bir çatışmanın fitilini ateşlemeye çalışıyor. İsrail’in ve destekçilerinin bu oyununa gelinmemesi son derece önemlidir. İsrail, bu anlayışla, bu kafayla bir yere varamayacak. Duamız şu, 'Ya Kahhar' ismi şerifi hürmetine Allah'tan bunların kahrını bekliyoruz. Kardeşlerim; şimdi konutlarımızın dağıtımına başlıyoruz."
kmaras_bld_1257,Kahramanmaraş Belediye,belediye,kahramanmaras,4_local_campaign,2024-03-14,"Elektrikli araçlarda meydana gelebilecek yangınlara müdahale konusunda Büyükşehir Belediyesi İtfaiye personellerine eğitim verildi. 2 gün süren eğitimlerde personellere, elektrikli araçlarda meydana gelebilecek yangınlara müdahalede öncelik ve risk taşıyan durumlar anlatıldı.

Yangından doğal afete, trafik kazasından arama kurtarmaya her türlü acil müdahale gerektiren durumlara karşı personellerin müdahale hızını artırarak olası can ve mal kaybını en aza indirmeyi hedefleyen Kahramanmaraş Büyükşehir Belediyesi İtfaiyesinde hizmet içi eğitimler devam ediyor. Bu kapsamda elektrikli araçlarda meydana gelebilecek yangınlara müdahale konusunda İtfaiye personellerine uzman ekip tarafından eğitim verildi. 2 gün süren eğitimlerde personellere, hızla yaygınlaşan elektrikli araçlarda meydana gelebilecek yangınlara müdahalede öncelik ve risk taşıyan durumlar anlatıldı. Teorik eğitimlerin ardından elektrikli araçlar üzerinde uygulamalar da yapıldı. İtfaiye Dairesi Başkanlığından açıklamada; her türlü doğal afet ve acil müdahale gerektiren durumda personellerin beceri, hız ve koordinasyonunun artırılması noktasında eğitim ve tatbikatların devam ettiği belirtildi."
hatay_bld_0131,Hatay Belediye,belediye,hatay,3_inter_election,2023-11-15,"Hatay Büyükşehir Belediyesi yöneticileri, deprem sonrası oluşan enkazların kaldırılması sırasında yaşanan çevresel sorunların etkisinin azaltılması ve gerekli önlemlerin alınarak denetim sisteminin yaygınlaştırılması amacıyla toplantı gerçekleştirdi.

HBB Genel Sekreter Yardımcısı ve Çevre Koruma ve Kontrol Dairesi Başkanı Mahir Çiçek başkanlığındaki toplantıya HBB Zabıta Dairesi Başkanlığı ekipleri katıldı.

Toplantıda enkaz kaldırma çalışmaları sırasında çevresel sorunları minimum seviyeye indirgemek amacıyla yapılan çalışmalar değerlendirildi.

“YIKIMLARIN ÇEVRESEL ETKİLERİNİN EN AZA İNDİRİLMESİ İÇİN ELİMİZDEN GELEN GAYRETİ GÖSTERİYORUZ”

Mahir Çiçek konuşmasında “6 Şubat 2023 tarihli depremde ilimizde yaşanan yıkımların çevresel etkilerinin en aza indirilmesi için elimizden gelen gayreti gösteriyoruz. HBB olarak çevre kirliliği ile mücadelede birçok projeler hazırlamış olup, Birleşmiş Milletler ve kalkınma ajansları ile ortak çalışmalar yürütmekteyiz. Çevrenin korunması, iyileştirilmesi, toprak, su ve hava kirliliğinin önlenmesi için çalışmalar gerçekleştiriyoruz. Doğal kaynakların en iyi şekilde korunmasının sağlanması, bugünkü ve gelecek kuşakların sağlık, uygarlık ve yaşam standartlarının yükseltilmesi en büyük hedeflerimizden biri. Sürdürülebilir çevre temizliği bilincinin oluşturulması ve toplumun tamamına bu bilincin yaygınlaştırılmasını amaçlamaktayız” dedi.

“DENETİMLERİMİZİ ARTTIRARAK ÇALIŞMALARIMIZI SÜRDÜRÜYORUZ”

İl genelinde enkaz kaldırma çalışmalarının yapıldığı noktalarda denetimler gerçekleştirdiklerini kaydeden Çiçek, “ Hatay Büyükşehir Belediyesi olarak 15 Şubat 2017’de Ulaşım Koordinasyon Merkezi (UKOME) kurulunda almış olduğumuz karara istinaden ilimizde hafriyat toprağı, inşaat ve yıkıntı atıkları taşıma faaliyeti gösteren gerçek ve tüzel kişilerin belediyemiz Hafriyat Yönetim Sistemine uygun olacak şekilde GPS (Uydu Bazlı Navigasyon Sistemi) ile takip edilmesi zorunlu hale getirilmiştir. Vatandaşlarımızın daha güvenilir bir çevre de yaşama haklarını korumak adına Zabıta Dairesi Başkanlığımız ile koordinasyon içerisinde denetimlerimizi arttırarak çalışmalarımızı sürdürüyoruz” dedi.

“AMACIMIZ ÇEVRE KİRLİLİĞİNİ EN AZA İNDİRGEMEK”

Çiçek, amaçlarının çevre kirliliğini de en aza indirgemek olduğunu vurgulayarak, “ Hafriyat toprağı, inşaat ve yıkıntı atıkları taşıma faaliyeti gösteren gerçek ve tüzel kişileri uyarmak istiyoruz. Belediyemiz bünyesinde bulunan Çevre Denetimi Ekibimiz ve Zabıta Dairesi Başkanlığımıza bağlı kolluk kuvvetlerimiz ile Hatay Valiliğimiz tarafından belirlenen Enkaz Döküm Sahaları dışında kalan alanlara yapılan kaçak dökümler için gerekli idari yaptırımları uygulamaya devam edeceğimizi beyan ediyoruz. ” diye konuştu.

Kahramanmaraş Merkezli 11 ili etkileyen 6 Şubat depremi sonrası İçişleri Bakanlığı TAMP (Türkiye Afet Müdahale Planı) kapsamında, afet için 4. Düzey Alarm ilan edildiğini açıklamış, Hatay Valiliği de enkaz kaldırma çalışmalarını başlatmıştı.

Haberin fotoğraflarını aşağıdaki linkten indirebilirsiniz.

https://we.tl/t-kQto2lsUxM"
csb_0205,CSB,bakanlık,kahramanmaras,2_pres_campaign,2023-05-12,"BAKAN KURUM: 11 İL 505 KÖYDE 40 BİN EV, 5 BİN AHIRIN İNŞASI DEVAM EDİYOR

Çevre, Şehircilik ve İklim Değişikliği Bakanı Murat Kurum, resmî sosyal medya hesabından deprem bölgesinde inşası devam köy evlerine ilişkin bir video yayımladı. Bakan Kurum paylaşımında, “11 il 505 köyde 40 bin ev, 5 bin ahırın inşası devam ediyor. Toplamda 143 bin köy evi yapacağız. Sadece evler değil, yeni yaşam alanları oluşturacağız.” ifadelerine yer verdi.

Çevre, Şehircilik ve İklim Değişikliği Bakanı Murat Kurum, resmî sosyal medya hesabından, Kahramanmaraş’ın Pazarcık ve Elbistan ilçelerinde yaşanan depremlerin ardından 11 ilde meydana gelen yıkımların yaralarını sarmak için geçici yaşam alanlarının kurulumuna ve eş zamanlı olarak da kalıcı konutların ve köy evlerinin yapımına ivedilikle devam edildiğini anlatan bir video yayımladı. Bakan Kurum, paylaşım paylaşımında, “11 il 505 köyde 40 bin ev, 5 bin ahırın inşası devam ediyor. Toplamda 143 bin köy evi yapacağız. Sadece evler değil, yeni yaşam alanları oluşturacağız.” dedi.

“Deprem bölgelerinde yeni köy konutları için çalışmalar 505 köyde devam ediyor”

Video paylaşımında, Çevre Şehircilik ve İklim Değişikliği Bakanlığı Yapı İşleri Genel Müdürlüğü tarafından, deprem bölgelerinde yeni köy konutları için çalışmaların 505 köyde devam ettiği anlatıldı. Depremin merkez üssü olan Kahramanmaraş‘ta 391 köyde 7 bin 433, Hatay’da 244 köyde 6 bin 847, Osmaniye’de 45 köyde 900, Malatya’da 260 köyde 6.205, Gaziantep’te 179 köyde 4.707, Kilis’te 85 köyde 486, Adıyaman’da 245 köyde 6.290 köy evinin inşa edildiği ve çalışmaların hızla sürdüğü bilgisi verildi.

“Bugüne kadar 40 bin konut, 5 bin ahırın yapımlarını başlattık, burada sadece yapı yapmıyoruz, altyapısı ile üstyapısı ile sosyal donatı alanlarıyla bir yaşam alanı tasarlıyoruz”

Yapı İşleri Genel Müdürü Banu Aslan, vatandaşların sağlıklı ve güvenli konutlarına kavuşana kadar durmadan çalışacaklarını belirterek, “Afetten etkilenen illerimizdeki köy tipi afet konutlarını yapıyoruz. Bugüne kadar 40 bin konut, 5 bin ahırın yapımlarını başlattık. Kimi zemin etüdü aşamasında, kimi temelleri atılıyor. Burada sadece yapı yapmıyoruz, altyapısı ile üstyapısı ile sosyal donatı alanlarıyla bir yaşam alanı tasarlıyoruz. Bakanımız Sayın Murat Kurum’un talimatlarıyla tüm illerde eş zamanlı yürütüyoruz bu çalışmaları. Şu anda başlamadığımız, girmediğimiz bir il, bir köy yok. Vatandaşlarımızı sağlıklı, güvenli, konfor oranı yüksek konutlarına kavuşturana kadar yorulmadan 7/24 çalışacağımızdan kimsenin şüphesi olmasın.“ diye konuştu."
adiyaman_val_054,Adıyaman Valiliği,valilik,adiyaman,5_post_local,2024-04-22,"Adıyaman’a atandığı günden bu yana her fırsatta esnaf ve vatandaşı ziyaret ederek halini ve hatrını soran Vali Dr. Osman Varol, haftanın ilk mesai gününde onlarca vatandaşlarımızı Valilik makamında ağırlayarak sorun, sıkıntı, ihtiyaç ve taleplerini dinledi. 

Vatandaşlarımızın istek ve taleplerini kamu kurumlarının ilgili mercilerine doğrudan iletilmesini sağlamak, sorunlara hızlı çözümler bulmak ve vatandaşın devletle bağını daha da güçlendirmek için gerçekleştirilen buluşmada onlarca vatandaşı makamında ağırlayarak tek tek dinleyen Vali Dr. Osman Varol, iletilen sorunları tek tek not alarak bu sorunları çözüme kavuşturulması için hızlı bir şekilde reaksiyon alacaklarını ve gereğini imkanlar çerçevesinde yapacaklarını söyledi. 

Katılımın yoğun olduğu halk gününde vatandaşlarımızın talep, şikâyet ve önerilerini dile getirebilmeleri amacıyla buna benzer toplantıları bundan sonra her hafta Salı günleri düzenli olarak yapacaklarını söyleyen Vali Dr. Osman Varol, “Zaten sık sık sahada vatandaşlarımızı ve esnafımızı ziyaret ederek ihtiyaç ve taleplerini dinliyor, mesaimizin birçoğunu vatandaşlarımızın problemini çözmek için harcıyoruz. Göreve başladığımız ilk gün ifade ettiğimiz gibi hiçbir vatandaşımızı ne acısında ne hayatını yeniden düzene koyma ne de geleceğini yeniden inşa etme gayretinde asla yalnız bırakmayacağız demiştik. İşte bu buluşmalarla amacımız 6 Şubat depremleri ile birlikte büyük bir yara alan ilimizde ulaşamadığımız vatandaşlarımızın isteklerini birinci ağızdan dinleyerek onlarla dertleşmek, sorunlarını çözüme kavuşturmak ve varsa eksikliklerin giderilmesidir. Vatandaşlarımızın sorunlarının çözüldüğünü gördükçe bizlerde sorumluluk makamında bulunan ilin yöneticileri olarak mutlu oluyoruz. Bugüne kadar bütün çalışmalarımızı vatandaş odaklı hizmet ekseninde yürüttük. İlin yöneticileri olarak yaptığımız tüm yatırım ve çalışmalarda devletimizin sıcaklığını vatandaşlarımıza daima yansıtıyoruz. Klasik kamu yönetimi anlayışını bir tarafa bırakarak vatandaşlarımızın sorunlarının çözümü noktasında tüm kamu kurum ve kuruluşlarımız üzerini düşeni büyük bir hassasiyetle yerine getirmeye çalışıyor”dedi. 

Ailesiyle birlikte halk gününe katılan Şehit Fatih Doğan Güzel Sanatlar Lisesi son sınıf öğrencisi Asude Hanım Sarıkaya ise Vali Dr. Osman Varol’a yaşadığımız deprem afeti sonrası ilimizde 6 Şubat depremlerinin simgesi haline gelen kendi çizdiği Saat Kulesi tablosunu takdim etti.
Vali Dr. Osman Varol, Şehit Fatih Doğan Güzel Sanatlar Lisesi son sınıf öğrencisi Asude Hanım Sarıkaya’ya anlamlı tablo dolayısıyla teşekkür ederek derslerinde başarılar diledi. 

Vali Varol, ayrıca, aileleriyle birlikte halk günü programına katılan çocuklara da oyuncak ve çeşitli hediyeler verdi. 
Vali Dr. Osman Varol, Açık Kapı Şube Müdürlüğü üzerinde randevu alan vatandaşların sorun, istek ve taleplerinin dinleneceği “Halk Günü” buluşmalarının bundan sonra düzenli olarak her hafta salı günleri sabah saat 9’da gerçekleştirileceğini söyledi."
kmaras_val_066,Kahramanmaraş Valiliği,valilik,kahramanmaras,3_inter_election,2023-08-28,"Valimiz Mükerrem Ünlüer, Mülki İdare Amirleri Atama Kararnamesi ile görev yerleri değişen Vali Yardımcılarımız, Kaymakamlarımız ve İl Jandarma Komutanımız onuruna veda yemeği verdi.
 
Şairler Tepesi'nde düzenlenen programda, Vali Yardımcılarımız, Kaymakamlarımız ve İl Jandarma Komutanımız ile bir araya gelen Vali Ünlüer, ilimizde ve ilçelerimizde görev süreleri boyunca yaptıkları hizmetler ve özellikle deprem döneminde ki özverili çalışma ve gayretlerinden dolayı Mülki İdare Amirlerimize ve İl Jandarma Komutanı Alb. Tolga Yağan'a şükranlarını sundu.
 
Vali Yardımcılarımız, Kaymakamlarımız ve İl Jandarma Komutanımız ile vedalaşan Vali Ünlüer, yeni görev yerlerinde başarılar diledi."
csb_0383,CSB,bakanlık,kahramanmaras,3_inter_election,2023-10-02,"BAKAN ÖZHASEKİ: “DEPREME KARŞI TEK ÇÖZÜM KENTSEL DÖNÜŞÜM”

Çevre, Şehircilik ve İklim Değişikliği Bakanı Mehmet Özhaseki, ülkemizi depreme karşı hazırlamak için gece gündüz çalıştıklarını belirterek, “Bu işin bir tek çözümü kentsel dönüşüm. Evlerimizi, konutlarımızı, iş yerlerimizi sağlıklı ve güvenilir hale getirmek. Evlerimizi güvenilir bir şekilde yapmak zorundayız.” dedi. Vatandaşlardan da Belediye Başkanlarını kentsel dönüşüm yapmaları için sıkıştırmalarını isteyen Bakan Özhaseki, “Ne olur belediye başkanlarını sıkıştırın. ‘Niye kentsel dönüşüm yapmıyorsun kardeşim’ deyin. ‘Bizim evler riskli sen neredesin’ deyin.” şeklinde konuştu.

Çevre, Şehircilik ve İklim Değişikliği Bakanı Mehmet Özhaseki, Bağcılar Belediyesi Kentsel Dönüşüm Töreni’nde konuştu. Kahramanmaraş merkezli depremin yaralarını sarmaya başladıklarını ifade eden Bakan Özhaseki, “Orada şimdi 200 yüz binden fazla konutun ihalesine başladık. 200 binden fazla vatandaşımız ‘bize yardım edin. Biz yerinde dönüştürürüz’ dediler. Bir taraftan köy evlerinde inşallah çelik bir model geliştiriyoruz. Onları da en kısa süre içerisinde bitireceğiz. Biz inşallah kısa süre içerisinde yaralarımızı saracağız. Bundan hiç kimsenin endişesi olmasın.” diye konuştu.

“EVLERİMİZİ GÜVENİLİR HALE GETİRMELİYİZ”

Ülkenin depreme hazırlanması konusunda gece gündüz çalıştıklarını belirten Bakan Özhaseki, depreme karşı tek çözümün kentsel dönüşüm olduğunu vurgulayarak, “Bu işin bir tek çözümü var; kentsel dönüşüm. Evlerimizi, konutlarımızı, iş yerlerimizi sağlıklı ve güvenilir hale getirmek. Evlerimizi güvenilir bir şekilde yapmak zorundayız. Bu evler yıkıldığında emin olun sevdiklerimiz gidiyor. Evlatlarımız gidiyor, eşlerimiz gidiyor. Bu yüzden bizim kentsel dönüşüm diye çırpındığımız, bir an önce çıkaralım diye de gayret ettiğimiz ve gece gündüz demeden uğraşımız bundan dolayıdır.” dedi.

“KENTSEL DÖNÜŞÜMÜN ÖNÜNDEKİ ENGELLERİ KALDIRIYORUZ”

Kentsel dönüşümün önündeki engelleri kaldırmak için Deprem Yasası üzerine çalıştıklarını ifade eden Bakan Özhaseki, “Kentsel Dönüşüm Yasa Taslağını hazırladık. Meclise gönderdik. Komisyondan geçip inşallah ilk gündeminde görüşülecek. Kentsel dönüşümün önündeki engelleri kaldırmaya çalışıyoruz. İşi hızlandırmaya çalışıyoruz. Ve biz her şehirde hangi partiden olursa olsun belediye başkanlarını çağırarak orada neler yapılır tartışmaya çalışıyoruz. Tabii ki bakanlık olmazsa olmaz. Kanun çıkaracak. Para lazımsa para verecek. Arsa lazımsa arsa verecek. Planlama yapması icap ediyorsa planlama yapacak. Bakanlığın koordinasyonda yürüyecek.” şeklinde konuştu.

“BELEDİYE BAŞKANLARINI SIKIŞTIRIN”

Kentsel dönüşüm çalışmalarının Bakanlık, Belediyeler ve vatandaş olmak üzere 3 ayağı bulunduğunu belirten Bakan Özhaseki, vatandaşlardan Belediye Başkanlarını kentsel dönüşüm yapmaları için sıkıştırmalarını isteyerek sözlerini şöyle sürdürdü: “Bakanlık haliyle şemsiye kuruluş. Bu işin ikinci ayağı Belediyeler. Ne yazık ki bir kısım belediye başkanlarımız hiç bu dallara basmıyorlar. Hiç bu taraklarda bezleri yok. Bu işin üçüncü ayağı siz iseniz, eğer önemli ayağında siz varsanız ne olur belediye başkanlarını sıkıştırın. ‘Niye kentsel dönüşüm yapmıyorsun kardeşim’ deyin. ‘Bizim evler riskli sen neredesin’ deyin. Ve gelsinler bütün semtlerde onlar da uğraşsınlar. Vatandaşlarla bu işin hesabını yapsınlar. Planlamasını yapsınlar. Sonra bakanlığa gelsinler, hangi partiden olursa olsun sonuna kadar kapımız açık. Çünkü bu memleket bizim. Bu insanlar bizim. İnşallah bu gayretle de biz devam edeceğiz zaten.”

“KENTSEL DÖNÜŞÜMÜ HIZLANDIRACAĞIZ”

Kentsel dönüşüm çalışmalarını hızlandıracaklarını belirten Bakan Özhaseki, “Haliyle önümüzde bizim de bir yol haritamız var. Bir taraftan kentsel dönüşümü hızlandırmak istiyoruz. Bakın burada 1000’e yakın konut dönüşüme giriyor. Şu anda İstanbul'da 188 yerde dönüşüm var. Buralarda binlerce konut inşallah dönüşmüş olacak. Şimdiye kadar 800 bin civarında konutun dönüşümünü arkadaşlarımız sağlamışlar. Bundan sonra da hızla yapmaya devam edeceğiz. Bunu hızlandıracağız.” diye konuştu.

YARISI BİZDEN KAMPANYASI

Vatandaşların faydalanması için açıklanan ‘Yarısı Bizden Kampanyası’ konusuna da değinen Bakan Özhaseki, “1 milyondan fazla vatandaşımız da Yarısı Bizden Kampanyasına müracaat etti. Onlar içerisinde toplam bina sayısı 90 bin. 90 bin binayı da inşallah böyle dönüşeceğiz. Biz vatandaşlara yarısını hibe vereceğiz. Yarısını da kendileri karşılayacaklar. İnşallah bir taraftan da hızla bu dönüşmüş olacağız.” şeklinde konuştu.

“KENTSEL DÖNÜŞÜM BAŞKANLIĞI KURULACAK”

Kentsel Dönüşüm sürecini hızlandırmak için İstanbul’a özel birim kuracaklarını dile getiren Bakan Özhaseki, “Yeni bir Kentsel Dönüşüm Başkanlığı kurarak kentsel dönüşümü devam ettirmek istiyoruz. İstanbul içinde ayrı bir Genel Müdürlük kuracağız.

İstanbul içinde böyle bir hazırlığımız var.” ifadelerini kullandı.

Konuşmaların ardından Bağcılar Belediyesi tarafından uygulanan kentsel dönüşüm çalışmaları, Büyük Özlem Sitesi ile aynı zamanda Cihankent, Yeşilyuvam, Atabek, Topakent, Albayraklar siteleri ve Kemalpaşa Mahallesi olmak üzere toplam 6 noktada canlı bağlantı ile dualar eşliğinde gerçekleştirildi. Yıkımı gerçekleştirilen alanlar, kentsel dönüşüm çalışmalarıyla birlikte güvenli yapılara kavuşturulacak."
tccb_053,TCCB,cumhurbaskanligi,kahramanmaras,1_post_quake,2023-04-01,"Sizi hürmetle, muhabbetle selamlıyorum. Sizlerin vasıtasıyla tüm Elazığ’a buradan selamlarımı gönderiyorum. Başı rahmet, ortası mağfiret, sonu ebedi azaptan kurtuluş olan mübarek Ramazan-ı Şerifinizi tebrik ediyorum. Asrın felaketi 6 Şubat depremleri sebebiyle buruk girdiğimiz bu Ramazan ayını deprem bölgesindeki kardeşlerimizle birlikte geçirmeye özen gösteriyorum. Bugün Allah kabul etsin, 10. orucumuzu tuttuk. Daha önce Kahramanmaraş, Hatay, Adıyaman, Gaziantep ve Kilis’teki kardeşlerimizle iftar açtık. Hem deprem konutlarımızın binlercesinin temelini attık, hem de Ramazan sevincini afetzede vatandaşlarımızla birlikte yaşadık. Şimdi de Cumhur İttifakı olarak siz kardeşlerimizle beraber olmanın bahtiyarlığı içindeyiz. Soframızı şereflendirdiğiniz için her birinize ayrı ayrı teşekkür ediyorum. İftar sofrası birliğimizi, beraberliğimizi, kardeşliğimizi doya doya teneffüs ettiğimiz bir muhabbet sofrasıdır. Muhabbetten Muhammed oldu hasıl, Muhammedsiz muhabbetten ne hasıl; bu sofrayı öyle görüyoruz. Dolayısıyla Rabbim bu soframızın bereketini artırsın. Bu sofranın etrafında buluşan gönüller için maddiyatın, makamların, unvanların, zengin veya fakir olmanın hiçbir kıymeti harbiyesi yoktur. Bu sofrada Allah için oruç tutan, Allah’ın rızasını gözeten, inancının ve imanının gereğini yerine getirmeye çalışan herkese yer vardır. Ülkemizin dört bir yanında milletimizin iftar sofralarını komşularından ve yakınlarından başlayarak fakir-fukara, garip-gurebaya açtığını görüyoruz. Özellikle asrın felaketiyle mücadele ettiğimiz bu zor günlerde insanımız yardımlaşmanın kitabını adeta yeniden yazıyor. Öyle ki hayırseverlerimiz bu Ramazan her zamankinden daha cömert, vakıf ve derneklerimiz bu sene her zamankinden daha aktif, belediyelerimiz nerede bir muhtaç varsa elinden tutmanın, ihtiyaçlarını gidermenin derdinde. Devletimizin ilgili kurumları bir an önce yaraları sarmak için olağanüstü çaba harcıyor. 85 milyonun tamamı dünyada başka hiçbir millete nasip olmayacak bir şuurla hamdolsun depremzedelerimizin yüküne omuz veriyor. Ramazan’ın gönülleri yumuşatan, kalplarımızı birbirine daha çok yaklaştıran, bize insani değerlerimizi hatırlatan manevi ikliminin ülkemizi kuşattığını görmekten memnuniyet duyuyorum. Rabbimden bu mübarek ayın ülkemiz, milletimiz, bölgemiz, tüm Müslümanlar ve insanlık için hayırlara vesile olmasını diliyorum. Kıymetli Kardeşlerim, Milletçe 6 Şubat sabahı sadece kendi tarihimizin değil insanlık tarihinin en büyük tabii afetlerinden birine uyandık. Kahramanmaraş merkezli 7,7 ve 7,6 şiddetindeki depremler Elazığ’ın da aralarında bulunduğu 11 ilimizde yıkıma ve can kaybına yol açtı. Sizlerin şansında Elazığlı vatandaşlarımın hepsine tekrar geçmiş olsun diyorum. Depremde hayatını kaybeden 50 bini aşkın insanımızın her birine Allah’tan rahmet, yakınlarına sabr-ı cemil niyaz ediyorum. Hem yaşadığımız felaketin büyüklüğünü, hem de yitip giden canlarımızın yüreğimize düşürdüğü ateşi tarif etmekte kelimeler yetersiz kalıyor. Ne yaparsak yapalım gidenleri geri getiremeyeceğimizin farkındayız. Ama aynı şekilde can kayıplarımız dışında tüm kayıplarımızı telafi etmenin mümkün olduğunu da çok iyi biliyoruz. Türkiye Cumhuriyeti Devleti bizim iktidarlarımız döneminde hamdolsun her türlü kaybı telafi edecek güce ve kapasiteye ulaşmıştır. Devletimizin yaraların sarılması noktasında büyüklüğünün, vatandaşının emrinde ve hizmetinde olduğunun en yakın şahidi bizzat Elazığ7dır. 2020 senesinde Elazığ’da yaşanan depremden sonra hiçbir insanımızı çaresiz ve sahipsiz bırakmadık. Gece-gündüz çalışarak depremde evleri yıkılan kardeşlerimizin tamamını yeni yuvalarına kavuşturduk. Deprem sonrasında söz verdiğimiz toplam 25 bin konutu tamamlayarak Elazığlı hak sahiplerine teslim ettik. Şimdi de aynısını Kahramanmaraş depremleri akabinde 11 vilayetimizin hepsi için yapıyoruz. Enkaz kaldırma ve hasar tespit çalışmalarımızı süratle neticelendirirken eş zamanlı olarak deprem konutlarımızın inşasına geçiyoruz. Şimdiye kadar bölge genelinde 67 binin üzerinde konutun ve köy evinin inşa sürecini başlattık. Her gün, her saat yeni konutların temelleri atılıyor, bu sayı sürekli artıyor. Hedefimiz; 319 bini ilk 1 yıl içinde olmak üzere toplam 650 bin konutu yaparak deprem mağdurlarına teslim etmektir. Elazığ’da da 7 bin 452 afet konutu inşa edeceğiz. İşte bugün 505’i şehrimizde olmak üzere toplam 31 bin 663 konutumuzun temellerini attık. Her ne kadar birileri bizi daha fazlası için cesaretlendirmek yerine saçma sapan yalanlarla önümüzü kesmeye çalışsa da, biz ahdimize bağlıyız. Biz meydanlarda ve kürsülerde verdiği sözü göreve gelince unutanlardan değiliz. Biz sandık ufukta görününce vaat bohçasını açan, seçim geçtikten sonra da vaatlerinin üzerine yatanlardan da değiliz. Biz sözüne sadık, kavline sadık, vaatlerinin sonuna kadar arkasında duran bir Cumhur İttifakı’yız. Nasıl 2020’de sizlere verdiğimiz sözleri tuttuysak, inşallah aynı başarıyı burada da sergileyeceğiz. İş yapmak, ülkeye ve millete hizmet etmek varken, başka hevesler peşinde koşanları ise önce Allah’a, sonra mahşeri vicdana havale ediyoruz. Bizim bu iş bilmezlerle kaybedecek ne vaktimiz, ne de onların lakırdılarını dinleyecek lüksümüz yok. Depremzedelerimiz bizden iş bekliyor, hizmet bekliyor, yuva bekliyor, afetin yol açtığı sorunların bir an evvel çözülmesini bekliyor. Cumhur İttifakı olarak bu beklentileri boşa çıkarmamakta kararlıyız. Allah’ın izniyle şu seçim gündemini de suhuletle atlattıktan sonra deprem bölgesindeki çalışmalara daha fazla yükleneceğiz. Tabii bu süreçte seçim atmosferinin konsantrasyonumuzu bozmasına, sizin ihtiyaçlarınızı geri plana itmesine de müsaade etmeyeceğiz. Önümüzde sadece 43 gün kaldı. 14 Mayıs’ta hep birlikte sandıklara gidecek, ülkemiz, milletimiz, evlatlarımız ve geleceğimiz adına tercihimizi ortaya koyacağız. Bugüne kadar bizi asla yalnız bırakmayan, bize daima çok güçlü destek veren Elazığ’ın, Gakkoşların 14 Mayıs’ta da aynı kararlı duruşu tekrarlayacağına inanıyorum. Sizlerden sandığa gittiğinizde terör örgütleriyle yol yürümekten çekinmeyenlere, milletimizin acısı halen tazeyken koltuk kavgasına tutuşanlara, ülkemizin sorunlarına çözüm üretecek hiçbir vizyon geliştirmeyenlere, söylemleriyle FETÖ’cülere ve bölücülere cesaret aşılayanlara, kaostan, krizden ve istikrarsızlıktan başka hiçbir vaadi olmayanlara, hasılı kendi siyasi ikballerinden, kendi menfaatlerinden, kendi heva ve heveslerinden başka bir şey düşünmeyenlere hak ettikleri dersi vermenizi bekliyorum. Sizlerden ne vatandaşımızın derdiyle dertlenen, ne de yönetimine talip oldukları milletin inanç değerlerine ve onun sembollerine saygı gösteren bu müraileri, bu istismarcıları 14 Mayıs’ta sandığa gömmenizi bekliyoruz. Kardeşlerim; Elazığ’a güveniyorum. Rabbim yolumuzu, bahtımızı açık etsin diyorum. Bir kez daha Ramazan-ı Şerifinizi tebrik ediyorum. Bugün temelini attığımız deprem konutlarının şehrimize tekrar hayırlı olmasını diliyorum. Her birinizi saygıyla selamlıyor, Allah’a emanet ediyorum. Kalın sağlıcakla."
csb_0293,CSB,bakanlık,hatay,3_inter_election,2023-07-16,"BAKAN ÖZHASEKİ: “HATAY’A 254 BİN 195 KONUT İNŞA EDİLECEK”

Çevre, Şehircilik ve İklim Değişikliği Bakanı Mehmet Özhaseki, Hatay’a 220 bin 66 afet konutu, 34 bin 129 köy evi olmak üzere toplam 254 bin 195 konut inşa edileceğini bildirdi. Hatay'ı eski günlerine tekrar kavuşturacaklarını ifade eden Özhaseki, “Hatay'ımız için, Hataylı hemşehrilerimiz için sağlam ve güvenli köy evlerimizi en kısa sürede tamamlayıp teslim edeceğiz.” dedi.

Çevre, Şehircilik ve İklim Değişikliği Bakanlığı’nca Kahramanmaraş merkezli depremlerden büyük hasar gören Hatay’da, yaraların sarılması için gece gündüz aralıksız çalışılıyor. Çevre, Şehircilik ve İklim Değişikliği Bakanı Mehmet Özhaseki, “Depremden etkilenen 11 şehrimizi bir an evvel ayağa kaldırmak, boynumuzun borcudur. Medeniyetler şehri Hatay’ımızda da 220 bin 66 afet konutu, 34 bin 129 köy evi olmak üzere toplam 254 bin 195 konut üreteceğiz” ifadelerini kullandı.

İNŞAATLAR HIZLA YÜKSELİYOR

Bakan Mehmet Özhaseki, resmi sosyal medya hesabından yaptığı paylaşımlarda Hatay’da afetzede vatandaşların güvenli ve sağlam yuvalarına kavuşması için çalışmaların süratle devam ettiğini belirtti. Özhaseki, “Depremden etkilenen 11 şehrimizi bir an evvel ayağa kaldırmak boynumuzun borcudur. Medeniyetler şehri Hatay’ımızda da konut ve köy evlerimiz hızla yükseliyor. Şehrimizde; 220 bin 66 afet konutu, 34 bin 129 köy evi olmak üzere toplam 254 bin 195 konut üreteceğiz. Afet konutlarımızdan, 32 bin 715 konutumuzun ihalesini gerçekleştirdik. 30 bin 88 konut ile 48 dükkânın yapımını sürdürüyoruz. Afetzede kardeşlerimize söz verdiğimiz üzere evlerini en kısa sürede teslim edeceğiz.” ifadelerini kullandı.

EN KISA SÜREDE TESLİM EDİLECEK

Özhaseki, Hatay’da yapımı devam eden köy evlerine ilişkin bilgiler de paylaşarak, “Hatay'ımızı eski günlerine tekrar kavuşturacağız. Hatay'da yöresel mimariye uygun köy evlerimizin yapımını aralıksız sürdürüyoruz. Toplamda 34 bin 129 köy evimizi sosyal donatı alanlarıyla birlikte inşa edeceğiz. İl genelinde 244 köyümüzde ihale sürecini tamamladık. 6 bin 847 köy evi ile 947 ahırın yapımına başladık. Hatay'ımız için, Hataylı hemşehrilerimiz için sağlam ve güvenli köy evlerimizi en kısa sürede tamamlayıp teslim edeceğiz.” değerlendirmesini yaptı.

HATAY’DA 32 BİN 715 KONUTUN İHALESİ YAPILDI

Deprem bölgesinde inşa ve ihya çalışmalarına aralıksız devam eden Toplu Konut İdaresi Başkanlığı (TOKİ) tarafından, Hatay’a fay kırıklığına uzak bölgelerde toplamda 220 bin 66 kalıcı konut inşa edilecek. Bölgede 32 bin 715 konut ihale edilerek 30 bin 88 konut ve 48 dükkânın yer teslimi yapıldı. Fay kırıklığı ve zeminde sıvılaşmanın olmadığı bölgelerde konutlar radye temel ve tünel kalıp sistemiyle inşa ediliyor. İnşaatları hızla yükselen kalıcı afet konutlar, 3+1 ve 2+1 daireler şeklinde üretiliyor.

SOSYAL DONATILARIYLA 34 BİN 129 KÖY EVİ YAPILACAK

Hatay’da kent merkezlerinin yanı sıra depremde zarar gören köylerde de çalışmalar yoğun şekilde sürüyor. Çevre, Şehircilik ve İklim Değişikliği Bakanlığı Yapı işleri Genel Müdürlüğü tarafından Hatay'da 34 bin 129 köy evi inşa edilecek. Hatay’ın 244 köyünde ihale süreci tamamlanırken, 6 bin 847 köy evi, 947 ahırın yapım sürecine başlandı. Köy konutları, 11 tip olarak yöresel mimariye uygun, ibadethanesiyle, sosyal alanlarıyla, donatısıyla, verandasıyla tasarlandı. Tüm Köy konutları en kısa sürede tamamlanarak, hak sahiplerine teslim edilecek."
csb_0552,CSB,bakanlık,kahramanmaras,4_local_campaign,2024-02-24,"ÇEVRE, ŞEHİRCİLİK VE İKLİM DEĞİŞİKLİĞİ BAKANI MEHMET ÖZHASEKİ’DEN CUMHUR İTTİFAKI VURGUSU: “BİZİM İTTİFAKIMIZ YERLİ VE MİLLİ BİR İTTİFAK”

Çevre, Şehircilik ve İklim Değişikliği Bakanı Mehmet Özhaseki, 2023 yılı Cumhurbaşkanlığı seçimlerini hatırlatarak, “Geçen seçimlere giderken 2 tane ittifak çıktı. Bizim ittifakımız belli, MHP ile beraber, BBP de destek verdi. Yerli ve milli bir ittifak. Bu ülkenin değerlerine saygılı bir ittifak. Bir de karşımızda bir ittifak vardı. Altılıydı. Sonra bulduğu herkese bir şeyler vermeye başladılar. ‘Yüzünden nur akıyor’ diye iltifatlar etmediniz mi? ‘Bizim liderimiz Kemal Bey kadar demokrat, hoşgörülü adam yok’ diye nutuklar atmadınız mı? Kazanamayınca itiraflar başladı; ‘Hele ki kazanamadık ya. Çok şükür. Ben zaten oy vermedim bunlara.’ Milleti niye kandırdınız? Elhamdülillah biz ‘Cumhur İttifakı'na sadık olarak ilerliyoruz.” dedi.

Çevre, Şehircilik ve İklim Değişikliği Bakanı Mehmet Özhaseki, memleketi Kayseri’de Büyükşehir Belediyesi ev sahipliğinde düzenlenen programda sanayici ve iş insanları ile bir araya geldi. Sanayide Yeşil Dönüşüm başta olmak üzere, AK Parti iktidarında yapılan yatırımlar ve geliştirecek projelerin görüşüldüğü programda, bir konuşma yapan Bakan Özhaseki, Türkiye’nin son yıllarda diplomasi alanındaki gücüne dikkat çekti. “Allah devletimize zeval vermesin.” diyen Bakan Özhaseki, “Güçlü bir devletimiz var. Kendimize inanalım, güvenelim. Emin olun. Tüm dünyada hatırı sayılan bir devletimiz ve idaremiz var. Artık üzerinde plan yapılan bir ülke değiliz. Dışarıdan sözlerle, emirlerle, üç kuruş borç vererek zapturapt altına alınacak bir ülke değiliz. Oyun kurucular arasındayız. Oyun kurmak isteyenler gözümüze bakıyorlar.” diye konuştu.

“BU DÖNEM ÖNEM VERDİĞİMİZ İKİ KONU VAR”

Bakan Mehmet Özhaseki, bu dönemde önem verdikleri iki önemli konu olduğunu belirtti. Birisinin 6 Şubat 2023 tarihinde gerçekleşen Kahramanmaraş merkezli depremler, diğerinin ise İstanbul’un dönüşümü olduğuna dikkat çeken Bakan Özhaseki, “İstanbul gibi göz bebeğimiz, neredeyse bizim mali ve her türlü finansal yükümüzün yüzde 50’sinin kaldırıldığı, Marmara havzasındaki 20 milyon kadar insanın yaşadığı bir ortamda olabilecek olan depremin hazırlıkları, en az Kahramanmaraş merkezli deprem kadar bizi meşgul ediyor. Çok şükür bunların altından kalkabiliyoruz. Bunlarla ilgili ciddi çalışmalar yapabiliyoruz.” dedi.

“SENE SONUNA KADAR 200 BİN KONUT BİTMİŞ OLACAK”

6 Şubat’ta meydana gelen depremlerin ardından devletin tüm imkanlarıyla depremzedelerin evlerine kavuşması için çalıştıklarını kaydeden Bakan Özhaseki, “Çok şükür devletimiz bu işin altından kalkıyor. 307 bin konutumuzun inşası hızla devam ediyor. Sayın Cumhurbaşkanımız Recep Tayyip Erdoğan’ın da katıldığı bazı törenlerle 46 bin konutu dağıttık. Önümüzdeki mart ayı sonuna kadar 75 bin konutu dağıtmış olacağız. Sonra da her ay 10 bin, 15 bin konut dağıtmaya devam edeceğiz. Sene sonuna kadar 200 bin konutun teslimi bitmiş olacak. Ondan sonraki senenin ortasına kadar da başladığımız 300 binden fazla daireyi de teslim edeceğiz. İnşallah gelecek senenin sonunda orada hayat normale dönecek, herkes yeniden işinde, gücünde sevdiği şehrinde yaşamaya devam edecek.” şeklinde konuştu.

“’950 ŞANTİYEYİ GÖSTERECEĞİM’ DİYORUM, FAKAT SES GELMİYOR”

Muhalefetin iddialarına da değinen Bakan Mehmet Özhaseki, “110 bin kişilik bir ekip, 950 şantiyede gece-gündüz demeden çalışmaya devam ediyor. Bu arada dışarıda bir şeyler söylüyorlar, ‘Kime verdiniz evleri?’ diyorlar. Muhalefetin genel başkanı çıkmış, ‘20 tane ev verdiler’ diyor. Ne diyelim ki, Allah ıslah etsin diyoruz. ‘Gerçekten bu hummalı çalışmayı görmek isterseniz, ne olur bir telefon edin yanınıza düşüp ben gezdireceğim. 950 şantiyeyi göstereceğim.’ diyorum. Fakat ses gelmiyor.” diye konuştu.

“MİLETİ NİYE KANDIRDINIZ?”

2023 yılı Cumhurbaşkanlığı Genel Seçimlerini hatırlatan Bakan Özhaseki “Geçen seçimlere giderken siz de gördünüz. 2 tane ittifak çıktı. Bizim ittifakımız belli, MHP ile beraber. BBP de destek verdi. Yerli ve milli bir ittifak. Bu ülkenin değerlerine saygılı bir ittifak. Allah, Cumhurbaşkanımıza da Devlet Beye de uzun ömürler versin. Müthiş bir dayanışma içerisinde gidiyorlar. Olaylara, vatanın bütünlüğü açısından bakıyorlar. Türkiye'nin birliği, dirliği olarak bakıyorlar. Ufak tefek meselelere hiç aldırış ettikleri yok ve çok şükür çalışarak, gayret ederek yol alıyoruz. Bir de karşımızda bir ittifak vardı. Altılıydı. İki belediye başkanını taktılar, sanki çok başarılı bir adamlarmış gibi. Sonra bulduğu herkese bir şeyler vermeye başladılar. Bir adam çıktı yüzde 1-2 oyu var. Ona İçişlerini, MİT’i vermişler el altından. Kazanamayınca itiraflar başladı; ‘Hele ki kazanamadık ya, çok şükür. Ben zaten oy vermedim bunlara.’ ‘Yüzünden nur akıyor’ diye nutuklar atmadınız mı? ‘Bizim liderimiz Kemal Bey kadar demokrat, hoşgörülü adam yok’ diye nutuklar atmadınız mı? Oraya çalışmadınız mı? Buraya oy verin demediniz mi? Tamam da milleti niye kandırdınız? Elhamdülillah biz, Cumhur İttifakı'na sadık olarak devam ediyoruz.” şeklinde konuştu.

SANAYİCİLERE ‘YEŞİL SERTİFİKA’ UYARISI

Konuşmasının devamında Bakan Özhaseki, dünyanın büyük bir tehlikeyle karşı karşıya olduğunu kaydederek sanayicileri karbon ayak izi konusunda uyardı. Bakan Özhaseki, şunları söyledi:

“1 Ocak 2026'da sınırda karbon emisyon kontrolü başlayacak. Yurt dışına ‘nokta’ kadar dahi bir şey satsanız sınırda kontrol edilecek. Eğer Avrupa'ya bir mal satacaksanız o ürünü nasıl ürettiğini soracaklar. Kirletmeden ürettin mi üretmedin mi? Yeşil sertifikan var mı, yok mu? Emisyon ticaret hacmi tarafından belki belirli bedeller ödenecek. Eğer çevreyi hiç düşünmeden imalat yapan arkadaşlar varsa onların işi çok zor. Onların bedeli daha yüksek olacak. Çevreyi dikkate alarak, çok az kirleterek üreten arkadaşların verecekleri bedel daha düşük olacak. O zaman bizim bu konulara bir gayret içerisinde olmamız lazım ki yarın bir gün ihracatımız tıkanmasın. Eğer isterseniz bu konuda teferruatlı bilgi vermek üzere İklim Değişikliği Başkanlığında ne kadar görevli arkadaşım varsa size göndereyim ve bizi bekleyen bu tehlikeyi tek tek anlatsınlar. Siz de buna göre kendi vaziyetinizi düzenleyin. Erkenden bu işe başlayalım, geleceğe hazırlanalım. Zamanın ruhunu okuyamazsak sınıfta kalırız.”"
kmaras_val_010,Kahramanmaraş Valiliği,valilik,kahramanmaras,1_post_quake,2023-04-23,"Cumhurbaşkanımız Sayın Recep Tayyip Erdoğan’ın teşrifleri ile Gaziantep Nurdağı'nda düzenlenen program kapsamında Türkoğlu İlçemiz Özbek Mahallesinde TOKİ Başkanlığı tarafından yapımı tamamlanan Köy Evlerinin anahtarları hak sahibi vatandaşlarımıza teslim edildi.
 
Törende yaptığı konuşmada bu yıl Ramazan ayının ve Ramazan Bayramı’nın, 6 Şubat depremlerinin yüreklerde açtığı yaraların ve evlerde sebep olduğu yıkımların gölgesi altında geçirildiğini kaydeden Cumhurbaşkanımız Sayın Recep Tayyip Erdoğan, “İnsanımızı güvenli binalara kavuşturmak için depremin 15’inci gününden itibaren temelleri atıp inşaatlara başladık. Yaptığımız tespitler doğrultusunda deprem bölgesinde, 507 bini konut ve 143 bini köy evi olmak üzere 650 bin yeni yuva yapıyoruz. Bunlardan 319 binini bir yıl içinde teslim ederek şehirlerimizi ayağa kaldırmayı planlıyoruz.” diye konuştu.
 
Sayın Cumhurbaşkanımızın Nurdağı programına canlı bağlantı ile katılan Tarım ve Orman Bakanımız Sayın Vahit Kirişçi, Valimiz Ömer Faruk Coşkun, 64. Hükümet Kültür ve Turizm Bakanı Kahramanmaraş Milletvekili Mahir Ünal, Çevre Şehircilik ve İklim Değişikliği Bakan Yardımcısı Fatma Varank, Tarım ve Orman Bakan Yardımcısı Nihat Pakdil, Kahramanmaraş Milletvekillerimiz Celalettin Güvenç, M.Cihat Sezal, Habibe Öçal, Büyükşehir Belediye Başkanı Hayrettin Güngör, tamamlanan köy evlerinin anahtarlarını hak sahibi vatandaşlarımıza teslim etti.
 
Köy evleri anahtar teslim töreni sonrası Kahramanmaraş’a teşrif eden Cumhurbaşkanımız Sayın Recep Tayyip Erdoğan, Hanefi Mahçiçek Stadyumu alanına kurulan Baykar Konteyner Kenti'ni ziyaret etti.
 
Depremzede vatandaşlarımızla bayramlaşan Cumhurbaşkanımız Sayın Recep Tayyip Erdoğan, burada yaptığı konuşmada, depremin ardından arama kurtarma faaliyetleriyle acil yardım ve geçici barınma ihtiyaçlarının karşılanmasıyla enkaz kaldırma ve kalıcı konutların inşasıyla geceli gündüzlü çalışma yürüttüklerini söyledi.
 
Çok geniş bir yıkım alanına ve ağır kayıplara rağmen bu yükün altında kalmadıklarını belirten Cumhurbaşkanımız Sayın Erdoğan, asrın felaketini, devlet ve millet olarak sergilenen asrın dayanışmasıyla göğüslediklerini ifade etti.
 
Cumhurbaşkanımız Sayın Recep Tayyip Erdoğan, şu anda yaklaşık 3,5 milyon kişiyi, geçici barınma merkezleri, kamu tesisleri ve yurtlarda misafir ettiklerini dile getirerek, deprem bölgesindeki şehirleri, 650 bin yeni konut ve köy evi yaparak ayağa kaldırmayı planladıklarını kaydetti.
 
Cumhurbaşkanı Erdoğan: ""Bundan sonraki her gün, her hafta, her ay bu şekilde devam edeceğiz. Önümüzdeki yılın bu vakitlerine kadar inşallah 319 bin konut ve köy evini depremzedelerimizin hizmetine sunmuş olacağız. Bizler buraya hem acıları paylaşmaya hem yaraları sarmaya geliyoruz. Yapılan her işi adım adım takip ediyor, sizlerin aktardığı ve kendi gördüğümüz aksaklıkları, eksiklikleri anında düzeltiyoruz."" dedi.
 
Cumhurbaşkanımız Sayın Recep Tayyip Erdoğan, Baykar Konteyner Kentindeki bayramlaşma programının ardından ilimizden uğurlandı."
csb_0174,CSB,bakanlık,hatay,2_pres_campaign,2023-05-02,"BAKAN KURUM ŞİLE AĞVA YOLU VE TOPLU AÇILIŞ TÖRENİ'NE KATILDI

Çevre, Şehircilik ve İklim Değişikliği Bakanı Murat Kurum, ""Bugün itibarıyla İstanbul’umuzda Yarısı Bizden kampanyamızda 448 bin bağımsız bölüm başvurusuna ulaştık. Bina bazında ise toplamda 83 bine ulaştık. Her bağımsız bölümde 4 vatandaşımızın oturduğunu hesap edersek 1,8 milyon kardeşimizin yeni yuvası için adım attığını görüyoruz."" dedi.

Çevre, Şehircilik ve İklim Değişikliği Bakanı Murat Kurum,, Şile Ağva Yolu ve Toplu Açılış Töreni'nde, Şile Ağva Yolu, atık getirme merkezi, konut teslimi, cadde güzelleştirme ile gençlik ve kültür merkezine kadar pek çok projenin açılışı için ilçeye geldiklerini anlattı.

Bakan Kurum, Türkiye'de kentsel dönüşüme çok önem verdiklerini, İstanbul'da da 1,5 milyon konutluk büyük dönüşüme hazırlandıklarını belirterek, şunları söyledi:

""500 bini Anadolu, 500 bini Avrupa Yakası'nda olmak üzere iki rezerv alan belirledik. Kalan 500 bin konutu da yerinde dönüştürüp, İstanbul'daki riskli 1,5 milyon yapıyı yenileyeceğiz, yavrularımızın istikbalini yenileyeceğiz. Şu anda başvuru sayısı kaça ulaştı, biliyor musunuz? Bugün itibarıyla İstanbul'umuzda 448 bin bağımsız bölüm başvurusuna ulaştık. Bina bazında ise toplamda 83 bine ulaştık. Her bağımsız bölümde 4 vatandaşımızın oturduğunu hesap edersek 1,8 milyon kardeşimizin yeni yuvası için adım attığını görüyoruz.""

Şile'ye müjde vermek için geldikleri kaydeden Bakan Kurum, bugün ilçenin en çok beklediği, ihtiyacı olan 1. Sınıf Atık Getirme Merkezi'ni hizmete aldıklarını, İller Bankası'nın desteğinde belediyeyle yapılan bu projenin Şile'nin daha temiz ve daha sağlıklı olmasına katkı sağlayacağını kaydetti.

Bakan Kurum, Ahmetli 3. Etap'ta inşaatı süren konutların olduğuna değinerek, ""112 konutumuz alt ve üstyapısıyla, çevre düzenlemesiyle, sosyal donatısıyla hazır. İnşallah haziran ayı içerisinde, yani bir ay içerisinde teslim edeceğiz."" dedi.

Yatırım bedeli 8 milyar olan Şile Ağva Yolu açıldı

Açılışı yapılan Şile Ağva Yolu'nun İstanbul, Ankara ve Kocaeli güzergahında trafiği rahatlatan bir yol olduğunu, Şile, Ağva ve Kandıra'yı birbirine bağladığını ifade eden Bakan Kurum, toplam yatırım bedeli 8 milyar lira olan bu projeyle birlikte Şile'nin daha da güzelleşeceğini ve güçleneceğini dile getirdi.

Bakan Kurum, projede emeği geçen Ulaştırma Bakanlığı ile Karayolları Genel Müdürlüğüne teşekkür ederek, ""İlçemizin sokakları güzelleşsin, Şile'nin güzel insanları o sokaklarda gezsin diye Yakuplu Caddesi'ndeki prestij yolunu düzenledik. Buradan gelenler, Şile'nin ne kadar güzel bir ilçe olduğuna bir kere daha şahitlik edecek. Şile'nin bütün sokaklarını güzelleştireceğiz."" değerlendirmesini yaptı.

Gençleri unutmadıklarını, kütüphaneleri ile konferans salonları olan Ağva Gençlik ve Kültür Merkezi'ni Şile'ye kazandırdıklarını vurgulayan Bakan Kurum, en önemsediği projelerden birinin Şile sahili olduğunu anlattı.

Bu sahilin tam olarak hizmet veremediğini aktaran Bakan Kurum, ""Hafta sonu yüz binlerce misafirimiz, geliyor, biz misafirlere hizmet veremiyoruz' dedik. 'Esnafımız burada daha iyi şartlarda hizmet verebilir' dedik. 'TOKİ Başkanlığımızla Ayazma Kumbaba Millet Bahçesi'ni yapalım' dedik. Bugün ilk etabını açıyoruz."" dedi.

Bakan Kurum, çalışmaları süren Şile bezi atölye çalışmalarının 2 ay sonra hizmete sunulacağını, ilçenin ekonomisine katkı sağlayacağını belirtti.

Şile'de 56 konutluk ""örnek köy"" projesine başladıklarını, Şile Hükümet Konağı'nın bu yıl içerisinde tamamlanacağını söyleyen Bakan Kurum, ""Bucaklı Mahalle'mizdeki 129 konutumuz ve 1 camii inşaatımız da devam ediyor. İnşallah yıl bitmeden sizlere teslim edeceğiz. Son olarak bir müjdeyi paylaşmak istiyorum. Projelendirme çalışmalarımız başladı. 'Güzel bir mesire alanı yapalım, vatandaşlarımız vakit geçirsin' dedik. İnşallah Şile’mize, sizlere bir millet bahçesi daha kazandıracağız."" ifadelerini kullandı.

Bakan Kurum, kendilerini arayanların Adıyaman, Gaziantep, Kahramanmaraş, Hatay, İstanbul, İzmir, Antalya, Muğla ve Karadeniz'de yaşanan afetlerden sonra yaptıkları hizmetlerde kendilerini bulacaklarını kaydetti.

Bakan Kurum, kendileri arayanların baretlerini takmış, çizmelerini giymiş, milletin yuvalarını yaparken kendilerini bulacaklarını ifade ederek, ""Bizi arayanlar, 'Bu ülkeye diz çöktüremeyeceksiniz, vatanımızı asla bölemeyeceksiniz, devletimizi yıkamayacaksınız' diyen liderimiz, Cumhurbaşkanımız Recep Tayyip Erdoğan’ın yanında bulurlar."" diye konuştu.

Açılış öncesi 1. Sınıf Atık Getirme Merkezi'ni ziyaret eden Bakan Kurum, çocuklarla sohbet ederek, oyuncak dağıttı. Tesis hakkında bilgi alan Kurum, basketbol da oynadı.

Bakan Kurum, tesis ziyaretinin ardından Çamlık fide dağıtımı programına katıldı.

Açılış sonrasında Üsküdar Caddesi'ne geçen Bakan Murat Kurum, burada esnafı ziyaret etti. Onlarla sohbet edip taleplerini dinleyen Kurum, vatandaşlara dondurma ikram ederek, karanfil dağıttı."
csb_0726,CSB,bakanlık,adiyaman,5_post_local,2024-07-12,"BAKAN MURAT KURUM, ADIYAMAN KOORDİNASYON TOPLANTISI’NDA KONUŞTU: “İNSANIN YARASI NEREDEYSE KALBİ ORADA ATARMIŞ. VATANDAŞLARIMIZIN KALBİ 11 İLDEKİ 14 MİLYON VATANDAŞIMIZ İÇİN ATTI”

Çevre, Şehircilik ve İklim Değişikliği Bakanı Murat Kurum, 6 Şubat depremlerinde örnek bir mücadele verdiklerini kaydederek, “Tüm dünya gıptayla izledi. İnsanın yarası neredeyse kalbi orada atarmış. 85 milyonun kalbi 11 ildeki 14 milyon vatandaşımız için attı.” dedi. Her işi siyaset üstü bir bakışla yaptıklarını belirten Bakan Kurum, “Deprem bölgesinde ihtiyaç neyse bu işleri hızlı bir şekilde yapacağız. Devletimizin kudreti, milletimizin desteği ve duasıyla biz deprem bölgemizi, Adıyaman'ımızı en hızlı bir şekilde ayağa kaldıracağız. Asrın felaketini biz yaşadık, asrın kalkınmasını da hep birlikte gerçekleştireceğiz.” diye konuştu.

Çevre, Şehircilik ve İklim Değişikliği Bakanı Murat Kurum, depremden en çok etkilenen illerden biri olan Adıyaman’da, Koordinasyon Toplantısı’na katıldı. Vali, belediye başkanları, STK’lar, siyasi parti temsilcileri ile istişarelerde bulunan Bakan Kurum, konuşmasında 6 Şubat’ta bölgede olduklarını ve ele ele vererek, bir seferberlik şuuruyla çalışmaları başlattıklarını söyledi. Örnek bir mücadele verdiklerini kaydeden Bakan Kurum, “Tüm dünya gıptayla izledi. İnsanın yarası neredeyse kalbi orada atarmış. Vatandaşlarımızın kalbi 11 ildeki 14 milyon vatandaşımız için attı. 85 milyonun kalbi Adıyaman'ımıza, Hatay'ımıza, Gaziantep'imize attı.” diye konuştu.

“HİÇBİR İLİMİZİ VE İLÇEMİZİ BİRBİRİNDEN AYIRMIYORUZ”

Cumhurbaşkanı Recep Tayyip Erdoğan’ın liderliğinde 22 yıldır millete ne söz verildiyse o sözleri tuttuklarını kaydeden Bakan Kurum, “Allah'ın izniyle vatandaşlarımızın destekleriyle bu sözleri tutmaya devam edeceğiz. Bizim sözümüz yerde kalmaz. Bölgemizin yarınlarına siyaset üstü bir anlayışla bakıyoruz. Ve burada depremin yaralarını sarmak, şehrin ihtiyaçlarını gidermek için de kimseyi, hiçbir ilimizi ve ilçemizi birbirinden ayırmıyoruz, ayırmayacağız.” ifadelerini kullandı.

“2025 YILI İÇERİSİNDE EVİNE GİRMEYEN TEK BİR ADIYAMANLI KARDEŞİMİZ KALMASIN İSTİYORUZ”

Bakan Murat Kurum, 21’inci yüzyılın en büyük konut ve deprem dönüşümünün gerçekleştiğini vurgulayarak, “İndere bölgesinde 60-70 bin Adıyamanlı kardeşimiz için modern bir ‘uydu kent’ kuruyoruz. Bir yandan yerin üstünde dönüşümler yapıyoruz, bir taraftan da şehrin altyapısını yenileyecek adımları atıyoruz. 2025 yılı içerisinde evine girmeyen tek bir Adıyamanlı kardeşimiz kalmasın istiyoruz.” dedi.

“VATANDAŞLARIMIZIN GÖRÜŞLERİ VE ŞEHRİN İHTİYAÇLARI DOĞRULTUSUNDA ÇALIŞACAĞIZ”

Adıyaman’da sürdürülen inşa ve ihya çalışmalarını detaylandıran Bakan Kurum, “Şehir içinde 8, Kale tarafıyla beraber 9 rezerv alan belirlendi. Vatandaşlarımızın görüşleri ve şehrin ihtiyaçları doğrultusunda çalışacağız. İnşaatlarımızı tamamlıyoruz. Vatandaşımıza orayı daha güzel haliyle sunmayı hedefliyoruz. Mara-Musalla Mahallelerimiz için de son ihalemizi bu ay sonunda yapmış olacağız. Meydan Projemizle, müzemizle ve okulumuzla, Adıyaman’a huzur katacak bir proje kazandıracağız. Böylece buralar, Adıyaman’a gelen herkesin uğrak noktası olacak.” şeklinde konuştu.

“ADIYAMAN'IMIZI EN HIZLI BİR ŞEKİLDE AYAĞA KALDIRACAĞIZ”

Adıyaman’ın tarihi sembollerinden Tuz Hanı ile ilgili de açıklama yapan Bakan Kurum, şunları söyledi:“Burada restorasyon yapıp Tuz Hanı’nı ayağa kaldırmak istiyoruz. Ayrıca Cendere Köprüsü etrafında da bir rekreasyon alanı yapacağız. Güzel bir mesire alanını Adıyaman’a kazandıracağız. Her şeyi, siyaset üstü bir bakışla belediyemiz, STK’larımız, milletvekillerimiz ve Adıyamanlı kardeşlerimizle yapacağız. İhtiyaç neyse, yapılması gereken neyse bu işleri hızlı bir şekilde yapacağız. Devletimizin kudreti, milletimizin desteği ve duasıyla biz deprem bölgemizi, Adıyaman'ımızı en hızlı bir şekilde inşallah ayağa kaldıracağız. Asrın felaketini biz yaşadık, asrın kalkınmasını da hep birlikte gerçekleştireceğiz.”"
tccb_332,TCCB,cumhurbaskanligi,hatay,5_post_local,2024-10-28,"Aziz Milletim, Değerli Basın Mensupları, Sizleri en kalbi duygularımla, hürmetle, muhabbetle selamlıyorum. Ülkemizin ve dünyanın dört bir yanında ekranları başında bizleri takip eden vatandaşlarıma selam ve sevgilerimi gönderiyorum. Milletimizle birlikte sevinen, milletimizle birlikte üzülen, derdimizi kendi derdi, başarımızı kendi başarıları olarak gören gönül coğrafyamızdaki tüm kardeşlerime, tüm Türkiye sevdalılarına buradan selamlarımı iletiyorum. Milletimizin Kızılelma’sına dönüşen Türkiye yüzyılının inşası yolunda azim ve sabırla ilerliyoruz. 85 milyonun refahı, huzuru, mutlu ve müreffeh geleceğinin önünde hiçbir engel tanımıyoruz. İhanetlerin, sabotajların, alçak ve kalleş saldırıların irademizi örselemesine, bizi hedeflerimizden alı koymasına müsaade etmiyoruz. Bugünkü Kabine Toplantımızda yine çok geniş bir yelpazede ülkemizin ve bölgemizin gündemindeki meseleleri ele aldık, Güvenlikten terörle mücadeleye, ulaştırmadan dış politikaya, her konuda Kabine üyelerimizle kapsamlı değerlendirmelerde bulunduk. Meydanlarda aziz milletimize verdiğimiz sözleri yerine getirmek, ülkemizi menzili maksuduna ulaştırmak için tüm gücümüzle çalışıyoruz. 18 Ekim’de İstanbul’da gerçekleştirilen 3+3 Bölgesel İş Birliği Platformu kapsamında Azerbaycan, Ermenistan, İran ve Rusya Federasyonu dışişleri bakanlarını ülkemizde misafir ettik. Bölgesel sahiplenme anlayışımızın en somut örneklerinden olan platformun önemli bir ihtiyacı giderdiğini müşahede ediyoruz. Önümüzdeki dönemde bu mekanizmayı kurumsal bir yapıya kavuşturmak arzusundayız. Kırk dört gün süren vatan muhaberesi sonrasında Karabağ’da 30 yıllık işgalin sona ermesiyle birlikte Güney Kafkasya’da kalıcı barışa yönelik eşsiz bir fırsat yakalandı. Bir dönem acıyla, işgalle, çatışmalarla anılan bu coğrafyada şimdi barış rüzgârları esiyor. Can Azerbaycan ve Ermenistan’ın bu doğrultuda gösterdikleri samimi çabaları yakından takip ediyoruz. Temennimiz, süreci sabote etmeye çalışan odaklara fırsat verilmeden müjdeli, güzel ve hayırlı haberleri bir önce almaktır. Türkiye olarak Azerbaycanlı kardeşlerimizle koordinasyon içinde inşallah kalıcı barış için çalışmaya devam edeceğiz. Bu yıl 61. Kuruluş Yıl Dönümünü kutlayan Türkiye Metal Sanayicileri Sendikası’nın 51. Genel Kurulu’nda iş dünyamızla bir araya geldik. İş dünyamızın ekonomi politikamıza desteğinin sürdüğünü görmek bizleri ayrıca mütehassis etti, inancımızı daha da perçinledi. Küresel ekonomideki tüm belirsizliklere, bölgemizde artan çatışmalara ve gerilimlere, gelecekle ilgili çizilen kötümser senaryolara rağmen ekonomimizin temel göstergelerindeki iyileşme kesintisiz bir şekilde devam ediyor. Merkez Bankamızın rezervlerinden ihracata, turist sayısından istihdama kadar her alanda gözle görünür artış söz konusu. Avrupa ve Amerika dahil tüm dünya ile birlikte ülkemizin de baş ağrısı olan enflasyonda düşüş başladı. Fahiş fiyat köpüğü belli başlı sektörlerde ortadan kalktı ve kalkıyor, inşallah bunun devam gelecek. Vatandaşımızın helal lokmasına göz dikenlere kesinlikle göz açtırmayacağız. Etiket oyunlarıyla, fısıltı gazetesiyle, piyasa manipülasyonuyla ceplerini doldurmaya çalışanların tepesine bindik, biniyoruz ve bineceğiz. Kıymetli Arkadaşlar, Burada bir hususu açık ve net ifade etmek durumundayım. Türkiye’de maalesef enflasyondan nemalanan bir kesim var. Bunlar üretmeden, ter dökmeden, riske girmeden konforlu bir alanda paralarına para katmaya alışmışlar. Biz göreve geldikten sonra özellikle enflasyonu tek haneli rakamlara indirerek, yıllarca bunların istismar zeminini ellerinden aldık. Koronavirüs salgını döneminde tüm dünyada son 60-70 yılın zirvesine çıkan enflasyon oranları herkes gibi bizi de menfi etkiledi, gelişmiş ülkelerle birlikte Türk ekonomisinde de dengeleri sarstı. Salgının yanı sıra, biz bir de doğrudan ekonomimizi hedef alan saldırılara maruz kaldık. Tüm bunların üzerine asrın felaketi olarak nitelenen 6 Şubat depremlerini yaşadık. Ardı ardına gerçekleşen 3 seçim, salgının ve depremin etkilerini daha sert hissetmemize sebep oldu. Rusya-Ukrayna arasındaki savaştan ülkemizi uzak da tutsak ekonomik yansımalarından tamamen uzakta tutamadık. Bu tablo, üzülerek söylüyorum, enflasyonu fırsata tahvil eden rantçıların ellerini ovuşturmalarına yol açmıştır. Şu gerçeği sadece iş dünyamızın, sadece ihtisas alanı ekonomi olanların değil, milletimizin de fark ettiğine inanıyorum: Merkez Bankamızın rezervi arttıkça bunların eleştirilerinin dozu da arttı. Enflasyonun düşüş eğilimi hızlandıkça bunların rahatsızlığa da ayyuka çıkmaya başladı. Türkiye kazandıkça bunlar kaybettiği için tetikçileri vasıtasıyla hemen taarruza geçtiler, yalan, yanlış ve manipülatif haberlerle milletimizin moralini bozmaya, piyasaya ve iş dünyasına karamsarlık yaymaya çalıştılar; bunları da yavaş yavaş püskürtüyoruz. Para babaları namına silahşörlük yapanların körüklediği olumsuz algının kırılmakta olduğunu görüyoruz. Şunu büyük bir memnuniyetle vurgulamak isterim: Milletimiz yaşadığı onca zorluğa, omuzladığı onca yüke rağmen bizi anlıyor, bize inanıyor, hükümetimize ve ekonomi politikamıza güveniyor; Allah’ın izniyle bu güveni boşa çıkarmayacağız. Bu aziz ve fedakâr millete hayal kırıklığı yaşatmamakta kararlıyız. İş çevrelerimizle, piyasa aktörleriyle ve ihracatçılarımızla yakın istişare içinde önümüzdeki süreci yöneteceğiz. Genel hedeflerimize sadık kalarak iş dünyamızdan gelen makul talepleri karşılamak görevimizdir. Üretimi, istihdamı, ihracatı, sürdürülebilir ve kaliteli büyümeyi önceleyen bir anlayışla insan odaklı bir yaklaşımla ekonomi politikamızı sürdüreceğiz. Değerli Basın Mensupları, Bu sene Türkiye’yle Almanya arasındaki Dostluk Anlaşması’nın 100. Yıl Dönümünü kutluyoruz. Cumhurbaşkanı Steinmeier’in Nisan ayındaki ziyaretinin ardından önceki hafta da Almanya Şansölyesi Olaf Scholz’u İstanbul’da ağırladık. İki kadim dosta ve NATO müttefikine yakışır şekilde Almanya’ya iş birliğimizi güçlendiriyoruz. 50 milyar dolara ulaşan ikili ticaretimizde hedefimiz 60 milyar dolar. Turizm, yatırım ve savunma sanayi başta olmak üzere potansiyelimizi en üst düzeyde kullanarak inşallah bu hedefi yakalayacağız. İsrail’in katliamları gibi konularda fikir ayrılığımız olsa da, Almanya ülkemizin Avrupa’daki en önemli ortağıdır, bu vasfını gelecekte de muhafaza edecektir. 19 Ekim Muhtarlar Günü vesilesiyle İstanbul’daki 950 muhtarımızın katılımıyla 54. Muhtarlar Buluşmamızı gerçekleştirdik. 2015 yılında ilk defa bizim başlattığımız bu gelenek sayesinde şimdiye kadar 41 binden fazla muhtar kardeşlerimizle aynı gönül sofrasının etrafında bir araya geldik, ülkemizin meselelerini istişare ettik. Muhtar aylıklarından sigorta primlerine, silah ruhsatı harcından diğer mali ve sosyal imkânlara, belediyelerde ihdas ettiğimiz muhtarlık işleri dairesi ve müdürlüklerine kadar pek çok başlıkta muhtar kardeşlerimizin yanında olduk. Uzun yıllar Anadolu insanı gibi muhtarlarımız da ülkemizde elitist zihniyetin kadrine uğramıştı. Muhtar bile olamaz manşeti bu zihniyetin küstahlığının, nobranlığının, millete tepeden bakan kibirli, üstenci tavrının sembolü olarak yıllarca hafızalara kazınmıştı. Muhtarlarımıza hak ettikleri değeri vererek bu mütekebbir anlayışı değişime zorladık. Bu vesileyle bir kez daha köylerine ve mahallelerine hizmet çabalarında tüm muhtar kardeşlerimize Allah’tan kolaylıklar diliyorum. Değerli Basın Mensupları, Türkiye’nin coğrafi konumuna, hedeflerine, beşeri, tarihi ve ticari bağlarına uygun şekilde 360 derecelik bir perspektifle dış politikamızı icra ediyoruz. Batı’yla ilişkilerimizi güçlendirirken, Doğu’ya sırtımızı dönmüyoruz. Başkalarının bize çizdiği istikamette değil, kendi çıkarlarımız doğrultusunda özgür irademizle adımlarımızı atıyoruz. Türkiye’nin çıkarı neredeyse oraya gidiyor, menfaati neyi gerektiriyorsa o yönde iş birliklerimizi geliştiriyoruz. Daha önce farklı vesilelerle söylemiştim, bugün önemine binaen bir kez daha tekrarlıyorum, bizim dış politikamızın ana omurgası Türkiye eksenidir. Türkiye’nin milli menfaatleri, güvenlik hassasiyetleri, ekonomik ve ticari çıkarları her şeyin üzerindedir, en temel önceliğimizdir. Bakınız, biz makas değiştirmiyoruz, bilakis Türkiye merkezli bir anlayışla değişen küresel sistemde hak ettiğimiz yeri almaya çalışıyoruz. Çok uluslu iş birliği platformlarıyla münasebetlerimizi farklı seviyelerde ilerletme çabalarımızın arka planında işte bu bakış açısı vardır. 2018 yılında Johannesburg’ta düzenlenen 10. BRICS Zirvesi’ne İslam İşbirliği Teşkilatı Dönem Başkanı sıfatıyla iştirak etmiştik. 22-24 Ekim tarihleri arasında Kazan’da düzenlenen son zirveye de Rusya Federasyonu Devlet Başkanı Sayın Putin’in davetine icabetle katıldık. Genişletilmiş Liderler Oturumunda ülkemizin bölgesel meselelerle ilgili vicdanlı ve ilkeli duruşunu muhataplarımıza anlatma fırsatı bulduk. Zirve marjında Rusya, Venezuela, Özbekistan, Vietnam ve Kongo liderleriyle ikili görüşmelerim oldu. Ayrıca zirveye katılan diğer devlet ve hükümet başkanlarıyla da bir araya geldik. BRICS platformunda yer alan ülkelerle ciddi iş birliği potansiyeline sahip olduğumuz kanaatindeyim. Sadece şu rakamlar bile BRICS’e mesafeli durulmaması gerektiğini gösteriyor: Dünya yüzölçümünün yüzde 30’nu, nüfusunun yüzde 45’ni kapsayan küresel petrol üretiminin yüzde 40’nı, mal ihracatının yüzde 25’ni, ticaretin 5’te 2’sini gerçekleştiren, global düzeyde ekonomik açıdan bir cazibe merkezi haline dönüşen, hasılı dünyanın en büyük ilk 10 ekonomisi arasında yer alan ülkemiz için önemli fırsatlar sunan BRICS’le ilişkilerimizi ilerletmenin her bakımdan Türkiye’nin faydasına olacağına inanıyoruz. Tekrar söylüyorum, ülkemizin BRICS’le gelişen münasebetleri mevcut angajmanlarımızın alternatifi asla değildir ve olamaz. Türkiye tüm bu platformlarda bir NATO müttefiki ve Avrupa Birliğine tam üyelik müzakereleri yürüten ülke kimliğiyle yer almaktadır. Millet olarak bin yıllardır hangi mecrada ilerliyorsak, bugün ve yarın da aynı çizgide istikbal yürüyüşümüzü devam ettireceğiz. Aziz Milletim, Tataristan’ın Başkenti Kazan’a ayak bastıktan hemen sonra TUSAŞ’ın Kahramankazan’daki yerleşkesine yapılan hain terör saldırısında beş vatan evladının şehit edildiğinin haberini aldık. Şehitlerimize bir kez daha Allah’tan rahmet, tedavileri süren yaralılarımıza acil şifalar diliyorum. Saldırının zamanlamasının ve seçilen hedefin tesadüf olmadığı açıktır. Bu kanlı ve kalleş terör eyleminin ülkemiz iç siyasetinde farklı bir iklimin filizlenmeye başladığı bir döneme tekabül etmesi ayrıca manidardır. Bölücü örgütün kimlesin maşası, kuklası, taşeronu olduğu son saldırıya bir kez daha kendini göstermiştir. Kandan beslenen terör baronlarının bölgemizde kendilerine yeni efendiler, uşaklığını yapacakları yeni sahipler aradıkları anlaşılıyor. Milletimizin de bu saldırıyla neyin amaçlandığını, nerelere sinyal verilmek istendiğini net olarak gördüğüne inanıyorum. Şunu bir defa açık açık belirtmek isterim: Türkiye Cumhuriyeti olarak bu alçak saldırıyla verilmek istenen mesajları buluşturup çöpe attık. Bizim terörden, eli kanlı canilerden, mankurtlaşmış maşalardan ve onları kullanan patronlarından alacağımız bir mesaj da zaten olamaz. Bu terör eylemi çok net söylüyorum, paniğin, telaşın, tükenmişliğin, çaresizliğin emaresidir. Nitekim hain saldırıya cevabımızı bölücü örgütün Suriye ve Irak’taki inlerini başlarına geçirerek kat kat misliyle verdik. Irak ve Suriye’nin kuzeyinde terör örgütüne ait 470’in üzerinde nokta hedef alınmıştır. Aralarında sorumlu düzeyde canilerin de bulunduğu toplam 213 terörist etkisiz hale getirilmiştir. Milletimiz ve şehit ailelerimiz şundan emin olsun: Türk Silahlı Kuvvetlerimiz ve Milli İstihbarat Teşkilatımız şehitlerimizin kanını yerde bırakmamıştır. Emniyet ve adli birimlerimiz de teröristlerin tüm bağlantılarını ortaya çıkarmak için kapsamlı soruşturma yürütmektedir. Terörü kaynağında kurutma stratejimizden geri bir adım dahi asla atmayacağız. Teröristlere yönelik operasyonlarımızı titizlikle devam ettirirken, terörsüz Türkiye hedefimizden de kesinlikle kopmayacağız. Türkiye, 40 yıldır başına musallat edilen bu beladan mutlaka kurtulacaktır. Terör sizlerin de iyi bildiği gibi yıllarca ülkemizde siyaseti yönlendirmek için bir aparat olarak kullanılmıştır. Ne zaman siyasette diyalog zemini güçlense, ne zaman toplumda kutuplaşma azalsa, ne zaman sıkılı yumruklar açılsa terör hemen devreye girmiştir. Buna geçmişte defalarca şahit olduk, aynı senaryonun tekrar sahnelenmesine seyirci kalmayacağız. Terör baronları Türk siyasetini dizayn edemeyecekler. 85 milyonun arasına nifak duvarları öremeyecekler. Ülkemizi istikametinden saptıramayacaklar. Terör örgütlerini kumanda ederek ülkemizin gündemini yönlendirme ve belirleme peşinde koşanları da aynı şekilde hüsrana uğratacağız. Yurt içinde veya dışında Türkiye’ye hainlik eden, ihanet eden ve Türkiye düşmanlarıyla birlikte hareket edenlerin akıbetleri berbat olacaktır. 15 Temmuz gecesi 252 kardeşimizi şehit eden FETÖ ihanet şebekesinin Pensilvanya’daki elebaşının ağababalarının kucağında haysiyetsizce ölümü herkese ibret olmalıdır. Kim adına olursa olsun, dili dualı bu millete kurşun sıkanlar, hainlik edenler, sırtından hançerleyenler, milletin evlatlarının kanını dökenler ne bu dünyada, ne de ebedi dünyada iflah olmayacak, her zaman lanetle anılacaklardır. Bu vesileyle 23 Ekim’deki terör saldırıları sonrasında ülkemizle güçlü dayanışma sergileyen tüm dost ve kardeş ülkelere, tüm devlet ve hükümet başkanlarına, uluslararası kuruluşların yetkililerine kalpten teşekkür ediyorum. Birleşmiş Milletler Güvenlik Konseyi’nin saldırıyı kınayan ve ülkemize taziye sunan açıklamasını da memnuniyetle not ettik. Ülkemizde muhalif, muvafık ayırmadan, siyasi partilerimizin teröre karşı tek ses, tek nefes olmasını da takdirle karşıladığımızı burada ifade ediyorum. Ancak faili apaçık ortada olan bir terör eylemini dahi kınamayanları veya failini gizleyerek kınamış gibi yapanları ise milletimize havale ediyorum. Değerli Basın Mensupları, İlki 2018 yılında düzenlenen SAHA EXPO 2024’te savunma sanayimizin gurur verici ürünlerini bizzat görme fırsatı bulduk. 150 binden fazla ziyaretçi, 300’ün üzerinde delegasyon, 150’den fazla alıcı delegasyonu, 120’ye aşkın ülkeden üst düzey katılım, 1.400’den fazla şirket iştirakıyla SAHA EXPO savunma sektöründe artık rüştünü ispatlamıştır. Ülkemizin dünyada iftihar kaynağı olan savunma sanayindeki atılımlarımızı kararlılıkla devam ettireceğiz. Her türlü zorluğa, engele ve ambargoya rağmen yılmadan azimle çalışan savunma sektörümüzün tüm kuruluşlarına, şirketlerine, mühendisinden işçisine tüm kardeşlerime ülkem ve milletim adına teşekkür ediyorum. Rabbim ayağınıza taş değdirmesin diyorum. Her fırsatta hatırlattığım üzere, deprem bölgemizin ayağa kaldırılması gündemimizin ilk sırasındaki yerini koruyor. Ne yaparsak yapalım bir elimiz ve gözümüz daima 6 Şubat depremlerinin etkilediği 11 ilimizdedir. Şu ana kadar 350 bin 430 konut ve işyerimizin ihalesini gerçekleştirdik. Bunlardan 18 bin 404’ü Hatay’da olmak üzere 101 bin 254 tanesini teslim ettik. Cumartesi günü 11 ilimizde toplam 29 bin 311 yuvamızın daha kuralarını çekerek vatandaşlarımıza teslim ettik. Böylece kurası çekilen konut sayısı 130 bin 560’a ulaştı. Bu yılın sonuna kadar 201 bin 688 ev ve işyerini daha teslim edeceğiz. 2025 yılı sonunda 452 bin 958 konut, işyeri ve ahırı teslim etmiş olacağız. Deprem bölgesinde evine girmeyen hiçbir hak sahibi bırakmayacağız. Hatay’da deprem konutlarının teslim töreninin yanı sıra İskenderun-Antakya otoyolunun da temel atmasını gerçekleştirdik. Otoyolumuz İskenderun’da başlayacak, Belen’e 850 metrelik bir tünelle geçip Bahçe Deresi Vadisi’ni takip ederek, Amanos dağlarını 8 bin 566 metrelik tünelle açtıktan sonra Amik Ovasına ulaşacaktır. Proje sayesinde zamandan 3 milyar lira, akaryakıttan 400 milyon lira olmak üzere yıllık toplam 3,4 milyar liralık tasarruf sağlayacağız. Yatırım tutarı 32,4 milyar lira olan İskenderun-Antakya otoyolunun şimdiden Hatay halkına ve bölgeye hayırlı olmasını diliyorum. Anahtarlarını teslim ettiğimiz konutlarımızın da afetzedelerimize hayırlı, uğurlu olmasını temenni ediyoruz. Allah ömür verdikçe, milletimiz de yanımızda sapasağlam durdukça inşallah 81 vilayetimizin tamamına aşkla hizmet etmeyi sürdüreceğiz. Son olarak Kültür ve Turizm Bakanlığımızı Türkiye’nin kültürel zenginliğini sergileyen Kültür Yolu Festivali dolayısıyla tebrik ediyorum. Bu yıl 16 şehirde yapılan Türkiye Kültür Yolu Festivali’ni içeriğine yönelik farklı görüşleri de dikkate alarak gelecek yıl 20 şehirde düzenlemeyi planlıyoruz. Festivalde görev alan, eserlerini sergileyen sanatçı ve zanaatkârlarımızı da ayrıca tebrik ediyor, çalışmalarında başarılar diliyorum. Bir diğer husus, 5 Ekim’de İstanbul Boğazı’ndan uğurladığımız Oruç Reis sismik araştırma gemimiz önceki gün görev yeri olan Somali’ye ulaştı. Oruç Reis gemimiz 6 ay boyunca yaklaşık 5 bin 750 kilometrekare 3 boyutlu sismik arama yapacak. Oruç Reis’in aramalarından inşallah müjdeli haberler alacağımıza inanıyorum. Bu duygularla toplantımızın hayırlara vesile olmasını diliyor, bir kez daha hepinize sevgilerimi, saygılarımı sunuyorum. Kalın sağlıcakla."
hatay_bld_0215,Hatay Belediye,belediye,hatay,4_local_campaign,2024-02-24,"ENKAZDAN KURTARDIĞIMIZ OSMANLI DÖNEMİ NADİR ESERLERİNİ TÜRK TARİH KURUMU’NA EMANET ETTİK

HBB HATAY’IN TARİHİNE IŞIK TUTACAK BİNLERCE ESERİ ENKAZ ALTINDAN KURTARDI

HBB DEPREMDE HAYATINI KAYBEDEN MEHMET TEKİN’İN BAĞIŞLADIĞI 3000 TELİFLİ ESERİ KURTARDI

“HATAY KENT ARŞİVİ” EXPO HBB YERLEŞKESİNDE KISMEN HAYATA GEÇİYOR

Hatay Büyükşehir Belediyesi olarak 2021 yılında kurduğumuz ve 6 Şubat depremlerinde ağır hasar alan Hatay Kent Arşivi’mizde bulunan binlerce eserin tamamına yakınını kurtardık.

Şehrin geçmişinin geleceğe taşınması amacı ve “Hatay’ın tarihi burada yazılır” sloganı ile kente kazandırdığımız Kent Arşivi binası, 6 Şubat depremlerinde ağır hasar aldı.

Hatay Kent Arşivi kütüphanemizde Osmanlı Dönemi’ndeki Hatay’a ait 120 bin adet belgenin dijital görüntüleri, Hatay’ın köklü ailelerinin mirası olan 250 adet Osmanlıca nadir kitap ve depremde vefat eden meşhur Hatay araştırmacısı Mehmet Tekin’in bağışladığı 3000 adet telifli eser bulunuyordu.

“Anadolu’nun ilk camisi olan Habib-i Neccar Cami’nin yanında yer alan tarihi Kuseyri Konağı’nda 2021 yılında hizmete başlayan arşivde yer alan tüm eserler ekiplerimizin hassas çalışmaları ile kurtarıldı.

HBB kültür yayınlarının da hazırlandığı binadan kurtarılan eserler ekiplerimizce tek tek paketlenerek muhafaza altına alındı.

Hatay’ın köklü ailelerinin mirası olan 250 adet Osmanlıca nadir kitap ile ilgili Hatay Büyükşehir Belediye Başkanımız Doç. Dr. Lütfü Savaş, Semiramis Kuseyri, Ferhan Kuseyri ve Aliye Kuşçu tarafından bağışlanan bu eserlerin gerekli yazışmalar yapılarak Türk Tarih Kurumu’nda muhafaza edilmesine karar verdi.

Birçok öğrenci ve akademisyenin faydalandığı kütüphanemiz EXPO HBB Yerleşkesi Hortikültür alanında kısmen hizmet vermeye başladı.

Haberin fotoğraflarını ve videosunu aşağıdaki linklerden indirebilirsiniz.

https://we.tl/t-sUIT2El022

https://we.tl/t-hUic52AOrY"
csb_0532,CSB,bakanlık,adiyaman,4_local_campaign,2024-02-08,"BAKAN MEHMET ÖZHASEKİ, ‘DEPREM KONUTLARI NEREDE?’ DİYE SORANLARA ADIYAMAN’DAN SESLENDİ: “EVLERİ GÖRMEK İSTİYORSANIZ GELİN, TEK TEK GÖSTEREYİM”

Çevre, Şehircilik ve İklim Değişikliği Bakanı Mehmet Özhaseki, deprem üzerinden algı operasyonu yapmaya çalışan muhalefetin, “Deprem konutları nerede?” sorusuna Adıyaman’dan cevap verdi. Bakan Özhaseki, “Deprem olmuş, insanlar ölmüş. Bunlar siyaset hesabı yapıyorlar. Sert zeminlerde inşaatlara başladığımızda yaygara çıkardılar, ‘Aceleniz ne?’ dediler. Aynı kişiler şimdi dönüp ‘Evler nerede, niye teslim etmiyorsunuz?’ diyorlar. Gerçekten görmek istiyorsanız, gelin, tek tek ben gezdirip göstereceğim size. O günlerde başladığımız için bugünlerde evleri teslim ediyoruz. Neredeyse bir sene içerisinde bu evleri bitirip bugün sizin huzurunuza, başımız dik olarak geliyoruz. Sizler evlerinizde huzurla oturuncaya kadar, sonra dönüp bize ‘Allah sizden razı olsun, hakkımız helal olsun’ deyinceye kadar buralardayız ve gitmeyeceğiz.” diye konuştu.

6 Şubat depremlerinin üzerinden geçen bir yılın ardından yapımı kısa sürede tamamlanan ilk 41 bin konut ve 5 bin köy evi, hak sahiplerine teslim edilmeye devam ediyor. Bugün Adıyaman’da Cumhurbaşkanı Recep Tayyip Erdoğan’ın teşrifleriyle, Çevre, Şehircilik ve İklim Değişikliği Bakanı Mehmet Özhaseki ve İçişleri Bakanı Ali Yerlikaya’nın katılımıyla gerçekleştirilen ‘Deprem Konutları Kura ve Anahtar Teslim Töreni’nde, TOKİ, Emlâk Konut ve Yapı İşleri eliyle yapılan 2 bin 798 kalıcı konut vatandaşlara teslim edildi.

Törende konuşan Bakan Mehmet Özhaseki, Cumhurbaşkanı Erdoğan’ın da katıldığı törenlerle 46 bin konutun dağıtımına devam ettiklerini söyledi. Önümüzdeki ay içerisinde 30 bin konutu daha dağıtacaklarını belirten Bakan Özhaseki, “Böylece 75 bin konut hak sahiplerine ulaşmış olacak. Adıyaman'ımızda da 39 bin hak sahibimiz var. Bugün dağıtacağımız konutlar ilk kura çekimi. İkincisi, üçüncüsü, dördüncüsü gelecek. Yaptığımız bu güzel konutlarda inşallah sizler de oturmaya devam edeceksiniz.” diye konuştu.

“DEPREM OLMUŞ, İNSANLAR ÖLMÜŞ BUNLAR SİYASET HESABI YAPIYORLAR”

Afetin ilk günlerinde muhalefetin deprem üzerinden siyaset yapmaya başladığını ifade eden Bakan Özhaseki, şunları söyledi:

“Depremin ilk günlerinde bazı muhalefetin ileri gelenleri, genel başkanları ve yardımcıları, birbirleriyle konuşurken; ‘bu deprem oldu. Siz merak etmeyin. Bu iktidar bunun altında kalacak’ demeye başladılar. Deprem olmuş, insanlar ölmüş. Bunlar siyaset hesabı yapıyorlar. En hızlı biçimde sert zeminleri bularak inşaata başladık. Hep birden yaygaraya başladılar. ‘Acelenize ne? Niye başlıyorsunuz? Kimi zengin edeceksiniz? Bekleyin biraz’ dediler. Aynı kişiler şimdi dönüp ‘Evler nerede? Niye teslim etmiyorsunuz?’ diyorlar. O günlerde başladığımız için bugünlerde evleri teslim ediyoruz. Neredeyse bir sene içerisinde bu evleri bitirip bugün sizin huzurunuza, başımız dik olarak geliyoruz. Geçenlerde bir Genel Başkan ‘Bu evler nerede?’ diyor. Allah insaf versin. Gerçekten görmek istiyorsanız, gelin, size tek tek ben gezdirip göstereceğim.”

“’HAKKIMIZ HELAL OLSUN’ DEYİNCEYE KADAR BURALARDAYIZ”

Muhalefetin ‘partililerinize ev veriyorsunuz’ iddiasına sert şekilde cevap veren Bakan Mehmet Özhaseki, “Dün yine çok üzüldüğümüz bir hadise, bir genel başkan, ‘partililerinize ev veriyorsunuz değil mi?’ diye soruyor. Yazık ya. Allah insaf versin size. Allah merhamet versin. Sizin içinizdeki hırs, kin, intikam duygusu bütün vücudunuzu kaplamış. Doğruları göremiyorsunuz. Görseniz de söyleyemiyorsunuz. 75 bin konut dağıtıyoruz. Bir tane akrabamızın evi yok. Bir tane tanıdığımızın evi yok. Hak sizlerin zaten. Sizin için buradayız ve sizin için bunları yapıyoruz. Allah bunlara insaf, merhamet versin. Sizler evlerinizde huzurla oturuncaya kadar, sonra dönüp bize ‘Allah sizden razı olsun, hakkımız helal olsun’ deyinceye kadar buralardayız ve gitmeyeceğiz.” ifadelerini kullandı."
kmaras_val_009,Kahramanmaraş Valiliği,valilik,kahramanmaras,1_post_quake,2023-04-23,"Valimiz Ömer Faruk Coşkun, 23 Nisan Ulusal Egemenlik ve Çocuk Bayramı münasebetiyle İl Millî Eğitim Müdürlüğümüz tarafından düzenlenen kutlama programına katıldı. 
 
Akabinde İl Milli Eğitim Müdürlüğü ile Kahramanmaraş Moral Destek Ekibi (KAMODES) iş birliğinde çocuklara yönelik gerçekleştirilen 23 Nisan Festivali’nde çocukların mutluluklarına ortak oldu.
 
Saygı duruşu ve İstiklal Marşımızın okunmasının ardından İl Millî Eğitim Müdürü Yusuf Kahraman, günün anlam ve önemini belirten konuşma yaptı.
 
Çeşitli etkinliklerin düzenlendiği programda stantları ziyaret ederek çocukların bayramını kutlayan Vali Coşkun ve protokol üyeleri, çocuklarla birlikte oyunlar oynayarak 23 Nisan sevincine ve eğlencelerine ortak oldu. 
 
Vali Coşkun, ayrıca Karacasu Konteyner Kentte Aile ve Sosyal Hizmetler İl Müdürlüğümüz koordinasyonunda 23 Nisan Ulusal Egemenlik ve Çocuk Bayramı münasebetiyle düzenlenen etkinliklerde de çocuklarımızla birlikte bayramın heyecanını yaşadı."
csb_0296,CSB,bakanlık,hatay,3_inter_election,2023-07-17,"BAKAN ÖZHASEKİ: ""YERİNDE DÖNÜŞÜM BAŞLADI. İLK GÜNDE BİNLERCE BAŞVURU YAPILDI""

Çevre, Şehircilik ve İklim Değişikliği Bakanlığı tarafından deprem bölgelerinde hayata geçirilen ""Yerinde Dönüşüm"" projesi başladı. Depremden etkilenen 11 ilde kendi inşaatını yapmak isteyen afetzedelere hibe ve kredi desteği sağlayacak proje kapsamında 5 ilin 22 noktasında açılan Yapım ve Dönüşüm ofislerine, ilk günde binlerce depremzede müracaat etti. Bakan Mehmet Özhaseki, “e-Devlet’ten son bir saatte bin 200 başvuru yapmış vatandaşlarımız. Allah razı olsun, bizlere güvenmişler.” dedi.

Çevre, Şehircilik ve İklim Değişikliği Bakanı Mehmet Özhaseki, ‘Yerinde Dönüşüm’ projesi kapsamında kurulan ‘Yerinde Dönüşüm’ ofisi açılışı ile 464 kentsel dönüşüm konutunun temel atma törenine katıldı. Hatay’da düzenlenen törende konuşan Özhaseki, deprem bölgesini yeniden ayağa kaldırmak için yapılan çalışmaları anlattı. Bakan Özhaseki, “850 bin civarında bağımsız birim yapılacak. Söylemesi çok kolay 850 bin bağımsız birim. Neredeyse 6 tane yeni şehir yapılacak demektir. Bunlar kolay iş değil” dedi.

BİRÇOK EVİ BİR SENE İÇİNDE BİTİRECEĞİZ

180 bin civarında inşaatın ihalesinin yapıldığını ve başlatılan inşaatların da hızla yükseldiğini belirten Özhaseki, “En kısa süre içerisinde bizler elbette ki bu hasarları kaldıracağız, yaraları saracağız, Allah izin verirse birçok evi de bir sene içerisinde bitireceğiz. Bundan kimsenin endişesi olmasın” ifadelerini kullandı.

“VATANDAŞLAR BİZE GÜVENMİŞ”

Depremde yıkılan 11 ilin hızla ayağı kaldırılması ve afetzedelerin en kısa sürede evlerine kavuşmalarını sağlamak için hayata geçirilen ‘Yerinde Dönüşüm’ projesine ilk günde yoğun başvuru yapıldığını ifade eden Bakan Mehmet Özhaseki, “e-Devlet’ten son bir saatte bin 200 başvuru yapmış vatandaşlarımız, Allah razı olsun. Bizlere güvenmişler.” dedi. Yerinde Dönüşüm projesinin detayları hakkında bilgiler veren Bakan Özhaseki sözlerini şöyle sürdürdü:

""Konutlarda 100 metrekare brüt için 500 bin lira hibe, 500 bin lira kredi. 100 metrekareden büyükse kredi miktarı 700 bin lira, 150 metrekareden de büyükse 800 bin liraya kadar kredi vermeye devam edeceğiz. İş yerleri için de 250 bin lira hibe ve 250 liradan başlamak üzere 500 bin liraya kadar kredi vermeye devam edeceğiz. Kredinin ödeme süresi ise, 2 senesi ödemesiz 10 sene sıfır faiz. Neredeyse ayda ortalama 3 bin lira gibi geri ödeme olacak.”

“SIFIR TOLERANSLA ÇALIŞACAĞIZ”

“4 tane kırmızı çizgimiz var. Fay kırıklarına ve fay hattı üzerine yapı yaptırmayacağız. Buralara mecburen yapı yasağı olacak. Zemin sıvılaşması olan yerler var, Hatay’da çok yok ama bazı yerlerde var. Dere yatakları varsa kesinlikle yapı yasağı olacak. İnşaat yapılırken tolerans olmayacak. Sıfır toleransla çalışacağız. Gerek mühendislik, gerek mimari gerekse yapım aşamasını sıfır toleransla yapmak zorundayız.”

“İŞLER BİTENE KADAR BURADAN AYRILMAYACAĞIZ”

“Bundan sonra sizler Yapı Dönüşüm ofislerimize gelerek istediğiniz soruyu sorabilirsiniz. Veya e-Devlet üzerinden, ALO 181 hattı üzerinden her türlü sorularınıza cevap bulabilirsiniz. Bir bakan yardımcısı arkadaşımızı özellikle Hatay’da birkaç ilimiz için görevlendirdik. Buralarda kalacak. İnşallah buradaki işler bitip sizler de Allah razı olsun deyinceye kadar buradan da ayrılmayacağız.”

“GÜVENCESİ DEVLET”

“Biz tip sözleşmeler hazırladık. Vatandaşımız müteahhitlerle anlaşacağı zaman o tip sözleşme üzerinden anlaşacaklar. Velev ki müteahhit bir zorluğa düştü, işi yapan arkadaş bir zorluğa düştü, ayrılmak zorunda kaldı. Güvencesi bizim bakanlığımız. Güvencesi devlet. Güvencesi TOKİ. Yarım kalan inşaatı TOKİ yapacak. Hiç kimsenin endişesi olmasın. Baştan sona ruhsat aşamasından mesken aşamasına kadar, yani işin başlayacağı andan bitip içinde vatandaş oturuncaya kadar her türlü denetimi yapacağız. Bundan kimsenin endişesi olmasın. Ve onu da takip edeceğiz. Hatay’ı, Antakya’yı o eski haline uygun bir şekilde inşa edeceğiz. Hak sahiplerine dağıtacağız.”

Konuşmanın ardından Yerinde Dönüşüm projesi kapsamında kurulan 22 adet Yerinde Dönüşüm ofisinin açılışı ve 464 kentsel dönüşüm konutunun temel atıldı.

MÜRACATLAR e-DEVLET’TEN

‘Yerinde Dönüşüm’ projesinden faydalanmak isteyen depremzedeler, başvurularını e-Devlet üzerinden yapmaya başladı. Hibe ve kredi desteği için ilk günde binlerce afetzede müracaatta bulundu. Çağrı Merkezi ALO 181’i arayan vatandaşlara ‘Yerinde Dönüşüm’ projesiyle ilgili detaylı bilgi veriliyor. Ayrıca Çevre, Şehircilik ve İklim Değişikliği Bakanlığına ait iki gezici tır da ‘Yerinde Dönüşüm’ projesi hakkında bilgilendirme ve tanıtım yapmak amacıyla bölgede hizmet vermeye başladı.

YAPIM VE DÖNÜŞÜM OFİSLERİ YOĞUN MESAİDE

Yapım ve Dönüşüm Ofisleri, depremden etkilenen illerden Kahramanmaraş, Malatya, Adıyaman, Hatay ve Gaziantep’te 17 Temmuz’dan itibaren 22 noktada hizmet vermeye başladı. İlk günden depremzedelerin akın ettiği ofisler:

Kahramanmaraş’ta; Dulkadiroğlu, 12 Şubat, Elbistan, Pazarcık, Türkoğlu ve Afşin’de,

Malatya’da; Yeşilyurt, Akçadağ, Battalgazi ve Doğanşehir’de,

Adıyaman’da; Merkez, Gölbaşı, Besni ve Kâhta’da,

Hatay’da; Antakya, Defne, İskenderun/Belen, Kırıkhan, Samandağ ve Hassa’da,

Gaziantep’te; İslâhiye ve Nurdağı’nda hizmet vermeye başladı.

OFİSLER NASIL ÇALIŞACAK?

Yerinde Dönüşüm projesine başvuruları alacak. Vatandaşın her türlü talep ve önerilerine cevap verecek. Hak sahipliğinin belirlenmesine karar verecek. Salt çoğunluğu gerçekleşen inşa öncesi süreci kontrol edecek. Hazırlanan projelerin uygunluğunu denetleyecek. Vatandaşın talebi doğrultusunda tip projeler hazırlayacak. Vatandaşın mağdur olmasını önleyecek tip sözleşmeler hazırlayacak. Hakediş süreçlerine göre ödemelerin yapılma takvimini takip edecek. Ruhsattan iskân sürecine kadar bütün imar ve inşa faaliyetini adım adım denetleyecek."
hatay_bld_0228,Hatay Belediye,belediye,hatay,4_local_campaign,2024-03-09,"PSİKOLOJİ KONGRESİNDE “DEPREM SONRASI DUYGULAR” DEĞERLENDİRİLDİ

HBB BAŞKAN VEKİLİ ADNAN ÖZKAYA: HBB OLARAK HALKIMIZ İÇİN HER TÜRLÜ HİZMET VE DESTEĞE HAZIRIZ

HATAY AKADEMİK PSİKOLOGLAR DERNEĞİ BAŞKANI DOĞAN KUŞ: HBB İLE İŞBİRLİĞİ İÇİNDE DEPREMZEDELERİN RUHSAL SORUNLARINA DESTEK OLMAK İÇİN ÇALIŞIYORUZ

Hatay Büyükşehir Belediyesi (HBB) ve Hatay Akademik Psikologlar Derneği işbirliğiyle “Var Olmanın Dayanılmaz Gücü Psikoloji Kongresi” ile halkın ruh sağlığının iyileştirilmesine yönelik çalışmalarını sürdürüyor.

Antakya EXPO Alanı A Blok Meclis Toplantı Salonu’nda gerçekleşen kongreye Büyükşehir yetkilileri, ülkemizin önemli üniversitelerinin akademisyenleri, alanında uzman psikologlar ve ruh sağlığı çalışanları ile psikoloji öğrencileri de katıldı.

HBB Başkan Vekili Adnan Özkaya açılış konuşmasında “13 ay önce asrın felaketini yaşadık ama bizler için hâlâ dün gibi. Unutmak da mümkün değil. Unutamıyoruz da zaten. Deprem ve sonrasında psikolojik olarak çok fazla manevi yaralarımız oldu. Bunların da bir şekilde tedavi edilmesi gerektiğini düşünürken paydaşlarımızla yaptığımız işbirliği çok faydalı oldu.” ifadelerine yer vererek HBB olarak her türlü hizmet ve desteğe hazır olduklarını dile getirip tüm katılımcılara teşekkürlerini iletti.

Hatay Akademik Psikologlar Derneği Başkanı Doğan Kuş ise “Deprem bizlerde sadece fiziksel açıdan değil, psikolojik olarak da daha derin izler bıraktı. Derneğimiz ruh sağlığına kaliteli hizmet sunmayı hedeflerken depremin yarattığı travmayı da göz ardı etmiyoruz. Bu süreçte HBB ile işbirliği içinde depremzedelerin ruhsal sorunlarına destek olmak için birlikte çalışıyoruz. Birlikte ilerlediğimiz bu yolda karşılıklı dayanışma ve işbirliği ile daha güçlü adımlar atacağız.” dedi.

Yapılan sunumlarda Prof. Dr. Cebrail Kısa, deprem sonrası göçün, kişilerde kimlik ve kültür kaybı korkusuyla değersizlik hissi yarattığına dikkat çekti.

Prof. Dr. Veli Duyan da aile içi ilişkilerde rol değişiklerinin yaşandığını ve kaybı olan ailelerde çok çocuklu bir aile yapısı kurma düşüncesinin ön planda olduğunu vurguladı.

Psikolog Dr. Nedret Öztan “psikolojik sağlamlık” ve Psikolog Dr. Hakan Duman ise “depremin ardından çocuk ruh sağlığı” üzerine tespitlerini ve önerilerini paylaştı.

Deprem sonrası duygular, iletişim, sorun çözme, boşanma, empati, varoluş, kendini güvende hissetme gibi konuların ele alındığı kongrede katılımcılar tarafından gün sonu değerlendirilmesi yapıldı.

1. gün oturumu tamamlanan kongre, atölye çalışmalarıyla 10 Mart günü de devam edecek.

Not: Haberin fotoğraflarını aşağıdaki linkten indirebilirsiniz:

https://we.tl/t-9ynC1wycw6"
hatay_val_155,Hatay Valiliği,valilik,hatay,3_inter_election,2023-07-02,"Sayın Cumhurbaşkanımızın takdirleriyle İlimiz Valiliğine atanan, Valimiz Mustafa MASATLI göreve başladı.

Valimiz göreve başlaması esnasında yaptığı açıklamada; ""Devlet-Millet el ele, gönül gönüle bu kadim toprakları tekrar yeşerteceğiz."" diyerek şunları ifade etti:

Medeniyetler Şehri Hatay’ımıza, Cumhurbaşkanımız Sayın Recep Tayyip Erdoğan Beyefendi’nin tensipleriyle Vali olarak atandım ve bugün de görevime başlamanın mutluluğunu yaşamaktayım.

İnşallah afet bölgemizi ayağa kaldırmak için Devletimizin başlattığı seferberliğe tüm gücümüzle katkı sunmaya, halkımızla el ele vererek Hatay’ımızı yeniden inşa etmeye çalışacağız.

İnsanlık tarihi boyunca yaşamış birçok medeniyete ev sahipliği yapan kadim şehir Hatay’ımızda, sayısız medeniyete ait izler görmek mümkündür.

Yüzyıllardır farklı etnik köken, inanç ve kültürden insanların bir arada yaşayarak oluşturduğu birlikte yaşama kültürü Hatay’ı barış, kardeşlik ve hoşgörünün simgesi haline getirmiştir.

Hatay’da cami, kilise ve havrayı aynı sokakta görebilir, farklı inançlara sahip insanların bayramlarda, düğünlerde veya cenazelerde nasıl bir araya geldiklerine, sevinç ve hüznü nasıl birlikte yaşadıklarına şahitlik edebilirsiniz.

Bunun en büyük örneğini de, yaşamış olduğumuz elim deprem felaketi esnasında bizzat gördük. Ne yazık ki Ülkemiz Şubat ayında tarihte benzerine az rastlanır bir felaketle karşı karşıya kalmıştır.

Merkez üssü Kahramanmaraş olan 2 büyük deprem 11 ilimizi etkilemiş, büyük bir yıkıma, 50 binden fazla insanımızın vefatına ve milyonlarca insanımızın evlerini kaybetmelerine neden olmuştur.

Bu büyük felakette hayatını kaybeden vatandaşlarımıza Allah’tan rahmet, Aziz Milletimize de baş sağlığı ve sabırlar diliyorum.

Depremin ilk anından itibaren başta Sayın Cumhurbaşkanımız ve bakanlarımız olmak üzere Devletimiz, tüm imkânlarıyla seferber olmuş, Aziz Milletimizle beraber afet bölgesine yardıma koşmuştur.

Ülkemizin dört bir yanından akın akın kuruluşlarımız, yerel yönetimlerimiz, kamu görevlilerimiz, askerlerimiz, sivil toplum kuruluşlarımız ve sivil halkımız deprem bölgesine intikal ederek, arama-kurtarma, barınma ve iaşe başta olmak üzere, gereken tüm çalışmalarda afetzede halkımızın yanında olmuştur.

Şahsım olarak depremin ilk günlerinde, Hatay Koordinatör Valisi olarak görevlendirilerek Hatay iline geldim ve depremin şiddetini en fazla yaşayan yerlerden biri olan bu ilimizde, Hatay’ımızın insanlarına hizmet etme fırsatı buldum.

Şuan itibariyle deprem bölgesinde arama-kurtarma faaliyetleri tamamlanmış, enkazlar büyük oranda kaldırılmış, yüzbinlerce çadır ve konteynerden oluşan barınma alanları kurulmuş ve halkımızın ihtiyacı olan tüm hizmetler aktif hale getirilmiştir.

Afet bölgesinde bulunduğum 64 günlük süre zarfında Ülkemizin zor zamanlarında Milletimize hizmet etmenin verdiği onuru ve kıvancı taşımanın yanı sıra, afet bölgesinde yaşayan güzel insanlarımızla bir arada olmanın, onlarla gönül bağları kurmanın da huzurunu ve mutluluğunu yaşadım.

İlk etapta acil ve öncelikli ihtiyaçlarımızı belirleyip bu alanlara yönelerek, kamu hizmetlerinin ilimizin her köşesine ulaşımını temin etmeye çalışacağız. Aynı zamanda ilimizdeki alt ve üst yapıyı tesis etme çalışmalarına gereken tüm desteği vererek, bu alandaki tüm çalışmaları da en kısa zamanda tamamlamak için gayret göstereceğiz.

Devletimizin TOKİ vasıtasıyla inşa etmeye başladığı on binlerce konutu, hastaneleri ve diğer tüm kamu binalarının kısa sürede tamamlanması için üzerimize düşen tüm görevleri yerine getirecek ve depremin izlerini tamamen ortadan kaldırana dek canla başla mücadele edeceğiz.

Hatay tarih boyunca ilklerin şehri olmuştur, Bugün ki Türkiye sınırları içerisinde Anadolu’nun ilk camisi olan Habib-i Neccar camisi buradadır. Ayrıca Allah dostu, Mutasavvıf Bâyezid-i Bistâmî Hazretleri de bu topraklarda metfundur.

Yine Dünyanın ilk mağara kilisesi ve Hıristiyan kelimesinin ilk kez kullanıldığı St. Pierre kilisesi 2011 yılında; Romalılar döneminde binlerce esir tarafından yapılan Titus Tüneli 2014 yılında UNESCO’nun Dünya Mirası Geçici Listesinde yer bulmuştur.

Görüldüğü gibi birçok medeniyetten izler taşıyan Hatay’ımızda ne yazık ki bazı tarihi miraslar da deprem felaketinde ağır hasar görmüştür. Tüm insanlığın ortak ve kültürel değeri olan, bu yapılarımızı tekrar ayağa kaldırmak için, elimizden gelen tüm imkanları kullanacağız.

Ayrıca Hatay’ımızın tarihi, kültürel ve doğal külliyatının yanında, zengin mutfağının eşsiz lezzetleri de apayrı birer değerdir.

Hatay tarihsel derinliğinden gelen yaklaşık 600 çeşit kendine özgü lezzetiyle 31 Ekim 2017 tarihinden itibaren “UNESCO Gastronomi Şehri” unvanını almıştır.

Bizler de inşallah Hatay’ımızdaki yaralar sarılınca, bu köklü mutfağı ve eşsiz lezzetleri tüm dünyaya tanıtmaya, tıpkı eski günlerde olduğu gibi yerli ve yabancı yüzbinlerce misafirimizi bu topraklarda ağırlamaya devam edeceğiz.

Şunu özellikle ifade etmek isterim ki, Hatay’ın güzel insanlarıyla el ele, gönül gönüle vererek bu kadim toprakları tekrar yeşerteceğimize inancım tamdır.

Rabbim ilimizin tekrar inşa ve ihyası yolunda bizleri utandırmasın ve muvaffak eylesin. Tarihimiz boyunca her türlü zorluğun üstesinden gelen Devletimiz ve Aziz Milletimiz, inşallah bu zor günlerin de üstesinden gelecektir. Rabbim Ülkemize ve Milletimize bir daha böyle acılar yaşatmasın.

Saygıdeğer Hataylıları sevgi, saygı ve muhabbetle selamlıyorum.

Akabinde İl Afet ve Acil Durum Yönetim Merkezinde, Mülki İdare Amirlerinin katılımıyla gerçekleşen toplantıda, deprem afeti sonrası İlimiz genelinde ve ilçeler bazında yapılan çalışmalara ilişkin detaylı bir brifing alan Valimiz Mustafa MASATLI, ilçe Kaymakamlarından, öncelikli ihtiyaçlara ilişkin de bilgiler aldı."
csb_0697,CSB,bakanlık,adiyaman,5_post_local,2024-06-15,"ÇEVRE, ŞEHİRCİLİK VE İKLİM DEĞİŞİKLİĞİ BAKANI MEHMET ÖZHASEKİ’DEN YERİNDE DÖNÜŞÜMLE EVİNİ YAPAN ŞAHİN AİLESİNE ‘HAYIRLI OLSUN’ ZİYARETİ

Çevre, Şehircilik ve İklim Değişikliği Bakanı Mehmet Özhaseki, Adıyaman temasları sırasında evlerini Yerinde Dönüşüm Projesiyle yapan Şahin ailesinin evine konuk oldu. Ziyaret sırasında samimi anlar yaşanırken; ailenin küçük torununun fotoğraf çekimi sırasında objektiflere kalp işareti yapması ise herkesi gülümsetti.

Çevre, Şehircilik ve İklim Değişikliği Bakanı Mehmet Özhaseki, deprem bölgesinin hızla ayağa kaldırılması için hayata geçirilen “Yerinde Dönüşüm” Projesine başvurarak aldığı hibe ve kredi desteğiyle evini yerinde dönüştüren Adıyamanlı Şahin ailesini ziyaret etti. Yerinde Dönüşüm ile 4 daireden oluşan bir bina yaptıklarını söyleyen Mustafa Şahin, “Çevre, Şehircilik ve İklim Değişikliği Bakanlığı’na, emeği geçen arkadaşlara, herkese teşekkür ediyorum. Bugünlere kavuştuk.” dedi.

BAKAN ÖZHASEKİ, DEPREM BÖLGESİNDEKİ ÇALIŞMALARA VURGU YAPTI

Bakan Mehmet Özhaseki, depremin ardından konutların bir an önce yapılması için çalışmalara başladıklarını belirterek, “Bir taraftan hazine arazilerinde, bir taraftan da şehir merkezlerindeki rezerv alanlarda çalışmalara başladık. Bir yandan da sizler gibi evini yerinde yapmak isteyenlere destek sağladık. Yüz binlerce ev yapmak için gayret ediyoruz.” diye konuştu.

KALP İŞARETİ HERKESİ GÜLÜMSETTİ

Ziyaret sırasında samimi anlar da yaşandı. Ailenin küçük torununun fotoğraf çekimi sırasında objektiflere kalp işareti yapması herkesi gülümsetti.

BAKAN ÖZHASEKİ, ""ELİMİZ KİRLİ"" DİYEN İŞÇİNİN ELLERİNİ TUTUP, ""ALLAH İŞİNİZİ RAST GETİRSİN” DEDİ

Öte yandan Bakan Mehmet Özhaseki, Yenimahalle’deki inşaat alanında gezerken; müteahhit ve teknik personel ile de bir araya geldi. Ardından işçilerin yanına giden ve onlarla tokalaşan Bakan Özhaseki’ye içlerinde bir işçi ‘Elimiz kirli’ diyerek elini uzatmaya çekindi. İşçilerin ellerini daha sıkı kavrayan Bakan Özhaseki, ""Allah işinizi rast getirsin"" diyerek hepsiyle tokalaştı."
kmaras_bld_1230,Kahramanmaraş Belediye,belediye,kahramanmaras,4_local_campaign,2024-03-01,"Dulkadiroğlu ilçesinde bulunan Güneşli Kocabaş Sitesi’nin TOKİ tarafından yerinde yapılacağını müjdeleyen Başkan Güngör, “Doğukent ve Güneşevler’in ardından Güneşli Kocabaş Sitesi de TOKİ tarafından yerinde yapılacaktır. Hayırlı olsun” dedi.

6 Şubat depremlerinin ardından yeni Kahramanmaraş’ın imarı ve inşası noktasında tüm alanlarda çalışmalar hızla devam ederken Kahramanmaraş Büyükşehir Belediye Başkanı Hayrettin Güngör, Dulkadiroğlu ilçesinde bulunan Güneşli Kocabaş Sitesi’nin TOKİ tarafından yeniden yerinde inşa edileceğini açıkladı. Başkan Güngör, sosyal medya hesabından yaptığı paylaşımda, “Çevre, Şehircilik ve İklim Değişikliği Bakanlığımızca Doğukent ve Güneşevler’in ardından Güneşli Kocabaş Sitesi de ‘Doğukent Projesi’ne dâhil edilmiş olup TOKİ tarafından yerinde yapılacaktır. Hayırlı olsun” ifadelerine yer verdi. Başkan Hayrettin Güngör’ün açıklaması hak sahipleri tarafından büyük bir beğeniyle karşılandı."
csb_0115,CSB,bakanlık,hatay,1_post_quake,2023-04-09,"HATAY ALTINÖZÜ’NDEKİ AFET KONUTLARI HIZLA YÜKSELİYOR, BİNA İNŞAATINDA İKİNCİ KAT GÖRÜNDÜ

Çevre, Şehircilik ve İklim Değişikliği Bakanı Murat Kurum, resmî sosyal medya hesabından yaptığı paylaşımda 6 Şubat’ta Kahramanmaraş’ta meydana gelen depremlerden etkilenen Hatay’da, yapım sürecine başlanan kalıcı afet konutlarının videosunu paylaştı. Bakan Kurum’un paylaştığı videoda Hatay’ın Altınözü ilçesinde yapımına başlanan afet konutlarının ikinci kata kadar yükseldiği görülürken; Hatay’da 9 bin 264 konut ve köy evi için temel atıldığı, toplamda ise 250 bin 862 konut ve köy evinin yapılacağı vurgulandı. Paylaştığı mesajda, afet konutlarının 1 yıl içerisinde tamamlanacağı vurgusu yapan Bakan Kurum, “Neymiş? Afet konutları 1 yılda bitemezmiş. BİTECEK!” dedi.

Çevre, Şehircilik ve İklim Değişikliği Bakanı Murat Kurum, resmî sosyal medya hesabından “asrın felaketi” olarak tanımlanan Kahramanmaraş merkezli depremlerden etkilenen Hatay’da yeni yapılan kalıcı afet konutlarının hızla yükseldiğini ifade ederek, yapım sürecine başlanan konutların videosunu paylaştı. Bakan Kurum, paylaşımındaki mesajda, “Neymiş? Afet konutları 1 yılda bitemezmiş. BİTECEK!” ifadelerine yer verdi.

“11 ilin yeniden ihya ve inşa süreci bilimsel, hızlı ve güçlü şekilde yürütülüyor”

Bakanlıktan yapılan açıklamada, Cumhurbaşkanı Recep Tayyip Erdoğan’ın katılımıyla depremin merkez üssü Kahramanmaraş’ta 11 ilde eş zamanlı olarak ilk etapta 17 bin 902 konutun temellerinin atıldığı hatırlatıldı. Hatay’da 9 bin 264 konut ve köy evi için temel atıldığı, toplamda ise 250 bin 862 konut ve köy evinin yapılacağı bildirildi.

11 ilde bir yıl içinde 319 bin konut, toplamda ise 650 bin konut inşa edilerek vatandaşların afet güvenliğine sahip yuvalarla buluşturulacağı vurgulandı.

Yapılan açıklamada Cumhurbaşkanı Recep Tayyip Erdoğan’ın liderliğinde asrın felaketinden etkilenen bölgelerin yeniden ihya ve inşa sürecinin bilimsel, hızlı ve güçlü şekilde yürütüldüğü aktarılarak yeni yerleşim yerlerinin tespit aşamasında fay hattına uzaklığı ve zeminin sıvılaşma durumu üzerinde çalışıldığı vurgulandı. Afet konutlarının en güvenli alanlara inşa edilmesi için zeminin depreme dayanıklılığını ortaya koyan mikro-bölgeleme ve jeolojik etüt çalışmalarının yapıldığı ifade edildi. Bakanlık olarak ovalardan dağlara doğru yerleşim planının benimsendiği belirtilerek afet konutlarını en doğru, en sağlam zemine, radye temel üzerine tünel kalıp sistemiyle yatay ve yöresel mimariye uygun, zemin artı 3-4 katı geçmeyecek şekilde inşa edildiği aktarıldı."
hatay_bld_0021,Hatay Belediye,belediye,hatay,1_post_quake,2023-04-27,"Hatay’da 6 Şubat ve sonrasında yaşanan depremlerde hasar görerek yıkılan binalardan birisi de UNESCO Hatay Gastronomi Evi’ydi. Kültürel miras ürünlerine değer veren ve onların korunup yaşatılmasını önemseyen Birleşmiş Milletler Eğitim, Bilim ve Kültür Örgütü (UNESCO) 2019 yılında gastronomi alanında Hatay'ı 'Yaratıcı Şehirler Ağı'na layık görmüş ve böylelikle Hatay mutfağının lezzetleri tescillenmişti.

Deprem sonrası kullanılamaz hale gelen Hatay Gastronomi Evi, mutfağındaki 600 çeşit yemek ve tatlının yanı sıra mutfak kültürünü, yeniden ayağa kalkana kadar artık Çukurova Kalkınma Ajansı’nın desteği ile tamamlanan Mersin Gastronomi ve Yöresel Ürün Konağı’nda gelen konukların beğenisine sunacak.

İçerisinde gastronomi ve yöresel ürünlere dair müze, atölyeler ve stantların bulunduğu Mersin Gastronomi ve Yöresel Ürün Konağı’na taşınan Hatay Gastronomi Evi’nin ilk konukları Hatay Büyükşehir Belediye Başkanı Doç. Dr. Lütfü Savaş ve eşi Nazan Savaş ile Mersin Büyükşehir Belediye Başkanı Vahap Seçer ve eşi Meral Seçer oldu.

SAVAŞ: “HATAY’IN YAŞAMASI LAZIM”

Hatay’da da büyük yıkıma neden olan 6 Şubat depremlerinin ardından Hatay’ı yeniden ayağa kaldırma çalışmaları içerisinde olduklarını söyleyen Hatay Büyükşehir Belediye Başkanı Doç. Dr. Lütfü Savaş “Hatay’ın yaşaması lazım. Hatay’ın kendine ait güzelliklerinin dünyaya tanıtılması lazım. Özellikle Büyükşehir Belediyelerimiz İstanbul başta olmak üzere Adana, Mersin, Ankara, İzmir, Tekirdağ bütün belediyelerimiz bize çok destek verdi. Tabi ki Mersin, Adana çok daha özel. Çünkü biz kadim komşuyuz. Bizim birbirimize özel destek vermemize gerek yok. Biz her zaman için yan yana ve omuz omuza olmak zorundayız. Bu deprem sürecinde biz hem Mersin’den hem Adana’dan çok destek gördük. Zaten ihtiyacımız olmasa da biz hep birbirimize destek veriyorduk” ifadelerini kullandı.

“HATAY’IN BÜTÜN İNSANLARININ MORAL MOTİVASYONA İHTİYACI VAR”

Mersin Gastronomi ve Yöresel Ürün Konağı’nın, iki kentin lezzetlerini tanıtması açısından önemli olduğuna değinen Savaş, “Hataylı hemşerilerimizden en az 200 bin kişi şu anda Mersin’de. Mersin Büyükşehrimizin, ilçelerimizin misafiri. Onlar da gelip burada hem Hatay’ın hem Mersin’in yemeklerini yiyecekler. Ama şu var ki Hatay’ı hayata bağlamamız, tekrardan dünyayla entegre hale getirmemiz lazım. Hatay’ın bütün insanlarının moral motivasyona ihtiyacı var. Burası müthiş olmuş, herkese tavsiye ederim. Biz çalışmaya, üretmeye devam edeceğiz. Hem Hatay hem Mersin kazansın istiyoruz. Özellikle hem Meral Hanım’a hem Nazan Hanım’a hem görünmez kahramanlarımıza teşekkür ediyorum” diye konuştu.

SEÇER: HATAYLILAR HATAY’A ÇOK BAĞLILAR

Açılışta yaptığı konuşmada yapılacak olan Hatay yemeklerinin malzemesinin de Hatay’ın yerel üreticisinin elde ettiği ürünlerden getirileceğini söyleyen Mersin Büyükşehir Belediye Başkanı Vahap Seçer ise “Hataylı, orada depremi yaşamış kardeşlerimiz, Mersin Büyükşehir Belediyemizin bu mekanında Hatay Büyükşehir Belediyemizin Gastronomi Konağı’ndaki çalışmalarını oradan alıp geçici bir süreliğine de buraya taşımış olacaklar” dedi.

Hataylıların memleketlerini çok sevdiğini bildiklerini ifade eden Başkan Vahap Seçer “Biliyoruz ki Hatay’a çok bağlılar, Hatay’a sahip çıkmak, tekrar geri dönüp Hatay’ı yeniden inşa etmek istiyorlar. Bu süre içerisinde Hatay mutfağının yaşaması, sürdürülebilirliği adına böyle bir çalışmayı Hataylı kardeşlerimizle Gastronomi ve Yöresel Ürün Konağı’mızda gerçekleştireceğiz” diye konuştu.

NAZAN SAVAŞ: ÇOK GÜZEL BİR MEKÂN

Mersin Büyükşehir Belediye Başkanı Vahap Seçer ve eşi Meral Seçer’den proje önerisinin gelmesinin ardından hemen çalışmalara başladıklarını ifade eden Hatay Büyükşehir Belediye Başkanı Lütfü Savaş’ın eşi Prof. Dr. Nazan Savaş ise “Biz bu projeye çok sevinerek ‘tamam’ dedik ve hızlıca girişime başladılar. Bugün de start aldı. Tabi proje ‘Hatay’da Gastronomi Evi hayata geçene kadar devam edecek’ diye konuşuldu ama belli olmaz. Çünkü burada depremden etkilenerek Hatay’dan gelen çok fazla vatandaş var. Devam etmesini dilerlerse bir müddet daha böyle gider” dedi.

GASTRONOMİ HAM MADDESI HATAY’DAN ALINACAK

Proje ile Hatay gastronomisinin deprem felaketi nedeniyle sekteye uğramadan nesilden nesile aktarılması hedefleniyor. Medeniyetler şehri Hatay’da hala tarımsal üretime devam eden hammadde üreticilerinin üretim yapmalarının devamlılığı sağlanarak sürdürülebilir bir ekonomik gelir kazanmalarına katkı yapılırken, aynı zamanda Hatay Gastronomi Evi’nin faaliyetlerine devam etmesi sağlanarak ilerleyen zamanlarda Dünyanın 26. Gastronomi şehri Hatay’da tekrar kurulmasına destek verilecek."
csb_0542,CSB,bakanlık,kahramanmaras,4_local_campaign,2024-02-18,"ŞEHİT ÖZDEMİR'İN DEPREMZEDE AİLESİNE EVİ BU HAFTA TESLİM EDİLECEK

Çevre, Şehircilik ve İklim Değişikliği Bakanı Mehmet Özhaseki, ""Kahramanmaraşlı şehidimiz, Müslüm evladımızın ailesinin evi hazır, inşaatını bitirdik. Evimizi bu hafta eşyaları hazır bir şekilde teslim edeceğiz."" dedi.

Çevre, Şehircilik ve İklim Değişikliği Bakanı Mehmet Özhaseki, Irak'ın kuzeyindeki Pençe-Kilit Harekatı bölgesinde şehit olan Kahramanmaraşlı Piyade Er Müslüm Özdemir'in depremzede ailesi için yapılan evin bu hafta teslim edileceğini bildirdi.

Özhaseki, sosyal medya hesabında, Pençe-Kilit Harekatı bölgesinde teröristlerle çıkan çatışmada şehit düşen askerlerden Müslüm Özdemir'in Kahramanmaraş'ta yaşayan depremzede ailesi için yapılan evin tamamlandığını gösteren bir video paylaştı.

Özhaseki paylaşımında, ""Sözümüzü tutmanın huzuru içindeyiz. Kahramanmaraşlı şehidimiz, Müslüm evladımızın ailesinin evi hazır, inşaatını bitirdik. Evimizi bu hafta eşyaları hazır bir şekilde teslim edeceğiz inşallah. Hayırla, sağlıkla otursunlar. Müslüm evladımızın da mekanı cennet olsun. Rabb'im cennetinde Peygamber Efendimize komşu eylesin. Şehitlerimizin emanetlerine gözümüz gibi bakmaya devam edeceğiz."" ifadelerini kullandı."
hatay_bld_0223,Hatay Belediye,belediye,hatay,4_local_campaign,2024-03-05,"Hatay Büyükşehir Belediyesi ve Halk Sağlığı Uzmanları Derneği (HASUDER) arasında, depremzedelere üreme sağlığı hizmetleri verilmesi amacıyla yeniden protokol imzalandı.

Hatay Büyükşehir Belediye Lütfü Savaş ve HASUDER Başkanı Prof. Dr. Bülent Kılıç'ın imzaladığı protokol kapsamında, Antakya EXPO alanı bölgesinde kurulmuş olan Kadın ve Üreme Sağlığı birimi hizmet vermeye devam edecek.

Hatay genelinde üreme sağlığı, cinsel sağlık ve aile planlaması hizmetlerinin yanı sıra sağlıklı koşullarda gebelik takibi ve doğum ortamı için yönlendirmelerin yapıldığı birimden Hatay’daki tüm kadınlar ücretsiz bir şekilde faydalanabiliyor.

KILIÇ: HATAY BÜYÜKŞEHİR BELEDİYESİ HER ZAMAN YANIMIZDA OLDU

HASUDER Başkanı Prof. Dr. Bülent Kılıç yaptığı açıklamada , “ Bizler halk sağlığı uzmanları derneği olarak bir yıl önce depremden hemen sonra başlatmış olduğumuz kadın sağlığı hizmetleri konusunda bugün Hatay Büyükşehir Belediyesi ile tekrar bir adım daha ilerledik. Bir yıldır kadın sağlığı alanında önemli hizmetler sunduk. Hatay Büyükşehir Belediyesi her zaman yanımızda oldu. Bütün personelimizin de barınma ve lojistik ihtiyaçlarını karşıladı. Başkanımız Doç. Dr. Lütfü Savaş’a çok teşekkür ederim. Önümüzdeki bir yıl içerisinde kadın sağlığı için hizmetler sunmaya devam edeceğiz” dedi.

SAVAŞ: HATAYLI KADINLARIMIZIN HİJYEN VE SAĞLIK KONUSUNDA MÜTHİŞ ÇALIŞMA YAPILDI

Depremden etkilenen kadınlar için oldukça önemli bir çalışma olduğunu sözlerine ekleyen Başkan Savaş, “ Depremin ilk günlerinden hijyen şartlarının kötü olduğu ve barınma sonunun da yoğun olduğu dönemde Hataylı kadınlarımızın hijyen ve sağlık konusunda müthiş çalışma yapıldı. Bizler de bu çalışmalara ortak olduk. Bir yıldır Hatay’daki kadınlarımıza çok büyük destek verdiler. Hatay ve kadınlarımıza adına hocalarımıza ve paydaşlarımıza çok teşekkür ederiz. En gerekli ve önemli zamanlarda yapılan yardımları Hatay halkı hiçbir zaman unutmayacak” açıklamalarında bulundu.

Haberin fotoğraf ve videosunu aşağıdaki linkten indirebilirsiniz.

https://we.tl/t-ZZUKHcJEew

https://we.tl/t-LtzpMIcnoS"
hatay_val_236,Hatay Valiliği,valilik,hatay,3_inter_election,2023-09-05,"05.09.2023 Salı günü Valimiz Mustafa MASATLI’nın Başkanlığı’nda, Hatay Vakıflar Bölge Müdürlüğümüzün sorumluluk alanında faaliyette bulunan cemaat vakıflarımızın mülkiyetinde olan ve depremde zarar gören taşınmazlar hakkında, değerlendirme toplantısı gerçekleştirildi.

Toplantıya, cemaat vakıflarımızın temsilcilerinden Samandağ Rum Ortodoks Kilisesi Vakfı’ndan Dr. Dimyan EMEKTAŞ, Samandağ Vakıflı Köyü Ermeni Kilisesi Vakfı’ndan Cem ÇAPAR, Antakya Rum Ortodoks Kilisesi Vakfı’ndan Fadi HURİGİL, Antakya Protestan Kilisesi Vakfı ve Antakya Musevi Havrası Vakfı’ndan Jessica Ceren KOCAMAHHUL, Mar Yuhanna Arsuz Ortodoks Kilisesi Vakfı’ndan Coşkun KATAR, Tokaçlı Rum Ortodoks Kilisesi Vakfı’ndan Mişel ÇİLİNGİR, İskenderun Rum Ortodoks Kilisesi Fukara Vakfı’ndan Can TEYMUR, İskenderun Karasun Manuk Ermeni Kilisesi Vakfı ve Kırıkhan Ermeni Ortodoks Kilisesi Vakfı’ndan Yusuf TABAŞ, Sarılar Mahallesi Aziz Georges Rum Ortodoks Kilisesi Vakfı’ndan Hanna YEŞİLDAĞ ile Antakya Katolik Kilisesi Vakfı’ndan Ömer BİTARGİL katıldı.

Hatay Vakıflar Bölge Müdürlüğümüzün sorumluluk alanında faaliyette bulunan cemaat vakıflarımızın mülkiyetindeki taşınmazlardan olan kilise, havra ve bunların eklentilerinin de 6 ve 20 Şubat depremlerinde zarar görmüş olup bunlardan bir kısmının yıkılmış, bir kısmının da orta veya ağır hasarlı olduğu tespiti yapılmıştır.

Valimiz Mustafa MASATLI, “Şehrimiz için vazgeçilemez unsurlarımızdan biri de cemaatlerimizdir. İlimizdeki sosyal dokunun önemli bir parçasını oluşturmaktadır. Cemaat vakıflarımıza ait bu taşınmazlar da hem tarihi hem de kültürel miras bakımından korunması gereken varlıklarımızdır. Bu taşınmazların faaliyette bulunduğu alanlar da Hatay Vakıflar Bölge Müdürlüğümüzün sorumluluğu dâhilinde olup depremde zarar gören bu taşınmazların bakım ve onarım ve yenileme çalışmaları cemaat vakıflarımızca gerçekleştirilecektir. Devletimiz ve Valiliğimiz, bu konudaki gerekli desteği de her zaman olduğu gibi sağlayarak cemaat vakıflarımızın yanında olacaktır ve şehrimizin mozaiğini oluşturan tüm güzellikleri eski haline tekrar kavuşturarak Hatay’ımızı el birliğiyle ayağa kaldıracağız inşallah.” dedi.

Medeniyetler Şehri Hatay’ımızın önemli zenginliklerinin bir parçası olan cemaat vakıflarımıza ait bu taşınmazların tekrar ihyası için yapılan değerlendirme toplantısında, bunların projelendirilmesi ve yenileme çalışmaları ele alınarak konuşuldu ve konuyla ilgili gerekli planlamalar yapıldı."
csb_0111,CSB,bakanlık,adiyaman,1_post_quake,2023-04-05,"BAKAN KURUM: 30 NİSAN İTİBARİYLE ANKARALI KARDEŞLERİMİZİN HİZMETİNE SARAÇOĞLU MAHALLEMİZİ DE AÇIYOR OLACAĞIZ

Çevre, Şehircilik ve İklim Değişikliği Bakanı Murat Kurum, “asrın felaketi” sonrası geçici olarak Ankara’ya yerleşen depremzede aileleri evlerinde ziyaret ederek düzenlenen iftarda bir araya geldi. Bakan Kurum, “Biz büyük bir aileyiz, Türkiye ailesiyiz. Biz düştüğümüz yerden kalkmayı, birbirimize destek olmayı en zor günde bir, beraber olmayı biliriz. 319 bin konutu Mayıs’ın sonuna kadar başlatmayı hedefliyoruz. 319 konutu yaptıktan sonra da etap etap diğerlerini yapacağız… Nisan’ın 13’ünde de Sayın Cumhurbaşkanımız gelecek. Malatya’da evlerin temellerini hep beraber atacağız. Malatya’da 319 bin konutu Mayıs’ın sonuna kadar başlatmayı hedefliyoruz… Ankara’mızı 81 ilde olduğu gibi o ehliyetsizlerin, liyakatsizlerin, beceriksizlerin insafına terk etmedik, etmeyeceğiz.” dedi. Bakan Kurum, Adıyaman’da depremde kaybettiği anne ve ablasının mezarını görmek isteyen 16 yaşındaki depremzede İkbalErtürk’ün bu isteğinin yerine getirilmesi için talimat verdi.

Çevre, Şehircilik ve İklim Değişikliği Bakanı Murat Kurum, Ankara’nın Mamak ilçesinde depremzede ailelere yaptığı ziyarette, “Daha önceki depremlerde olduğu gibi milletimizle yan yana, omuz omuza bu acılarımızı hep birlikte paylaşacağız. Biz büyük bir aileyiz. Türkiye ailesiyiz. Biz düştüğümüz yerden kalkmayı biliriz. Birbirimize destek olmayı biliriz.” dedi.

Bakan Kurum, Kahramanmaraş merkezli depremler sonrası geçici olarak Mamak ilçesine yerleşen depremzedelere evlerinde yaptığı ziyaretin ardından iftar programında kendileriyle bir araya geldi.

Depremzedelerin, taleplerini dinleyerek sorularına yanıt veren Bakan Kurum, yoğun ilgi ile karşılandı. Vefat edenlere rahmet, kalanlara baş sağlığı dileyen Kurum, depremzedelerin her zaman yanında olduklarını dile getirdi.

“319 bin konutu Mayıs’ın sonuna kadar başlatmayı hedefliyoruz”

Bakan Kurum’un ziyaretler kapsamında ilk durağı depremde etkilenen Malatya’dan gelen, 6 kişilik İlhan Ailesi oldu. Depremzede Tacettin İlhan; Bakan Kurum’a 1 yıl içinde konutların bitip bitmeyeceğini sordu ve Bakan Kurum da kendisine, ”319 bin konutu mayısın sonuna kadar başlatmayı hedefliyoruz. 319 bin konutu yaptıktan sonra da etap etap diğerlerini yapacağız. Malatya’da daha önce yaptık ve teslim ettik. En kısa sürede yapıp teslim edeceğiz.” dedi. Depremzede İlhan ise, “Çok yaptınız gerçekten. TOKİ’ler çok güzel, biz Malatya’da mobilya işiyle uğraşıyoruz, gidip geliyoruz. TOKİ’ler çok güzel, sağlam, sıcak oluyor. İçlerinde çalışıyoruz. Çok güzel. İnşallah yapılır da evimize geçeriz.” dedi.

“Depremlerde kaybettiği anne ve ablasının mezarını görmek isteyen 16 yaşındaki depremzede İkbalErtürk, Adıyaman’a götürülecek”

Bakan Kurum, ziyaretinin ikincisini Adıyaman’dan gelen Ertürk Ailesine yaptı. Mamak’a gelerek yaşama tutunan 8 kişilik Ertürk Ailesinden annesi ve ablasını kaybeden 16 yaşındaki depremzede İkbalErtürk gözyaşlarına hakim olamadı. Depremde kaybettiği yakınlarının Adıyaman’da bulunan mezarlarını ziyaret etmek isteğini söyleyen İkbalErtürk’e Bakan Kurum, “Ne zaman gitmek istiyorsan biz sizi götürelim. Araç tahsis edelim, ne zaman istiyorsanız gidin gelin” diyerek sabırlar diledi ve İkbal’e öğrenim bursu verilmesi talimatı verdi. Henüz 2 yaşındayken babasını da kaybettiğini belirten İkbal, Bakan Kurum’a “Cumhurbaşkanım ile görüşmeyi çok istiyorum. Hastanede yatarken kendisine videomu da ilettim. Ama görüşmek kısmet olmadı.” dedi. Bakan Kurum ise beraberindekilere “Cumhurbaşkanımızla İkbal’i buraya geldiklerinde buluşturalım.” dedi.

“Bize ne düşüyorsa her zaman yanınızdayız. Sizlerle beraberiz. Yapılması gerekenleri el birliği içerisinde yapacağız”

Bakan Kurum, son olarak Hatay’da depremden etkilenerek Ankara’ya gelen 12 kişilik Hocaoğlu Ailesini ziyaret ederek depremden sonra doğan Aysima bebeğe altın hediye etti. Şemsettin Hocaoğlu, Hatay’da dubleks tek tapulu dairede babası ile kendisinin oturduğunu, elektrik ve su aboneliklerinin ayrı olduğunu ve yapı kayıt belgesi aldıklarını belirterek, hak sahibi olma durumunun nasıl olacağını sordu. Bakan Kurum ise ayrı ayrı hak sahibi olabileceklerini, ancak sürecini yürüten AFAD’a durumu bildirilmesi gerektiğini söyledi.

“Yangınlarda, sellerde Cumhurbaşkanımızın liderliğinde oradaydık. Bugün de aynı vizyonla 81 ilimizde çalışıyoruz”

Lavanta Kültür Merkezi’nde düzenlenen iftar sonrası yaptığı konuşmada nerede bir deprem olsa aynı azim ve vizyonla oraya koştuklarını belirten Bakan Kurum, “Vatandaşlarımıza söz verdik. Ve emin olun bir yıl içerisinde konutlarımızı yapacağız dedik. Elazığ’da, Malatya’da deprem oldu biz yine oradaydık. Hızlı bir şekilde konutlarımızı bitirdik, vatandaşlarımıza teslim ettik. Antalya’da, Muğla’da yangınlar çıktı, biz İbrahim amcamıza söz verdik, Hatice teyzemize söz verdik ve sözlerimizi hamdolsun tuttuk, onların mutluluklarına bir yıl sonra şahit olduk. Kastamonu’da, Rize’de, Bartın’da seller oldu ve biz yine Sayın Cumhurbaşkanımızın liderliğinde oradaydık ve orada da yapılması gerekenleri hızlı bir şekilde yaptık. İşte bugün de aynı vizyonla ülkemizin 81 ilinde çalışıyoruz.” dedi.

“Başkentimizi kalkındırmak, geliştirmek, daha ileriye taşımak için tüm ekibimizle birlikte çalışıyoruz. 90 bin konutumuzu teslim ettik, 10 bin konutumuz sahada fiilen devam ediyor”

Bakan Murat Kurum, Bakanlığınca Ankara’da yapılan çalışmalara da dikkati çekerek, “Ankara’mız, 100 yıl önce küllerimizden doğduğumuz başkentimiz ve Millî Mücadele’nin karargahıdır. Biz dünyaya hep başkentimizin, Ankara’mızın penceresinden bakarız ve işte bu aziz şehri kalkındırmak, geliştirmek, daha ileriye taşımak için tüm ekibimizle birlikte, belediyemizle, teşkilatımızla, vekillerimizle, kaymakamlarımızla birlikte çalışıyoruz. Ankara’nın burada yapı stokunu güçlendirmek için hemen hemen her ilçemizde bir kentsel dönüşüm projemiz var. Şu anda da fiilen devam eden 10 bin konutluk projemiz var. 10 bin konutumuz sahada devam ediyor ve 90 bin konutumuzu da TOKİ’mizle yaptık, burada vatandaşlarımıza teslim ettik.” ifadelerine yer verdi.

“30 Nisan itibariyle Ankaralı kardeşlerimizin hizmetine Saraçoğlu Mahallemizi de açıyor olacağız”

81 ilimizin ilçelerinde aynı anlayışla “İlk Evim, İlk İş Yerim” kampanyasını da yürüttüklerini belirten Bakan Kurum, “Hani bize soruyorlar ve diyorlar ki; ‘deprem oldu bu proje duracak mı?‘ Durmayacak. ‘İlk Evim, İlk İş Yerim’ projesi de aynı kaldığı yerden devam edecek. Millet Bahçelerimizi de, deprem konutlarını da yapacağız. Milletimize sözümüz neyse o sözlerimizi tutmaya devam edeceğiz. Tabi Ankara’mıza bir taraftan da yeşil alanlarımızı kazandırıyoruz. Saraçoğlu Mahallemizdeki kentsel yenileme çalışmamızı tamamladık. İnşallah 30 Nisan itibariyle Ankaralı kardeşlerimizin hizmetine Saraçoğlu Mahallemizi de açıyor olacağız. Biz aynı anlayışla tüm çalışmalarımızı yürütüyoruz.” dedi.

“Ankara’mızı 81 ilde olduğu gibi o ehliyetsizlerin, liyakatsizlerin, beceriksizlerin insafına terk etmedik, etmeyeceğiz”

Bakan Kurum, her zaman eser üreten, hizmet eden ve gittiği yere değer katan işlerin peşinden koştuklarını belirterek, “Varsın bu noktada birileri bizi eleştirsinler. Birileri bizim yaptığımız işleri görmezden gelsinler ve biz aynı anlayışla bu hizmetleri yapmaya gayret göstereceğiz. Biz emin olun millî mücadelenin kalbini Gazi Başkentimizi, güzel Ankara’mızı 81 ilde olduğu gibi o ehliyetsizlerin, liyakatsizlerin, beceriksizlerin insafına terk etmedik, etmeyeceğiz.” ifadelerini kullandı."
kmaras_val_393,Kahramanmaraş Valiliği,valilik,kahramanmaras,5_post_local,2024-10-21,"6 Şubat depremlerinin ardından yeniden inşa edilen ve onarılan cami ve Kur'an Kurslarının açılış töreni ile bir dizi programlara katılmak üzere ilimize gelen Diyanet İşleri Başkanı Sayın Prof. Dr. Ali Erbaş, Valiliğimize ziyarette bulundu.
 
Valimiz Mükerrem Ünlüer, Vali Yardımcılarımız ve birim müdürlerimiz tarafından karşılan Diyanet İşleri Başkanı Sayın Prof. Dr. Ali Erbaş, Valilik Makamında Vali Ünlüer ile bir süre görüştü. 
 
Depremin ilk gününden bu yana Diyanet İşleri Başkanlığı olarak Kahramanmaraş'ta hasar gören ya da yıkılan Cami ve Kur'an Kurslarını yeniden inşa edilmesi için gerekli desteği verdiklerini ifade eden Diyanet İşleri Başkanı Sayın Prof. Dr. Ali Erbaş, yeniden inşa edilen ve onarılan 51 cami ile 4 Kur'an Kursunun açılış töreni vesilesiyle şehrimizde olmaktan duyduğu memnuniyeti ifade etti.
 
Diyanet İşleri Başkanlığının şehrimizde yürüttükleri önemli hizmetleri için teşekkür eden Vali Ünlüer, Sayın Erbaş’a ziyaretlerinden duyduğu memnuniyeti ifade etti. 
 
Diyanet İşleri Başkanı Sayın Prof. Dr. Ali Erbaş'a Valilik ziyaretinde, Dünya Müslüman Alimler Birliği Başkanı Prof. Dr. Ali Muhyiddin el-Karadaği ile Katar-ı Hayriye Vakfı Uluslararası Operasyonlar Bölümü İcra Kurulu Başkanı Nevaf Abdullah el- Hamadi eşlik etti."
afad_045,AFAD,afad,hatay,5_post_local,2024-09-13,"Türkiye’nin afet yönetimi ve uluslararası yardım kurumu: AFAD Afet ve acil durumlara ilişkin ülkenin yetkin ve yetkili teşkilatıdır.

AFAD, “Afetlerde Türkiye’nin Ortak Gücü” anlayışıyla afet yönetimi faaliyetlerini planlar, gerçekleştirir, yönlendirir ve koordine eder. Dünya genelinde arama kurtarma, insani yardım, tahliye ile transfer çalışmaları yürütür ve insani altyapılar kurar.

Dijital AFAD kütüphanesinde, afetlere hazırlanmak için gerekli bilgilerden afet yönetimi plan, rapor ve sözlüklerine kadar okunabilecek farklı içerikleri bulabilirsiniz. İnfografik, harita, dergi ve broşür gibi pek çok içeriğe çevirim içi raflarda erişebilirsiniz.

Afetlere, acil durumlara ve kurumsal gelişmelere dair son gelişmelere ulaşabilir, proje çağrılarını ve duyuruları inceleyebilirsiniz.

AFAD'ın merkez birimlerinin yanı sıra il ve birlik müdürlüklerinin iletişim bilgilerini elde edebilirsiniz.

Tarihin en büyük afeti sonrası iyileştirme operasyonunu aziz Milletimizle omuz omuza sürdürüyor; afetzede vatandaşlarımızı yeni, güçlü ve güvenli yuvalarına kavuşturmaya devam ediyoruz.

Depremden etkilenen Hatay, Malatya, Kahramanmaraş, Adıyaman, Gaziantep, Diyarbakır, Elazığ, Osmaniye, Şanlıurfa, Adana ve Kilis illerimizde yapımı tamamlanan 24.812 yeni konutu daha, kura ile hak sahibi vatandaşlarımızla buluşturuldu.

Bugüne kadar teslim edilen 76.442 konut ile birlikte toplamda 101.254 afet konutu, hak sahibi vatandaşlarımıza teslim edilmiş oldu.

Deprem Konutları Kura ve Anahtar Teslim Töreni, 12 Eylül 2024 tarihinde AFAD YouTube hesapları üzerinden canlı olarak tüm vatandaşlarımıza açık bir şekilde yayımlandı.

Vatandaşlarımız, kura çekimi sonrasında kesinleşen sonuçlara e-Devlet üzerinde yer alan AFAD sayfasından ulaşabilmektedir.

Devletimizin tüm imkanları ve kurumları ile Milletimizin yanındayız!

© 2026 T.C. İçişleri Bakanlığı Afet ve Acil Durum Yönetimi Başkanlığı"
csb_0359,CSB,bakanlık,kahramanmaras,3_inter_election,2023-09-14,"BAKAN ÖZHASEKİ: “DEPREM BÖLGESİNDE 2 AY SONRA İLK ETAPTA 40 BİN KONUT TESLİM EDİLECEK”

Çevre, Şehircilik ve İklim Değişikliği Bakanı Mehmet Özhaseki, deprem bölgesinde 2 ay sonra ilk etapta 40 bin konutun teslim edileceğini açıkladı. İhalesi tamamlanarak yapımına başlanılan 200 bin konuttan bitenleri 2-3 ay sonra teslim etmeye başlayacaklarını ifade eden Özhaseki, “İlk etapta 40 bin konutu teslim ediyoruz. Diğerleri de peyderpey gelecek. Yani Aralık ayında o bölgelerde binlerce konutu teslim ettiğimizi görebilirsiniz.” dedi.

Çevre, Şehircilik ve İklim Değişikliği Bakanı Mehmet Özhaseki, katıldığı TRT Haber canlı yayınında gündeme ilişkin konuları değerlendirdi. Bakan Özhaseki, 15 Eylül’de İstanbul’da Çevre, Şehircilik ve İklim Değişikliği Bakanlığı olarak Cumhurbaşkanı Recep Tayyip Erdoğan’ın teşrifleriyle gerçekleştirecekleri “Deprem Gerçeği ve Kentsel Dönüşüm Şûrası”na ilişkin bilgiler verdi. Bakan Özhaseki, “Şûrada bilim adamlarından, akademisyenlere fikir beyan eden kim varsa hepsini bir araya getiriyoruz. Uzun süredir zaten bir çalışmamız vardı. Yasa taslağını da hazırlamıştık. Son olarak gözden geçirip yanılma payını en aza düşürmek istiyoruz.” dedi.

“KENTSEL DÖNÜŞÜMÜ DAHA ÇOK YAPMAMIZ LAZIM”

Bakan Özhaseki Türkiye’deki yapı stokunu ele alarak kentsel dönüşüme daha fazla önem gösterilmesi gerektiğine vurgu yaptı. Bakan Özhaseki, “Şu anda ülkemizde 31 milyon civarında konut ve 5 milyon civarında da iş yeri var. Bunların bir kısmı riskli. İşte bu riskli olanlardan başlamak üzere bizim bir an önce kentsel dönüşümü hızlandırmamız icap ediyor. 2012 yılında Cumhurbaşkanımızın talimatıyla bir yasa çıktı. Binlerce konut yapılmış. 2 milyondan fazla konut kentsel dönüşüme uğramış. Kentsel dönüşümü daha çok yapmamız lazım. 10 yıllık da bir tecrübe var. Bu tecrübede de tıkandığımız yerler neresi? Bizim aşmamız gereken sorunlar nereler? Bir an önce hızlandırabilmemiz için çalışmalar artık son aşamasına getirdik. İnşallah meclis açıldığında da taslağımızı indirip yüce Meclis'in takdiriyle de bu yasaları çıkarmak istiyoruz.” şeklinde konuştu.

“DEPREM BÖLGESİNDE 200 BİN KONUTUN YAPIMINA BAŞLANDI”

Bakan Özhaseki, Kahramanmaraş merkezli depremlerin ardından bölgedeki yapılaşmaya dair bilgiler aktararak, Konut olarak 680 bin konut inşa etmemiz gerekiyor. Şu anda da ihalesini yapıp işe başladığımız konut sayısı 200 bin. TOKİ çok güçlü bir kuruluş. Bununla iftihar ediyoruz. Bu son depremde de TOKİ sınıfı geçti. Hiçbir evde bir çatlak bile olmadı. O zaman bizim TOKİ üzerine biraz daha yüklenip hızlı yapmamız gereken bir ortam çıktı. Fakat TOKİ'nin de nihayetinde yıllık yaptığı konut kapasitesi 60-70 bin civarında. 20 yıl boyunca 1 milyon 250 bin konut yaptı. Şimdi bir anda diyoruz ki; TOKİ 850 bin konutu yap. Kolay bir iş değil. Bir de rezerv alanlarda başlayabiliyoruz. Rezerv alan bulmak da kolay değil. Şehirlerin etrafında, çeperlerinde hazineye ait olan yerlere altyapısını yapıp yeni konutlar yapmaya çalışıyoruz. İşte bu başladığımız konutların sayısı 200 bin civarında. Başladığı günden itibaren, bir sene sürmeden teslim edeceğiz. Bir taraftan da vatandaş yerinde dönüştürmek istiyordu. Onlara da dedik ki biz size konutlar için 1 milyon 300 bin liraya, iş yerleri için de 750 bin liraya kadar yarısı hibe, yarısı kredi olmak üzere destek verelim. 1 milyonun neredeyse tamamını hibe olarak veriyoruz.” dedi.

“TÜRKİYE’DEN BAŞKA BU HASARIN ALTINDAN KALKABİLECEK ÜLKE YOK”

Bakan Özhaseki, deprem bölgesindeki yıkımı anlatarak, “En çok hasar alan iller arasında birinci sırada Hatay var. 254 bin konut ve 55 bin civarında da iş yeri var. İkinci sırada depremin merkezi Kahramanmaraş var. 112 bin konut, 34 bin civarında da iş yeri yıkıldı. Üçüncü sırada Malatya var. 103 bin konut, 27 bin beş yüz civarında iş yeri. Dördüncü sırada Adıyaman var. 80 bin civarında bağımsız birim yıkıldı. Şunu net söyleyebiliriz; Türkiye Cumhuriyeti topraklarında yaşayan her Türk vatandaşı kendi devletiyle, hükümeti ile övünebilir, iftihar edebilir. Böyle bir hasarın altından kalkabilecek, dünyanın başka bir ülkesi yok. Şimdi 18 şehirden ve etkilenen 14 milyon insandan bahsediyoruz. Şu anda 325 bin aileye kira yardımı yapıyoruz. 600 bin civarında vatandaşımız konteyner kentlerdeler. Kolay değil. Bir an önce evlerine dönmesi lazım. O yüzden Bakanlıkta ben seferberlik ilan ettik. Gece gündüz yok, tatil yok. Bir bakan yardımcısı arkadaşımızı sırf bu işte görevlendirdik.” dedi.

“İKİ AY SONRA KONUTLARI TESLİM EETMEYE BAŞLIYORUZ”

Bakan Özhaseki, deprem bölgesinde büyük bir seferberliğe imza atıldığını ifade ederek, “Şu anda yapımına başlanılan konut 200 bin civarında. İki üç ay içerisinde teslim etmeye başlayacağız. İlk etapta iki ay sonra 40 bin konutu teslim ediyoruz. Diğerleri de peyderpey gelecek. Yani Aralık ayında o bölgelerde binlerce konutu teslim ettiğimizi görebilirsiniz. Yerinde dönüşümler de başladıkça şehirlerin içi biraz daha canlanmaya başlayacak diye düşünüyorum. Yerinde Dönüşüme şu anda 210 bin kişi müracaat etmiş. 425 bin kişilik daire sahibine etkiliyor. Zorlukları aşarak dönüşümü hızlı şekilde sağlayacağız. Şehirlerdeki hareketlilik sağlanınca geri dönüşler de başlayacak” şeklinde konuştu.

“KİRALAR 2-3 SENEYE AŞAĞI DOĞRU İNECEK”

Kira artışlarının sebeplerinin birinci nedeninin pandemi olduğunun altını çizen Bakan Özhaseki, “Tedarik zincirinin bozulması birçok fiyat dengelemesini gerçekten yerinden oynattı ve bozdu. Arkasından Ukrayna harbi, sonra depremler gerçekten her şeyi adeta yerinden oynattı diyebiliriz. Binlerce aile dışarıya çıktı ve o kiralık konutları tutunca arz talep dengesi bozuldu. Biz bütün hazine arazilerini taratıp sonra da planlayıp arz etmeyi düşünüyoruz. İki üç seneye kalmaz bu arz talep dengesini yeniden bir rayına oturtup ve bu fiyattan aşağı doğru indiğini hep birlikte görürüz.” dedi. Özhaseki, deprem konutlarının teslim edilmesiyle birlikte Ankara, İstanbul gibi büyükşehirlerde yaşayan depremzedelerin memleketlerine döndükleri anda da kiraların düşeceğini kaydetti.

“SIFIR ATIK DENİNCE TÜRKİYE AKLA GELEN ÜLKE OLDU”

Bakan Özhaseki, Sıfır Atık hareketini 2016 yılında başlattıklarını belirterek, “Atıkların geçen yıl yüzde 20'sini geri dönüştürdük. Bu sene yüzde 35'e çıkmasını bekliyoruz. 432 milyon ağacın kesilmesini önlemiş olduk. Emine hanım bu projeye kendisini adadı. 30 Mart sıfır atık günü oldu. Emine Erdoğan hanımefendi ile küresel çevre hareketine dönüştü. Sıfır atık denince Türkiye akla gelen ülke oldu. 96 milyar tasarruf sağlandı.” ifadelerini kullandı. Bakan Özhaseki, millet bahçesi hedefinin 100 milyon metrekare olduğunu ifade ederek sözlerini şöyle sürdürdü: “Şu anda millet bahçesi 80 milyon metrekare civarında. Ve bu devam ediyor. Biz buna inşallah devam edeceğiz.”

“AKILLI ŞEHİRLE TASAARUF EDEBİLİYORSUNUZ”

Akıllı şehirlerle ilgili de çalışmaların devam ettiğini vurgulayan Bakan Özhaseki, “Türkiye'deki şehirlerimiz bayağı gayretliler. Mesela Konya çok önde gidiyor. Birkaç şehirde arkadan onları takip ediyor. Bir taraftan geleneksel mimariyi ortaya çıkaran insan inancına göre yaşayabileceği ortamı hazırlarken bir taraftan da bu akıllı şehir konsepti içerisinde birçok şeyden tasarruf edebiliyorsunuz. Mesela çatılarda biriken sular daha sonra akıyor bir yere doğru. O suyu alıp bir yerde topluyorsunuz. Bir arıtmadan geçiriyorsunuz. Kullanım suyu olarak kullanıyorsunuz. Veyahut da bahçe sulamasında çok rahat kullanabiliyorsunuz. Su zengini bir ülke değiliz. Bunu yaptığınız zaman siz orada bir tasarrufa da gitmiş oluyorsunuz. Bütün bunların bir araya geldiği şehirlere biz akıllı şehir diyoruz.” şeklinde konuştu."
hatay_val_309,Hatay Valiliği,valilik,hatay,5_post_local,2024-06-15,"Cumhurbaşkanı Yardımcımız Sayın Cevdet YILMAZ Bey, çeşitli ziyaretlerde bulunmak ve programlara katılmak üzere ilimizi teşrif ettiler.

Beraberindeki heyetle birlikte ilimizi teşrif eden Cumhurbaşkanı Yardımcımız Sayın Cevdet YILMAZ Bey, Valimiz Mustafa MASATLI ve İl Protokolümüzce Hatay Havalimanı’nda karşılandı.

Akabinde Valimiz Mustafa MASATLI ile birlikte Antakya ilçemize bağlı Gülderen Mahallesi’nde yapımında sona yaklaşılan TOKİ Afet Konutları alanında ve örnek dairede incelemelerde bulunan Cumhurbaşkanı Yardımcımız Sayın Cevdet YILMAZ Bey, “Bu yıl sonuna kadar 200 bin konut, 2025 yılının sonlarına doğru ise tüm hak sahiplerinin konut ve iş yerleri teslim edilmiş olacak. Kira yardımı, taşınma yardımı, destek ödemesi, tahliye ödemesi gibi farklı kategorilerde vatandaşlarımıza doğrudan yapılan ödemelerin tutarı 128 milyar lirayı aşmış durumda” diyerek geniş bir heyetle Hatay’a geldiklerini ve yaklaşan Kurban Bayramı’nın sevincini Hataylılarla paylaşmak istediklerini söyledi.

İlimizde Devletimizce yürütülen çalışmalara değinen Sayın Cumhurbaşkanı Yardımcımız, “Deprem sonrası imar, inşa ve ihya faaliyetleriyle ilgili neler yaptık, neler yapıyoruz, nerelerde eksiklikler var; bunları tespit edip, yoğunlaşmamız gereken yerleri tespit edeceğiz. Merkezi idareler ve yerel yönetimden ilgili arkadaşlarımızla bu konuları değerlendireceğiz. Bu vesileyle alan ziyaretlerini de gerçekleştiriyoruz. Şu anda Gülderen Mahallesi’ndeki TOKİ alanındayız. Burada geniş bir çalışma yürütüldü ve 2 bin 650 konutluk bir alandan bahsediyoruz. Önemli bir kısmı TOKİ tarafından gerçekleştirilirken bir kısmı da Baykar’ın hibeleriyle gerçekleşmektedir. Bu konutlarımız çok önemli oranda ilerlemiş durumda ve 1001 tanesinin kurası çekildi. Geriye kalanlar da yakın zamanda tamamlanıp, kuraları çekilmiş olacak” ifadelerini kullandı.

Çok büyük bir yük ile karşı karşıya olduğumuzu, tarihimizin en büyük afetini bu coğrafyada yaşadığımızı belirterek bu yükü kamu, sivil toplum, merkezi ve yerel idareler ile birlikte 85 milyon olarak karşılamak durumunda olduğumuza vurgu yapan Sayın Cumhurbaşkanı Yardımcımız, “Son 2 yılda merkezi idarelerden deprem harcamaları için ayırdığımız kaynak yaklaşık 2 trilyon lirayı buldu. Çok büyük bir kaynağı seferber etmiş durumdayız. Yaptığımız tasarruf genelgelerinde, deprem bölgesi ve harcamalarını hariç tuttuk. Bu konuda hiçbir şekilde taviz vermiyoruz. Cumhurbaşkanımızın gözetiminde ve liderliğinde, deprem bölgelerimizi bir an önce ihya etmek için her türlü gayreti sarf ediyoruz. En gelişmiş dediğimiz ülkelerin bile altından kalmasının çok kolay olmadığı bir meselenin altıdan Devletimiz, güçlü bütçesi ve siyasi istikrarıyla çok şükür bu yükün altından kalkıyor. Devlet ve millet olarak el ele bu sorunu aşıyoruz. Allah bir daha böyle afetler yaşatmasın diliyoruz.”dedi.

TOKİ Afet Konutlarında yaptığı incelemenin ardından İl Afet Koordinasyon Merkezi'ne geçen Cumhurbaşkanı Yardımcımız Sayın Cevdet YILMAZ Bey, Valimiz Mustafa MASATLI’yı AFAD İl Müdürlüğümüzde ziyaret ederek Şeref Defterimizi imzaladılar.

Daha sonra Cumhurbaşkanı Yardımcımız Sayın Cevdet YILMAZ Bey’in Başkanlığında; Valimiz Mustafa MASATLI, Hatay Büyükşehir Belediye Başkanı Mehmet ÖNTÜRK, Bakan Yardımcılarımız, Milletvekillerimiz ve ilgili Kurum yetkililerinin de katılımıyla Hatay İl Değerlendirme Toplantısı gerçekleştirildi.

Asırların Felaketi 6 Şubat ve devamındaki depremlerden sonra gerçekleştirilen Dünyanın En Büyük İyileştirme Operasyonu’nun Hatay ayağında yeniden ihya, inşa ve imar sürecinde yapılan çalışmalar ile tamamlanan ve yeni hazırlanan projelerin Valimizce aktarıldığı toplantıda; tüm faaliyet alanlarında güncel durum analizleri de yapılarak değerlendirmelerde bulunuldu.

Toplantıda Valimiz, Asırların Afeti olarak tarihe geçen 6 Şubat depremlerinden en fazla hasarı ilimizin alması hasebiyle Sayın Cumhurbaşkanımızın liderliği, talimatları ve vizyonuyla Devletimizin tüm kurumları; depremin ilk saatlerinden bugüne kadar eş zamanlı 7/24 esaslı çalışmalarını hız kesmeden yürüttüğünü ve yürütmeye de devam ettiğini dile getirerek böylesi bir yıkım karşısında Güçlü Devletimizin dünyanın en büyük iyileştirme operasyonunu Hatay’ımızda gerçekleştirdiğini sözlerine ekledi. Barınmadan iaşeye, sağlıktan eğitime, ekonomiden kalıcı konutlara kadar hayatın her alanında, bu süre zarfında büyük yol kat edildiğini aktaran Valimiz, desteklerinden dolayı başta Sayın Cumhurbaşkanımız Recep Tayyip ERDOĞAN Beyefendi olmak üzere Cumhurbaşkanı Yardımcımız Sayın Cevdet YILMAZ Bey’e, Sayın Bakanlarımıza ve emeği geçen herkese şükranlarını iletti.

Toplantının ardından basına açıklamalarda bulunan Cumhurbaşkanı Yardımcımız Sayın Cevdet YILMAZ Bey “Deprem, siyaset üstü ve ihmale gelmeyecek bir konudur. İstişare ve ortak akılla, hangi partiden ve görüşten olursak olalım; hep birlikte sorunlarla mücadele etmek ve gelecek nesillere çok daha dirençli şehirler ve ülke miras bırakmak durumundayız. Amacımız yaklaşık 401 bin konut ve 41 bin iş yerinden oluşan 442 bin hak sahibinin hiçbirini mağdur etmeden tamamını yuvalarına ve iş yerlerine kavuşturmaktır. Depremden etkilenen 11 şehrimizde 460 bin bağımsız bölümün büyük kısmının ihale süreci tamamlanarak inşasına başlandı. Eş zamanlı olarak 1240 şantiyede 110 bin çalışan ile afetzede vatandaşlarımız için güvenli ve sağlam konutların inşasına devam ediliyor. 4 bin 333 köyde ise köy evi yapım çalışmaları sürüyor. Böylesine kapsamlı bir inşa faaliyetinin merkezde ve yerelde güçlü bir koordinasyonu gerektirdiği açıktır. Koordinasyonu sağlamak üzere bir mekanizma kurduk. Şubat ve mart aylarında 76 binden fazla konut, hak sahipleri belirlenerek vatandaşlarımıza teslim edildi. Yapımı biten konut ve köy evlerinin teslimi her ay 10-15 bin olmak üzere etap etap devam ediyor.’ dedi.

Depremzedelere verilen sözü tutmak için gece-gündüz çalıştıklarını söyleyen Cumhurbaşkanı Yardımcımız Sayın Cevdet YILMAZ Bey, bu yıl sonuna kadar 200 bin konut, 2025 yılının sonlarına doğru ise bütün hak sahiplerinin konut ve iş yerlerinin kendilerine teslim edileceğini; kira yardımı, taşınma yardımı, destek ödemesi, tahliye ödemesi gibi farklı kategorilerde vatandaşlarımıza doğrudan yapılan ödemelerin tutarının ise 128 milyar lirayı aştığını dile getirdi. Bununla birlikte yerinde dönüşüme önem verildiğini, kentsel dönüşüm çalışmalarının önündeki hukuki engellerin yeni yasayla kaldırıldığını ve Kentsel Dönüşüm Başkanlığının kurulduğunu bildiren Cumhurbaşkanı Yardımcımız Sayın Cevdet YILMAZ Bey; “Şehirlerimizi dönüştürmek için harcayacağımız kaynak yıkımları telafi etmekten çok daha az maliyetlidir. En önemlisiyse bu şekilde kurtaracağımız canlardır. Devlet ve millet el ele vererek afetlere karşı bir an önce gereken dönüşümleri gerçekleştirmek durumundayız” ifadelerini kullandı.

Depremzede vatandaşlarımızın talepleri doğrultusunda, ‘Yerinde Dönüşüm Projesi’nin devreye alındığını kaydeden Cumhurbaşkanı Yardımcımız Sayın Cevdet YILMAZ Bey, “Projede konutlar ile köy evleri için 1,5 milyon lira finansman sağlıyoruz. Afetten etkilenen şehirlerde Yerinde Dönüşüm Projesi’ne başvurular 256 bine ulaştı, 28 binden fazla vatandaşımız işlemlere başladı. Bu kapsamda, vatandaşlarımıza hak ediş bazında hibe ve kredi desteği, tip projeler ve tip sözleşmeler sağlanarak, inşa sürecindeki tüm harçlardan muaf tutularak kendi evlerini yerinde, sağlam ve güvenli zeminlerde yapma imkanı sağlanıyor. Depremden etkilenen şehirlerimizdeki altyapı projeleri için İLBANK aracılığıyla yerel yönetimlere 64 milyar lira hibe desteği sağlanıyor. Çevre, Şehircilik ve İklim Değişikliği Bakanlığımız depremden etkilenen şehirlerimizin meydanlarını; sahip oldukları tarihi, kültürel varlıkları muhafaza ederek ihya ediyor” diye konuştu.

Depremden en ağır hasarı alan şehirlerin başında kadim şehrimiz Hatay’ımızın olduğuna dikkati çeken Cumhurbaşkanı Yardımcımız Sayın Cevdet YILMAZ Bey, hasar tespiti ve sağlanan desteklerle ilgili şunları söyledi: “Asrın felaketinde Hatay’da 391 bin 964 bağımsız bölümde orta ve üstü hasar olduğunu tespit edilmişti. Hak sahibi sayısı ise 157 bin 8 kişidir. Bu kapsamda şehrimize; 141 bini kentsel ve 19 bini kırsal konut olmak üzere toplamda 160 bin civarında konut inşa edilmesi planlandı. Halihazırda 73 bin 759 konutun ihalesi tamamlanırken, 10 bin 831 konut kurası çekildi ve 5 bin 233 konut teslim için bildirildi. 71 bin konut ihale aşamasında, 16 bin konut için de yer seçimi aşamasındayız. Bu süreç içerisinde, konutlarının orta hasar ve üzerinde hasarlı olduğu tespit edilen ev sahibi ve kiracı olan afetzedelerimize barınma ihtiyaçlarının karşılanması amacıyla, kira destek ödemeleri yapılmıştır.”

Cumhurbaşkanı Yardımcımız Sayın Cevdet YILMAZ Bey, şehrimizin ekonomisini eski günlerine döndürmeyi amaçladıklarını, bu kapsamda; yatırım teşvikleri, organize sanayi bölgeleri, KOBİ’ler ve bölgesel katkı projelerinin çalışmaların 4 ana unsurunu oluşturduğunu belirterek; “Belen Sanayi Alanı, İskenderun Sanayi Alanı ve Kırıkhan ROKETSAN Sanayi Alanı önümüzdeki yıllarda sanayicilerimize ev sahipliği yaparak üretimimize güç katacak. Kırıkhan ilçesinde 44 hektarlık bir alan ROKETSAN Endüstri Bölgesi’ ilan edildi. Türkiye’nin Milli Teknoloji Hamlesi’nin itici gücü olan savunma sanayinin önde gelen şirketleri arasında yer alan ROKETSAN, burada kuracağı katma değeri ve teknolojik seviyesi yüksek üretim tesisleri ile şehrimizde önemli bir istihdam potansiyeli oluşturacak” dedi. Bölgemizin, Zeytin Dalı Harekatı’nda stratejik üs merkezi olduğunu da hatırlatan Cumhurbaşkanı Yardımcımız Sayın Cevdet YILMAZ Bey, ilimizin bu kıymetli yatırımla yerli milli savunmamızın merkezlerinden birisi hâline geleceğini ve deprem nedeniyle büyük acılar yaşayan insanımızın umutlarını yeşerten bu girişimlere Devletimizin desteğinin kesintisiz süreceğini belirtti.

Tarım alanında sağlanan desteklerden de bahseden Cumhurbaşkanı Yardımcımız Sayın Cevdet YILMAZ Bey, şöyle konuştu: “. Tarım alanında kentte çiftçilere depremden bu yana 1 milyar liranın üzerinde hibe yatırım desteği verilmiştir. ‘Hatay Depremin Yaralarını Pamuk ile Sarıyor’ ve ‘Hatay İli Soya Üretimin Kapasitesinin Artırılması’ projeleri hayata geçirilmiştir. Türkiye genelinde pamuk üretiminde prim, mazot, gübre desteklemelerimiz var. Bununla birlikte Türkiye’de ilk defa pamuk tohumu desteği yüzde 75 hibeli olarak Hatay ilimizde uygulanmış oldu. 76 bin dekar alanda 190 ton sertifikalı pamuk tohumunu Antakya, Kırıkhan, Kumlu, Reyhanlı, Hassa, Belen ve Altınözü ilçelerimizde yaklaşık 3 bin üreticimize dağıtımı gerçekleştirildi.”

Cumhurbaşkanı Yardımcımız Sayın Cevdet YILMAZ Bey, Hatay’ımız başta olmak üzere depremden etkilenen tüm şehirlerimizin yeniden ihya edilene kadar çalışmaların süreceğinin altını çizerek, yapılan çalışmalarda emeği geçen tüm kurumlarımıza ve geçici olarak gittikleri yerlerden ilk fırsatta dönerek şehirlerine ve ailelerine dört elle sarılan vatandaşlarımıza teşekkür etti.

Tüm konutların inşasının tamamlanıp tüm vatandaşlarımızı güvenli evlerine yerleştirene kadar, dur durak bilmeden çalışmaların devam edeceğini de yineleyen Cumhurbaşkanı Yardımcımız Sayın Cevdet YILMAZ Bey, açıklamalarının sonunda “Ülkemizin tamamıyla birlikte deprem bölgemizi Türkiye Yüzyılı’na en sağlam şekilde hazırlamış olacağız. Rabbim ülkemizi ve milletimizi tüm afetlerden esirgesin” ifadelerini kullanarak hemşehrilerimizin ve Aziz Milletimizin yaklaşan Kurban Bayramı’nı tebrik etti."
hatay_bld_0218,Hatay Belediye,belediye,hatay,4_local_campaign,2024-02-27,"HOLLANDA EKİBİ MODÜLER MAHALLE YAPIMI İÇİN HATAY’DA

SAVAŞ: UYGUN TAKSİT VE ÖDEME KOŞULLARIYLA UZUN VADEDE İNSANLARIMIZI EV SAHİBİ YAPACAĞIZ

FRANK EYSSEN: PROJENİN HATAYLILAR’A YARARLI OLMASINI DİLİYORUZ. BU İLK ETAP OLACAK

Büyük yıkımlara sebep olan 6 Şubat depremlerinin ardından Hatay’da her türlü afete dayanıklı 450 konut ve 84 iş yerinden oluşan modüler mahalle inşa etmek üzere çalışmalar yürüten HBB ve Hollanda Konsorsiyum heyeti Hatay’da bir araya geldi.

Hatay Planlama Merkezinde yapılan toplantıda HBB heyetine Hatay Büyükşehir Belediyesi Genel Sekreteri Nihat Tazearslan başkanlık etti.

İki gün süren toplantılara, Hollanda’nın Türkiye Büyükelçiliği Ticari Ataşeliği, Hollanda İşverenler Birliği (NL WORKS), Amsterdam Belediyesi Yetkilileri, Kuiper Compagnons, De Meeuw ve DMT gibi alanında uzman inşaat şirketlerinin temsilcileri katıldı.

Konutlarla ilgili master plan, projenin teknik, işlevsel, hukuki yönleri ve finans ve tasarım konuları üzerinde yoğun şekilde çalışmalar yapılan toplantılar sonrası heyet, HBB Başkanı Lütfü Savaş’ı ziyaret ederek alınan kararlarla ilgili bilgiler verdi.

SAVAŞ: AMACIMIZ DEZAVANTAJLI GRUPTAKİ KİRACILARI EV SAHİBİ YAPMAK

Başkan Savaş, projenin Hataylılar için büyük önem taşıdığını belirterek, aylardır çalışmalar yürüten Hollandalı yetkililere ve Hatay Büyükşehir Belediyesi ekiplerine teşekkür etti.

HBB Başkanı Savaş, Hatay Merkezde yapacakları konutların öncelikle dezavantajlı birey ve ailelere tahsis edileceğini söyledi.

Savaş, “Anayasamıza göre devletin evi olan insanlarımıza bir ev verme mecburiyeti var. Hükümet, devletin imkânlarıyla zaten hak sahiplerine ev yapmak zorunda. Ama kiracılar için böyle bir mecburiyeti yok. Şu anda en fazla, kiracılar ve yeni evlenecek gençler konut sıkıntısı yaşıyor. Bizim amacımız onlara ulaşmak ve dezavantajlı grupları ev sahibi yapmak. Uygun taksit ve ödeme koşullarıyla uzun vadede insanlarımızı ev sahibi yapacağız. Proje kapsamında önümüzdeki ay içinde de temel atmak istiyoruz.” dedi.

Depreme dayanıklı, sürdürülebilir bir kompleks mahalle ile Hataylıların yaralarını sarmaya katkı sağlamayı hedeflediklerini anlatan Savaş, Hollanda ile uzun zamandır projeye çalıştıklarını kısa zamanda mahallenin temelini atacaklarını bildirdi.

EYSSEN: PROJENİN HAYATA GEÇİRİLMESİ İÇİN ÇOK ÇALIŞIYORUZ

Heyet adına konuşan proje ortaklarından NL Works Başkanı Frank Eyssen, “Çok donanımlı bir çalışma ekibi kurduk. Projenin zor noktalarının çözümü için çalışmalara devam ediyoruz. Projenin sağlıklı ilerlemesi için birlikte olmamız çok iyi. Bizim için en önemlisi bu projeyi komple bitirmek. Bu projenin tamamlanmasını ve Hatay’a yararlı olmasını diliyoruz, bunun için de çok fazla zaman harcıyoruz. Projeyi yürütenler olarak çok açık ve net bir şekilde sorumlulukları yerine getiriyor ve projeyi şeffaf şekilde yürütüyoruz.” dedi.

Türkiye’de ilk defa bir belediyede tarafından hayata geçirilecek olan bu büyük projenin 11 Mart 2024 tarihinde master planın tanıtımı yapılacak.

Deprem Yönetmeliği’ne uygun bir şekilde yapılacak olan konutların inşasında akıllı malzemelerin yanı sıra doğa ve teknolojiden de üst düzeyde faydalanılacak.

Birinci etapta 450 konut, 84 ticari alan ve 250 araçlık otoparkı bulunan mahallenin tasarım ve inşası dünyaca ünlü Kuiper Compagnons, De Meeuw ve DMT gibi alanında uzman şirketler tarafından üstleniliyor.

Haberin video ve fotoğraflarını aşağıdaki linklerden indirebilirsiniz:

Fotoğraf: https://we.tl/t-tiYDVNppLL

Video: https://we.tl/t-OwDHWEANen"
csb_0101,CSB,bakanlık,hatay,1_post_quake,2023-03-30,"BAKAN KURUM: DEPREMDEN ETKİLENEN 11 İLDE 67 BİN KONUTUN VE KÖY EVİNİN YAPIM SÜRECİNİ BAŞLATTIK

Çevre Şehircilik ve İklim Değişikliği Bakanı Murat Kurum, ""Depremden etkilenen 11 ilde, gerek köylerimiz gerek il ve ilçe merkezlerimizde 67 bin konutun ve köy evinin yapım sürecini başlattık."" dedi.

Çevre Şehircilik ve İklim Değişikliği Bakanı Murat Kurum, Hatay Afet Koordinasyon Merkezi'ndeki toplantının ardından açıklamalarda bulundu. Bakan Kurum, deprem bölgesindeki işlemler tamamlanana kadar tüm ekiplerle sahada olacaklarını belirtti.

Bakan Kurum, 11 ilde yaklaşık 2,5 milyon vatandaşın çadır ve konteyner kentlerde yaşadığını aktararak, AFAD koordinasyonunda, gelecek süreçte kurulacak 100 bin konteyner düşünüldüğünde 500 bin kişinin daha en geç mayıs ayının başına kadar bu alanlara yerleştirilmesinin hedeflendiğini söyledi.

İllerden gelen taleplere göre çelik, prefabrik, konteynerden geçici yaşam alanları kurulumuna Emlak Konut ve TOKİ ile destek verdiklerini ifade eden Bakan Kurum, diğer taraftan enkaz kaldırma çalışmalarının devam ettiğine kaydetti.

Bakan Kurum, hasar tespit çalışmalarının da sürdüğünü anlatarak, ""Gaziantep, Kahramanmaraş, Adıyaman, Kilis, Osmaniye, Elazığ, Hatay ve Diyarbakır olmak üzere 8 ilimizde hasar tespit çalışmaları tamamlanmış durumda. Diğer illerimizde de sona yaklaştık. İnşallah önümüzdeki günlerde tamamlayıp 11 ilimizdeki askı sürecini başlatmış olacağız."" diye konuştu.

2 milyon 31 binada inceleme yapıldı

Depremden etkilenen illerde 5 milyon 646 bin bağımsız bölümden oluşan 2 milyon 31 binada inceleme yapıldığını bildiren Bakan Kurum, 6 Şubat'tan sonra meydana gelen depremlerin ardından da tespit çalışmaları yapıldığını vurguladı.

Bakan Kurum, bu çerçevede 894 bin bağımsız bölümden oluşan 312 bin binanın acil yıkılacak, ağır hasarlı, yıkık veya orta hasarlı olduğunun tespitinin yapıldığını belirterek, ""Depremden en çok etkilenen illerimizin başında Hatay'ımız. Hatay'da 333 bin 825 bağımsız bölümden oluşan 99 bin binanın yıkık, acil yıkılacak, ağır veya orta hasarlı olduğunun tespitini yapmış olduk."" ifadesine yer verdi.

Öte yandan yeni konutların yapımının bilimin, sanatın, kültürün ışığında, vatandaştan, esnaftan her türlü fikirleri alarak çalışmaları yürüttüklerine dikkati çeken Bakan Kurum, şunları kaydetti:

""Hatay'ımızda cumhuriyet tarihinin en büyük afet konut yapım seferberliği kapsamında 216 bini merkezler 34 bini köylerde toplamda 250 bin konutun yapım sürecini başlatmış bulunuyoruz. Biliyorsunuz, 21 Şubat'tan itibaren 11 ilimizde eş zamanlı inşaat sürecini sürdürüyoruz. 7 bin 173'ü Hatay'da olmak üzere 54 bin afet konutunu merkezlerde, yine 2 bini Hatay'da olmak üzere 11 ilimizde 13 bin köy konutumuzun da ihalesi yapılmış oldu. Böylece 11 ilimizde gerek köylerimizde gerek il ve ilçe merkezlerinde 67 bin konutumuzun ve köy evimizin yapım sürecini başlatmış olduk. TOKİ'mizin koordinasyonunda süreci yürütüyoruz. Gerek TOKİ Başkanlığı, gerek Emlak Konut Genel Müdürlüğü, gerekse Yapı İşleri Genel Müdürlüğümüzle birlikte süreci yürütüyoruz.""

""İhale yapılacak konut rakamını 319 bine çıkarmayı hedefliyoruz""

Nisan ve mayıs ayında ihalesi yapılması hedeflenen konut sayısı hakkında bilgi veren Bakan Kurum, ""Nisan ve mayıs ayı içerisinde ilk etapta gerek köylerimizde gerek il ve ilçe merkezlerinde ihalesini yapacağımız konut rakamını 319 bine çıkarmayı hedefliyoruz. Yine ilk etapta Hatay merkezde yaklaşık 60 bin konutumuzun ihalesini nisan, mayıs ayı içerisinde yapacağız. Ardından da 650 bin konutu etaplar halinde hasar tespit tamamlanması süreciyle, gerek şehrin içinde demografik yapısına uygun ve şehrin dışında belirlediğimiz rezerv alanlarda yapım sürecini yürütüyor olacağız."" şeklinde konuştu.

Bakan Kurum, kalıcı konutları, şehrin ihtiyaçları, kültürel ve demografik yapısını içine alacak anlayışla bilimin ışığında yapacaklarını yineleyerek, konuşmasını şöyle sürdürdü:

""Yeniden Ulu Cami'mizin, Habib-i Neccar Cami'mizi, Kurtuluş Caddesi'ni aslına uygun şekilde inşa sürecini yürütüyor olacağız. Bu noktada merkezle alakalı master plan çalışması yürütüyoruz. Bu plan anlayışı içerisinde, Roma dönemine ait köprüleri dahi Amik Ovası'nda, Asi Nehri'nde yeniden inşa edecek, yeniden ayağa kaldıracak, Hatay'ımızı, Anadolu'muzu yeniden yükseltecek anlayışta çalışmalarımızı yürütüyoruz.

20 yıl olduğu gibi her depremde, afette milletimize ne söz verdiysek aynı sözleri tutma anlayışıyla Sayın Cumhurbaşkanımızın liderliğinde bu çalışmaları yapıyoruz. Dün nasıl Elazığ, Malatya, İzmir, Kastamonu, Rize, Bartın ve Antalya'daki afetlerde vatandaşlarımıza sözler verdiysek ve bu sözleri en kısa sürede tuttuysak, 1 yıl içerisinde onları sağlam güvenli konutlarına yerleştirdiysek, aynı anlayışla Hatay'ımızda ve diğer 10 ilimizde de konutlarımızı ve iş yerlerimizi yapacağız. Kalıcı konutlarıyla camileriyle, yeşil alanlarıyla şehrimizi daha da yukarıya taşıyacak yeniden ayağa kaldıracak anlayışla çalışmalarımızı yapacağımızı ifade ediyorum."""
tccb_153,TCCB,cumhurbaskanligi,hatay,3_inter_election,2023-09-02,"Aziz milletim, Sevgili Hataylılar, Çok Değerli Kardeşlerim, Sizleri en kalbi duygularımla, hürmetle, muhabbetle selamlıyorum. Hatay’ımız ve Hataylı depremzedelerimiz için bu anlamlı günde sizlerle beraber olmaktan memnuniyet duyuyorum. Öncelikle 28 Mayıs seçimlerinde şahsımıza verdiği destek için Hatay halkına teşekkür ediyorum. Hataylı vatandaşlarımız yüzde 50,15 oy oranıyla bize olan inançlarını ve itimatlarını tekrar gösterdiler. İnşallah bugüne kadar olduğu gibi gelecek 5 sene boyunca tüm Türkiye’yle birlikte Hatay’ın da güvenine layık olmaya çalışacağız. Sizlere olan şükran borcumuzu daha çok çalışarak, daha fazla eser ve hizmet üreterek ödeyeceğiz. Bu vesileyle bir kez daha 6 Şubat depremlerinde ve onları takip eden artçı sarsıntılarda hayatlarını kaybeden kardeşlerimize Allah’tan rahmet, yakınlarına baş sağlığı diliyorum. Depremin üzerinden 209 gün geçmiş olsa da yüreklerimizde açtığı yaralar halen tazeliğini koruyor. Enkazların altında kalarak aramızdan ayrılan hiçbir insanımızı unutmadık, unutmayacağız. Depremin ilk günlerinden itibaren bu konudaki hassasiyetlerimizi gösterdik. Deprem bölgesinde yaşayan kardeşlerimizi asla yalnız bırakmadık. Seçim döneminde depremzedelere bedava ev sözü verenler hem sözlerini hem de Hatay’la birlikte diğer şehirlerimizin de yolunu unuttu. Biz ise depremzede şehirlerimizi en az birkaç kez ziyaret ederek hem vatandaşlarımıza yalnız olmadıklarını hissettirdik hem de yürütülen çalışmaları yerinde görme imkânı bulduk. Aynı şekilde şov peşinde koşan deprem turistleri çekip gittikten sonra bile Hatay’la kardeş ilan ettiğimiz 94 belediyemiz başkanları ve ekipleriyle Hatay halkının yanında olmaya devam etti. Depremin siyasetini ve istismarını yapanlardan değil, depremzedelerimizin acılarını paylaşanlardan, yüreklerine omuz verenlerden olduk. Sırf oy tercihlerinden dolayı depremzedelerimize hakaret edenlerden değil, siyasi görüşüne bakmadan 85 milyonun tamamını kucaklayanlardan olduk. Hatay’ımızı en son 28 Mayıs seçimlerinden 1 hafta önce ziyaret etmiş hem sizlerle dertleşmiş hem de Defne Devlet Hastanesini açmıştık. Birilerinin tek kare fotoğraf üzerinden aleyhinde adeta bir linç kampanyası yürüttüğü hastanemiz sahadaki zorluklara rağmen o günden bugüne Hataylı kardeşlerimize hizmet ediyor. Diğer sağlık projelerimizin de takibini yapıyoruz. Söz verdiğimiz şekilde inşallah onları da şehrimize kazandıracağız. Kardeşlerim, Deprem bölgesini sadece fotoğraflardan görenler 11 ilimizi etkileyen afetin büyüklüğünü anlamakta zorlanıyor. Özellikle depremin hemen ardından bölgeye yaptığımız ziyaretlerde nasıl bir tabii afetle karşı karşıya kaldığımızı görmüştük. Hatay ve ilçelerinin asrın felaketini yaşadığı tartışma götürmez bir gerçektir. Aynı şekilde devletimizin tüm sıkıntılara rağmen depremin yaralarını sarma konusundaki iradesi ve çabaları da bir başka hakikattir. Ekonomisi ne kadar güçlü olursa olsun böyle büyük bir felaketin altından kalkabilecek ülkelerin sayısı bir elin parmaklarını geçmez. Burada şu hususun altını çizerek tekrar ifade etmek isterim: Çeşitli zorluklarla, sorunlarla, irademizi aşan bazı hususlarla karşılaşsak da depremin yıktığı şehirlerimizi Allah’ın izniyle ayağa kaldırmakta kararlıyız. Afet bölgesinde yaşayan kardeşlerimizin sıkıntılarını çok iyi biliyoruz. Vatandaşlarımızın kalıcı konutlara kavuşma isteklerinin de farkındayız. Biz de bu talep ve beklentileri karşılamak sizleri bir an önce güvenli ve yeni yuvalarınıza kavuşturmak için gece-gündüz demeden çalışıyoruz. Kısa süre önce Kahramanmaraş ve Adıyaman’da canlı bağlantı yoluyla binlerce deprem konutunun temelini attık. Aynı sevinci bugün siz Hataylı kardeşlerimizle yaşıyoruz. Hatay’da 254 bin 195 konut zarar görmüştü. Şu anda Hatay’da 32 bin 600 konut, 7 bin 800 köy evi ve depo olmak üzere toplam 40 bin 400 bağımsız bölümünün inşası devam ediyor. Bugün bunlara yenilerini ekliyoruz, toplam 5 bin bağımsız bölümün temellerini atıyoruz. Antakya’da zarar gören Uzun Çarşıyı ihya etmek için 600 dükkânın, Antakya Atatürk Caddesinde yerinde dönüşüm kapsamında konut ve dükkândan oluşan 3 bin 500 bağımsız bölümün, Arsuz’da rezerv alanlarda 900 bağımsız bölümün yapımına başlıyoruz. Bugün temellerini attığımız projelerimizle birlikte Hatay’ın kent meydanının şehir merkezinin inşası için de ilk kazmayı vuruyoruz. Yerinde dönüşüm projemize Hataylı kardeşlerimizin gösterdiği ilgiden memnuniyet duyuyoruz. Projemiz Hatay merkez ve ilçelerinden toplam 86 bin kişi başvuru yaptı. Proje kapsamında biz hem hibe hem de kredi desteği vereceğiz. Vatandaşımız da Bakanlık desteği ve teşvikiyle evlerini yapacak. Vergi, harç, yapı denetim gibi her türlü masraftan muaf olacaklar. Bakanlığımız ruhsattan meskene kadar tüm süreci denetleyecek. Böylece inşa edilen konutların depreme dayanıklılığıyla ilgili zihinlerde hiçbir soru işareti oluşmayacak. Hatay Havalimanı’nın projesi tamamlandı, kısa sürede yapımına başlıyoruz. Şehrimizin her türlü meselesi gibi diğer projelerin de yakın takibimde olduğunu bilmenizi istiyorum. Rabbim bizleri her türlü afetten muhafaza buyursun diyorum. Bu duygularla bir kez daha deprem şehitlerimize Allah’tan rahmet, kalanlara sağlıklı ve huzurlu bir hayat diliyorum. Bu projelerin hayata geçmesinde katkısı olan tüm kurumlarımızı, yüklenici firmaları, mühendisinden işçisine herkesi şimdiden tebrik ediyorum. Sizleri bir kez daha muhabbetle selamlıyor, Allah’a emanet ediyorum. Kalın sağlıcakla."
hatay_bld_0771,Hatay Belediye,belediye,hatay,5_post_local,2024-10-16,"DEPREMDE HASAR GÖREN ALTYAPI HATLARI YENİLENİYOR

Hatay Büyükşehir Belediyesi, “Güçlü Altyapı, Güçlü Hatay” anlayışı ile atık su ve yağmur suyu hattı inşa projelerini hayata geçirmeye devam ediyor.

6 Şubat depremleri ile ağır hasar gören altyapı hatlarında tespit ve yenileme çalışmalarını sürdürüren HBB Su ve Kanalizasyon İdaresi Genel Müdürlüğü (HATSU), çalışmalar kapsamında Kırıkhan Özyörük Mahallesi 674. Sokak’ta 375 metre yağmur suyu hattı ve 400 metre kanalizasyon hattı inşa çalışması gerçekleştirdi.

Yağmur suyu hattı ve atık su hattı imalat çalışmaları kapsamında farklı çaplarda dayanıklı betonarme boruların kullanıldığını açıklayan HATSU yetkilileri, çalışma sayesinde yağmur suyu ve atık su deşarj verimliliğinin arttırılacağının altını çizdi.

Haberin görsellerini aşağıdaki linkten indirebilirsiniz.

https://we.tl/t-ToIN4K9MEA

https://we.tl/t-EnYpxSwQNa"
